customer_id,customer_name,gender,age,city,state,signup_date
C0001,Kavya Kumar,Female,37,Pune,Maharashtra,2022-08-12
C0002,Isha Yadav,Male,28,Bhubaneswar,Odisha,2022-01-21
C0003,Pooja Mishra,Female,28,Indore,Madhya Pradesh,2025-11-11
C0004,Pooja Mehta,Male,20,Patna,Bihar,2025-09-11
C0005,Aarav Sinha,Female,25,Ahmedabad,Gujarat,2023-04-12
C0006,Vikram Yadav,Female,54,Pune,Maharashtra,2025-06-02
C0007,Pooja Kapoor,Female,26,Gurugram,Haryana,2023-10-15
C0008,Amit Yadav,Male,22,Patna,Bihar,2023-09-10
C0009,Kavya Sinha,Male,37,Patna,Bihar,2024-02-19
C0010,Isha Kumar,Male,33,Hyderabad,Telangana,2023-04-03
C0011,Karan Roy,Female,32,Ahmedabad,Gujarat,2023-10-02
C0012,Vikram Kumar,Male,48,Bengaluru,Karnataka,2025-05-21
C0013,Priya Mishra,Female,39,Mumbai,Maharashtra,2023-10-25
C0014,Sneha Jain,Male,29,Bhopal,Madhya Pradesh,2024-08-18
C0015,Simran Das,Female,30,Kolkata,West Bengal,2022-06-29
C0016,Vikram Das,Male,29,Unknown,Unknown,2023-06-22
C0017,Priya Gupta,Male,43,Delhi,Delhi,2023-06-11
C0018,Rohan Mishra,Male,31,Bhopal,Madhya Pradesh,2022-01-22
C0019,Priya Sharma,Male,18,Bhopal,Madhya Pradesh,2025-09-30
C0020,Manish Mishra,Male,34,Nagpur,Maharashtra,2023-07-31
C0021,Neha Mehta,Female,19,Lucknow,Uttar Pradesh,2024-02-02
C0022,Priya Kapoor,Male,56,Surat,Gujarat,2024-07-10
C0023,Nisha Kumar,Male,24,Indore,Madhya Pradesh,2024-11-10
C0024,Aditya Mishra,Female,32,Indore,Madhya Pradesh,2024-01-15
C0025,Amit Mishra,Male,37,Gurugram,Haryana,2025-12-02
C0026,Isha Sinha,Female,31,Bhopal,Madhya Pradesh,2025-12-10
C0027,Rohan Mehta,Female,31,Bhubaneswar,Odisha,2025-07-19
C0028,Pooja Reddy,Male,38,Bengaluru,Karnataka,2025-05-13
C0029,Nisha Verma,Male,49,Chennai,Tamil Nadu,2025-08-14
C0030,Riya Mehta,Male,42,Gurugram,Haryana,2023-11-03
C0031,Nisha Kumar,Female,49,Pune,Maharashtra,2025-02-05
C0032,Simran Yadav,Female,24,Jaipur,Rajasthan,2023-09-29
C0033,Anjali Gupta,Female,37,Pune,Maharashtra,2024-10-20
C0034,Arjun Gupta,Female,36,Noida,Uttar Pradesh,2022-06-01
C0035,Nisha Kapoor,Male,38,Hyderabad,Telangana,2022-01-13
C0036,Kavya Sinha,Female,48,Kochi,Kerala,2023-12-16
C0037,Neha Mehta,Female,32,Noida,Uttar Pradesh,2025-01-07
C0038,Aarav Sinha,Female,30,Jaipur,Rajasthan,2024-06-24
C0039,Neha Gupta,Female,39,Mumbai,Maharashtra,2025-04-07
C0040,Riya Yadav,Female,18,Bhubaneswar,Odisha,2022-09-06
C0041,Rahul Patel,Male,32,Indore,Madhya Pradesh,2025-02-18
C0042,Arjun Roy,Male,33,Pune,Maharashtra,2023-01-22
C0043,Kavya Roy,Male,25,Bhopal,Madhya Pradesh,2023-03-15
C0044,Amit Gupta,Male,45,Ahmedabad,Gujarat,2025-07-19
C0045,Sneha Singh,Female,23,Indore,Madhya Pradesh,2022-10-27
C0046,Nisha Patel,Male,33,Bengaluru,Karnataka,2023-12-22
C0047,Nisha Yadav,Female,37,Kochi,Kerala,2023-04-18
C0048,Simran Sharma,Male,48,Nagpur,Maharashtra,2025-03-27
C0049,Arjun Patel,Male,34,Hyderabad,Telangana,2024-10-03
C0050,Nisha Sinha,Female,43,Noida,Uttar Pradesh,2023-09-25
C0051,Rohan Reddy,Female,41,Ahmedabad,Gujarat,2025-06-04
C0052,Aditya Mishra,Male,35,Hyderabad,Telangana,2023-02-25
C0053,Sahil Jain,Male,23,Mumbai,Maharashtra,2024-08-13
C0054,Aditya Mishra,Male,20,Kolkata,West Bengal,2024-08-30
C0055,Priya Verma,Male,35,Lucknow,Uttar Pradesh,2022-01-24
C0056,Arjun Roy,Male,29,Hyderabad,Telangana,2023-06-22
C0057,Isha Patel,Male,43,Noida,Uttar Pradesh,2024-02-16
C0058,Sneha Roy,Female,41,Bhopal,Madhya Pradesh,2023-09-30
C0059,Nisha Kapoor,Female,32,Mumbai,Maharashtra,2023-06-24
C0060,Karan Sharma,Female,22,Lucknow,Uttar Pradesh,2024-06-21
C0061,Rahul Sharma,Female,39,Hyderabad,Telangana,2025-02-25
C0062,Manish Reddy,Male,24,Kochi,Kerala,2025-01-22
C0063,Sneha Sinha,Female,26,Surat,Gujarat,2023-02-25
C0064,Isha Singh,Male,24,Indore,Madhya Pradesh,2025-07-19
C0065,Amit Jain,Female,33,Ahmedabad,Gujarat,2023-04-29
C0066,Anjali Kapoor,Male,46,Kochi,Kerala,2024-10-25
C0067,Priya Sinha,Male,34,Ahmedabad,Gujarat,2022-06-06
C0068,Amit Mishra,Female,30,Surat,Gujarat,2022-02-21
C0069,Sneha Patel,Female,19,Chandigarh,Chandigarh,2022-08-31
C0070,Aarav Gupta,Female,40,Noida,Uttar Pradesh,2024-02-13
C0071,Simran Patel,Female,26,Indore,Madhya Pradesh,2023-02-24
C0072,Karan Patel,Male,35,Chandigarh,Chandigarh,2023-03-01
C0073,Aditya Yadav,Male,30,Jaipur,Rajasthan,2022-03-21
C0074,Karan Sinha,Male,42,Indore,Madhya Pradesh,2023-11-26
C0075,Kavya Singh,Female,32,Chandigarh,Chandigarh,2022-12-20
C0076,Isha Reddy,Female,33,Delhi,Delhi,2022-10-20
C0077,Rahul Sharma,Male,39,Pune,Maharashtra,2023-12-18
C0078,Aditya Sharma,Female,55,Jaipur,Rajasthan,2025-02-13
C0079,Sahil Kumar,Female,43,Delhi,Delhi,2023-06-13
C0080,Isha Yadav,Male,33,Bhopal,Madhya Pradesh,2023-04-25
C0081,Sneha Sinha,Female,34,Ahmedabad,Gujarat,2025-08-04
C0082,Kavya Singh,Female,29,Patna,Bihar,2023-04-22
C0083,Aarav Singh,Female,25,Gurugram,Haryana,2022-01-25
C0084,Rahul Verma,Male,28,Nagpur,Maharashtra,2023-03-07
C0085,Simran Mishra,Male,26,Ahmedabad,Gujarat,2025-07-25
C0086,Isha Sinha,Male,41,Bengaluru,Karnataka,2022-11-13
C0087,Isha Jain,Male,23,Bengaluru,Karnataka,2023-09-30
C0088,Rohan Gupta,Female,47,Delhi,Delhi,2022-12-24
C0089,Manish Yadav,Male,42,Chennai,Tamil Nadu,2025-07-23
C0090,Manish Yadav,Female,34,Lucknow,Uttar Pradesh,2023-11-21
C0091,Arjun Roy,Male,34,Pune,Maharashtra,2022-12-10
C0092,Arjun Sinha,Male,28,Jaipur,Rajasthan,2025-12-25
C0093,Isha Kapoor,Male,37,Pune,Maharashtra,2023-07-13
C0094,Arjun Yadav,Female,45,Jaipur,Rajasthan,2023-12-13
C0095,Karan Singh,Female,27,Ahmedabad,Gujarat,2023-07-17
C0096,Sneha Gupta,Male,19,Bhopal,Madhya Pradesh,2023-03-15
C0097,Sneha Das,Female,41,Mumbai,Maharashtra,2025-07-17
C0098,Kavya Singh,Male,37,Delhi,Delhi,2025-12-25
C0099,Karan Sinha,Male,23,Surat,Gujarat,2024-11-10
C0100,Vikram Gupta,Female,27,Chennai,Tamil Nadu,2022-05-23
C0101,Manish Patel,Male,25,Bengaluru,Karnataka,2024-05-17
C0102,Manish Mishra,Female,27,Bhopal,Madhya Pradesh,2022-12-19
C0103,Aditya Kapoor,Male,31,Ahmedabad,Gujarat,2024-10-13
C0104,Nisha Roy,Male,31,Bengaluru,Karnataka,2023-04-13
C0105,Pooja Roy,Male,27,Delhi,Delhi,2024-05-26
C0106,Karan Yadav,Female,26,Bengaluru,Karnataka,2025-11-18
C0107,Priya Roy,Male,32,Chennai,Tamil Nadu,2024-07-07
C0108,Manish Yadav,Female,36,Indore,Madhya Pradesh,2024-12-17
C0109,Nisha Gupta,Male,31,Kochi,Kerala,2025-02-23
C0110,Anjali Sharma,Male,46,Bengaluru,Karnataka,2024-04-20
C0111,Pooja Mishra,Female,39,Delhi,Delhi,2024-05-27
C0112,Aarav Singh,Male,18,Chennai,Tamil Nadu,2022-02-21
C0113,Sneha Mehta,Female,39,Kochi,Kerala,2024-10-08
C0114,Isha Yadav,Male,40,Pune,Maharashtra,2024-03-24
C0115,Aditya Mehta,Female,30,Jaipur,Rajasthan,2022-09-26
C0116,Rohan Roy,Male,19,Indore,Madhya Pradesh,2022-04-06
C0117,Rohan Sinha,Female,34,Indore,Madhya Pradesh,2022-09-30
C0118,Neha Jain,Male,34,Lucknow,Uttar Pradesh,2025-09-08
C0119,Simran Das,Male,23,Chandigarh,Chandigarh,2022-05-13
C0120,Anjali Reddy,Male,19,Gurugram,Haryana,2024-07-16
C0121,Simran Roy,Male,33,Unknown,Unknown,2022-03-30
C0122,Manish Verma,Male,32,Nagpur,Maharashtra,2023-11-16
C0123,Amit Reddy,Male,30,Bhubaneswar,Odisha,2024-04-03
C0124,Kavya Jain,Female,33,Hyderabad,Telangana,2022-01-05
C0125,Arjun Jain,Female,23,Chennai,Tamil Nadu,2022-12-23
C0126,Isha Yadav,Female,30,Pune,Maharashtra,2025-09-28
C0127,Neha Roy,Female,39,Chandigarh,Chandigarh,2022-07-23
C0128,Sahil Patel,Male,31,Indore,Madhya Pradesh,2023-04-16
C0129,Nisha Das,Male,18,Patna,Bihar,2023-04-09
C0130,Karan Mishra,Male,29,Hyderabad,Telangana,2023-05-12
C0131,Vikram Patel,Female,23,Chandigarh,Chandigarh,2023-12-03
C0132,Arjun Patel,Male,37,Pune,Maharashtra,2024-04-16
C0133,Riya Mishra,Male,37,Gurugram,Haryana,2022-03-04
C0134,Karan Kapoor,Female,18,Mumbai,Maharashtra,2022-08-27
C0135,Manish Sharma,Male,42,Lucknow,Uttar Pradesh,2023-06-24
C0136,Neha Reddy,Female,23,Chandigarh,Chandigarh,2022-07-17
C0137,Nisha Singh,Female,50,Kolkata,West Bengal,2024-02-20
C0138,Sahil Singh,Male,34,Bhopal,Madhya Pradesh,2022-01-30
C0139,Kavya Reddy,Male,22,Bhopal,Madhya Pradesh,2023-10-28
C0140,Isha Sinha,Male,23,Bhubaneswar,Odisha,2025-05-17
C0141,Arjun Kapoor,Female,37,Patna,Bihar,2024-12-22
C0142,Nisha Mehta,Male,30,Pune,Maharashtra,2024-12-16
C0143,Manish Yadav,Female,33,Delhi,Delhi,2025-12-27
C0144,Pooja Roy,Female,50,Delhi,Delhi,2025-08-24
C0145,Aditya Verma,Male,27,Bhubaneswar,Odisha,2025-02-04
C0146,Isha Das,Male,35,Chandigarh,Chandigarh,2023-08-23
C0147,Anjali Patel,Female,48,Jaipur,Rajasthan,2024-10-14
C0148,Pooja Patel,Male,37,Bengaluru,Karnataka,2025-08-17
C0149,Sahil Kumar,Female,18,Pune,Maharashtra,2023-09-12
C0150,Sahil Jain,Male,39,Kolkata,West Bengal,2024-12-05
C0151,Pooja Das,Female,22,Ahmedabad,Gujarat,2022-03-18
C0152,Rohan Sinha,Female,48,Jaipur,Rajasthan,2023-12-30
C0153,Riya Yadav,Female,26,Chennai,Tamil Nadu,2025-04-07
C0154,Isha Sharma,Male,64,Delhi,Delhi,2024-03-24
C0155,Aarav Mishra,Male,49,Gurugram,Haryana,2025-02-26
C0156,Priya Gupta,Female,26,Lucknow,Uttar Pradesh,2023-12-09
C0157,Sahil Gupta,Male,34,Bhopal,Madhya Pradesh,2022-09-25
C0158,Karan Yadav,Male,42,Indore,Madhya Pradesh,2024-02-04
C0159,Neha Sharma,Female,42,Jaipur,Rajasthan,2023-08-08
C0160,Rohan Reddy,Male,38,Bhubaneswar,Odisha,2023-02-23
C0161,Riya Jain,Male,47,Nagpur,Maharashtra,2024-05-19
C0162,Rahul Mehta,Male,33,Nagpur,Maharashtra,2025-03-30
C0163,Manish Gupta,Female,30,Bhubaneswar,Odisha,2024-12-17
C0164,Riya Gupta,Female,31,Bhopal,Madhya Pradesh,2023-01-19
C0165,Karan Roy,Male,43,Pune,Maharashtra,2024-03-13
C0166,Nisha Jain,Male,38,Mumbai,Maharashtra,2023-05-25
C0167,Riya Mishra,Male,37,Bengaluru,Karnataka,2023-03-06
C0168,Kavya Singh,Female,42,Nagpur,Maharashtra,2025-09-25
C0169,Aditya Roy,Male,18,Chennai,Tamil Nadu,2023-08-01
C0170,Neha Verma,Female,37,Nagpur,Maharashtra,2024-07-28
C0171,Sahil Patel,Male,36,Nagpur,Maharashtra,2024-11-15
C0172,Kavya Reddy,Female,51,Nagpur,Maharashtra,2023-08-12
C0173,Kavya Patel,Male,19,Mumbai,Maharashtra,2024-03-08
C0174,Vikram Gupta,Female,50,Mumbai,Maharashtra,2023-01-07
C0175,Karan Kumar,Male,35,Chennai,Tamil Nadu,2024-07-16
C0176,Simran Mishra,Male,39,Delhi,Delhi,2024-11-25
C0177,Neha Kumar,Female,51,Delhi,Delhi,2025-07-14
C0178,Rohan Sinha,Female,40,Gurugram,Haryana,2025-12-26
C0179,Aarav Kapoor,Male,38,Mumbai,Maharashtra,2024-11-08
C0180,Arjun Yadav,Female,36,Bhopal,Madhya Pradesh,2025-09-24
C0181,Anjali Mishra,Female,29,Kolkata,West Bengal,2022-05-20
C0182,Sneha Mehta,Female,34,Hyderabad,Telangana,2022-03-08
C0183,Manish Verma,Male,27,Patna,Bihar,2024-10-11
C0184,Riya Kapoor,Male,34,Nagpur,Maharashtra,2025-10-24
C0185,Amit Reddy,Male,18,Kolkata,West Bengal,2022-09-18
C0186,Pooja Sharma,Male,38,Chennai,Tamil Nadu,2024-08-31
C0187,Pooja Verma,Female,33,Bhubaneswar,Odisha,2023-09-19
C0188,Simran Yadav,Male,31,Mumbai,Maharashtra,2023-08-02
C0189,Rohan Jain,Male,36,Kolkata,West Bengal,2024-10-18
C0190,Simran Patel,Female,20,Patna,Bihar,2025-05-11
C0191,Aarav Roy,Female,53,Surat,Gujarat,2023-10-01
C0192,Aditya Kumar,Male,33,Surat,Gujarat,2023-02-14
C0193,Isha Patel,Male,33,Delhi,Delhi,2024-04-12
C0194,Simran Yadav,Female,24,Jaipur,Rajasthan,2025-01-08
C0195,Riya Singh,Male,34,Kolkata,West Bengal,2022-04-23
C0196,Rohan Roy,Female,48,Surat,Gujarat,2023-09-15
C0197,Riya Mishra,Female,44,Bengaluru,Karnataka,2024-03-31
C0198,Anjali Verma,Male,43,Bhubaneswar,Odisha,2025-03-06
C0199,Aarav Mishra,Female,39,Hyderabad,Telangana,2024-04-19
C0200,Karan Gupta,Female,30,Gurugram,Haryana,2022-07-08
C0201,Riya Gupta,Male,19,Bengaluru,Karnataka,2022-10-04
C0202,Sahil Kumar,Female,32,Gurugram,Haryana,2022-04-13
C0203,Priya Mishra,Female,32,Bhubaneswar,Odisha,2022-04-17
C0204,Anjali Das,Female,44,Pune,Maharashtra,2024-01-27
C0205,Kavya Kapoor,Female,37,Bhubaneswar,Odisha,2022-06-22
C0206,Nisha Patel,Male,50,Jaipur,Rajasthan,2024-09-25
C0207,Manish Patel,Male,46,Delhi,Delhi,2025-09-16
C0208,Sahil Jain,Male,29,Ahmedabad,Gujarat,2023-12-23
C0209,Arjun Yadav,Male,18,Pune,Maharashtra,2025-04-29
C0210,Amit Patel,Male,48,Noida,Uttar Pradesh,2024-04-10
C0211,Amit Das,Female,48,Ahmedabad,Gujarat,2022-08-13
C0212,Pooja Roy,Female,20,Delhi,Delhi,2025-09-08
C0213,Rohan Das,Female,49,Patna,Bihar,2022-05-14
C0214,Aditya Patel,Female,38,Noida,Uttar Pradesh,2024-11-26
C0215,Aditya Singh,Female,36,Lucknow,Uttar Pradesh,2022-04-03
C0216,Manish Das,Male,50,Bengaluru,Karnataka,2022-03-16
C0217,Aditya Singh,Female,47,Pune,Maharashtra,2024-01-26
C0218,Anjali Mishra,Male,41,Surat,Gujarat,2022-07-02
C0219,Aditya Yadav,Female,39,Surat,Gujarat,2023-12-18
C0220,Arjun Sinha,Female,40,Bhubaneswar,Odisha,2023-04-04
C0221,Manish Singh,Male,30,Nagpur,Maharashtra,2023-09-19
C0222,Sneha Mehta,Female,33,Mumbai,Maharashtra,2023-02-13
C0223,Isha Kapoor,Male,25,Delhi,Delhi,2022-07-26
C0224,Neha Singh,Male,31,Surat,Gujarat,2025-06-22
C0225,Rahul Sinha,Female,30,Bhopal,Madhya Pradesh,2025-09-18
C0226,Sneha Patel,Male,28,Chennai,Tamil Nadu,2023-11-04
C0227,Kavya Sinha,Male,35,Chennai,Tamil Nadu,2025-08-10
C0228,Rahul Jain,Female,31,Jaipur,Rajasthan,2024-10-09
C0229,Nisha Sinha,Female,39,Jaipur,Rajasthan,2024-01-18
C0230,Rohan Kapoor,Female,18,Bengaluru,Karnataka,2022-09-30
C0231,Rohan Yadav,Female,33,Gurugram,Haryana,2023-01-14
C0232,Priya Jain,Male,35,Surat,Gujarat,2023-09-18
C0233,Sahil Verma,Male,31,Surat,Gujarat,2023-10-26
C0234,Simran Sharma,Female,32,Bengaluru,Karnataka,2024-11-15
C0235,Pooja Roy,Female,18,Bhubaneswar,Odisha,2023-11-11
C0236,Kavya Reddy,Male,38,Delhi,Delhi,2023-06-28
C0237,Sneha Mehta,Female,40,Bhubaneswar,Odisha,2024-01-03
C0238,Sahil Jain,Female,39,Patna,Bihar,2022-04-01
C0239,Riya Mishra,Female,44,Nagpur,Maharashtra,2023-04-21
C0240,Sahil Mishra,Female,36,Ahmedabad,Gujarat,2023-12-27
C0241,Nisha Reddy,Male,39,Hyderabad,Telangana,2025-04-26
C0242,Vikram Gupta,Female,36,Kolkata,West Bengal,2025-05-03
C0243,Karan Yadav,Female,41,Ahmedabad,Gujarat,2023-06-18
C0244,Aditya Verma,Male,18,Bhubaneswar,Odisha,2023-11-29
C0245,Karan Jain,Female,25,Bengaluru,Karnataka,2024-05-29
C0246,Riya Reddy,Male,50,Surat,Gujarat,2022-03-26
C0247,Arjun Roy,Male,18,Bengaluru,Karnataka,2023-08-15
C0248,Nisha Mishra,Female,33,Noida,Uttar Pradesh,2024-04-20
C0249,Riya Roy,Male,46,Kochi,Kerala,2022-03-18
C0250,Manish Mehta,Male,33,Noida,Uttar Pradesh,2022-11-26
C0251,Aditya Jain,Female,30,Mumbai,Maharashtra,2023-01-18
C0252,Sneha Gupta,Male,35,Bengaluru,Karnataka,2025-12-27
C0253,Aarav Gupta,Male,30,Surat,Gujarat,2023-01-12
C0254,Nisha Jain,Male,34,Jaipur,Rajasthan,2022-12-07
C0255,Priya Singh,Male,27,Hyderabad,Telangana,2025-04-15
C0256,Sneha Yadav,Female,45,Delhi,Delhi,2025-12-20
C0257,Kavya Mehta,Female,48,Hyderabad,Telangana,2023-02-28
C0258,Kavya Patel,Female,33,Delhi,Delhi,2022-06-23
C0259,Arjun Sinha,Female,20,Kochi,Kerala,2023-02-10
C0260,Amit Jain,Male,29,Surat,Gujarat,2022-03-23
C0261,Isha Yadav,Female,32,Bhubaneswar,Odisha,2022-01-21
C0262,Riya Kapoor,Female,39,Ahmedabad,Gujarat,2023-11-22
C0263,Riya Kumar,Female,24,Pune,Maharashtra,2024-10-06
C0264,Pooja Patel,Female,26,Bengaluru,Karnataka,2023-02-02
C0265,Arjun Kumar,Female,39,Nagpur,Maharashtra,2022-11-26
C0266,Aditya Kapoor,Female,43,Delhi,Delhi,2022-08-13
C0267,Simran Kapoor,Male,28,Surat,Gujarat,2025-11-26
C0268,Arjun Kumar,Female,21,Bhopal,Madhya Pradesh,2024-02-20
C0269,Aditya Jain,Male,67,Gurugram,Haryana,2024-06-12
C0270,Karan Singh,Male,42,Kochi,Kerala,2023-03-14
C0271,Rahul Patel,Male,31,Kolkata,West Bengal,2025-07-19
C0272,Nisha Reddy,Male,43,Kolkata,West Bengal,2025-07-27
C0273,Arjun Mishra,Male,33,Chandigarh,Chandigarh,2022-08-11
C0274,Vikram Sharma,Male,43,Gurugram,Haryana,2023-05-24
C0275,Manish Roy,Female,36,Ahmedabad,Gujarat,2025-09-27
C0276,Manish Kumar,Female,35,Mumbai,Maharashtra,2023-09-09
C0277,Simran Patel,Female,33,Delhi,Delhi,2024-12-01
C0278,Aarav Singh,Male,20,Indore,Madhya Pradesh,2025-04-14
C0279,Isha Sinha,Female,53,Delhi,Delhi,2025-06-22
C0280,Sahil Verma,Female,25,Chennai,Tamil Nadu,2025-06-30
C0281,Rahul Kumar,Male,20,Surat,Gujarat,2025-07-21
C0282,Rahul Mehta,Female,32,Gurugram,Haryana,2024-08-16
C0283,Kavya Yadav,Female,24,Hyderabad,Telangana,2025-09-19
C0284,Arjun Reddy,Male,33,Bengaluru,Karnataka,2023-08-27
C0285,Kavya Mishra,Female,41,Nagpur,Maharashtra,2024-10-31
C0286,Kavya Singh,Female,44,Nagpur,Maharashtra,2022-06-01
C0287,Arjun Reddy,Male,42,Bhopal,Madhya Pradesh,2022-07-08
C0288,Sneha Mishra,Male,31,Kochi,Kerala,2024-08-17
C0289,Sneha Verma,Male,34,Kolkata,West Bengal,2023-11-07
C0290,Vikram Sharma,Male,38,Bengaluru,Karnataka,2023-09-30
C0291,Anjali Patel,Male,18,Jaipur,Rajasthan,2022-07-30
C0292,Manish Patel,Male,40,Chennai,Tamil Nadu,2025-01-25
C0293,Karan Roy,Male,19,Nagpur,Maharashtra,2022-12-05
C0294,Arjun Roy,Female,54,Kochi,Kerala,2022-02-16
C0295,Riya Patel,Male,30,Bengaluru,Karnataka,2024-03-30
C0296,Aditya Sharma,Male,32,Delhi,Delhi,2024-09-01
C0297,Rohan Patel,Male,26,Bhubaneswar,Odisha,2024-12-16
C0298,Arjun Mishra,Male,28,Delhi,Delhi,2025-01-03
C0299,Riya Mehta,Male,57,Bengaluru,Karnataka,2025-07-01
C0300,Manish Kapoor,Male,43,Noida,Uttar Pradesh,2024-04-16
C0301,Sneha Singh,Male,19,Lucknow,Uttar Pradesh,2024-08-09
C0302,Pooja Patel,Female,49,Bengaluru,Karnataka,2023-08-21
C0303,Riya Gupta,Female,46,Ahmedabad,Gujarat,2022-06-19
C0304,Anjali Roy,Male,31,Kochi,Kerala,2025-03-15
C0305,Vikram Verma,Male,37,Noida,Uttar Pradesh,2024-04-18
C0306,Arjun Jain,Female,34,Indore,Madhya Pradesh,2024-11-22
C0307,Sneha Sinha,Female,54,Mumbai,Maharashtra,2024-03-06
C0308,Arjun Sharma,Male,26,Lucknow,Uttar Pradesh,2025-07-04
C0309,Isha Verma,Female,35,Mumbai,Maharashtra,2025-02-23
C0310,Sahil Mishra,Female,30,Nagpur,Maharashtra,2024-08-16
C0311,Vikram Kumar,Male,20,Ahmedabad,Gujarat,2025-02-10
C0312,Riya Jain,Female,56,Delhi,Delhi,2024-03-25
C0313,Anjali Roy,Female,22,Jaipur,Rajasthan,2022-12-08
C0314,Anjali Yadav,Female,36,Patna,Bihar,2022-02-17
C0315,Arjun Roy,Male,18,Surat,Gujarat,2022-12-30
C0316,Nisha Kumar,Male,30,Pune,Maharashtra,2025-11-22
C0317,Sneha Singh,Male,38,Lucknow,Uttar Pradesh,2025-05-03
C0318,Rahul Sharma,Male,26,Bengaluru,Karnataka,2023-12-26
C0319,Manish Kumar,Female,40,Noida,Uttar Pradesh,2025-09-06
C0320,Sahil Gupta,Female,31,Chandigarh,Chandigarh,2022-05-18
C0321,Arjun Singh,Female,46,Pune,Maharashtra,2022-12-21
C0322,Aarav Gupta,Female,48,Hyderabad,Telangana,2024-12-29
C0323,Arjun Sharma,Male,28,Chandigarh,Chandigarh,2024-03-21
C0324,Karan Kumar,Female,35,Bhubaneswar,Odisha,2023-12-13
C0325,Kavya Kumar,Female,36,Delhi,Delhi,2022-02-28
C0326,Manish Patel,Male,40,Ahmedabad,Gujarat,2024-02-10
C0327,Manish Jain,Female,34,Kochi,Kerala,2023-01-24
C0328,Kavya Yadav,Male,36,Surat,Gujarat,2025-10-06
C0329,Manish Jain,Female,32,Kochi,Kerala,2024-04-25
C0330,Aarav Das,Male,35,Bhopal,Madhya Pradesh,2024-05-18
C0331,Manish Sharma,Male,47,Gurugram,Haryana,2022-12-05
C0332,Priya Mishra,Female,40,Indore,Madhya Pradesh,2024-01-27
C0333,Sneha Patel,Female,41,Mumbai,Maharashtra,2023-08-19
C0334,Riya Kumar,Male,41,Mumbai,Maharashtra,2023-03-12
C0335,Arjun Yadav,Male,32,Gurugram,Haryana,2023-01-12
C0336,Anjali Jain,Male,37,Nagpur,Maharashtra,2023-01-26
C0337,Kavya Roy,Female,23,Bhubaneswar,Odisha,2023-04-26
C0338,Rohan Kapoor,Female,47,Lucknow,Uttar Pradesh,2024-03-31
C0339,Pooja Das,Female,18,Kolkata,West Bengal,2022-04-24
C0340,Isha Kumar,Male,33,Indore,Madhya Pradesh,2024-02-13
C0341,Isha Sinha,Female,45,Patna,Bihar,2022-06-21
C0342,Vikram Kapoor,Male,20,Chennai,Tamil Nadu,2022-01-18
C0343,Aditya Gupta,Female,38,Delhi,Delhi,2022-08-23
C0344,Sneha Jain,Male,27,Ahmedabad,Gujarat,2025-08-26
C0345,Arjun Jain,Male,30,Bhopal,Madhya Pradesh,2023-12-24
C0346,Neha Sharma,Female,43,Bhopal,Madhya Pradesh,2022-10-08
C0347,Kavya Kapoor,Male,36,Chennai,Tamil Nadu,2024-04-10
C0348,Rahul Jain,Female,18,Pune,Maharashtra,2025-05-04
C0349,Isha Verma,Female,24,Hyderabad,Telangana,2025-02-12
C0350,Amit Gupta,Male,44,Kolkata,West Bengal,2025-11-21
C0351,Aditya Kumar,Male,38,Chandigarh,Chandigarh,2023-02-22
C0352,Aditya Kumar,Female,51,Bhubaneswar,Odisha,2022-10-11
C0353,Arjun Gupta,Female,51,Indore,Madhya Pradesh,2023-08-08
C0354,Pooja Sinha,Male,31,Bengaluru,Karnataka,2025-09-13
C0355,Pooja Sinha,Male,59,Ahmedabad,Gujarat,2025-09-26
C0356,Vikram Mehta,Female,34,Bhubaneswar,Odisha,2023-09-14
C0357,Rahul Kapoor,Female,24,Surat,Gujarat,2022-08-09
C0358,Nisha Jain,Male,28,Chandigarh,Chandigarh,2022-01-09
C0359,Karan Singh,Male,18,Noida,Uttar Pradesh,2025-01-10
C0360,Amit Sinha,Female,50,Lucknow,Uttar Pradesh,2024-04-11
C0361,Pooja Sinha,Female,50,Gurugram,Haryana,2025-08-10
C0362,Neha Mehta,Female,24,Nagpur,Maharashtra,2023-01-10
C0363,Arjun Mishra,Female,32,Gurugram,Haryana,2023-06-18
C0364,Amit Das,Female,35,Chennai,Tamil Nadu,2025-12-09
C0365,Vikram Gupta,Male,24,Jaipur,Rajasthan,2025-01-27
C0366,Rohan Kumar,Female,18,Bhopal,Madhya Pradesh,2023-12-03
C0367,Rohan Mehta,Male,32,Delhi,Delhi,2024-04-11
C0368,Rohan Verma,Female,31,Delhi,Delhi,2024-02-16
C0369,Nisha Das,Male,30,Indore,Madhya Pradesh,2025-11-06
C0370,Manish Verma,Male,36,Mumbai,Maharashtra,2024-07-28
C0371,Riya Gupta,Female,48,Surat,Gujarat,2023-03-23
C0372,Simran Patel,Female,31,Ahmedabad,Gujarat,2023-11-11
C0373,Sahil Sinha,Male,36,Chandigarh,Chandigarh,2022-12-10
C0374,Priya Jain,Female,41,Delhi,Delhi,2023-03-01
C0375,Arjun Das,Male,40,Surat,Gujarat,2023-09-17
C0376,Rohan Mishra,Male,28,Pune,Maharashtra,2022-11-02
C0377,Pooja Patel,Female,35,Chennai,Tamil Nadu,2022-05-28
C0378,Anjali Singh,Male,39,Bengaluru,Karnataka,2024-04-28
C0379,Rahul Kumar,Female,23,Bhopal,Madhya Pradesh,2024-01-02
C0380,Karan Yadav,Male,47,Surat,Gujarat,2023-03-30
C0381,Isha Verma,Female,48,Gurugram,Haryana,2024-07-26
C0382,Manish Yadav,Female,27,Chennai,Tamil Nadu,2022-02-02
C0383,Manish Reddy,Male,36,Kochi,Kerala,2025-09-04
C0384,Aditya Reddy,Male,40,Chennai,Tamil Nadu,2025-05-01
C0385,Kavya Mehta,Female,29,Indore,Madhya Pradesh,2025-04-18
C0386,Vikram Gupta,Female,39,Nagpur,Maharashtra,2024-09-10
C0387,Aditya Jain,Male,36,Kochi,Kerala,2023-01-26
C0388,Simran Patel,Male,19,Bhubaneswar,Odisha,2022-12-23
C0389,Rahul Patel,Male,39,Chennai,Tamil Nadu,2023-07-27
C0390,Nisha Sharma,Male,23,Bhopal,Madhya Pradesh,2023-04-09
C0391,Manish Yadav,Male,43,Surat,Gujarat,2024-07-18
C0392,Neha Patel,Male,27,Surat,Gujarat,2022-04-09
C0393,Manish Sharma,Female,32,Pune,Maharashtra,2022-05-28
C0394,Kavya Kapoor,Female,48,Hyderabad,Telangana,2023-07-24
C0395,Sneha Singh,Female,39,Delhi,Delhi,2023-12-28
C0396,Sneha Kumar,Female,23,Chennai,Tamil Nadu,2025-09-01
C0397,Kavya Gupta,Female,24,Lucknow,Uttar Pradesh,2024-09-28
C0398,Manish Das,Female,28,Chennai,Tamil Nadu,2025-04-20
C0399,Sahil Kapoor,Female,38,Hyderabad,Telangana,2022-10-30
C0400,Arjun Sinha,Female,38,Mumbai,Maharashtra,2022-01-04
C0401,Rohan Roy,Female,26,Bhubaneswar,Odisha,2024-02-17
C0402,Pooja Kumar,Male,22,Lucknow,Uttar Pradesh,2022-04-17
C0403,Neha Jain,Female,37,Gurugram,Haryana,2022-03-16
C0404,Anjali Mehta,Female,32,Delhi,Delhi,2024-11-29
C0405,Riya Patel,Female,56,Chennai,Tamil Nadu,2023-10-01
C0406,Anjali Sinha,Female,34,Chandigarh,Chandigarh,2023-11-26
C0407,Sahil Reddy,Female,52,Hyderabad,Telangana,2025-02-16
C0408,Karan Das,Female,22,Surat,Gujarat,2022-03-14
C0409,Manish Reddy,Male,18,Surat,Gujarat,2023-07-06
C0410,Priya Mishra,Female,23,Mumbai,Maharashtra,2025-05-12
C0411,Rahul Roy,Male,46,Nagpur,Maharashtra,2024-09-03
C0412,Anjali Sinha,Female,52,Bhubaneswar,Odisha,2022-04-06
C0413,Nisha Singh,Female,26,Bhopal,Madhya Pradesh,2025-07-26
C0414,Kavya Verma,Male,29,Noida,Uttar Pradesh,2025-03-12
C0415,Rohan Reddy,Male,22,Bengaluru,Karnataka,2025-02-12
C0416,Sneha Singh,Female,18,Delhi,Delhi,2024-06-02
C0417,Isha Yadav,Male,41,Delhi,Delhi,2025-03-02
C0418,Rohan Jain,Male,36,Gurugram,Haryana,2025-04-06
C0419,Arjun Sharma,Female,34,Patna,Bihar,2025-06-22
C0420,Sneha Mehta,Male,20,Chennai,Tamil Nadu,2022-10-04
C0421,Neha Singh,Male,50,Bhopal,Madhya Pradesh,2022-09-16
C0422,Rahul Yadav,Female,29,Bengaluru,Karnataka,2022-02-15
C0423,Arjun Mehta,Male,39,Delhi,Delhi,2022-12-12
C0424,Rohan Roy,Male,19,Delhi,Delhi,2024-04-26
C0425,Aarav Roy,Female,32,Ahmedabad,Gujarat,2024-06-13
C0426,Kavya Yadav,Female,37,Lucknow,Uttar Pradesh,2025-06-14
C0427,Rohan Mishra,Female,37,Patna,Bihar,2024-12-12
C0428,Vikram Roy,Female,36,Bhopal,Madhya Pradesh,2025-03-17
C0429,Karan Das,Female,39,Chandigarh,Chandigarh,2025-01-18
C0430,Aarav Kumar,Male,23,Bhopal,Madhya Pradesh,2022-08-21
C0431,Neha Verma,Male,36,Kochi,Kerala,2022-02-20
C0432,Vikram Roy,Male,35,Mumbai,Maharashtra,2023-10-27
C0433,Sahil Singh,Male,36,Gurugram,Haryana,2025-11-18
C0434,Kavya Verma,Female,35,Noida,Uttar Pradesh,2025-05-22
C0435,Kavya Singh,Female,21,Bengaluru,Karnataka,2023-03-27
C0436,Isha Kapoor,Male,21,Nagpur,Maharashtra,2025-09-24
C0437,Rahul Gupta,Female,18,Ahmedabad,Gujarat,2022-12-17
C0438,Nisha Kapoor,Male,42,Lucknow,Uttar Pradesh,2023-10-11
C0439,Kavya Sinha,Male,42,Mumbai,Maharashtra,2025-08-01
C0440,Sahil Mishra,Female,42,Gurugram,Haryana,2024-05-27
C0441,Isha Patel,Male,37,Jaipur,Rajasthan,2023-08-06
C0442,Riya Kumar,Male,18,Pune,Maharashtra,2022-09-02
C0443,Nisha Kumar,Male,24,Hyderabad,Telangana,2023-07-04
C0444,Aditya Kapoor,Male,36,Noida,Uttar Pradesh,2023-12-29
C0445,Anjali Roy,Female,35,Chandigarh,Chandigarh,2023-10-01
C0446,Aditya Kumar,Female,32,Patna,Bihar,2023-08-07
C0447,Neha Patel,Male,38,Hyderabad,Telangana,2022-08-14
C0448,Sneha Kapoor,Male,34,Hyderabad,Telangana,2024-04-06
C0449,Rahul Reddy,Female,35,Lucknow,Uttar Pradesh,2023-03-17
C0450,Aditya Sinha,Female,28,Chennai,Tamil Nadu,2023-02-16
C0451,Vikram Kumar,Male,44,Jaipur,Rajasthan,2024-03-24
C0452,Sneha Sinha,Male,30,Bengaluru,Karnataka,2022-09-03
C0453,Isha Sharma,Female,21,Nagpur,Maharashtra,2023-08-06
C0454,Arjun Sharma,Female,26,Bengaluru,Karnataka,2023-05-15
C0455,Priya Reddy,Male,31,Surat,Gujarat,2024-09-08
C0456,Aditya Mishra,Female,44,Hyderabad,Telangana,2023-07-04
C0457,Nisha Jain,Male,34,Noida,Uttar Pradesh,2022-04-27
C0458,Priya Kumar,Male,32,Nagpur,Maharashtra,2025-10-19
C0459,Rohan Sinha,Male,22,Pune,Maharashtra,2022-07-23
C0460,Anjali Reddy,Female,42,Chennai,Tamil Nadu,2022-12-17
C0461,Sneha Roy,Male,27,Bhopal,Madhya Pradesh,2022-11-15
C0462,Priya Sharma,Male,33,Nagpur,Maharashtra,2025-10-14
C0463,Amit Reddy,Male,49,Chandigarh,Chandigarh,2024-07-28
C0464,Isha Verma,Female,39,Bengaluru,Karnataka,2023-05-04
C0465,Rahul Verma,Male,18,Jaipur,Rajasthan,2022-04-17
C0466,Kavya Kumar,Male,18,Nagpur,Maharashtra,2023-10-16
C0467,Sahil Roy,Male,33,Nagpur,Maharashtra,2022-06-21
C0468,Sahil Das,Female,22,Bhubaneswar,Odisha,2023-06-03
C0469,Priya Gupta,Male,40,Surat,Gujarat,2024-08-15
C0470,Rohan Kumar,Male,34,Chandigarh,Chandigarh,2024-03-23
C0471,Anjali Sharma,Male,36,Gurugram,Haryana,2023-06-12
C0472,Rohan Jain,Female,27,Nagpur,Maharashtra,2022-11-16
C0473,Amit Verma,Female,51,Hyderabad,Telangana,2024-11-26
C0474,Isha Singh,Female,62,Bhopal,Madhya Pradesh,2023-05-14
C0475,Vikram Verma,Female,31,Jaipur,Rajasthan,2022-09-22
C0476,Sneha Jain,Female,38,Gurugram,Haryana,2024-06-26
C0477,Amit Das,Male,35,Bhopal,Madhya Pradesh,2023-02-06
C0478,Priya Jain,Female,31,Jaipur,Rajasthan,2024-09-13
C0479,Karan Gupta,Male,26,Pune,Maharashtra,2023-08-25
C0480,Priya Patel,Male,23,Kochi,Kerala,2024-08-09
C0481,Anjali Roy,Female,23,Bhubaneswar,Odisha,2022-08-06
C0482,Nisha Sharma,Male,38,Gurugram,Haryana,2022-11-26
C0483,Riya Patel,Male,29,Indore,Madhya Pradesh,2022-07-05
C0484,Aarav Kapoor,Male,18,Surat,Gujarat,2025-11-05
C0485,Aarav Sharma,Female,38,Chennai,Tamil Nadu,2022-07-28
C0486,Neha Gupta,Male,34,Bengaluru,Karnataka,2022-10-15
C0487,Riya Roy,Female,47,Bhopal,Madhya Pradesh,2022-03-29
C0488,Karan Roy,Female,38,Bhubaneswar,Odisha,2024-09-29
C0489,Aarav Mishra,Female,19,Hyderabad,Telangana,2022-05-16
C0490,Pooja Jain,Male,18,Surat,Gujarat,2022-06-07
C0491,Neha Mishra,Female,27,Pune,Maharashtra,2024-03-04
C0492,Anjali Reddy,Male,28,Chandigarh,Chandigarh,2024-07-08
C0493,Kavya Kumar,Male,43,Lucknow,Uttar Pradesh,2022-06-04
C0494,Riya Das,Male,34,Pune,Maharashtra,2022-08-08
C0495,Sahil Sinha,Female,45,Kochi,Kerala,2025-04-05
C0496,Riya Yadav,Male,21,Chennai,Tamil Nadu,2022-11-18
C0497,Arjun Sharma,Male,44,Bengaluru,Karnataka,2023-11-22
C0498,Amit Roy,Male,41,Patna,Bihar,2024-04-20
C0499,Rohan Sinha,Male,18,Patna,Bihar,2023-05-27
C0500,Pooja Sharma,Female,47,Noida,Uttar Pradesh,2022-03-28
C0501,Aditya Kumar,Female,35,Indore,Madhya Pradesh,2022-10-02
C0502,Manish Reddy,Female,38,Bhopal,Madhya Pradesh,2022-05-21
C0503,Priya Das,Male,25,Jaipur,Rajasthan,2023-09-17
C0504,Neha Singh,Male,47,Lucknow,Uttar Pradesh,2024-07-04
C0505,Rohan Mehta,Female,22,Bhopal,Madhya Pradesh,2022-12-19
C0506,Riya Das,Male,42,Nagpur,Maharashtra,2024-10-25
C0507,Rohan Mehta,Female,42,Kolkata,West Bengal,2023-01-17
C0508,Anjali Yadav,Male,24,Pune,Maharashtra,2025-09-19
C0509,Aarav Gupta,Female,54,Kochi,Kerala,2023-04-20
C0510,Nisha Sharma,Male,36,Chandigarh,Chandigarh,2024-07-16
C0511,Isha Kumar,Male,41,Ahmedabad,Gujarat,2022-01-30
C0512,Karan Sinha,Female,19,Lucknow,Uttar Pradesh,2025-10-02
C0513,Nisha Jain,Female,55,Jaipur,Rajasthan,2024-07-10
C0514,Aditya Mishra,Male,22,Noida,Uttar Pradesh,2023-08-17
C0515,Pooja Singh,Female,44,Mumbai,Maharashtra,2023-05-08
C0516,Manish Yadav,Female,24,Chennai,Tamil Nadu,2023-05-10
C0517,Isha Mehta,Male,28,Chennai,Tamil Nadu,2023-01-23
C0518,Anjali Mehta,Male,42,Kolkata,West Bengal,2024-05-22
C0519,Aarav Yadav,Male,44,Gurugram,Haryana,2024-04-14
C0520,Sahil Sharma,Male,21,Ahmedabad,Gujarat,2025-06-30
C0521,Aditya Patel,Female,45,Surat,Gujarat,2023-09-22
C0522,Manish Yadav,Male,44,Chandigarh,Chandigarh,2024-07-27
C0523,Rahul Reddy,Male,25,Delhi,Delhi,2022-01-30
C0524,Karan Gupta,Male,50,Bhubaneswar,Odisha,2023-09-15
C0525,Manish Jain,Female,19,Nagpur,Maharashtra,2024-03-17
C0526,Pooja Kumar,Male,28,Pune,Maharashtra,2022-12-08
C0527,Aarav Kapoor,Male,39,Chandigarh,Chandigarh,2025-08-03
C0528,Kavya Kumar,Male,25,Hyderabad,Telangana,2025-11-21
C0529,Sahil Yadav,Female,37,Hyderabad,Telangana,2024-09-27
C0530,Nisha Patel,Male,36,Kolkata,West Bengal,2022-09-01
C0531,Aditya Reddy,Female,32,Gurugram,Haryana,2022-08-09
C0532,Rahul Mehta,Male,42,Bhopal,Madhya Pradesh,2025-03-25
C0533,Manish Jain,Male,32,Pune,Maharashtra,2025-11-07
C0534,Simran Kumar,Male,36,Lucknow,Uttar Pradesh,2025-09-05
C0535,Rahul Kumar,Male,45,Gurugram,Haryana,2023-01-08
C0536,Aarav Gupta,Female,42,Pune,Maharashtra,2023-06-15
C0537,Anjali Verma,Female,42,Bengaluru,Karnataka,2022-08-03
C0538,Aarav Singh,Female,23,Chandigarh,Chandigarh,2023-01-02
C0539,Aarav Roy,Female,39,Chandigarh,Chandigarh,2022-04-24
C0540,Kavya Mishra,Male,25,Noida,Uttar Pradesh,2025-05-08
C0541,Sneha Das,Male,21,Bhubaneswar,Odisha,2022-01-25
C0542,Kavya Mishra,Female,33,Ahmedabad,Gujarat,2024-07-22
C0543,Aarav Gupta,Female,25,Jaipur,Rajasthan,2025-02-18
C0544,Pooja Roy,Female,42,Pune,Maharashtra,2023-09-03
C0545,Sahil Jain,Male,42,Delhi,Delhi,2024-05-07
C0546,Rohan Mishra,Male,18,Bengaluru,Karnataka,2024-10-23
C0547,Rohan Mishra,Female,26,Chandigarh,Chandigarh,2024-06-16
C0548,Aditya Kumar,Male,19,Nagpur,Maharashtra,2024-02-12
C0549,Nisha Sinha,Male,29,Delhi,Delhi,2023-03-21
C0550,Neha Reddy,Male,39,Kolkata,West Bengal,2025-07-01
C0551,Nisha Patel,Female,32,Kolkata,West Bengal,2022-01-20
C0552,Manish Kumar,Male,28,Bhopal,Madhya Pradesh,2025-05-12
C0553,Pooja Kumar,Female,47,Chandigarh,Chandigarh,2024-03-16
C0554,Sahil Verma,Male,18,Chandigarh,Chandigarh,2025-10-12
C0555,Simran Yadav,Female,46,Indore,Madhya Pradesh,2022-05-08
C0556,Vikram Gupta,Female,29,Surat,Gujarat,2022-12-24
C0557,Aarav Yadav,Male,33,Patna,Bihar,2025-08-08
C0558,Aditya Verma,Female,29,Chennai,Tamil Nadu,2025-04-12
C0559,Anjali Singh,Male,49,Hyderabad,Telangana,2025-10-10
C0560,Riya Yadav,Male,22,Bengaluru,Karnataka,2024-05-30
C0561,Arjun Sharma,Female,34,Gurugram,Haryana,2024-11-26
C0562,Arjun Patel,Male,39,Bhubaneswar,Odisha,2025-08-26
C0563,Aditya Mishra,Male,18,Noida,Uttar Pradesh,2024-07-05
C0564,Aarav Kapoor,Male,25,Indore,Madhya Pradesh,2025-01-12
C0565,Neha Sinha,Male,33,Jaipur,Rajasthan,2023-05-25
C0566,Amit Sinha,Female,25,Nagpur,Maharashtra,2023-03-20
C0567,Priya Patel,Male,26,Kochi,Kerala,2025-12-14
C0568,Aarav Patel,Female,31,Indore,Madhya Pradesh,2025-05-13
C0569,Anjali Patel,Female,40,Delhi,Delhi,2024-02-18
C0570,Kavya Reddy,Male,31,Bengaluru,Karnataka,2025-01-16
C0571,Rahul Kapoor,Male,45,Surat,Gujarat,2022-09-09
C0572,Rahul Patel,Female,24,Patna,Bihar,2024-11-20
C0573,Priya Sharma,Male,21,Bhopal,Madhya Pradesh,2023-02-25
C0574,Vikram Jain,Male,53,Lucknow,Uttar Pradesh,2022-03-02
C0575,Rohan Singh,Male,27,Surat,Gujarat,2023-08-02
C0576,Riya Roy,Female,21,Ahmedabad,Gujarat,2025-06-03
C0577,Rohan Jain,Female,18,Kolkata,West Bengal,2025-09-20
C0578,Aarav Sinha,Male,45,Bhopal,Madhya Pradesh,2023-08-02
C0579,Nisha Gupta,Male,31,Ahmedabad,Gujarat,2023-10-02
C0580,Anjali Patel,Female,31,Hyderabad,Telangana,2022-04-21
C0581,Pooja Patel,Female,32,Ahmedabad,Gujarat,2023-05-06
C0582,Priya Reddy,Female,44,Noida,Uttar Pradesh,2025-07-19
C0583,Neha Verma,Female,32,Chennai,Tamil Nadu,2022-02-03
C0584,Sahil Sharma,Male,57,Jaipur,Rajasthan,2022-07-31
C0585,Pooja Singh,Female,35,Hyderabad,Telangana,2025-08-16
C0586,Aditya Das,Male,45,Nagpur,Maharashtra,2025-10-28
C0587,Manish Mishra,Male,42,Jaipur,Rajasthan,2022-05-05
C0588,Kavya Jain,Female,34,Delhi,Delhi,2025-01-31
C0589,Aditya Reddy,Male,28,Bhubaneswar,Odisha,2025-02-17
C0590,Sahil Reddy,Female,37,Chandigarh,Chandigarh,2024-06-12
C0591,Riya Das,Male,39,Surat,Gujarat,2022-11-27
C0592,Priya Kapoor,Female,28,Chandigarh,Chandigarh,2025-08-25
C0593,Neha Kumar,Female,36,Kochi,Kerala,2023-02-16
C0594,Rohan Sinha,Male,46,Bengaluru,Karnataka,2025-11-23
C0595,Aditya Jain,Female,55,Kolkata,West Bengal,2024-07-22
C0596,Aarav Roy,Male,43,Noida,Uttar Pradesh,2025-08-22
C0597,Pooja Jain,Female,53,Gurugram,Haryana,2025-04-01
C0598,Amit Roy,Male,28,Chennai,Tamil Nadu,2023-10-26
C0599,Anjali Jain,Female,41,Indore,Madhya Pradesh,2024-12-24
C0600,Arjun Mehta,Male,47,Mumbai,Maharashtra,2025-05-24
C0601,Sneha Reddy,Male,25,Lucknow,Uttar Pradesh,2023-08-26
C0602,Aarav Sharma,Male,29,Noida,Uttar Pradesh,2022-01-26
C0603,Amit Jain,Male,51,Chandigarh,Chandigarh,2023-10-31
C0604,Priya Jain,Female,24,Chennai,Tamil Nadu,2023-08-07
C0605,Vikram Gupta,Female,21,Delhi,Delhi,2024-12-03
C0606,Sahil Sharma,Female,49,Delhi,Delhi,2025-01-18
C0607,Riya Reddy,Male,46,Noida,Uttar Pradesh,2025-03-02
C0608,Sneha Das,Male,38,Indore,Madhya Pradesh,2025-03-30
C0609,Karan Verma,Male,34,Nagpur,Maharashtra,2023-01-15
C0610,Riya Patel,Female,30,Patna,Bihar,2025-07-08
C0611,Pooja Sinha,Female,37,Nagpur,Maharashtra,2025-11-07
C0612,Sahil Kumar,Male,50,Chandigarh,Chandigarh,2023-01-04
C0613,Pooja Gupta,Male,36,Delhi,Delhi,2025-02-08
C0614,Amit Sinha,Male,56,Mumbai,Maharashtra,2025-01-05
C0615,Riya Sharma,Female,25,Jaipur,Rajasthan,2022-07-28
C0616,Vikram Reddy,Female,34,Bengaluru,Karnataka,2024-11-02
C0617,Sahil Sinha,Female,30,Delhi,Delhi,2022-01-25
C0618,Neha Kumar,Male,23,Surat,Gujarat,2023-06-30
C0619,Isha Mehta,Female,32,Kolkata,West Bengal,2025-03-09
C0620,Aditya Roy,Female,38,Nagpur,Maharashtra,2022-10-02
C0621,Simran Jain,Male,39,Chennai,Tamil Nadu,2025-10-25
C0622,Arjun Kapoor,Female,56,Chennai,Tamil Nadu,2024-05-23
C0623,Aditya Mishra,Male,39,Kolkata,West Bengal,2022-08-10
C0624,Amit Patel,Male,46,Bengaluru,Karnataka,2024-11-26
C0625,Manish Das,Female,35,Chennai,Tamil Nadu,2024-05-24
C0626,Isha Das,Male,51,Chennai,Tamil Nadu,2025-02-26
C0627,Nisha Mishra,Female,58,Lucknow,Uttar Pradesh,2025-09-01
C0628,Sahil Kumar,Female,39,Lucknow,Uttar Pradesh,2025-09-08
C0629,Rahul Kumar,Male,24,Gurugram,Haryana,2025-12-27
C0630,Aarav Das,Female,29,Nagpur,Maharashtra,2022-08-06
C0631,Manish Sharma,Male,37,Kochi,Kerala,2025-06-25
C0632,Simran Sharma,Male,39,Jaipur,Rajasthan,2022-04-21
C0633,Simran Sharma,Male,41,Kochi,Kerala,2024-03-26
C0634,Rahul Roy,Male,39,Delhi,Delhi,2023-12-09
C0635,Sahil Patel,Male,34,Gurugram,Haryana,2022-05-27
C0636,Rahul Mehta,Male,28,Chandigarh,Chandigarh,2025-09-29
C0637,Isha Gupta,Male,38,Chandigarh,Chandigarh,2023-07-06
C0638,Rohan Reddy,Male,53,Hyderabad,Telangana,2022-05-14
C0639,Nisha Gupta,Female,44,Delhi,Delhi,2023-04-09
C0640,Kavya Mehta,Male,39,Nagpur,Maharashtra,2024-05-13
C0641,Aarav Sharma,Female,44,Ahmedabad,Gujarat,2025-04-29
C0642,Pooja Yadav,Male,30,Mumbai,Maharashtra,2025-04-01
C0643,Kavya Das,Female,29,Ahmedabad,Gujarat,2023-04-01
C0644,Sneha Sinha,Male,27,Pune,Maharashtra,2024-12-20
C0645,Rohan Mishra,Female,33,Mumbai,Maharashtra,2024-10-25
C0646,Anjali Gupta,Male,30,Bengaluru,Karnataka,2024-11-26
C0647,Kavya Patel,Female,46,Noida,Uttar Pradesh,2023-04-05
C0648,Vikram Reddy,Male,29,Bhopal,Madhya Pradesh,2025-05-25
C0649,Karan Das,Male,26,Delhi,Delhi,2022-05-19
C0650,Nisha Patel,Female,53,Bhopal,Madhya Pradesh,2023-09-10
C0651,Aarav Das,Male,29,Chennai,Tamil Nadu,2025-01-27
C0652,Arjun Gupta,Male,36,Nagpur,Maharashtra,2023-11-11
C0653,Rahul Gupta,Male,39,Surat,Gujarat,2024-08-18
C0654,Neha Sinha,Female,23,Indore,Madhya Pradesh,2025-07-11
C0655,Karan Kumar,Female,46,Indore,Madhya Pradesh,2023-08-22
C0656,Nisha Mishra,Male,40,Chennai,Tamil Nadu,2023-08-19
C0657,Sahil Mishra,Female,50,Kochi,Kerala,2025-06-01
C0658,Simran Sharma,Male,27,Mumbai,Maharashtra,2022-01-11
C0659,Arjun Reddy,Male,35,Patna,Bihar,2022-11-23
C0660,Priya Mishra,Female,34,Gurugram,Haryana,2025-10-05
C0661,Kavya Gupta,Female,37,Pune,Maharashtra,2023-01-14
C0662,Sneha Kumar,Female,19,Kolkata,West Bengal,2022-08-19
C0663,Pooja Jain,Male,35,Mumbai,Maharashtra,2025-03-10
C0664,Aditya Sinha,Female,20,Kolkata,West Bengal,2023-09-10
C0665,Sahil Reddy,Male,38,Noida,Uttar Pradesh,2024-02-04
C0666,Kavya Mishra,Male,18,Mumbai,Maharashtra,2022-02-18
C0667,Priya Gupta,Male,18,Noida,Uttar Pradesh,2023-03-27
C0668,Isha Roy,Female,42,Indore,Madhya Pradesh,2023-05-06
C0669,Nisha Singh,Female,29,Gurugram,Haryana,2025-05-13
C0670,Simran Mehta,Male,24,Mumbai,Maharashtra,2025-12-03
C0671,Priya Gupta,Male,47,Bhubaneswar,Odisha,2023-02-11
C0672,Nisha Singh,Female,37,Kolkata,West Bengal,2024-12-10
C0673,Priya Mishra,Male,43,Delhi,Delhi,2022-06-24
C0674,Nisha Yadav,Female,32,Indore,Madhya Pradesh,2025-07-08
C0675,Arjun Gupta,Male,61,Lucknow,Uttar Pradesh,2023-04-25
C0676,Riya Mishra,Male,28,Gurugram,Haryana,2022-08-11
C0677,Isha Roy,Female,51,Nagpur,Maharashtra,2022-09-26
C0678,Manish Mehta,Male,33,Chennai,Tamil Nadu,2024-03-20
C0679,Rohan Singh,Male,18,Hyderabad,Telangana,2024-06-11
C0680,Anjali Gupta,Male,39,Lucknow,Uttar Pradesh,2024-06-19
C0681,Karan Verma,Female,37,Nagpur,Maharashtra,2024-07-07
C0682,Kavya Patel,Female,23,Lucknow,Uttar Pradesh,2022-11-14
C0683,Amit Roy,Male,25,Nagpur,Maharashtra,2023-01-20
C0684,Aditya Singh,Male,34,Bhubaneswar,Odisha,2023-09-18
C0685,Amit Patel,Female,37,Chennai,Tamil Nadu,2025-05-27
C0686,Amit Jain,Male,18,Mumbai,Maharashtra,2024-12-13
C0687,Aditya Singh,Female,45,Kolkata,West Bengal,2025-05-08
C0688,Anjali Sharma,Male,29,Mumbai,Maharashtra,2023-10-05
C0689,Sneha Verma,Male,21,Chandigarh,Chandigarh,2025-09-24
C0690,Karan Yadav,Female,43,Patna,Bihar,2023-12-05
C0691,Sneha Das,Male,34,Patna,Bihar,2022-11-01
C0692,Rahul Patel,Female,46,Surat,Gujarat,2025-06-22
C0693,Nisha Patel,Male,38,Patna,Bihar,2024-04-21
C0694,Nisha Das,Male,34,Gurugram,Haryana,2025-05-16
C0695,Simran Yadav,Female,32,Indore,Madhya Pradesh,2023-05-26
C0696,Simran Patel,Male,39,Surat,Gujarat,2025-07-06
C0697,Nisha Kumar,Female,30,Patna,Bihar,2025-11-04
C0698,Vikram Das,Male,25,Surat,Gujarat,2022-06-12
C0699,Sahil Sharma,Female,40,Ahmedabad,Gujarat,2024-01-08
C0700,Rahul Reddy,Female,33,Hyderabad,Telangana,2022-12-07
C0701,Manish Sharma,Male,34,Ahmedabad,Gujarat,2024-07-20
C0702,Simran Patel,Female,45,Hyderabad,Telangana,2023-06-14
C0703,Neha Das,Female,33,Bengaluru,Karnataka,2022-02-03
C0704,Arjun Kumar,Male,34,Bengaluru,Karnataka,2024-09-24
C0705,Pooja Verma,Female,28,Noida,Uttar Pradesh,2022-11-19
C0706,Neha Kumar,Female,38,Gurugram,Haryana,2025-04-19
C0707,Amit Singh,Male,37,Gurugram,Haryana,2022-12-13
C0708,Priya Mishra,Male,43,Chennai,Tamil Nadu,2025-04-30
C0709,Sahil Das,Male,28,Noida,Uttar Pradesh,2023-12-22
C0710,Priya Yadav,Male,29,Lucknow,Uttar Pradesh,2025-06-23
C0711,Sneha Sinha,Female,42,Kolkata,West Bengal,2022-09-02
C0712,Manish Roy,Male,37,Delhi,Delhi,2023-11-09
C0713,Simran Jain,Female,25,Chennai,Tamil Nadu,2024-07-03
C0714,Priya Mehta,Male,47,Jaipur,Rajasthan,2023-12-24
C0715,Karan Mishra,Male,18,Bhopal,Madhya Pradesh,2024-09-30
C0716,Neha Das,Female,42,Kochi,Kerala,2022-05-13
C0717,Isha Mehta,Female,21,Mumbai,Maharashtra,2025-05-05
C0718,Neha Sinha,Female,53,Nagpur,Maharashtra,2024-06-28
C0719,Pooja Mishra,Male,19,Kochi,Kerala,2025-10-02
C0720,Nisha Yadav,Male,46,Chandigarh,Chandigarh,2022-02-18
C0721,Riya Verma,Male,33,Jaipur,Rajasthan,2024-12-23
C0722,Simran Kumar,Female,30,Indore,Madhya Pradesh,2025-02-01
C0723,Rohan Gupta,Male,36,Indore,Madhya Pradesh,2022-08-01
C0724,Rohan Jain,Female,40,Patna,Bihar,2022-04-29
C0725,Aarav Das,Female,25,Surat,Gujarat,2024-05-05
C0726,Anjali Yadav,Male,26,Nagpur,Maharashtra,2024-01-31
C0727,Simran Yadav,Female,40,Hyderabad,Telangana,2023-11-10
C0728,Simran Das,Female,18,Delhi,Delhi,2024-06-13
C0729,Anjali Sharma,Female,28,Ahmedabad,Gujarat,2025-06-19
C0730,Manish Kumar,Male,64,Nagpur,Maharashtra,2022-10-07
C0731,Anjali Mehta,Male,24,Bengaluru,Karnataka,2023-02-28
C0732,Manish Das,Male,45,Bhubaneswar,Odisha,2022-12-29
C0733,Sneha Verma,Male,28,Indore,Madhya Pradesh,2024-10-17
C0734,Anjali Verma,Female,39,Indore,Madhya Pradesh,2025-08-22
C0735,Rohan Mehta,Female,41,Kochi,Kerala,2022-11-10
C0736,Aarav Roy,Male,45,Kochi,Kerala,2025-04-05
C0737,Riya Mehta,Female,32,Mumbai,Maharashtra,2025-11-18
C0738,Isha Mishra,Female,54,Chandigarh,Chandigarh,2024-02-09
C0739,Kavya Das,Male,28,Kochi,Kerala,2024-12-22
C0740,Pooja Reddy,Male,36,Gurugram,Haryana,2022-09-29
C0741,Isha Das,Female,36,Pune,Maharashtra,2024-11-26
C0742,Pooja Das,Female,23,Bengaluru,Karnataka,2024-11-05
C0743,Karan Patel,Female,31,Indore,Madhya Pradesh,2022-12-09
C0744,Priya Jain,Male,36,Kochi,Kerala,2022-12-12
C0745,Isha Mehta,Male,30,Patna,Bihar,2022-08-21
C0746,Rohan Mehta,Male,58,Indore,Madhya Pradesh,2024-09-16
C0747,Aarav Verma,Female,26,Chandigarh,Chandigarh,2023-07-30
C0748,Priya Kumar,Female,46,Noida,Uttar Pradesh,2023-02-20
C0749,Aditya Sharma,Male,43,Kolkata,West Bengal,2024-06-23
C0750,Amit Kumar,Female,34,Bengaluru,Karnataka,2022-09-24
C0751,Isha Singh,Female,25,Gurugram,Haryana,2024-09-23
C0752,Manish Kumar,Female,26,Indore,Madhya Pradesh,2025-09-11
C0753,Riya Reddy,Female,29,Chennai,Tamil Nadu,2024-01-14
C0754,Sneha Sinha,Male,18,Lucknow,Uttar Pradesh,2024-06-29
C0755,Simran Verma,Female,24,Pune,Maharashtra,2023-03-19
C0756,Pooja Patel,Male,19,Nagpur,Maharashtra,2023-07-14
C0757,Isha Sharma,Male,47,Pune,Maharashtra,2022-03-17
C0758,Karan Kumar,Female,40,Bhopal,Madhya Pradesh,2022-09-04
C0759,Neha Sharma,Female,42,Nagpur,Maharashtra,2023-08-03
C0760,Aditya Sinha,Male,40,Chandigarh,Chandigarh,2022-11-09
C0761,Sneha Jain,Female,36,Bhubaneswar,Odisha,2023-07-30
C0762,Neha Das,Female,49,Hyderabad,Telangana,2022-12-09
C0763,Manish Kumar,Female,28,Lucknow,Uttar Pradesh,2023-12-16
C0764,Amit Reddy,Male,35,Bengaluru,Karnataka,2025-04-20
C0765,Manish Das,Female,41,Jaipur,Rajasthan,2024-09-10
C0766,Kavya Sharma,Male,21,Chandigarh,Chandigarh,2023-12-27
C0767,Simran Mehta,Male,65,Noida,Uttar Pradesh,2023-09-24
C0768,Priya Verma,Male,34,Indore,Madhya Pradesh,2023-02-03
C0769,Sneha Kumar,Male,35,Hyderabad,Telangana,2025-06-18
C0770,Kavya Verma,Female,47,Indore,Madhya Pradesh,2023-12-15
C0771,Arjun Singh,Female,43,Mumbai,Maharashtra,2024-07-12
C0772,Rahul Das,Female,34,Indore,Madhya Pradesh,2022-10-19
C0773,Sneha Roy,Male,35,Ahmedabad,Gujarat,2022-02-23
C0774,Simran Kumar,Female,19,Ahmedabad,Gujarat,2025-03-14
C0775,Karan Mishra,Female,28,Nagpur,Maharashtra,2025-10-11
C0776,Riya Sinha,Female,39,Bhopal,Madhya Pradesh,2024-09-09
C0777,Amit Yadav,Female,38,Gurugram,Haryana,2023-04-22
C0778,Simran Kumar,Female,46,Lucknow,Uttar Pradesh,2022-01-22
C0779,Amit Patel,Female,33,Jaipur,Rajasthan,2025-09-16
C0780,Simran Patel,Female,20,Chennai,Tamil Nadu,2025-08-08
C0781,Sneha Reddy,Male,45,Kolkata,West Bengal,2025-06-13
C0782,Vikram Kapoor,Female,48,Bhubaneswar,Odisha,2024-11-18
C0783,Amit Sinha,Male,43,Mumbai,Maharashtra,2023-11-26
C0784,Amit Roy,Male,32,Chandigarh,Chandigarh,2022-06-09
C0785,Pooja Gupta,Female,44,Kolkata,West Bengal,2024-06-28
C0786,Arjun Jain,Male,68,Chennai,Tamil Nadu,2023-06-14
C0787,Nisha Kumar,Female,35,Delhi,Delhi,2022-04-11
C0788,Aditya Das,Male,21,Kolkata,West Bengal,2025-08-06
C0789,Rohan Mehta,Male,28,Kolkata,West Bengal,2025-11-01
C0790,Rahul Kapoor,Male,40,Surat,Gujarat,2025-04-11
C0791,Aditya Gupta,Male,18,Hyderabad,Telangana,2022-12-09
C0792,Anjali Sharma,Female,36,Patna,Bihar,2023-08-02
C0793,Neha Roy,Male,38,Jaipur,Rajasthan,2025-04-29
C0794,Simran Das,Male,49,Bengaluru,Karnataka,2024-02-29
C0795,Amit Patel,Male,47,Gurugram,Haryana,2025-09-28
C0796,Kavya Sinha,Male,43,Ahmedabad,Gujarat,2024-04-24
C0797,Arjun Sharma,Female,18,Chennai,Tamil Nadu,2022-05-05
C0798,Rohan Mehta,Male,43,Hyderabad,Telangana,2024-06-08
C0799,Arjun Patel,Female,41,Kolkata,West Bengal,2023-10-31
C0800,Kavya Reddy,Female,37,Mumbai,Maharashtra,2025-10-15
C0801,Neha Mehta,Female,18,Bhubaneswar,Odisha,2023-05-18
C0802,Kavya Kapoor,Female,26,Patna,Bihar,2022-06-22
C0803,Pooja Jain,Male,22,Hyderabad,Telangana,2024-06-05
C0804,Simran Mishra,Male,18,Indore,Madhya Pradesh,2025-11-18
C0805,Amit Sharma,Female,34,Kolkata,West Bengal,2022-04-30
C0806,Vikram Mishra,Female,26,Nagpur,Maharashtra,2022-09-30
C0807,Amit Yadav,Female,60,Kolkata,West Bengal,2025-10-13
C0808,Isha Yadav,Female,32,Gurugram,Haryana,2025-11-10
C0809,Rahul Verma,Male,47,Mumbai,Maharashtra,2024-07-01
C0810,Priya Reddy,Male,18,Indore,Madhya Pradesh,2024-05-25
C0811,Priya Sinha,Female,29,Patna,Bihar,2024-05-07
C0812,Rohan Das,Female,35,Ahmedabad,Gujarat,2025-09-04
C0813,Arjun Das,Male,25,Gurugram,Haryana,2022-09-18
C0814,Nisha Roy,Female,30,Chandigarh,Chandigarh,2025-07-28
C0815,Pooja Yadav,Male,32,Bhopal,Madhya Pradesh,2025-09-14
C0816,Neha Verma,Male,32,Chennai,Tamil Nadu,2025-02-21
C0817,Aarav Patel,Female,53,Kolkata,West Bengal,2022-10-05
C0818,Vikram Mehta,Female,38,Hyderabad,Telangana,2022-04-03
C0819,Amit Singh,Male,39,Gurugram,Haryana,2024-08-16
C0820,Pooja Roy,Male,39,Bhubaneswar,Odisha,2024-04-02
C0821,Aditya Yadav,Male,40,Delhi,Delhi,2022-05-08
C0822,Aditya Verma,Female,33,Bhubaneswar,Odisha,2023-06-16
C0823,Manish Yadav,Male,31,Nagpur,Maharashtra,2024-02-12
C0824,Manish Das,Female,36,Bhopal,Madhya Pradesh,2022-06-16
C0825,Simran Yadav,Female,46,Indore,Madhya Pradesh,2024-04-10
C0826,Neha Kapoor,Female,45,Delhi,Delhi,2022-08-24
C0827,Riya Mehta,Male,32,Kochi,Kerala,2024-11-21
C0828,Neha Jain,Female,42,Kolkata,West Bengal,2025-06-08
C0829,Simran Kumar,Male,32,Chennai,Tamil Nadu,2022-07-10
C0830,Neha Verma,Male,34,Patna,Bihar,2023-10-19
C0831,Rahul Jain,Male,29,Hyderabad,Telangana,2023-09-05
C0832,Riya Roy,Male,32,Chandigarh,Chandigarh,2022-09-12
C0833,Rahul Reddy,Female,47,Patna,Bihar,2025-07-26
C0834,Priya Jain,Male,35,Bengaluru,Karnataka,2024-08-30
C0835,Nisha Gupta,Male,35,Delhi,Delhi,2024-12-15
C0836,Vikram Kapoor,Female,20,Kolkata,West Bengal,2023-10-11
C0837,Arjun Kumar,Male,31,Noida,Uttar Pradesh,2022-04-16
C0838,Aditya Mishra,Female,32,Lucknow,Uttar Pradesh,2022-07-11
C0839,Pooja Mishra,Male,26,Chennai,Tamil Nadu,2024-09-29
C0840,Isha Verma,Male,34,Lucknow,Uttar Pradesh,2025-07-25
C0841,Priya Das,Female,30,Bhopal,Madhya Pradesh,2022-06-24
C0842,Aarav Patel,Male,35,Mumbai,Maharashtra,2023-09-27
C0843,Sahil Roy,Female,35,Chandigarh,Chandigarh,2022-03-26
C0844,Rahul Reddy,Male,24,Ahmedabad,Gujarat,2024-08-05
C0845,Pooja Yadav,Male,30,Mumbai,Maharashtra,2023-12-29
C0846,Rohan Das,Male,35,Bhubaneswar,Odisha,2025-05-24
C0847,Sahil Reddy,Male,46,Delhi,Delhi,2024-11-03
C0848,Anjali Patel,Male,37,Chennai,Tamil Nadu,2024-11-26
C0849,Neha Sharma,Female,27,Jaipur,Rajasthan,2024-11-16
C0850,Vikram Gupta,Male,38,Nagpur,Maharashtra,2022-03-11
C0851,Rohan Patel,Male,51,Jaipur,Rajasthan,2022-06-03
C0852,Priya Sharma,Male,43,Patna,Bihar,2024-02-04
C0853,Sneha Patel,Female,39,Indore,Madhya Pradesh,2022-09-28
C0854,Aditya Kapoor,Female,41,Kolkata,West Bengal,2023-06-25
C0855,Aditya Mehta,Female,48,Bengaluru,Karnataka,2025-01-02
C0856,Kavya Singh,Female,45,Nagpur,Maharashtra,2023-07-25
C0857,Karan Kumar,Male,40,Chennai,Tamil Nadu,2022-05-29
C0858,Sahil Mishra,Male,45,Bhopal,Madhya Pradesh,2022-01-10
C0859,Kavya Jain,Female,23,Noida,Uttar Pradesh,2023-10-06
C0860,Aditya Sinha,Female,19,Kochi,Kerala,2022-03-03
C0861,Aditya Roy,Male,36,Patna,Bihar,2025-11-12
C0862,Neha Reddy,Male,35,Jaipur,Rajasthan,2024-02-13
C0863,Simran Reddy,Female,29,Mumbai,Maharashtra,2025-06-09
C0864,Neha Singh,Female,42,Bhopal,Madhya Pradesh,2023-06-12
C0865,Sahil Yadav,Male,18,Bengaluru,Karnataka,2023-03-21
C0866,Riya Jain,Female,29,Bengaluru,Karnataka,2025-09-06
C0867,Riya Patel,Male,29,Delhi,Delhi,2025-01-11
C0868,Sahil Mishra,Male,18,Ahmedabad,Gujarat,2025-12-28
C0869,Neha Kapoor,Male,49,Ahmedabad,Gujarat,2022-01-17
C0870,Simran Kapoor,Male,20,Patna,Bihar,2023-01-04
C0871,Isha Kapoor,Male,28,Jaipur,Rajasthan,2023-11-15
C0872,Kavya Verma,Female,43,Chennai,Tamil Nadu,2024-06-26
C0873,Aditya Sharma,Male,40,Kochi,Kerala,2023-08-06
C0874,Riya Verma,Female,23,Bengaluru,Karnataka,2022-09-12
C0875,Arjun Singh,Male,41,Chennai,Tamil Nadu,2023-04-01
C0876,Arjun Kumar,Male,37,Chennai,Tamil Nadu,2023-10-05
C0877,Nisha Reddy,Female,57,Gurugram,Haryana,2023-07-15
C0878,Neha Gupta,Female,38,Kochi,Kerala,2023-06-17
C0879,Isha Gupta,Female,33,Hyderabad,Telangana,2025-11-16
C0880,Manish Sinha,Female,25,Chandigarh,Chandigarh,2022-11-16
C0881,Simran Patel,Male,27,Lucknow,Uttar Pradesh,2022-08-08
C0882,Simran Verma,Male,26,Noida,Uttar Pradesh,2023-11-30
C0883,Neha Roy,Female,48,Ahmedabad,Gujarat,2025-12-08
C0884,Priya Kumar,Female,34,Ahmedabad,Gujarat,2022-02-01
C0885,Amit Patel,Female,40,Pune,Maharashtra,2023-12-16
C0886,Pooja Das,Female,49,Ahmedabad,Gujarat,2024-01-24
C0887,Vikram Sinha,Female,18,Kochi,Kerala,2024-11-05
C0888,Rohan Verma,Male,47,Gurugram,Haryana,2023-02-13
C0889,Pooja Das,Female,35,Kolkata,West Bengal,2024-04-07
C0890,Anjali Roy,Female,38,Delhi,Delhi,2022-06-22
C0891,Manish Verma,Female,26,Indore,Madhya Pradesh,2025-04-17
C0892,Sneha Sharma,Male,26,Delhi,Delhi,2024-07-24
C0893,Sahil Patel,Male,39,Nagpur,Maharashtra,2025-02-01
C0894,Nisha Verma,Male,58,Delhi,Delhi,2025-09-02
C0895,Sahil Jain,Male,44,Indore,Madhya Pradesh,2023-12-08
C0896,Sahil Verma,Female,47,Mumbai,Maharashtra,2024-09-02
C0897,Isha Sinha,Male,32,Kochi,Kerala,2024-02-22
C0898,Sneha Yadav,Male,28,Ahmedabad,Gujarat,2025-04-19
C0899,Karan Kapoor,Male,26,Ahmedabad,Gujarat,2022-05-12
C0900,Manish Gupta,Female,29,Gurugram,Haryana,2023-10-25
C0901,Riya Sharma,Male,18,Pune,Maharashtra,2025-03-24
C0902,Arjun Reddy,Male,27,Gurugram,Haryana,2022-12-25
C0903,Aarav Reddy,Male,28,Kolkata,West Bengal,2025-06-12
C0904,Karan Sharma,Male,32,Kolkata,West Bengal,2024-01-30
C0905,Neha Das,Male,35,Bengaluru,Karnataka,2022-06-14
C0906,Simran Das,Male,38,Pune,Maharashtra,2023-12-18
C0907,Anjali Jain,Female,34,Gurugram,Haryana,2023-03-03
C0908,Aarav Patel,Male,28,Ahmedabad,Gujarat,2023-11-08
C0909,Kavya Mehta,Male,18,Lucknow,Uttar Pradesh,2023-05-03
C0910,Nisha Patel,Female,28,Bhubaneswar,Odisha,2022-08-01
C0911,Isha Gupta,Male,24,Indore,Madhya Pradesh,2024-02-05
C0912,Anjali Yadav,Female,39,Indore,Madhya Pradesh,2022-06-06
C0913,Amit Mehta,Male,43,Delhi,Delhi,2025-01-03
C0914,Riya Kapoor,Female,43,Bhubaneswar,Odisha,2023-03-11
C0915,Anjali Jain,Female,42,Pune,Maharashtra,2025-04-16
C0916,Manish Sharma,Female,33,Hyderabad,Telangana,2024-04-21
C0917,Aarav Sinha,Male,29,Kolkata,West Bengal,2023-10-07
C0918,Rahul Das,Male,27,Delhi,Delhi,2022-11-08
C0919,Rahul Jain,Male,19,Chennai,Tamil Nadu,2022-05-07
C0920,Sneha Singh,Female,44,Delhi,Delhi,2023-01-12
C0921,Arjun Yadav,Female,32,Hyderabad,Telangana,2025-09-30
C0922,Arjun Patel,Male,22,Mumbai,Maharashtra,2022-08-13
C0923,Isha Gupta,Male,26,Lucknow,Uttar Pradesh,2024-11-06
C0924,Simran Sinha,Male,25,Chennai,Tamil Nadu,2023-05-12
C0925,Priya Verma,Male,34,Lucknow,Uttar Pradesh,2023-04-18
C0926,Kavya Patel,Male,45,Delhi,Delhi,2025-08-27
C0927,Anjali Singh,Male,31,Kolkata,West Bengal,2025-03-06
C0928,Arjun Sharma,Female,18,Chandigarh,Chandigarh,2023-04-20
C0929,Vikram Sharma,Female,32,Indore,Madhya Pradesh,2022-08-05
C0930,Priya Singh,Female,32,Hyderabad,Telangana,2022-07-15
C0931,Manish Mehta,Male,32,Chandigarh,Chandigarh,2022-07-20
C0932,Rohan Yadav,Female,28,Bhubaneswar,Odisha,2023-01-01
C0933,Pooja Das,Female,36,Indore,Madhya Pradesh,2023-12-20
C0934,Isha Jain,Male,35,Ahmedabad,Gujarat,2023-02-04
C0935,Sahil Roy,Female,34,Chennai,Tamil Nadu,2023-08-13
C0936,Aditya Kumar,Male,38,Indore,Madhya Pradesh,2022-08-02
C0937,Neha Singh,Male,30,Hyderabad,Telangana,2022-12-07
C0938,Sahil Verma,Male,29,Bhopal,Madhya Pradesh,2025-09-14
C0939,Rohan Kumar,Male,48,Chandigarh,Chandigarh,2024-08-16
C0940,Rohan Sharma,Female,40,Mumbai,Maharashtra,2022-04-29
C0941,Rohan Gupta,Male,42,Gurugram,Haryana,2025-12-19
C0942,Sneha Sinha,Male,46,Gurugram,Haryana,2024-04-15
C0943,Neha Yadav,Male,39,Hyderabad,Telangana,2024-04-21
C0944,Amit Reddy,Female,43,Hyderabad,Telangana,2024-05-16
C0945,Simran Gupta,Male,18,Patna,Bihar,2025-10-28
C0946,Vikram Gupta,Female,36,Chennai,Tamil Nadu,2025-04-17
C0947,Manish Mehta,Female,32,Bhubaneswar,Odisha,2025-12-26
C0948,Nisha Verma,Male,51,Patna,Bihar,2024-08-02
C0949,Riya Das,Male,43,Lucknow,Uttar Pradesh,2023-02-06
C0950,Manish Mishra,Female,28,Ahmedabad,Gujarat,2025-11-18
C0951,Riya Sharma,Male,38,Kolkata,West Bengal,2024-06-01
C0952,Karan Singh,Male,36,Kolkata,West Bengal,2023-07-20
C0953,Sahil Sharma,Female,39,Ahmedabad,Gujarat,2025-01-07
C0954,Aditya Mishra,Male,24,Indore,Madhya Pradesh,2023-02-28
C0955,Vikram Kapoor,Male,38,Kochi,Kerala,2022-04-28
C0956,Rahul Yadav,Male,32,Patna,Bihar,2023-01-03
C0957,Manish Sinha,Male,37,Bhopal,Madhya Pradesh,2025-02-03
C0958,Simran Gupta,Female,27,Chandigarh,Chandigarh,2025-02-02
C0959,Aarav Verma,Female,28,Ahmedabad,Gujarat,2025-08-19
C0960,Sahil Sinha,Female,46,Noida,Uttar Pradesh,2023-09-22
C0961,Aarav Das,Female,23,Delhi,Delhi,2022-05-28
C0962,Aditya Roy,Male,24,Indore,Madhya Pradesh,2022-05-30
C0963,Rohan Mishra,Male,33,Ahmedabad,Gujarat,2024-03-26
C0964,Riya Reddy,Male,26,Patna,Bihar,2022-09-13
C0965,Riya Roy,Male,25,Bhopal,Madhya Pradesh,2022-03-23
C0966,Rohan Sharma,Female,35,Bhopal,Madhya Pradesh,2022-01-16
C0967,Riya Mishra,Female,19,Hyderabad,Telangana,2024-06-19
C0968,Sneha Yadav,Male,24,Surat,Gujarat,2022-07-12
C0969,Priya Patel,Male,55,Hyderabad,Telangana,2023-12-24
C0970,Neha Kumar,Male,39,Chennai,Tamil Nadu,2025-01-02
C0971,Anjali Roy,Male,27,Chennai,Tamil Nadu,2025-07-24
C0972,Vikram Roy,Male,38,Ahmedabad,Gujarat,2024-12-20
C0973,Vikram Reddy,Male,40,Lucknow,Uttar Pradesh,2024-08-30
C0974,Sneha Kapoor,Female,44,Nagpur,Maharashtra,2024-08-08
C0975,Manish Singh,Female,33,Jaipur,Rajasthan,2023-06-20
C0976,Riya Verma,Male,44,Gurugram,Haryana,2022-12-09
C0977,Nisha Mishra,Male,18,Kochi,Kerala,2023-01-30
C0978,Neha Patel,Male,23,Ahmedabad,Gujarat,2024-07-31
C0979,Isha Jain,Female,36,Jaipur,Rajasthan,2022-09-15
C0980,Simran Kumar,Female,37,Patna,Bihar,2025-05-06
C0981,Karan Reddy,Female,25,Delhi,Delhi,2022-02-22
C0982,Kavya Gupta,Male,37,Kochi,Kerala,2023-10-13
C0983,Anjali Patel,Female,28,Chennai,Tamil Nadu,2022-09-28
C0984,Neha Kapoor,Male,31,Kochi,Kerala,2022-07-20
C0985,Aarav Patel,Female,44,Hyderabad,Telangana,2023-01-31
C0986,Simran Das,Male,43,Delhi,Delhi,2023-01-13
C0987,Amit Mishra,Male,24,Gurugram,Haryana,2023-11-07
C0988,Riya Das,Female,23,Ahmedabad,Gujarat,2023-06-19
C0989,Anjali Mishra,Male,30,Indore,Madhya Pradesh,2024-07-11
C0990,Simran Patel,Male,34,Indore,Madhya Pradesh,2025-01-16
C0991,Riya Kumar,Male,27,Jaipur,Rajasthan,2023-02-02
C0992,Pooja Kapoor,Male,44,Jaipur,Rajasthan,2025-04-20
C0993,Simran Das,Male,37,Lucknow,Uttar Pradesh,2024-05-16
C0994,Sahil Gupta,Male,38,Bhubaneswar,Odisha,2025-07-30
C0995,Rohan Reddy,Male,21,Jaipur,Rajasthan,2023-07-15
C0996,Vikram Kapoor,Male,46,Bengaluru,Karnataka,2022-07-09
C0997,Manish Mishra,Female,18,Bhubaneswar,Odisha,2022-07-24
C0998,Rohan Patel,Male,42,Patna,Bihar,2024-08-25
C0999,Priya Yadav,Male,43,Kolkata,West Bengal,2022-02-13
C1000,Riya Yadav,Female,30,Unknown,Unknown,2024-09-30
C1001,Arjun Das,Female,47,Pune,Maharashtra,2025-08-16
C1002,Manish Reddy,Female,33,Noida,Uttar Pradesh,2024-10-15
C1003,Priya Mishra,Male,35,Mumbai,Maharashtra,2023-10-02
C1004,Aditya Reddy,Female,37,Nagpur,Maharashtra,2024-09-20
C1005,Anjali Kumar,Female,66,Patna,Bihar,2023-12-02
C1006,Amit Kumar,Female,47,Bhopal,Madhya Pradesh,2025-07-26
C1007,Rahul Singh,Female,41,Gurugram,Haryana,2023-12-14
C1008,Pooja Singh,Female,25,Pune,Maharashtra,2025-11-09
C1009,Rahul Sinha,Female,35,Bhubaneswar,Odisha,2023-09-29
C1010,Simran Sinha,Female,26,Kolkata,West Bengal,2024-03-14
C1011,Kavya Sharma,Male,42,Delhi,Delhi,2022-11-07
C1012,Rohan Sinha,Female,35,Nagpur,Maharashtra,2024-05-27
C1013,Priya Gupta,Female,23,Patna,Bihar,2024-05-06
C1014,Pooja Patel,Male,35,Noida,Uttar Pradesh,2022-10-01
C1015,Sahil Gupta,Female,26,Nagpur,Maharashtra,2023-06-15
C1016,Anjali Singh,Male,36,Pune,Maharashtra,2022-01-17
C1017,Amit Das,Male,25,Nagpur,Maharashtra,2023-12-19
C1018,Vikram Roy,Female,34,Bhubaneswar,Odisha,2024-11-19
C1019,Arjun Singh,Male,42,Jaipur,Rajasthan,2023-04-15
C1020,Anjali Gupta,Male,33,Nagpur,Maharashtra,2024-03-21
C1021,Rahul Singh,Male,30,Bhubaneswar,Odisha,2025-08-20
C1022,Neha Jain,Male,36,Ahmedabad,Gujarat,2023-07-09
C1023,Amit Mehta,Male,41,Nagpur,Maharashtra,2022-04-03
C1024,Kavya Yadav,Male,23,Pune,Maharashtra,2024-05-31
C1025,Rahul Kapoor,Male,37,Delhi,Delhi,2023-08-01
C1026,Simran Jain,Female,47,Chandigarh,Chandigarh,2023-09-23
C1027,Sneha Sinha,Female,40,Gurugram,Haryana,2024-03-31
C1028,Neha Reddy,Male,35,Gurugram,Haryana,2023-08-07
C1029,Nisha Sinha,Female,40,Nagpur,Maharashtra,2024-04-25
C1030,Anjali Sharma,Male,39,Chandigarh,Chandigarh,2025-03-31
C1031,Neha Mehta,Male,42,Surat,Gujarat,2024-04-21
C1032,Sahil Singh,Male,18,Ahmedabad,Gujarat,2022-11-24
C1033,Sahil Jain,Female,18,Gurugram,Haryana,2023-12-31
C1034,Priya Jain,Female,44,Noida,Uttar Pradesh,2022-09-11
C1035,Arjun Gupta,Male,19,Delhi,Delhi,2023-07-25
C1036,Priya Gupta,Male,38,Kochi,Kerala,2023-06-28
C1037,Karan Roy,Male,30,Gurugram,Haryana,2024-04-30
C1038,Aditya Roy,Male,24,Indore,Madhya Pradesh,2022-04-30
C1039,Rahul Singh,Female,37,Noida,Uttar Pradesh,2024-09-01
C1040,Simran Mehta,Male,36,Mumbai,Maharashtra,2024-04-01
C1041,Amit Gupta,Female,55,Nagpur,Maharashtra,2023-05-29
C1042,Rohan Patel,Male,28,Noida,Uttar Pradesh,2024-09-05
C1043,Arjun Jain,Female,48,Kolkata,West Bengal,2022-04-07
C1044,Arjun Mishra,Female,38,Gurugram,Haryana,2024-05-20
C1045,Arjun Mehta,Male,27,Hyderabad,Telangana,2025-10-25
C1046,Pooja Sharma,Female,42,Delhi,Delhi,2025-12-11
C1047,Sneha Yadav,Female,40,Ahmedabad,Gujarat,2022-09-14
C1048,Kavya Sinha,Male,34,Pune,Maharashtra,2022-05-08
C1049,Rahul Singh,Male,37,Bengaluru,Karnataka,2025-10-14
C1050,Amit Das,Female,28,Lucknow,Uttar Pradesh,2025-03-25
C1051,Karan Reddy,Male,26,Lucknow,Uttar Pradesh,2022-02-26
C1052,Rohan Verma,Male,42,Gurugram,Haryana,2023-08-05
C1053,Pooja Das,Male,32,Kochi,Kerala,2023-07-10
C1054,Isha Kumar,Female,33,Mumbai,Maharashtra,2023-12-25
C1055,Rahul Mehta,Female,37,Delhi,Delhi,2023-10-15
C1056,Karan Sinha,Female,37,Noida,Uttar Pradesh,2025-01-04
C1057,Rohan Sinha,Male,20,Pune,Maharashtra,2022-06-07
C1058,Priya Yadav,Male,47,Ahmedabad,Gujarat,2022-03-26
C1059,Vikram Kapoor,Female,35,Delhi,Delhi,2022-11-18
C1060,Isha Jain,Female,32,Bengaluru,Karnataka,2022-11-05
C1061,Priya Kumar,Male,38,Ahmedabad,Gujarat,2022-10-11
C1062,Kavya Jain,Male,36,Indore,Madhya Pradesh,2024-12-01
C1063,Simran Patel,Male,42,Chennai,Tamil Nadu,2024-09-29
C1064,Rohan Sharma,Female,39,Bengaluru,Karnataka,2022-05-14
C1065,Arjun Roy,Female,41,Gurugram,Haryana,2023-09-06
C1066,Anjali Sinha,Female,48,Delhi,Delhi,2023-10-11
C1067,Nisha Yadav,Female,43,Indore,Madhya Pradesh,2025-11-28
C1068,Anjali Kumar,Male,32,Ahmedabad,Gujarat,2025-05-30
C1069,Isha Jain,Female,23,Mumbai,Maharashtra,2022-08-17
C1070,Aditya Mishra,Female,51,Bengaluru,Karnataka,2024-09-24
C1071,Sahil Sinha,Male,32,Kochi,Kerala,2025-08-22
C1072,Sneha Verma,Female,29,Kochi,Kerala,2022-04-29
C1073,Sahil Gupta,Male,18,Patna,Bihar,2024-07-26
C1074,Aarav Yadav,Female,37,Surat,Gujarat,2022-11-20
C1075,Riya Kapoor,Female,35,Hyderabad,Telangana,2024-07-09
C1076,Amit Patel,Female,19,Bhubaneswar,Odisha,2022-06-08
C1077,Riya Yadav,Female,39,Chennai,Tamil Nadu,2022-08-27
C1078,Amit Reddy,Male,29,Kochi,Kerala,2023-01-31
C1079,Manish Kapoor,Male,61,Surat,Gujarat,2022-11-16
C1080,Pooja Kapoor,Male,28,Noida,Uttar Pradesh,2025-04-27
C1081,Pooja Roy,Female,30,Pune,Maharashtra,2022-11-05
C1082,Kavya Mishra,Female,25,Lucknow,Uttar Pradesh,2022-09-06
C1083,Riya Patel,Female,47,Pune,Maharashtra,2023-06-22
C1084,Aarav Yadav,Male,30,Delhi,Delhi,2023-12-02
C1085,Anjali Singh,Female,27,Gurugram,Haryana,2023-01-29
C1086,Priya Mishra,Female,41,Surat,Gujarat,2023-10-14
C1087,Priya Reddy,Female,20,Gurugram,Haryana,2024-10-14
C1088,Arjun Jain,Male,40,Hyderabad,Telangana,2023-02-10
C1089,Kavya Roy,Male,52,Noida,Uttar Pradesh,2024-09-26
C1090,Amit Patel,Male,40,Mumbai,Maharashtra,2025-04-19
C1091,Rohan Sinha,Female,40,Delhi,Delhi,2022-01-21
C1092,Isha Mehta,Female,43,Indore,Madhya Pradesh,2022-06-04
C1093,Arjun Roy,Female,51,Chennai,Tamil Nadu,2024-05-16
C1094,Rohan Das,Male,46,Bhubaneswar,Odisha,2023-07-13
C1095,Aditya Verma,Male,38,Patna,Bihar,2022-07-13
C1096,Anjali Verma,Female,43,Lucknow,Uttar Pradesh,2025-06-01
C1097,Priya Verma,Female,25,Mumbai,Maharashtra,2023-02-03
C1098,Aditya Das,Female,42,Bengaluru,Karnataka,2022-10-07
C1099,Kavya Kapoor,Female,24,Bhopal,Madhya Pradesh,2024-09-06
C1100,Manish Jain,Male,30,Bhubaneswar,Odisha,2024-10-30
C1101,Manish Patel,Female,18,Chennai,Tamil Nadu,2025-10-31
C1102,Neha Reddy,Female,38,Chennai,Tamil Nadu,2023-04-17
C1103,Rahul Mehta,Male,28,Kolkata,West Bengal,2022-06-01
C1104,Isha Roy,Male,45,Jaipur,Rajasthan,2025-02-21
C1105,Aarav Yadav,Male,38,Mumbai,Maharashtra,2024-03-12
C1106,Karan Roy,Male,45,Bhopal,Madhya Pradesh,2023-07-07
C1107,Aarav Verma,Female,23,Bengaluru,Karnataka,2025-12-18
C1108,Rohan Kapoor,Male,44,Bhubaneswar,Odisha,2023-12-31
C1109,Anjali Reddy,Male,55,Bhopal,Madhya Pradesh,2023-05-28
C1110,Priya Roy,Male,42,Nagpur,Maharashtra,2024-10-09
C1111,Neha Roy,Female,42,Lucknow,Uttar Pradesh,2022-06-20
C1112,Aditya Kumar,Male,36,Kochi,Kerala,2024-04-29
C1113,Aarav Kapoor,Female,29,Nagpur,Maharashtra,2024-03-04
C1114,Rahul Singh,Male,42,Noida,Uttar Pradesh,2022-05-05
C1115,Rohan Sharma,Male,19,Gurugram,Haryana,2022-06-24
C1116,Karan Yadav,Male,30,Nagpur,Maharashtra,2023-05-19
C1117,Isha Singh,Male,18,Kochi,Kerala,2025-11-09
C1118,Manish Kumar,Male,27,Jaipur,Rajasthan,2023-12-12
C1119,Riya Reddy,Male,40,Ahmedabad,Gujarat,2022-04-16
C1120,Simran Sinha,Female,39,Mumbai,Maharashtra,2023-06-12
C1121,Pooja Verma,Female,35,Chandigarh,Chandigarh,2022-02-07
C1122,Vikram Kumar,Male,36,Pune,Maharashtra,2023-01-30
C1123,Priya Mishra,Male,18,Jaipur,Rajasthan,2024-07-09
C1124,Anjali Sinha,Female,30,Patna,Bihar,2023-04-22
C1125,Pooja Kumar,Female,27,Kochi,Kerala,2023-12-23
C1126,Simran Gupta,Male,27,Hyderabad,Telangana,2022-11-11
C1127,Sahil Kapoor,Female,40,Chandigarh,Chandigarh,2025-08-01
C1128,Anjali Sharma,Female,25,Mumbai,Maharashtra,2025-07-11
C1129,Rahul Das,Female,28,Chennai,Tamil Nadu,2025-12-23
C1130,Amit Reddy,Male,18,Patna,Bihar,2022-12-31
C1131,Arjun Das,Male,31,Kolkata,West Bengal,2022-06-30
C1132,Anjali Kapoor,Male,23,Noida,Uttar Pradesh,2024-01-04
C1133,Simran Das,Female,35,Lucknow,Uttar Pradesh,2024-05-25
C1134,Sneha Verma,Female,24,Hyderabad,Telangana,2024-09-20
C1135,Aditya Roy,Male,35,Jaipur,Rajasthan,2023-10-23
C1136,Kavya Sharma,Female,33,Kolkata,West Bengal,2022-09-01
C1137,Kavya Verma,Female,51,Mumbai,Maharashtra,2022-11-09
C1138,Rahul Gupta,Female,39,Nagpur,Maharashtra,2022-03-17
C1139,Aditya Kapoor,Female,18,Chennai,Tamil Nadu,2022-09-19
C1140,Arjun Mehta,Female,21,Kolkata,West Bengal,2022-08-19
C1141,Kavya Patel,Male,35,Bhopal,Madhya Pradesh,2023-12-04
C1142,Karan Verma,Female,25,Lucknow,Uttar Pradesh,2025-11-04
C1143,Priya Yadav,Female,18,Kolkata,West Bengal,2023-10-08
C1144,Anjali Das,Male,47,Ahmedabad,Gujarat,2025-08-25
C1145,Anjali Reddy,Male,41,Mumbai,Maharashtra,2025-11-12
C1146,Karan Mehta,Female,39,Bhopal,Madhya Pradesh,2024-01-27
C1147,Sneha Sharma,Male,28,Chandigarh,Chandigarh,2025-09-10
C1148,Rohan Yadav,Female,38,Pune,Maharashtra,2024-04-21
C1149,Sneha Singh,Male,27,Lucknow,Uttar Pradesh,2024-05-28
C1150,Isha Mehta,Male,36,Chandigarh,Chandigarh,2025-09-28
C1151,Nisha Kapoor,Male,25,Nagpur,Maharashtra,2023-05-31
C1152,Riya Jain,Male,49,Kochi,Kerala,2023-03-18
C1153,Kavya Jain,Female,18,Mumbai,Maharashtra,2023-08-06
C1154,Aditya Reddy,Female,46,Patna,Bihar,2022-09-19
C1155,Pooja Sinha,Male,34,Delhi,Delhi,2024-01-19
C1156,Kavya Gupta,Male,29,Gurugram,Haryana,2024-03-29
C1157,Isha Sinha,Male,36,Hyderabad,Telangana,2024-09-28
C1158,Amit Yadav,Male,41,Gurugram,Haryana,2024-05-16
C1159,Rohan Patel,Female,48,Patna,Bihar,2023-08-31
C1160,Vikram Mehta,Male,37,Ahmedabad,Gujarat,2024-06-28
C1161,Kavya Yadav,Male,25,Patna,Bihar,2025-06-04
C1162,Kavya Yadav,Male,35,Hyderabad,Telangana,2023-06-07
C1163,Nisha Verma,Male,52,Nagpur,Maharashtra,2025-04-27
C1164,Aarav Jain,Male,47,Pune,Maharashtra,2025-05-17
C1165,Vikram Jain,Male,43,Ahmedabad,Gujarat,2024-11-02
C1166,Arjun Das,Female,42,Bengaluru,Karnataka,2022-06-11
C1167,Manish Sharma,Female,41,Mumbai,Maharashtra,2025-12-29
C1168,Karan Mishra,Female,46,Indore,Madhya Pradesh,2022-01-05
C1169,Sneha Patel,Male,29,Chennai,Tamil Nadu,2022-07-21
C1170,Amit Das,Male,20,Delhi,Delhi,2023-02-20
C1171,Rohan Das,Female,35,Hyderabad,Telangana,2024-11-01
C1172,Neha Jain,Female,26,Indore,Madhya Pradesh,2024-08-05
C1173,Nisha Kumar,Female,23,Bhubaneswar,Odisha,2025-11-21
C1174,Vikram Verma,Male,27,Gurugram,Haryana,2025-09-26
C1175,Aarav Patel,Male,59,Bengaluru,Karnataka,2024-01-22
C1176,Pooja Das,Female,35,Bhubaneswar,Odisha,2024-08-07
C1177,Isha Jain,Female,38,Patna,Bihar,2023-01-08
C1178,Rahul Yadav,Female,22,Nagpur,Maharashtra,2025-11-02
C1179,Anjali Verma,Female,18,Chandigarh,Chandigarh,2025-06-02
C1180,Priya Das,Female,26,Patna,Bihar,2025-04-20
C1181,Riya Patel,Male,48,Mumbai,Maharashtra,2025-08-13
C1182,Priya Mishra,Female,37,Jaipur,Rajasthan,2025-08-23
C1183,Amit Gupta,Female,40,Mumbai,Maharashtra,2023-03-07
C1184,Rohan Mehta,Female,41,Jaipur,Rajasthan,2023-11-21
C1185,Kavya Gupta,Male,28,Jaipur,Rajasthan,2022-04-28
C1186,Aarav Sharma,Male,48,Ahmedabad,Gujarat,2025-10-07
C1187,Sahil Roy,Female,28,Nagpur,Maharashtra,2023-08-11
C1188,Aarav Verma,Male,48,Delhi,Delhi,2024-12-05
C1189,Isha Sinha,Female,38,Patna,Bihar,2022-08-15
C1190,Vikram Kapoor,Male,18,Ahmedabad,Gujarat,2025-10-11
C1191,Rahul Reddy,Male,27,Lucknow,Uttar Pradesh,2025-08-10
C1192,Karan Mehta,Female,18,Pune,Maharashtra,2025-06-17
C1193,Simran Sinha,Male,46,Bengaluru,Karnataka,2022-12-14
C1194,Arjun Sharma,Male,34,Bengaluru,Karnataka,2022-05-21
C1195,Pooja Singh,Male,18,Noida,Uttar Pradesh,2022-07-23
C1196,Neha Mehta,Female,38,Chennai,Tamil Nadu,2024-09-30
C1197,Kavya Roy,Male,29,Bhopal,Madhya Pradesh,2024-05-10
C1198,Sahil Singh,Female,19,Bhopal,Madhya Pradesh,2024-04-24
C1199,Aditya Kapoor,Male,51,Gurugram,Haryana,2024-09-21
C1200,Priya Roy,Female,35,Kolkata,West Bengal,2025-07-16
C1201,Aarav Kapoor,Male,31,Mumbai,Maharashtra,2022-11-09
C1202,Manish Gupta,Male,30,Bhopal,Madhya Pradesh,2025-12-12
C1203,Karan Verma,Male,19,Gurugram,Haryana,2022-05-17
C1204,Rahul Sinha,Male,21,Chennai,Tamil Nadu,2022-12-17
C1205,Pooja Roy,Male,47,Bhopal,Madhya Pradesh,2025-03-30
C1206,Riya Kumar,Male,29,Nagpur,Maharashtra,2022-06-22
C1207,Rohan Jain,Male,34,Nagpur,Maharashtra,2025-02-27
C1208,Pooja Kumar,Female,18,Lucknow,Uttar Pradesh,2022-03-20
C1209,Rohan Roy,Male,21,Nagpur,Maharashtra,2024-09-05
C1210,Rohan Singh,Male,40,Indore,Madhya Pradesh,2023-07-23
C1211,Simran Patel,Female,38,Bhopal,Madhya Pradesh,2024-05-12
C1212,Sahil Das,Female,52,Surat,Gujarat,2022-02-26
C1213,Aarav Verma,Male,47,Gurugram,Haryana,2025-11-24
C1214,Kavya Kapoor,Male,32,Ahmedabad,Gujarat,2022-12-29
C1215,Priya Jain,Female,39,Nagpur,Maharashtra,2025-09-20
C1216,Rohan Gupta,Male,31,Chennai,Tamil Nadu,2022-05-14
C1217,Isha Kumar,Female,55,Surat,Gujarat,2022-01-14
C1218,Neha Mishra,Male,45,Kolkata,West Bengal,2022-10-10
C1219,Arjun Sharma,Female,36,Ahmedabad,Gujarat,2024-03-16
C1220,Rahul Reddy,Male,36,Noida,Uttar Pradesh,2025-12-15
C1221,Neha Jain,Female,48,Bhopal,Madhya Pradesh,2022-05-07
C1222,Kavya Das,Male,40,Indore,Madhya Pradesh,2022-08-06
C1223,Manish Sharma,Female,50,Jaipur,Rajasthan,2024-01-15
C1224,Amit Singh,Male,18,Chandigarh,Chandigarh,2023-11-11
C1225,Karan Sinha,Male,39,Indore,Madhya Pradesh,2024-09-23
C1226,Isha Verma,Female,29,Lucknow,Uttar Pradesh,2022-09-17
C1227,Neha Gupta,Male,52,Surat,Gujarat,2025-05-26
C1228,Neha Gupta,Female,49,Pune,Maharashtra,2022-04-09
C1229,Isha Verma,Male,34,Nagpur,Maharashtra,2022-07-01
C1230,Riya Kumar,Female,49,Pune,Maharashtra,2022-06-18
C1231,Kavya Jain,Male,52,Kochi,Kerala,2022-08-21
C1232,Riya Yadav,Female,35,Indore,Madhya Pradesh,2024-08-13
C1233,Priya Verma,Female,59,Pune,Maharashtra,2025-01-21
C1234,Neha Mishra,Male,34,Jaipur,Rajasthan,2023-04-17
C1235,Rohan Kapoor,Female,32,Gurugram,Haryana,2025-01-13
C1236,Rohan Sinha,Female,43,Surat,Gujarat,2023-11-10
C1237,Sahil Mishra,Male,30,Ahmedabad,Gujarat,2023-01-16
C1238,Manish Jain,Female,35,Noida,Uttar Pradesh,2025-12-01
C1239,Nisha Sharma,Male,48,Noida,Uttar Pradesh,2025-06-09
C1240,Amit Kumar,Female,34,Bhubaneswar,Odisha,2022-09-08
C1241,Isha Reddy,Male,18,Pune,Maharashtra,2025-01-13
C1242,Nisha Roy,Male,38,Bengaluru,Karnataka,2022-11-15
C1243,Aarav Singh,Male,27,Noida,Uttar Pradesh,2022-07-12
C1244,Rohan Das,Female,43,Lucknow,Uttar Pradesh,2024-07-25
C1245,Aditya Singh,Female,41,Pune,Maharashtra,2023-08-24
C1246,Isha Kumar,Female,49,Nagpur,Maharashtra,2023-08-30
C1247,Manish Jain,Male,43,Kochi,Kerala,2025-08-16
C1248,Manish Roy,Male,45,Bengaluru,Karnataka,2025-10-13
C1249,Amit Kumar,Female,27,Bhopal,Madhya Pradesh,2024-02-04
C1250,Kavya Gupta,Female,42,Chandigarh,Chandigarh,2024-06-03
C1251,Simran Sinha,Male,54,Mumbai,Maharashtra,2024-09-17
C1252,Rohan Reddy,Male,27,Bengaluru,Karnataka,2023-05-21
C1253,Simran Singh,Male,52,Chennai,Tamil Nadu,2022-03-06
C1254,Amit Sharma,Male,29,Patna,Bihar,2022-08-10
C1255,Pooja Das,Female,25,Ahmedabad,Gujarat,2023-04-11
C1256,Karan Sharma,Female,37,Bhopal,Madhya Pradesh,2022-03-13
C1257,Amit Sinha,Female,41,Pune,Maharashtra,2024-06-06
C1258,Pooja Jain,Female,43,Indore,Madhya Pradesh,2023-04-19
C1259,Sahil Sharma,Male,24,Nagpur,Maharashtra,2023-10-17
C1260,Neha Gupta,Female,38,Hyderabad,Telangana,2022-01-19
C1261,Riya Jain,Female,27,Chandigarh,Chandigarh,2023-06-06
C1262,Riya Reddy,Male,19,Noida,Uttar Pradesh,2024-02-23
C1263,Aditya Yadav,Female,25,Delhi,Delhi,2023-02-19
C1264,Pooja Sinha,Male,26,Surat,Gujarat,2022-12-30
C1265,Aditya Sinha,Female,39,Chandigarh,Chandigarh,2023-06-12
C1266,Neha Kumar,Male,46,Lucknow,Uttar Pradesh,2025-01-08
C1267,Riya Jain,Female,19,Bhopal,Madhya Pradesh,2024-03-06
C1268,Sahil Mishra,Male,38,Mumbai,Maharashtra,2025-04-28
C1269,Rohan Roy,Male,22,Bengaluru,Karnataka,2025-03-17
C1270,Nisha Singh,Female,40,Lucknow,Uttar Pradesh,2023-03-19
C1271,Manish Kumar,Female,28,Mumbai,Maharashtra,2022-09-22
C1272,Pooja Yadav,Male,23,Chandigarh,Chandigarh,2023-10-12
C1273,Arjun Das,Male,42,Chandigarh,Chandigarh,2023-05-24
C1274,Riya Das,Male,28,Noida,Uttar Pradesh,2025-08-17
C1275,Isha Das,Female,31,Bengaluru,Karnataka,2023-04-11
C1276,Kavya Jain,Female,18,Pune,Maharashtra,2022-12-31
C1277,Anjali Sinha,Female,43,Kochi,Kerala,2025-11-23
C1278,Neha Patel,Male,42,Bhubaneswar,Odisha,2023-05-08
C1279,Nisha Sharma,Female,34,Nagpur,Maharashtra,2023-06-26
C1280,Isha Verma,Male,19,Bhopal,Madhya Pradesh,2025-04-06
C1281,Sneha Mishra,Male,46,Surat,Gujarat,2025-01-19
C1282,Priya Mishra,Female,27,Bhopal,Madhya Pradesh,2023-12-24
C1283,Amit Yadav,Female,29,Indore,Madhya Pradesh,2024-04-21
C1284,Amit Kapoor,Female,57,Lucknow,Uttar Pradesh,2022-10-27
C1285,Arjun Jain,Female,27,Pune,Maharashtra,2022-06-23
C1286,Pooja Sharma,Female,41,Bhubaneswar,Odisha,2023-10-08
C1287,Rahul Reddy,Female,40,Chennai,Tamil Nadu,2025-10-28
C1288,Riya Mishra,Male,38,Delhi,Delhi,2022-01-24
C1289,Rahul Das,Male,37,Nagpur,Maharashtra,2025-05-09
C1290,Vikram Das,Female,38,Bengaluru,Karnataka,2024-01-01
C1291,Priya Reddy,Female,37,Chandigarh,Chandigarh,2022-01-07
C1292,Rahul Reddy,Male,33,Kochi,Kerala,2024-10-26
C1293,Neha Jain,Male,49,Noida,Uttar Pradesh,2025-03-30
C1294,Manish Sinha,Male,21,Hyderabad,Telangana,2024-05-27
C1295,Rohan Mishra,Male,44,Noida,Uttar Pradesh,2025-06-25
C1296,Rahul Patel,Female,42,Chennai,Tamil Nadu,2022-06-15
C1297,Vikram Kumar,Male,41,Surat,Gujarat,2023-03-04
C1298,Vikram Mishra,Female,45,Delhi,Delhi,2022-05-25
C1299,Simran Kapoor,Male,33,Kochi,Kerala,2024-07-21
C1300,Priya Kumar,Female,18,Indore,Madhya Pradesh,2023-05-24
C1301,Arjun Reddy,Male,33,Jaipur,Rajasthan,2024-06-25
C1302,Amit Das,Female,24,Indore,Madhya Pradesh,2025-05-28
C1303,Pooja Mishra,Female,27,Nagpur,Maharashtra,2023-10-07
C1304,Pooja Mehta,Female,22,Hyderabad,Telangana,2022-03-17
C1305,Karan Kapoor,Male,29,Bhopal,Madhya Pradesh,2024-04-03
C1306,Priya Verma,Male,28,Chennai,Tamil Nadu,2025-09-04
C1307,Rohan Kapoor,Male,18,Chennai,Tamil Nadu,2024-11-27
C1308,Anjali Yadav,Male,41,Patna,Bihar,2023-07-20
C1309,Rahul Sinha,Female,56,Kolkata,West Bengal,2025-06-23
C1310,Rahul Das,Female,40,Pune,Maharashtra,2025-03-09
C1311,Anjali Roy,Female,32,Kochi,Kerala,2025-07-05
C1312,Sahil Das,Female,33,Patna,Bihar,2023-09-09
C1313,Simran Sharma,Male,30,Chandigarh,Chandigarh,2023-01-16
C1314,Neha Kumar,Male,35,Mumbai,Maharashtra,2024-04-27
C1315,Karan Patel,Male,34,Pune,Maharashtra,2025-04-23
C1316,Priya Das,Female,26,Bhubaneswar,Odisha,2022-10-30
C1317,Riya Verma,Female,51,Hyderabad,Telangana,2024-01-26
C1318,Neha Mehta,Male,19,Ahmedabad,Gujarat,2022-06-13
C1319,Isha Reddy,Male,41,Bhubaneswar,Odisha,2025-05-11
C1320,Simran Yadav,Female,33,Gurugram,Haryana,2025-12-02
C1321,Riya Roy,Female,53,Chandigarh,Chandigarh,2025-05-18
C1322,Sneha Kumar,Female,37,Kochi,Kerala,2022-04-11
C1323,Aditya Jain,Male,30,Lucknow,Uttar Pradesh,2024-06-16
C1324,Manish Gupta,Male,32,Patna,Bihar,2024-02-22
C1325,Sneha Jain,Female,34,Mumbai,Maharashtra,2023-01-03
C1326,Manish Verma,Female,23,Jaipur,Rajasthan,2025-06-16
C1327,Karan Kapoor,Male,26,Nagpur,Maharashtra,2023-12-28
C1328,Sneha Singh,Female,18,Bengaluru,Karnataka,2025-08-07
C1329,Sneha Das,Female,25,Kolkata,West Bengal,2023-01-07
C1330,Manish Kumar,Male,35,Chennai,Tamil Nadu,2024-05-11
C1331,Pooja Sinha,Male,37,Chennai,Tamil Nadu,2025-12-25
C1332,Rohan Mishra,Male,18,Indore,Madhya Pradesh,2022-10-07
C1333,Vikram Sharma,Male,33,Nagpur,Maharashtra,2022-11-12
C1334,Manish Verma,Female,40,Jaipur,Rajasthan,2025-01-05
C1335,Manish Sharma,Male,32,Bengaluru,Karnataka,2024-03-26
C1336,Aditya Patel,Female,28,Bhubaneswar,Odisha,2022-05-31
C1337,Rohan Das,Female,30,Nagpur,Maharashtra,2025-11-20
C1338,Simran Mehta,Male,29,Lucknow,Uttar Pradesh,2024-10-05
C1339,Amit Das,Male,28,Bengaluru,Karnataka,2025-08-13
C1340,Amit Sharma,Female,36,Noida,Uttar Pradesh,2023-10-31
C1341,Amit Yadav,Female,57,Noida,Uttar Pradesh,2023-02-11
C1342,Aditya Sinha,Female,27,Nagpur,Maharashtra,2022-10-14
C1343,Aarav Roy,Male,31,Bengaluru,Karnataka,2024-07-05
C1344,Aarav Roy,Male,33,Bengaluru,Karnataka,2023-05-07
C1345,Riya Kumar,Female,27,Kolkata,West Bengal,2024-10-29
C1346,Kavya Sinha,Female,45,Chandigarh,Chandigarh,2025-03-01
C1347,Rohan Sharma,Male,18,Indore,Madhya Pradesh,2025-01-05
C1348,Kavya Sharma,Female,29,Jaipur,Rajasthan,2024-01-08
C1349,Sahil Yadav,Male,42,Hyderabad,Telangana,2022-05-11
C1350,Priya Sharma,Female,31,Kochi,Kerala,2024-09-23
C1351,Anjali Reddy,Female,26,Chennai,Tamil Nadu,2025-12-06
C1352,Riya Yadav,Male,38,Mumbai,Maharashtra,2025-01-18
C1353,Pooja Mehta,Female,43,Patna,Bihar,2023-05-13
C1354,Riya Roy,Male,36,Jaipur,Rajasthan,2023-09-14
C1355,Vikram Mehta,Male,26,Bengaluru,Karnataka,2024-06-07
C1356,Pooja Sharma,Male,39,Jaipur,Rajasthan,2022-12-20
C1357,Anjali Reddy,Male,30,Bengaluru,Karnataka,2022-09-28
C1358,Anjali Das,Male,41,Mumbai,Maharashtra,2025-11-16
C1359,Rohan Mishra,Female,49,Bhopal,Madhya Pradesh,2023-03-08
C1360,Rahul Reddy,Female,18,Lucknow,Uttar Pradesh,2024-01-09
C1361,Manish Patel,Male,35,Jaipur,Rajasthan,2023-04-17
C1362,Kavya Patel,Female,18,Indore,Madhya Pradesh,2025-08-24
C1363,Sneha Kumar,Female,58,Ahmedabad,Gujarat,2023-05-23
C1364,Arjun Verma,Female,29,Chennai,Tamil Nadu,2022-02-24
C1365,Vikram Das,Female,41,Patna,Bihar,2022-02-06
C1366,Vikram Kapoor,Male,34,Mumbai,Maharashtra,2024-06-18
C1367,Isha Kumar,Male,26,Indore,Madhya Pradesh,2022-02-24
C1368,Arjun Kumar,Female,25,Kolkata,West Bengal,2023-06-08
C1369,Manish Das,Male,50,Ahmedabad,Gujarat,2024-07-03
C1370,Priya Singh,Male,44,Chennai,Tamil Nadu,2023-04-08
C1371,Anjali Singh,Male,53,Surat,Gujarat,2023-11-28
C1372,Pooja Mehta,Male,35,Noida,Uttar Pradesh,2023-12-17
C1373,Anjali Patel,Male,37,Kolkata,West Bengal,2025-05-19
C1374,Kavya Sharma,Male,31,Chennai,Tamil Nadu,2025-06-03
C1375,Manish Singh,Male,31,Surat,Gujarat,2024-10-27
C1376,Riya Patel,Female,24,Chandigarh,Chandigarh,2024-01-02
C1377,Vikram Gupta,Female,35,Chennai,Tamil Nadu,2024-09-15
C1378,Simran Verma,Male,26,Chandigarh,Chandigarh,2022-07-31
C1379,Rahul Roy,Male,38,Nagpur,Maharashtra,2025-04-27
C1380,Neha Verma,Male,36,Noida,Uttar Pradesh,2025-01-03
C1381,Aarav Roy,Male,37,Ahmedabad,Gujarat,2024-01-24
C1382,Riya Mishra,Male,51,Chandigarh,Chandigarh,2025-02-11
C1383,Arjun Jain,Male,34,Gurugram,Haryana,2025-03-20
C1384,Priya Verma,Female,42,Bengaluru,Karnataka,2023-03-12
C1385,Arjun Mehta,Female,55,Ahmedabad,Gujarat,2022-03-25
C1386,Rahul Yadav,Male,47,Mumbai,Maharashtra,2025-05-20
C1387,Neha Roy,Male,46,Ahmedabad,Gujarat,2024-02-18
C1388,Nisha Sinha,Female,31,Chandigarh,Chandigarh,2024-04-13
C1389,Rahul Yadav,Female,36,Chandigarh,Chandigarh,2023-04-06
C1390,Aditya Mishra,Female,21,Delhi,Delhi,2022-06-26
C1391,Pooja Jain,Female,39,Kolkata,West Bengal,2022-11-08
C1392,Karan Das,Male,37,Gurugram,Haryana,2025-03-28
C1393,Sahil Singh,Male,34,Surat,Gujarat,2022-07-05
C1394,Priya Mehta,Female,44,Ahmedabad,Gujarat,2025-08-25
C1395,Priya Yadav,Male,22,Delhi,Delhi,2022-09-03
C1396,Manish Mehta,Female,50,Surat,Gujarat,2024-10-13
C1397,Rahul Das,Female,43,Jaipur,Rajasthan,2023-01-19
C1398,Nisha Jain,Female,33,Chandigarh,Chandigarh,2024-12-01
C1399,Kavya Sharma,Male,33,Patna,Bihar,2022-10-12
C1400,Rahul Yadav,Female,39,Chandigarh,Chandigarh,2024-09-06
C1401,Riya Jain,Male,49,Lucknow,Uttar Pradesh,2024-09-14
C1402,Anjali Patel,Male,35,Hyderabad,Telangana,2022-10-27
C1403,Aarav Verma,Male,35,Kolkata,West Bengal,2024-06-19
C1404,Pooja Roy,Female,34,Pune,Maharashtra,2025-12-30
C1405,Anjali Patel,Female,52,Chennai,Tamil Nadu,2025-10-24
C1406,Simran Gupta,Male,30,Patna,Bihar,2024-05-23
C1407,Arjun Sharma,Male,34,Chandigarh,Chandigarh,2023-05-01
C1408,Sneha Das,Female,49,Gurugram,Haryana,2023-03-12
C1409,Isha Singh,Female,35,Lucknow,Uttar Pradesh,2024-03-16
C1410,Simran Patel,Female,45,Lucknow,Uttar Pradesh,2025-12-22
C1411,Simran Kumar,Male,25,Patna,Bihar,2022-06-30
C1412,Nisha Yadav,Male,32,Pune,Maharashtra,2024-06-01
C1413,Amit Jain,Female,49,Noida,Uttar Pradesh,2024-05-26
C1414,Karan Verma,Male,27,Hyderabad,Telangana,2023-11-25
C1415,Rahul Roy,Female,32,Mumbai,Maharashtra,2022-12-06
C1416,Sahil Kumar,Female,37,Kochi,Kerala,2023-05-06
C1417,Aarav Patel,Male,24,Chandigarh,Chandigarh,2023-05-10
C1418,Nisha Verma,Male,30,Bhopal,Madhya Pradesh,2023-12-31
C1419,Manish Mishra,Female,35,Pune,Maharashtra,2025-04-01
C1420,Karan Patel,Male,34,Mumbai,Maharashtra,2023-04-01
C1421,Priya Mehta,Male,47,Chandigarh,Chandigarh,2025-01-20
C1422,Vikram Roy,Female,49,Kochi,Kerala,2022-04-15
C1423,Rahul Kumar,Male,25,Nagpur,Maharashtra,2023-12-20
C1424,Rohan Verma,Female,35,Jaipur,Rajasthan,2023-03-15
C1425,Amit Gupta,Male,41,Nagpur,Maharashtra,2025-09-13
C1426,Arjun Verma,Female,49,Ahmedabad,Gujarat,2023-10-13
C1427,Isha Kapoor,Male,41,Mumbai,Maharashtra,2023-05-24
C1428,Anjali Gupta,Male,37,Chandigarh,Chandigarh,2022-09-08
C1429,Riya Jain,Female,41,Bengaluru,Karnataka,2024-08-22
C1430,Priya Jain,Female,41,Surat,Gujarat,2025-04-29
C1431,Anjali Jain,Male,25,Kolkata,West Bengal,2022-02-16
C1432,Rahul Sharma,Male,36,Gurugram,Haryana,2024-05-28
C1433,Aarav Singh,Female,49,Pune,Maharashtra,2025-06-28
C1434,Amit Sinha,Male,32,Lucknow,Uttar Pradesh,2024-10-14
C1435,Manish Mishra,Female,35,Jaipur,Rajasthan,2024-02-14
C1436,Kavya Jain,Female,32,Mumbai,Maharashtra,2024-06-03
C1437,Manish Singh,Female,18,Indore,Madhya Pradesh,2022-03-05
C1438,Simran Reddy,Male,34,Chennai,Tamil Nadu,2022-11-16
C1439,Amit Kumar,Male,37,Hyderabad,Telangana,2024-05-09
C1440,Rohan Sinha,Female,29,Bhubaneswar,Odisha,2024-02-19
C1441,Aditya Yadav,Male,22,Hyderabad,Telangana,2025-08-08
C1442,Rahul Mishra,Male,25,Noida,Uttar Pradesh,2022-01-29
C1443,Isha Kapoor,Male,42,Hyderabad,Telangana,2023-03-13
C1444,Amit Mehta,Male,54,Nagpur,Maharashtra,2024-02-02
C1445,Sneha Yadav,Male,48,Bhopal,Madhya Pradesh,2024-01-06
C1446,Aarav Mehta,Male,21,Nagpur,Maharashtra,2024-12-06
C1447,Riya Gupta,Female,43,Lucknow,Uttar Pradesh,2025-12-11
C1448,Kavya Kumar,Male,27,Delhi,Delhi,2023-03-27
C1449,Isha Mishra,Male,28,Noida,Uttar Pradesh,2023-09-25
C1450,Arjun Sinha,Male,29,Noida,Uttar Pradesh,2025-01-02
C1451,Pooja Patel,Female,41,Kochi,Kerala,2024-12-12
C1452,Nisha Reddy,Male,44,Indore,Madhya Pradesh,2022-08-21
C1453,Kavya Kapoor,Female,33,Bhopal,Madhya Pradesh,2022-07-19
C1454,Simran Jain,Female,33,Hyderabad,Telangana,2023-11-05
C1455,Sneha Kumar,Male,39,Bengaluru,Karnataka,2023-07-03
C1456,Riya Sinha,Male,40,Bhubaneswar,Odisha,2024-07-25
C1457,Riya Kapoor,Male,46,Bhopal,Madhya Pradesh,2022-04-07
C1458,Neha Sharma,Female,21,Pune,Maharashtra,2022-02-18
C1459,Amit Yadav,Female,34,Patna,Bihar,2024-06-14
C1460,Kavya Jain,Female,23,Delhi,Delhi,2023-06-06
C1461,Pooja Mehta,Male,33,Kolkata,West Bengal,2022-02-09
C1462,Riya Sharma,Female,32,Indore,Madhya Pradesh,2024-07-02
C1463,Riya Patel,Male,34,Indore,Madhya Pradesh,2025-03-22
C1464,Neha Das,Male,26,Gurugram,Haryana,2025-02-03
C1465,Amit Mishra,Female,19,Patna,Bihar,2023-07-07
C1466,Kavya Singh,Female,18,Mumbai,Maharashtra,2023-11-07
C1467,Riya Sinha,Male,33,Kochi,Kerala,2024-02-09
C1468,Nisha Kapoor,Male,30,Mumbai,Maharashtra,2022-07-30
C1469,Sahil Sharma,Male,27,Hyderabad,Telangana,2025-05-10
C1470,Sahil Patel,Male,47,Nagpur,Maharashtra,2023-03-09
C1471,Karan Sharma,Male,25,Bengaluru,Karnataka,2023-12-08
C1472,Nisha Sinha,Female,48,Chandigarh,Chandigarh,2023-07-19
C1473,Isha Reddy,Female,50,Jaipur,Rajasthan,2022-05-27
C1474,Manish Verma,Female,18,Pune,Maharashtra,2022-10-09
C1475,Rohan Mehta,Female,35,Indore,Madhya Pradesh,2025-08-26
C1476,Arjun Kumar,Male,30,Patna,Bihar,2024-01-25
C1477,Nisha Sharma,Female,18,Bhubaneswar,Odisha,2024-12-10
C1478,Rohan Mehta,Female,20,Mumbai,Maharashtra,2023-05-10
C1479,Riya Jain,Male,42,Indore,Madhya Pradesh,2023-02-13
C1480,Aarav Sinha,Female,54,Kochi,Kerala,2022-09-30
C1481,Sahil Singh,Male,43,Bhubaneswar,Odisha,2023-04-03
C1482,Anjali Singh,Female,37,Patna,Bihar,2025-02-17
C1483,Amit Kumar,Female,34,Bengaluru,Karnataka,2022-02-15
C1484,Isha Jain,Male,51,Nagpur,Maharashtra,2025-06-20
C1485,Neha Das,Female,55,Bhopal,Madhya Pradesh,2022-11-07
C1486,Pooja Mehta,Male,28,Indore,Madhya Pradesh,2023-07-16
C1487,Karan Roy,Female,18,Surat,Gujarat,2022-11-27
C1488,Kavya Das,Male,18,Chennai,Tamil Nadu,2022-01-11
C1489,Sahil Patel,Male,47,Bhubaneswar,Odisha,2024-06-26
C1490,Kavya Singh,Male,34,Kolkata,West Bengal,2025-12-18
C1491,Kavya Mehta,Female,36,Gurugram,Haryana,2024-12-07
C1492,Simran Singh,Male,18,Chennai,Tamil Nadu,2025-11-01
C1493,Sahil Verma,Female,26,Bengaluru,Karnataka,2022-01-08
C1494,Riya Roy,Male,31,Delhi,Delhi,2024-09-10
C1495,Neha Sharma,Female,36,Kolkata,West Bengal,2025-10-25
C1496,Vikram Yadav,Female,30,Indore,Madhya Pradesh,2023-07-20
C1497,Isha Jain,Male,24,Mumbai,Maharashtra,2022-09-30
C1498,Priya Jain,Male,26,Bengaluru,Karnataka,2024-07-29
C1499,Anjali Singh,Female,46,Nagpur,Maharashtra,2024-06-19
C1500,Isha Yadav,Female,36,Bhopal,Madhya Pradesh,2022-05-11
C1501,Rohan Sharma,Female,40,Noida,Uttar Pradesh,2023-12-25
C1502,Aarav Verma,Male,25,Indore,Madhya Pradesh,2023-09-26
C1503,Anjali Sinha,Male,18,Bhopal,Madhya Pradesh,2022-04-24
C1504,Priya Kapoor,Female,29,Surat,Gujarat,2023-06-16
C1505,Aditya Sinha,Male,25,Ahmedabad,Gujarat,2025-09-24
C1506,Nisha Das,Male,37,Kochi,Kerala,2024-11-10
C1507,Rohan Reddy,Male,67,Nagpur,Maharashtra,2022-02-02
C1508,Pooja Sharma,Female,41,Ahmedabad,Gujarat,2022-05-13
C1509,Nisha Mehta,Female,61,Indore,Madhya Pradesh,2024-07-08
C1510,Neha Das,Male,40,Kochi,Kerala,2024-09-01
C1511,Kavya Mehta,Male,28,Noida,Uttar Pradesh,2022-01-26
C1512,Arjun Kapoor,Male,37,Bhubaneswar,Odisha,2025-10-19
C1513,Isha Kumar,Male,52,Pune,Maharashtra,2023-08-24
C1514,Nisha Kumar,Male,52,Bengaluru,Karnataka,2025-01-20
C1515,Amit Das,Female,28,Bhopal,Madhya Pradesh,2023-06-29
C1516,Vikram Mishra,Male,37,Bengaluru,Karnataka,2025-06-15
C1517,Rahul Mehta,Male,20,Bhubaneswar,Odisha,2022-01-18
C1518,Isha Yadav,Female,42,Kochi,Kerala,2025-07-21
C1519,Pooja Yadav,Male,50,Indore,Madhya Pradesh,2024-07-22
C1520,Manish Reddy,Female,34,Kochi,Kerala,2022-10-16
C1521,Rahul Roy,Male,27,Pune,Maharashtra,2024-11-16
C1522,Karan Kapoor,Male,38,Nagpur,Maharashtra,2024-03-27
C1523,Sahil Patel,Female,38,Bhopal,Madhya Pradesh,2025-12-28
C1524,Neha Reddy,Female,35,Bhubaneswar,Odisha,2022-04-18
C1525,Manish Mishra,Male,36,Hyderabad,Telangana,2024-08-30
C1526,Aditya Kapoor,Female,32,Jaipur,Rajasthan,2024-08-05
C1527,Karan Verma,Female,44,Kolkata,West Bengal,2024-01-08
C1528,Amit Kapoor,Male,41,Surat,Gujarat,2022-11-20
C1529,Riya Roy,Male,24,Mumbai,Maharashtra,2024-05-16
C1530,Simran Kumar,Female,24,Ahmedabad,Gujarat,2024-01-05
C1531,Isha Kapoor,Male,31,Patna,Bihar,2024-03-03
C1532,Isha Gupta,Female,41,Chandigarh,Chandigarh,2025-02-01
C1533,Riya Yadav,Female,35,Nagpur,Maharashtra,2025-09-17
C1534,Manish Roy,Female,28,Ahmedabad,Gujarat,2025-10-17
C1535,Priya Roy,Male,37,Noida,Uttar Pradesh,2022-10-16
C1536,Sneha Sinha,Male,31,Noida,Uttar Pradesh,2024-11-26
C1537,Karan Verma,Female,43,Kochi,Kerala,2025-10-03
C1538,Riya Patel,Male,37,Indore,Madhya Pradesh,2024-06-10
C1539,Riya Reddy,Male,31,Kolkata,West Bengal,2022-02-12
C1540,Pooja Singh,Male,36,Patna,Bihar,2025-02-23
C1541,Vikram Singh,Male,47,Chandigarh,Chandigarh,2022-01-09
C1542,Karan Kapoor,Female,28,Delhi,Delhi,2025-02-28
C1543,Simran Mishra,Male,38,Kolkata,West Bengal,2025-09-10
C1544,Rahul Verma,Female,33,Jaipur,Rajasthan,2022-07-03
C1545,Rohan Reddy,Male,38,Ahmedabad,Gujarat,2025-07-29
C1546,Karan Patel,Female,27,Patna,Bihar,2024-06-13
C1547,Pooja Roy,Male,35,Gurugram,Haryana,2024-12-12
C1548,Aditya Singh,Female,45,Jaipur,Rajasthan,2024-05-19
C1549,Kavya Yadav,Female,25,Nagpur,Maharashtra,2023-06-17
C1550,Isha Mishra,Male,21,Bhopal,Madhya Pradesh,2025-11-01
C1551,Riya Patel,Female,21,Kochi,Kerala,2025-08-11
C1552,Arjun Verma,Male,22,Indore,Madhya Pradesh,2025-05-16
C1553,Neha Mishra,Female,40,Surat,Gujarat,2024-09-26
C1554,Nisha Mehta,Female,20,Bhubaneswar,Odisha,2023-10-25
C1555,Vikram Jain,Female,31,Delhi,Delhi,2024-08-11
C1556,Manish Singh,Female,40,Lucknow,Uttar Pradesh,2022-03-10
C1557,Amit Verma,Male,38,Ahmedabad,Gujarat,2025-12-31
C1558,Riya Sharma,Male,30,Noida,Uttar Pradesh,2022-10-28
C1559,Sneha Singh,Male,36,Delhi,Delhi,2022-01-27
C1560,Sahil Sharma,Male,35,Mumbai,Maharashtra,2024-07-18
C1561,Karan Kapoor,Female,32,Delhi,Delhi,2023-10-16
C1562,Priya Yadav,Male,32,Delhi,Delhi,2023-07-07
C1563,Nisha Singh,Female,56,Jaipur,Rajasthan,2022-04-16
C1564,Simran Gupta,Male,42,Chandigarh,Chandigarh,2023-08-09
C1565,Simran Sinha,Male,59,Delhi,Delhi,2023-07-26
C1566,Priya Kumar,Female,29,Chandigarh,Chandigarh,2024-03-20
C1567,Aditya Patel,Male,33,Bhubaneswar,Odisha,2023-09-26
C1568,Sahil Patel,Female,21,Pune,Maharashtra,2024-10-31
C1569,Nisha Mishra,Male,26,Mumbai,Maharashtra,2024-07-19
C1570,Sahil Reddy,Female,53,Kolkata,West Bengal,2023-10-21
C1571,Anjali Singh,Male,29,Pune,Maharashtra,2025-05-24
C1572,Anjali Roy,Male,53,Kochi,Kerala,2024-06-04
C1573,Riya Mehta,Female,22,Noida,Uttar Pradesh,2022-11-17
C1574,Amit Mehta,Female,23,Indore,Madhya Pradesh,2023-04-05
C1575,Anjali Kumar,Male,31,Mumbai,Maharashtra,2023-08-02
C1576,Sneha Kapoor,Male,33,Lucknow,Uttar Pradesh,2024-05-26
C1577,Aditya Roy,Male,43,Bhopal,Madhya Pradesh,2024-01-24
C1578,Aarav Kumar,Male,39,Nagpur,Maharashtra,2022-06-09
C1579,Simran Mishra,Female,30,Ahmedabad,Gujarat,2023-04-09
C1580,Karan Mishra,Female,33,Patna,Bihar,2024-09-24
C1581,Sneha Mishra,Male,31,Bengaluru,Karnataka,2025-07-20
C1582,Rohan Patel,Male,25,Kolkata,West Bengal,2022-08-29
C1583,Priya Roy,Female,25,Jaipur,Rajasthan,2024-07-24
C1584,Pooja Singh,Male,44,Kolkata,West Bengal,2024-08-21
C1585,Isha Sinha,Female,18,Jaipur,Rajasthan,2024-08-16
C1586,Pooja Mishra,Male,50,Pune,Maharashtra,2024-05-14
C1587,Riya Reddy,Female,31,Jaipur,Rajasthan,2025-04-05
C1588,Riya Mishra,Male,26,Noida,Uttar Pradesh,2023-10-12
C1589,Sneha Das,Female,41,Bhopal,Madhya Pradesh,2022-11-23
C1590,Arjun Verma,Male,49,Ahmedabad,Gujarat,2024-05-14
C1591,Sneha Gupta,Male,45,Ahmedabad,Gujarat,2023-06-13
C1592,Neha Verma,Female,39,Noida,Uttar Pradesh,2025-07-20
C1593,Aarav Sharma,Male,45,Bhubaneswar,Odisha,2024-05-28
C1594,Priya Reddy,Male,18,Indore,Madhya Pradesh,2025-10-31
C1595,Sneha Patel,Male,29,Pune,Maharashtra,2025-10-30
C1596,Aditya Das,Male,25,Patna,Bihar,2022-11-30
C1597,Amit Kumar,Female,46,Bhubaneswar,Odisha,2024-10-23
C1598,Rohan Kapoor,Female,30,Surat,Gujarat,2025-06-20
C1599,Sneha Mishra,Male,42,Hyderabad,Telangana,2024-12-10
C1600,Rohan Reddy,Female,39,Kolkata,West Bengal,2024-05-31
C1601,Rohan Mishra,Male,25,Bengaluru,Karnataka,2022-12-16
C1602,Nisha Verma,Female,28,Jaipur,Rajasthan,2022-06-23
C1603,Riya Yadav,Male,47,Lucknow,Uttar Pradesh,2022-04-26
C1604,Neha Das,Female,26,Kochi,Kerala,2022-12-27
C1605,Riya Mishra,Male,35,Patna,Bihar,2025-10-10
C1606,Kavya Jain,Male,26,Noida,Uttar Pradesh,2022-03-17
C1607,Rohan Yadav,Male,31,Bhopal,Madhya Pradesh,2024-01-26
C1608,Amit Singh,Male,34,Bhopal,Madhya Pradesh,2025-01-09
C1609,Simran Kapoor,Female,26,Chandigarh,Chandigarh,2025-06-06
C1610,Aditya Das,Male,24,Chandigarh,Chandigarh,2022-03-13
C1611,Isha Singh,Female,37,Gurugram,Haryana,2025-11-27
C1612,Kavya Mishra,Male,26,Gurugram,Haryana,2025-05-26
C1613,Karan Mehta,Female,26,Kochi,Kerala,2023-03-28
C1614,Rahul Patel,Female,25,Hyderabad,Telangana,2024-06-29
C1615,Rohan Patel,Female,33,Chandigarh,Chandigarh,2023-01-02
C1616,Rohan Reddy,Female,43,Ahmedabad,Gujarat,2024-04-05
C1617,Priya Das,Female,49,Gurugram,Haryana,2023-11-01
C1618,Manish Das,Male,27,Bhopal,Madhya Pradesh,2025-08-28
C1619,Vikram Singh,Female,56,Noida,Uttar Pradesh,2025-08-14
C1620,Riya Jain,Male,24,Kolkata,West Bengal,2024-11-13
C1621,Kavya Sinha,Male,45,Noida,Uttar Pradesh,2022-04-20
C1622,Pooja Jain,Male,27,Gurugram,Haryana,2022-02-21
C1623,Isha Reddy,Female,25,Chennai,Tamil Nadu,2025-08-06
C1624,Simran Jain,Male,27,Jaipur,Rajasthan,2023-04-12
C1625,Manish Patel,Male,33,Bengaluru,Karnataka,2025-07-06
C1626,Aditya Roy,Male,40,Lucknow,Uttar Pradesh,2025-09-09
C1627,Sneha Das,Female,41,Gurugram,Haryana,2024-03-28
C1628,Neha Singh,Male,25,Bengaluru,Karnataka,2025-09-23
C1629,Manish Kapoor,Male,24,Indore,Madhya Pradesh,2024-02-26
C1630,Aditya Reddy,Male,25,Delhi,Delhi,2023-07-10
C1631,Aarav Das,Female,33,Pune,Maharashtra,2024-07-17
C1632,Manish Reddy,Female,32,Bhopal,Madhya Pradesh,2025-12-16
C1633,Rahul Verma,Female,24,Nagpur,Maharashtra,2022-09-16
C1634,Vikram Kumar,Female,37,Bhubaneswar,Odisha,2022-03-06
C1635,Karan Kumar,Male,57,Chennai,Tamil Nadu,2022-06-12
C1636,Simran Yadav,Female,29,Hyderabad,Telangana,2025-04-02
C1637,Anjali Roy,Male,30,Bhopal,Madhya Pradesh,2022-02-08
C1638,Sneha Mishra,Male,40,Bhubaneswar,Odisha,2023-10-27
C1639,Priya Jain,Male,28,Noida,Uttar Pradesh,2022-11-16
C1640,Aditya Kumar,Female,41,Nagpur,Maharashtra,2022-12-26
C1641,Aarav Das,Female,27,Gurugram,Haryana,2022-09-26
C1642,Priya Mishra,Male,52,Jaipur,Rajasthan,2022-11-20
C1643,Sneha Verma,Female,37,Hyderabad,Telangana,2022-11-22
C1644,Aarav Kapoor,Male,28,Mumbai,Maharashtra,2022-09-14
C1645,Anjali Mishra,Male,28,Hyderabad,Telangana,2022-07-19
C1646,Sneha Sinha,Male,29,Mumbai,Maharashtra,2023-09-02
C1647,Manish Roy,Female,48,Indore,Madhya Pradesh,2025-02-01
C1648,Aarav Roy,Female,21,Mumbai,Maharashtra,2025-10-27
C1649,Isha Sharma,Male,27,Hyderabad,Telangana,2024-06-23
C1650,Sneha Verma,Female,28,Kolkata,West Bengal,2022-06-13
C1651,Sahil Reddy,Male,34,Pune,Maharashtra,2025-02-10
C1652,Sneha Jain,Female,31,Lucknow,Uttar Pradesh,2023-09-07
C1653,Pooja Kumar,Female,19,Gurugram,Haryana,2022-04-16
C1654,Vikram Mehta,Male,30,Gurugram,Haryana,2023-11-30
C1655,Rahul Kumar,Female,33,Bhopal,Madhya Pradesh,2022-12-30
C1656,Rohan Kapoor,Female,28,Bengaluru,Karnataka,2024-11-10
C1657,Isha Kumar,Male,41,Chandigarh,Chandigarh,2023-10-22
C1658,Rahul Mishra,Female,43,Noida,Uttar Pradesh,2025-02-26
C1659,Nisha Mehta,Male,33,Ahmedabad,Gujarat,2023-11-30
C1660,Priya Reddy,Male,36,Indore,Madhya Pradesh,2025-05-07
C1661,Karan Mehta,Male,18,Delhi,Delhi,2024-01-17
C1662,Rohan Roy,Male,30,Bengaluru,Karnataka,2024-08-18
C1663,Rahul Sharma,Female,44,Ahmedabad,Gujarat,2025-12-14
C1664,Nisha Yadav,Female,30,Hyderabad,Telangana,2025-06-03
C1665,Sneha Yadav,Female,27,Surat,Gujarat,2024-07-18
C1666,Amit Roy,Male,57,Lucknow,Uttar Pradesh,2022-07-28
C1667,Sneha Kumar,Male,52,Bhopal,Madhya Pradesh,2025-06-22
C1668,Aditya Mishra,Male,39,Kochi,Kerala,2025-08-04
C1669,Sahil Sharma,Male,45,Kochi,Kerala,2024-12-25
C1670,Aditya Reddy,Female,18,Mumbai,Maharashtra,2025-03-22
C1671,Isha Yadav,Female,26,Chennai,Tamil Nadu,2023-05-06
C1672,Kavya Sinha,Male,29,Chennai,Tamil Nadu,2025-12-29
C1673,Vikram Sharma,Female,32,Kolkata,West Bengal,2023-12-04
C1674,Sahil Sinha,Female,29,Chandigarh,Chandigarh,2025-05-26
C1675,Arjun Verma,Male,18,Jaipur,Rajasthan,2025-12-23
C1676,Amit Das,Female,38,Indore,Madhya Pradesh,2023-05-17
C1677,Anjali Mehta,Male,39,Kochi,Kerala,2023-10-28
C1678,Manish Jain,Male,50,Pune,Maharashtra,2022-08-09
C1679,Arjun Sharma,Male,26,Bhubaneswar,Odisha,2023-03-11
C1680,Isha Jain,Male,25,Mumbai,Maharashtra,2022-10-07
C1681,Aditya Reddy,Male,18,Pune,Maharashtra,2025-01-20
C1682,Sneha Das,Male,31,Kolkata,West Bengal,2023-06-08
C1683,Vikram Sharma,Male,43,Nagpur,Maharashtra,2025-03-08
C1684,Vikram Singh,Female,28,Mumbai,Maharashtra,2023-10-29
C1685,Karan Mishra,Female,55,Bengaluru,Karnataka,2024-11-12
C1686,Pooja Jain,Female,31,Chennai,Tamil Nadu,2025-12-11
C1687,Sahil Sharma,Male,35,Chennai,Tamil Nadu,2024-01-02
C1688,Karan Reddy,Male,20,Delhi,Delhi,2022-12-14
C1689,Neha Patel,Male,37,Ahmedabad,Gujarat,2025-06-14
C1690,Nisha Patel,Male,18,Bhopal,Madhya Pradesh,2024-02-04
C1691,Sneha Sharma,Female,41,Hyderabad,Telangana,2024-07-22
C1692,Neha Sinha,Female,41,Chandigarh,Chandigarh,2022-07-02
C1693,Simran Mehta,Female,48,Indore,Madhya Pradesh,2023-05-23
C1694,Rahul Sinha,Female,24,Patna,Bihar,2022-07-17
C1695,Isha Kapoor,Male,36,Lucknow,Uttar Pradesh,2025-02-20
C1696,Anjali Roy,Male,40,Bengaluru,Karnataka,2023-01-16
C1697,Neha Gupta,Female,38,Kochi,Kerala,2024-04-04
C1698,Kavya Patel,Male,25,Surat,Gujarat,2024-10-26
C1699,Karan Mehta,Male,18,Lucknow,Uttar Pradesh,2025-08-20
C1700,Aarav Das,Male,37,Lucknow,Uttar Pradesh,2022-07-11
C1701,Rohan Mishra,Male,32,Bhopal,Madhya Pradesh,2025-10-31
C1702,Rohan Roy,Male,28,Jaipur,Rajasthan,2023-06-09
C1703,Rohan Das,Female,42,Delhi,Delhi,2024-11-25
C1704,Kavya Das,Female,34,Chennai,Tamil Nadu,2024-12-29
C1705,Sneha Jain,Male,21,Bhubaneswar,Odisha,2022-10-16
C1706,Vikram Kumar,Male,18,Ahmedabad,Gujarat,2022-04-15
C1707,Arjun Sinha,Female,23,Patna,Bihar,2022-11-09
C1708,Neha Jain,Male,58,Bhopal,Madhya Pradesh,2024-12-14
C1709,Simran Sharma,Male,41,Delhi,Delhi,2025-02-04
C1710,Priya Sinha,Male,36,Bhubaneswar,Odisha,2022-11-03
C1711,Riya Mishra,Male,32,Patna,Bihar,2024-03-31
C1712,Aditya Kapoor,Female,32,Chennai,Tamil Nadu,2022-02-05
C1713,Sneha Kapoor,Female,46,Indore,Madhya Pradesh,2025-03-02
C1714,Aarav Gupta,Male,29,Chennai,Tamil Nadu,2024-06-05
C1715,Pooja Mishra,Male,40,Bhopal,Madhya Pradesh,2024-11-14
C1716,Amit Jain,Male,31,Chennai,Tamil Nadu,2024-11-26
C1717,Sneha Reddy,Male,53,Nagpur,Maharashtra,2024-11-08
C1718,Arjun Patel,Female,41,Nagpur,Maharashtra,2022-02-04
C1719,Arjun Kapoor,Female,46,Bhopal,Madhya Pradesh,2025-10-18
C1720,Amit Das,Female,28,Indore,Madhya Pradesh,2025-12-12
C1721,Karan Yadav,Female,45,Indore,Madhya Pradesh,2025-12-24
C1722,Amit Sinha,Female,31,Kolkata,West Bengal,2023-04-12
C1723,Karan Jain,Female,35,Bhopal,Madhya Pradesh,2024-06-15
C1724,Manish Singh,Male,50,Bhubaneswar,Odisha,2022-07-18
C1725,Aditya Patel,Male,24,Noida,Uttar Pradesh,2024-02-07
C1726,Rohan Yadav,Female,36,Kochi,Kerala,2025-05-19
C1727,Rahul Reddy,Male,38,Mumbai,Maharashtra,2022-08-29
C1728,Arjun Patel,Female,39,Jaipur,Rajasthan,2025-04-08
C1729,Amit Patel,Female,29,Chennai,Tamil Nadu,2022-10-21
C1730,Riya Yadav,Female,55,Bhubaneswar,Odisha,2024-07-10
C1731,Sneha Sharma,Male,21,Delhi,Delhi,2025-08-31
C1732,Isha Roy,Female,49,Bengaluru,Karnataka,2025-02-24
C1733,Aarav Reddy,Male,46,Kolkata,West Bengal,2023-04-13
C1734,Sahil Das,Female,53,Chennai,Tamil Nadu,2023-01-02
C1735,Simran Reddy,Male,18,Chennai,Tamil Nadu,2024-11-10
C1736,Kavya Mehta,Male,25,Delhi,Delhi,2022-11-12
C1737,Pooja Sinha,Female,49,Nagpur,Maharashtra,2024-01-28
C1738,Sahil Roy,Male,18,Gurugram,Haryana,2025-01-18
C1739,Riya Gupta,Male,18,Kochi,Kerala,2025-11-28
C1740,Kavya Sharma,Female,29,Bhopal,Madhya Pradesh,2023-03-27
C1741,Kavya Singh,Male,36,Lucknow,Uttar Pradesh,2024-02-17
C1742,Sneha Yadav,Female,50,Bhubaneswar,Odisha,2024-06-26
C1743,Anjali Verma,Male,32,Noida,Uttar Pradesh,2025-03-19
C1744,Vikram Gupta,Female,28,Patna,Bihar,2023-03-22
C1745,Simran Mishra,Female,37,Mumbai,Maharashtra,2024-08-14
C1746,Simran Patel,Male,39,Noida,Uttar Pradesh,2022-03-21
C1747,Sahil Kapoor,Male,38,Pune,Maharashtra,2024-11-06
C1748,Vikram Patel,Female,32,Indore,Madhya Pradesh,2022-05-18
C1749,Pooja Mishra,Male,18,Patna,Bihar,2023-10-14
C1750,Rohan Kumar,Male,25,Noida,Uttar Pradesh,2024-04-30
C1751,Aditya Yadav,Female,48,Bhopal,Madhya Pradesh,2023-07-06
C1752,Simran Roy,Male,36,Kolkata,West Bengal,2022-03-15
C1753,Isha Singh,Male,31,Bhubaneswar,Odisha,2025-01-02
C1754,Priya Yadav,Female,45,Chandigarh,Chandigarh,2022-02-19
C1755,Amit Kumar,Male,23,Bhubaneswar,Odisha,2024-10-30
C1756,Kavya Mehta,Male,32,Surat,Gujarat,2025-01-31
C1757,Isha Yadav,Male,35,Noida,Uttar Pradesh,2023-01-23
C1758,Karan Das,Female,30,Lucknow,Uttar Pradesh,2023-01-20
C1759,Simran Verma,Female,35,Ahmedabad,Gujarat,2022-10-26
C1760,Anjali Roy,Female,32,Noida,Uttar Pradesh,2022-12-05
C1761,Isha Verma,Male,20,Delhi,Delhi,2025-11-13
C1762,Vikram Das,Male,36,Ahmedabad,Gujarat,2023-04-19
C1763,Kavya Yadav,Male,21,Kolkata,West Bengal,2023-09-08
C1764,Nisha Yadav,Male,36,Chennai,Tamil Nadu,2024-08-19
C1765,Sneha Roy,Female,48,Indore,Madhya Pradesh,2024-03-02
C1766,Isha Singh,Male,31,Indore,Madhya Pradesh,2025-03-11
C1767,Nisha Patel,Male,22,Mumbai,Maharashtra,2025-04-08
C1768,Amit Kumar,Male,33,Delhi,Delhi,2022-01-13
C1769,Priya Roy,Female,26,Patna,Bihar,2023-03-25
C1770,Sneha Sharma,Female,40,Lucknow,Uttar Pradesh,2022-06-23
C1771,Simran Kumar,Female,33,Noida,Uttar Pradesh,2025-03-01
C1772,Riya Patel,Female,51,Noida,Uttar Pradesh,2023-08-18
C1773,Sahil Yadav,Male,46,Nagpur,Maharashtra,2024-07-20
C1774,Nisha Mehta,Male,32,Ahmedabad,Gujarat,2022-09-26
C1775,Rohan Yadav,Male,41,Indore,Madhya Pradesh,2025-06-28
C1776,Rahul Roy,Female,30,Ahmedabad,Gujarat,2025-10-25
C1777,Anjali Gupta,Female,34,Nagpur,Maharashtra,2023-09-10
C1778,Priya Sharma,Male,30,Bhopal,Madhya Pradesh,2024-02-12
C1779,Simran Mishra,Female,42,Ahmedabad,Gujarat,2024-05-14
C1780,Sahil Roy,Female,48,Kochi,Kerala,2023-06-10
C1781,Pooja Singh,Female,42,Hyderabad,Telangana,2024-06-06
C1782,Isha Kumar,Female,43,Delhi,Delhi,2023-11-03
C1783,Arjun Mishra,Female,43,Delhi,Delhi,2022-06-27
C1784,Sahil Gupta,Male,40,Gurugram,Haryana,2022-09-16
C1785,Pooja Roy,Female,23,Surat,Gujarat,2022-09-17
C1786,Anjali Yadav,Female,51,Kochi,Kerala,2025-03-04
C1787,Vikram Reddy,Male,52,Surat,Gujarat,2023-10-05
C1788,Aditya Kumar,Female,32,Chennai,Tamil Nadu,2022-03-22
C1789,Neha Verma,Female,30,Jaipur,Rajasthan,2025-10-22
C1790,Sahil Mehta,Male,40,Mumbai,Maharashtra,2024-12-18
C1791,Sneha Yadav,Female,40,Noida,Uttar Pradesh,2025-01-02
C1792,Simran Verma,Male,32,Kolkata,West Bengal,2025-06-16
C1793,Sneha Singh,Female,21,Jaipur,Rajasthan,2022-05-09
C1794,Rahul Kumar,Female,37,Delhi,Delhi,2023-02-16
C1795,Manish Singh,Male,40,Jaipur,Rajasthan,2022-11-11
C1796,Aditya Yadav,Male,41,Surat,Gujarat,2025-10-29
C1797,Kavya Mehta,Female,37,Chandigarh,Chandigarh,2025-12-31
C1798,Kavya Kumar,Male,31,Jaipur,Rajasthan,2025-03-07
C1799,Isha Roy,Male,44,Chandigarh,Chandigarh,2023-03-31
C1800,Rohan Sharma,Female,35,Jaipur,Rajasthan,2023-09-07
C1801,Sahil Mishra,Male,29,Patna,Bihar,2024-06-17
C1802,Arjun Das,Male,32,Hyderabad,Telangana,2024-06-21
C1803,Rohan Reddy,Female,18,Mumbai,Maharashtra,2024-10-29
C1804,Aarav Sharma,Female,32,Kolkata,West Bengal,2022-08-20
C1805,Neha Verma,Female,41,Kochi,Kerala,2023-09-03
C1806,Amit Gupta,Female,37,Hyderabad,Telangana,2023-12-31
C1807,Rohan Kapoor,Male,49,Kolkata,West Bengal,2024-08-22
C1808,Pooja Sharma,Male,31,Gurugram,Haryana,2025-11-21
C1809,Rohan Sharma,Male,39,Kolkata,West Bengal,2024-05-31
C1810,Rohan Das,Female,42,Mumbai,Maharashtra,2022-11-14
C1811,Karan Jain,Female,57,Noida,Uttar Pradesh,2023-06-06
C1812,Simran Singh,Female,35,Chandigarh,Chandigarh,2025-01-15
C1813,Neha Gupta,Female,24,Jaipur,Rajasthan,2023-12-17
C1814,Arjun Patel,Female,42,Gurugram,Haryana,2025-09-03
C1815,Manish Das,Male,53,Chandigarh,Chandigarh,2025-09-18
C1816,Amit Patel,Male,31,Patna,Bihar,2025-10-15
C1817,Kavya Sharma,Male,42,Delhi,Delhi,2025-06-18
C1818,Simran Kumar,Male,46,Pune,Maharashtra,2024-12-15
C1819,Rohan Roy,Female,44,Indore,Madhya Pradesh,2025-02-07
C1820,Arjun Kapoor,Male,35,Delhi,Delhi,2024-12-08
C1821,Priya Patel,Female,27,Bhopal,Madhya Pradesh,2024-11-05
C1822,Aditya Jain,Female,33,Pune,Maharashtra,2025-01-01
C1823,Karan Kumar,Male,39,Indore,Madhya Pradesh,2024-06-02
C1824,Rohan Gupta,Male,43,Gurugram,Haryana,2022-07-21
C1825,Karan Sinha,Male,37,Delhi,Delhi,2022-04-03
C1826,Priya Sinha,Male,30,Nagpur,Maharashtra,2024-11-22
C1827,Kavya Patel,Female,40,Nagpur,Maharashtra,2023-02-23
C1828,Arjun Verma,Male,43,Bengaluru,Karnataka,2025-05-11
C1829,Sahil Verma,Female,38,Bhopal,Madhya Pradesh,2023-07-05
C1830,Simran Mishra,Female,26,Kolkata,West Bengal,2023-09-18
C1831,Manish Patel,Female,32,Patna,Bihar,2024-04-24
C1832,Anjali Mehta,Female,43,Bengaluru,Karnataka,2024-05-31
C1833,Arjun Verma,Male,20,Ahmedabad,Gujarat,2023-12-21
C1834,Priya Jain,Male,18,Kochi,Kerala,2025-08-28
C1835,Karan Mehta,Male,49,Kochi,Kerala,2024-08-01
C1836,Anjali Sinha,Male,39,Lucknow,Uttar Pradesh,2023-01-29
C1837,Rohan Jain,Female,40,Mumbai,Maharashtra,2024-03-19
C1838,Rohan Singh,Female,23,Kochi,Kerala,2024-05-21
C1839,Anjali Roy,Male,41,Jaipur,Rajasthan,2025-05-19
C1840,Karan Patel,Male,37,Bengaluru,Karnataka,2024-05-16
C1841,Priya Singh,Male,18,Ahmedabad,Gujarat,2023-07-25
C1842,Neha Das,Female,48,Surat,Gujarat,2025-03-25
C1843,Anjali Sharma,Female,36,Mumbai,Maharashtra,2023-09-26
C1844,Amit Sinha,Female,30,Kolkata,West Bengal,2023-09-24
C1845,Rohan Jain,Female,30,Bhopal,Madhya Pradesh,2024-03-19
C1846,Aarav Kapoor,Male,18,Chennai,Tamil Nadu,2022-11-18
C1847,Aarav Singh,Male,40,Mumbai,Maharashtra,2025-12-29
C1848,Anjali Kumar,Male,37,Surat,Gujarat,2023-07-28
C1849,Pooja Mishra,Male,32,Chennai,Tamil Nadu,2024-11-29
C1850,Karan Sharma,Female,47,Indore,Madhya Pradesh,2024-11-29
C1851,Aarav Sinha,Female,20,Bhopal,Madhya Pradesh,2024-05-19
C1852,Amit Gupta,Female,28,Hyderabad,Telangana,2025-04-28
C1853,Aarav Gupta,Male,25,Indore,Madhya Pradesh,2024-01-16
C1854,Rahul Kumar,Male,31,Patna,Bihar,2024-11-04
C1855,Vikram Reddy,Male,35,Surat,Gujarat,2025-02-21
C1856,Sahil Patel,Male,38,Kolkata,West Bengal,2025-07-27
C1857,Nisha Sinha,Female,31,Kochi,Kerala,2024-07-25
C1858,Neha Verma,Male,25,Noida,Uttar Pradesh,2024-08-16
C1859,Sahil Yadav,Female,51,Bhopal,Madhya Pradesh,2022-02-17
C1860,Priya Patel,Female,58,Patna,Bihar,2022-07-08
C1861,Amit Gupta,Male,35,Chandigarh,Chandigarh,2022-10-31
C1862,Neha Yadav,Female,26,Patna,Bihar,2025-02-02
C1863,Isha Verma,Male,49,Surat,Gujarat,2023-01-04
C1864,Arjun Yadav,Female,20,Indore,Madhya Pradesh,2023-04-05
C1865,Amit Patel,Female,31,Indore,Madhya Pradesh,2022-09-04
C1866,Rohan Gupta,Female,27,Hyderabad,Telangana,2022-09-21
C1867,Aarav Reddy,Male,22,Patna,Bihar,2025-05-14
C1868,Neha Sharma,Male,31,Gurugram,Haryana,2023-06-14
C1869,Nisha Reddy,Male,25,Indore,Madhya Pradesh,2025-10-19
C1870,Kavya Mehta,Male,34,Hyderabad,Telangana,2024-01-20
C1871,Isha Sinha,Female,34,Chandigarh,Chandigarh,2025-09-25
C1872,Sneha Mehta,Female,28,Gurugram,Haryana,2023-02-11
C1873,Rahul Jain,Male,30,Mumbai,Maharashtra,2023-03-29
C1874,Manish Sharma,Male,32,Kochi,Kerala,2024-03-24
C1875,Priya Kapoor,Male,42,Hyderabad,Telangana,2023-08-01
C1876,Pooja Kumar,Male,33,Surat,Gujarat,2024-08-22
C1877,Nisha Sharma,Male,42,Bhubaneswar,Odisha,2025-03-19
C1878,Arjun Sharma,Male,40,Kochi,Kerala,2025-05-01
C1879,Amit Das,Female,40,Indore,Madhya Pradesh,2022-05-27
C1880,Arjun Roy,Male,48,Bengaluru,Karnataka,2023-02-10
C1881,Nisha Mehta,Male,23,Ahmedabad,Gujarat,2022-07-02
C1882,Rahul Kapoor,Female,29,Surat,Gujarat,2025-02-03
C1883,Manish Kapoor,Male,52,Lucknow,Uttar Pradesh,2022-08-24
C1884,Sahil Reddy,Female,31,Hyderabad,Telangana,2023-09-30
C1885,Rahul Kapoor,Female,18,Noida,Uttar Pradesh,2024-08-15
C1886,Nisha Mishra,Female,32,Mumbai,Maharashtra,2022-06-28
C1887,Simran Sinha,Male,35,Nagpur,Maharashtra,2023-03-08
C1888,Karan Sharma,Male,18,Chandigarh,Chandigarh,2025-11-25
C1889,Sneha Sharma,Female,47,Hyderabad,Telangana,2023-06-09
C1890,Isha Roy,Female,27,Patna,Bihar,2024-01-13
C1891,Priya Das,Male,37,Pune,Maharashtra,2022-11-19
C1892,Pooja Roy,Male,32,Bhopal,Madhya Pradesh,2025-07-08
C1893,Anjali Gupta,Male,21,Lucknow,Uttar Pradesh,2023-02-03
C1894,Simran Roy,Male,23,Pune,Maharashtra,2022-12-03
C1895,Arjun Verma,Female,25,Chandigarh,Chandigarh,2025-08-16
C1896,Anjali Sharma,Male,45,Pune,Maharashtra,2022-04-29
C1897,Anjali Kumar,Male,33,Nagpur,Maharashtra,2023-02-17
C1898,Vikram Mehta,Female,29,Lucknow,Uttar Pradesh,2023-08-03
C1899,Aditya Das,Male,25,Lucknow,Uttar Pradesh,2025-11-08
C1900,Sneha Singh,Female,46,Hyderabad,Telangana,2022-11-01
C1901,Kavya Yadav,Female,49,Bhubaneswar,Odisha,2022-07-15
C1902,Anjali Yadav,Male,46,Hyderabad,Telangana,2022-11-29
C1903,Rahul Das,Female,39,Pune,Maharashtra,2024-11-09
C1904,Aarav Mishra,Female,37,Delhi,Delhi,2023-09-15
C1905,Nisha Gupta,Male,22,Bhopal,Madhya Pradesh,2023-10-20
C1906,Simran Yadav,Male,32,Chandigarh,Chandigarh,2023-12-05
C1907,Karan Mishra,Male,27,Lucknow,Uttar Pradesh,2025-12-27
C1908,Pooja Kumar,Female,18,Indore,Madhya Pradesh,2024-06-01
C1909,Rohan Patel,Female,45,Chandigarh,Chandigarh,2025-12-20
C1910,Karan Gupta,Male,27,Jaipur,Rajasthan,2025-06-06
C1911,Isha Kapoor,Female,46,Jaipur,Rajasthan,2023-06-08
C1912,Aarav Sinha,Male,43,Indore,Madhya Pradesh,2022-08-05
C1913,Riya Jain,Female,40,Lucknow,Uttar Pradesh,2024-09-16
C1914,Vikram Kapoor,Female,40,Lucknow,Uttar Pradesh,2023-01-10
C1915,Vikram Das,Male,28,Ahmedabad,Gujarat,2022-02-05
C1916,Priya Yadav,Female,53,Surat,Gujarat,2024-02-15
C1917,Aditya Singh,Female,34,Nagpur,Maharashtra,2022-01-28
C1918,Karan Kapoor,Female,37,Chennai,Tamil Nadu,2025-10-27
C1919,Anjali Singh,Male,28,Hyderabad,Telangana,2022-03-27
C1920,Karan Kapoor,Female,25,Noida,Uttar Pradesh,2022-07-07
C1921,Arjun Gupta,Female,39,Gurugram,Haryana,2022-11-01
C1922,Pooja Yadav,Male,36,Hyderabad,Telangana,2024-02-05
C1923,Aditya Jain,Male,26,Pune,Maharashtra,2025-12-16
C1924,Riya Kumar,Male,20,Lucknow,Uttar Pradesh,2022-03-21
C1925,Rohan Kapoor,Female,21,Noida,Uttar Pradesh,2022-07-05
C1926,Riya Kumar,Female,46,Gurugram,Haryana,2024-10-25
C1927,Isha Jain,Male,28,Hyderabad,Telangana,2023-07-12
C1928,Priya Mehta,Female,31,Lucknow,Uttar Pradesh,2023-05-24
C1929,Isha Kumar,Male,49,Delhi,Delhi,2024-08-28
C1930,Karan Das,Female,23,Noida,Uttar Pradesh,2024-10-22
C1931,Rohan Yadav,Male,27,Chennai,Tamil Nadu,2022-08-05
C1932,Pooja Verma,Male,26,Indore,Madhya Pradesh,2022-09-14
C1933,Karan Sharma,Male,50,Nagpur,Maharashtra,2025-12-18
C1934,Priya Mehta,Male,54,Bengaluru,Karnataka,2022-11-20
C1935,Aarav Singh,Female,42,Bhopal,Madhya Pradesh,2022-07-16
C1936,Priya Verma,Female,42,Mumbai,Maharashtra,2023-05-19
C1937,Isha Sinha,Male,28,Delhi,Delhi,2025-07-19
C1938,Neha Kapoor,Male,53,Nagpur,Maharashtra,2023-11-25
C1939,Simran Yadav,Male,37,Surat,Gujarat,2024-08-16
C1940,Isha Kumar,Female,43,Chennai,Tamil Nadu,2022-01-18
C1941,Aarav Reddy,Female,33,Indore,Madhya Pradesh,2022-04-17
C1942,Aarav Mehta,Male,31,Bengaluru,Karnataka,2022-05-05
C1943,Nisha Gupta,Female,51,Pune,Maharashtra,2023-04-28
C1944,Amit Roy,Male,39,Patna,Bihar,2024-10-24
C1945,Arjun Mehta,Female,49,Lucknow,Uttar Pradesh,2023-09-19
C1946,Arjun Mehta,Female,37,Jaipur,Rajasthan,2022-12-17
C1947,Priya Yadav,Female,26,Kochi,Kerala,2022-12-17
C1948,Nisha Sharma,Female,28,Chandigarh,Chandigarh,2023-10-11
C1949,Sahil Roy,Female,35,Mumbai,Maharashtra,2024-06-19
C1950,Manish Singh,Female,28,Bengaluru,Karnataka,2022-08-16
C1951,Karan Sinha,Female,23,Pune,Maharashtra,2022-01-16
C1952,Amit Sharma,Male,46,Noida,Uttar Pradesh,2023-03-01
C1953,Rohan Das,Male,29,Bengaluru,Karnataka,2023-04-09
C1954,Karan Singh,Male,35,Lucknow,Uttar Pradesh,2023-12-25
C1955,Isha Das,Female,37,Pune,Maharashtra,2025-06-23
C1956,Pooja Reddy,Male,28,Jaipur,Rajasthan,2024-03-04
C1957,Simran Kapoor,Male,49,Nagpur,Maharashtra,2022-06-26
C1958,Pooja Reddy,Male,23,Patna,Bihar,2023-06-27
C1959,Pooja Das,Male,37,Pune,Maharashtra,2023-05-24
C1960,Manish Sharma,Female,36,Kochi,Kerala,2023-07-18
C1961,Pooja Kumar,Female,33,Gurugram,Haryana,2022-08-21
C1962,Sahil Reddy,Female,21,Hyderabad,Telangana,2024-11-27
C1963,Rohan Patel,Female,43,Kolkata,West Bengal,2023-05-06
C1964,Isha Roy,Female,41,Lucknow,Uttar Pradesh,2024-10-13
C1965,Vikram Yadav,Male,27,Pune,Maharashtra,2023-03-20
C1966,Priya Reddy,Male,41,Chandigarh,Chandigarh,2022-01-20
C1967,Sahil Sharma,Female,38,Kochi,Kerala,2022-04-21
C1968,Vikram Gupta,Male,21,Hyderabad,Telangana,2023-05-02
C1969,Manish Gupta,Male,25,Ahmedabad,Gujarat,2022-03-30
C1970,Sneha Sinha,Female,45,Chennai,Tamil Nadu,2025-09-04
C1971,Neha Jain,Male,37,Delhi,Delhi,2025-02-15
C1972,Vikram Yadav,Male,28,Hyderabad,Telangana,2023-03-10
C1973,Riya Mishra,Male,25,Bengaluru,Karnataka,2025-06-16
C1974,Pooja Roy,Male,29,Jaipur,Rajasthan,2022-03-13
C1975,Rohan Jain,Male,30,Ahmedabad,Gujarat,2024-04-01
C1976,Anjali Singh,Male,26,Delhi,Delhi,2025-11-23
C1977,Kavya Reddy,Female,18,Kolkata,West Bengal,2024-03-26
C1978,Aditya Patel,Female,45,Jaipur,Rajasthan,2023-02-08
C1979,Kavya Verma,Male,44,Pune,Maharashtra,2022-09-08
C1980,Kavya Sharma,Female,21,Hyderabad,Telangana,2024-05-18
C1981,Manish Verma,Male,35,Chandigarh,Chandigarh,2025-05-03
C1982,Rohan Singh,Male,25,Nagpur,Maharashtra,2024-05-17
C1983,Amit Sinha,Male,31,Mumbai,Maharashtra,2025-05-30
C1984,Sahil Das,Female,31,Chennai,Tamil Nadu,2025-04-20
C1985,Sneha Sinha,Male,30,Bhopal,Madhya Pradesh,2024-06-14
C1986,Aarav Kumar,Female,54,Ahmedabad,Gujarat,2022-09-13
C1987,Aditya Gupta,Female,30,Kolkata,West Bengal,2025-01-16
C1988,Riya Roy,Female,26,Ahmedabad,Gujarat,2024-05-22
C1989,Pooja Mehta,Female,26,Noida,Uttar Pradesh,2023-05-07
C1990,Neha Verma,Female,44,Bengaluru,Karnataka,2022-12-02
C1991,Neha Sinha,Male,18,Bhopal,Madhya Pradesh,2025-12-01
C1992,Arjun Kumar,Male,26,Bengaluru,Karnataka,2023-09-25
C1993,Priya Sharma,Female,48,Kolkata,West Bengal,2025-08-05
C1994,Manish Jain,Female,36,Mumbai,Maharashtra,2022-12-28
C1995,Rahul Jain,Male,36,Bhopal,Madhya Pradesh,2024-11-19
C1996,Rohan Sinha,Male,55,Mumbai,Maharashtra,2024-07-07
C1997,Pooja Sharma,Male,36,Kolkata,West Bengal,2024-06-12
C1998,Pooja Verma,Male,27,Nagpur,Maharashtra,2023-09-29
C1999,Vikram Mishra,Male,31,Bengaluru,Karnataka,2025-05-31
C2000,Aditya Kapoor,Female,23,Mumbai,Maharashtra,2024-01-17
C2001,Rahul Jain,Female,47,Bhubaneswar,Odisha,2025-02-21
C2002,Amit Jain,Male,40,Ahmedabad,Gujarat,2023-11-14
C2003,Vikram Patel,Female,45,Bhopal,Madhya Pradesh,2024-09-29
C2004,Rohan Mehta,Female,46,Hyderabad,Telangana,2024-10-03
C2005,Simran Jain,Male,30,Chennai,Tamil Nadu,2023-11-24
C2006,Vikram Yadav,Male,25,Chandigarh,Chandigarh,2022-08-03
C2007,Priya Kapoor,Female,33,Indore,Madhya Pradesh,2022-04-28
C2008,Vikram Mishra,Female,25,Surat,Gujarat,2022-08-15
C2009,Sahil Sharma,Male,36,Lucknow,Uttar Pradesh,2024-06-09
C2010,Manish Mishra,Female,45,Surat,Gujarat,2023-03-20
C2011,Anjali Verma,Male,32,Bhopal,Madhya Pradesh,2023-07-03
C2012,Priya Jain,Male,35,Nagpur,Maharashtra,2024-04-08
C2013,Nisha Gupta,Male,33,Surat,Gujarat,2025-12-31
C2014,Neha Verma,Male,42,Bhopal,Madhya Pradesh,2022-01-12
C2015,Aditya Mehta,Female,27,Ahmedabad,Gujarat,2025-02-19
C2016,Neha Verma,Female,18,Bhubaneswar,Odisha,2023-05-04
C2017,Neha Reddy,Male,39,Bengaluru,Karnataka,2025-06-28
C2018,Kavya Yadav,Female,44,Surat,Gujarat,2023-08-02
C2019,Simran Singh,Female,38,Chandigarh,Chandigarh,2025-07-27
C2020,Sneha Yadav,Male,28,Gurugram,Haryana,2024-01-12
C2021,Pooja Verma,Female,23,Ahmedabad,Gujarat,2025-09-22
C2022,Riya Das,Male,39,Chennai,Tamil Nadu,2022-06-17
C2023,Pooja Patel,Female,35,Bhubaneswar,Odisha,2024-08-18
C2024,Riya Sharma,Male,33,Ahmedabad,Gujarat,2025-09-13
C2025,Rohan Verma,Female,52,Bhopal,Madhya Pradesh,2025-06-23
C2026,Aarav Kapoor,Male,25,Delhi,Delhi,2025-08-17
C2027,Neha Mishra,Female,52,Bhubaneswar,Odisha,2022-07-19
C2028,Isha Das,Female,34,Kolkata,West Bengal,2024-05-13
C2029,Vikram Kumar,Male,18,Noida,Uttar Pradesh,2024-01-24
C2030,Nisha Sharma,Male,32,Ahmedabad,Gujarat,2024-11-02
C2031,Priya Patel,Male,44,Pune,Maharashtra,2025-10-21
C2032,Pooja Yadav,Female,30,Delhi,Delhi,2024-02-13
C2033,Isha Sharma,Male,19,Surat,Gujarat,2022-04-07
C2034,Arjun Sharma,Female,32,Bhopal,Madhya Pradesh,2022-03-12
C2035,Amit Kapoor,Male,25,Kolkata,West Bengal,2024-09-19
C2036,Sahil Mishra,Male,39,Bhubaneswar,Odisha,2022-12-23
C2037,Kavya Sinha,Male,42,Mumbai,Maharashtra,2024-03-22
C2038,Karan Sharma,Male,23,Kochi,Kerala,2023-06-28
C2039,Sahil Kumar,Female,27,Hyderabad,Telangana,2025-06-27
C2040,Arjun Reddy,Female,42,Delhi,Delhi,2022-09-11
C2041,Karan Mishra,Male,25,Noida,Uttar Pradesh,2025-04-20
C2042,Pooja Singh,Male,23,Chandigarh,Chandigarh,2024-09-14
C2043,Sahil Kapoor,Male,22,Mumbai,Maharashtra,2025-04-04
C2044,Vikram Das,Female,38,Jaipur,Rajasthan,2022-01-04
C2045,Sneha Verma,Male,37,Mumbai,Maharashtra,2022-05-25
C2046,Arjun Roy,Female,27,Jaipur,Rajasthan,2022-06-14
C2047,Riya Verma,Female,34,Delhi,Delhi,2022-12-10
C2048,Anjali Reddy,Male,49,Patna,Bihar,2025-02-02
C2049,Sahil Roy,Female,24,Bengaluru,Karnataka,2025-08-30
C2050,Isha Jain,Male,18,Bhubaneswar,Odisha,2025-04-07
C2051,Priya Verma,Male,39,Hyderabad,Telangana,2023-06-04
C2052,Aarav Gupta,Male,33,Noida,Uttar Pradesh,2024-07-14
C2053,Neha Yadav,Male,27,Kolkata,West Bengal,2025-12-30
C2054,Rahul Jain,Male,41,Bengaluru,Karnataka,2023-09-01
C2055,Simran Das,Male,42,Patna,Bihar,2023-05-27
C2056,Priya Roy,Male,18,Indore,Madhya Pradesh,2023-02-13
C2057,Pooja Reddy,Male,27,Chennai,Tamil Nadu,2023-03-12
C2058,Anjali Kumar,Female,57,Bhubaneswar,Odisha,2025-08-31
C2059,Priya Reddy,Female,40,Lucknow,Uttar Pradesh,2023-06-26
C2060,Priya Das,Male,41,Bhopal,Madhya Pradesh,2023-09-05
C2061,Kavya Mishra,Male,46,Indore,Madhya Pradesh,2024-06-18
C2062,Aarav Verma,Male,34,Nagpur,Maharashtra,2024-12-22
C2063,Sneha Kumar,Female,42,Lucknow,Uttar Pradesh,2024-11-21
C2064,Arjun Kapoor,Female,41,Kolkata,West Bengal,2025-05-19
C2065,Simran Mehta,Male,39,Noida,Uttar Pradesh,2023-07-17
C2066,Pooja Reddy,Male,31,Chandigarh,Chandigarh,2023-07-29
C2067,Amit Kumar,Male,36,Bengaluru,Karnataka,2025-01-08
C2068,Manish Kapoor,Male,28,Lucknow,Uttar Pradesh,2024-10-18
C2069,Anjali Roy,Female,34,Kochi,Kerala,2022-12-09
C2070,Karan Verma,Female,22,Kolkata,West Bengal,2025-06-09
C2071,Karan Gupta,Male,26,Bengaluru,Karnataka,2023-09-05
C2072,Isha Verma,Male,31,Surat,Gujarat,2022-05-09
C2073,Riya Jain,Male,25,Pune,Maharashtra,2024-11-08
C2074,Riya Das,Male,29,Bhubaneswar,Odisha,2022-12-23
C2075,Priya Das,Female,32,Kochi,Kerala,2025-12-13
C2076,Vikram Reddy,Male,38,Jaipur,Rajasthan,2024-08-16
C2077,Manish Kapoor,Male,43,Indore,Madhya Pradesh,2022-03-22
C2078,Pooja Patel,Male,29,Bengaluru,Karnataka,2023-10-28
C2079,Neha Sinha,Female,47,Mumbai,Maharashtra,2024-02-20
C2080,Anjali Reddy,Female,43,Mumbai,Maharashtra,2025-02-15
C2081,Neha Das,Male,39,Bengaluru,Karnataka,2024-03-01
C2082,Aditya Patel,Male,36,Noida,Uttar Pradesh,2023-05-07
C2083,Sahil Singh,Male,37,Kochi,Kerala,2022-08-13
C2084,Manish Sharma,Female,46,Bhubaneswar,Odisha,2024-09-13
C2085,Anjali Kapoor,Male,46,Noida,Uttar Pradesh,2023-02-23
C2086,Karan Reddy,Male,47,Lucknow,Uttar Pradesh,2024-02-19
C2087,Sneha Roy,Male,34,Mumbai,Maharashtra,2022-05-17
C2088,Rohan Das,Female,40,Delhi,Delhi,2022-08-14
C2089,Manish Kapoor,Male,47,Hyderabad,Telangana,2025-09-19
C2090,Pooja Jain,Male,28,Kochi,Kerala,2025-06-06
C2091,Neha Patel,Female,31,Delhi,Delhi,2022-11-19
C2092,Aditya Sinha,Female,34,Kochi,Kerala,2025-02-05
C2093,Priya Kumar,Female,43,Surat,Gujarat,2024-03-22
C2094,Kavya Jain,Female,43,Kochi,Kerala,2023-03-21
C2095,Arjun Singh,Male,32,Bhubaneswar,Odisha,2022-01-07
C2096,Vikram Sinha,Male,19,Bengaluru,Karnataka,2022-05-08
C2097,Priya Mehta,Female,36,Bengaluru,Karnataka,2025-10-08
C2098,Vikram Kumar,Male,25,Jaipur,Rajasthan,2022-09-24
C2099,Anjali Yadav,Female,19,Kolkata,West Bengal,2023-11-16
C2100,Sneha Das,Female,21,Chandigarh,Chandigarh,2024-07-16
C2101,Amit Jain,Female,37,Mumbai,Maharashtra,2022-08-02
C2102,Aarav Jain,Male,48,Ahmedabad,Gujarat,2022-09-04
C2103,Pooja Patel,Female,34,Mumbai,Maharashtra,2025-10-29
C2104,Neha Singh,Female,36,Hyderabad,Telangana,2023-02-25
C2105,Pooja Kapoor,Female,46,Indore,Madhya Pradesh,2024-11-30
C2106,Karan Reddy,Male,19,Hyderabad,Telangana,2023-12-18
C2107,Anjali Mishra,Male,39,Chandigarh,Chandigarh,2025-10-03
C2108,Arjun Sharma,Male,34,Bhopal,Madhya Pradesh,2022-05-23
C2109,Kavya Singh,Male,40,Chandigarh,Chandigarh,2022-05-21
C2110,Priya Roy,Male,29,Kochi,Kerala,2023-07-19
C2111,Vikram Singh,Female,26,Bhubaneswar,Odisha,2022-04-17
C2112,Riya Gupta,Female,35,Noida,Uttar Pradesh,2022-02-02
C2113,Aditya Reddy,Female,50,Kolkata,West Bengal,2025-05-08
C2114,Priya Sharma,Male,43,Patna,Bihar,2022-04-29
C2115,Sneha Das,Male,29,Mumbai,Maharashtra,2022-08-17
C2116,Riya Reddy,Female,21,Gurugram,Haryana,2023-11-19
C2117,Manish Mehta,Male,18,Gurugram,Haryana,2025-04-23
C2118,Sneha Kapoor,Male,47,Chennai,Tamil Nadu,2024-04-09
C2119,Rahul Singh,Male,24,Gurugram,Haryana,2024-10-07
C2120,Simran Kapoor,Female,31,Mumbai,Maharashtra,2024-04-29
C2121,Sahil Gupta,Female,47,Lucknow,Uttar Pradesh,2025-05-23
C2122,Sahil Reddy,Male,18,Mumbai,Maharashtra,2024-01-03
C2123,Manish Jain,Female,49,Patna,Bihar,2025-02-27
C2124,Simran Verma,Male,31,Noida,Uttar Pradesh,2024-04-24
C2125,Karan Gupta,Male,23,Indore,Madhya Pradesh,2022-09-29
C2126,Rahul Verma,Female,32,Jaipur,Rajasthan,2023-09-27
C2127,Aditya Reddy,Female,27,Gurugram,Haryana,2024-10-28
C2128,Karan Gupta,Female,38,Jaipur,Rajasthan,2023-02-07
C2129,Sneha Gupta,Female,28,Bengaluru,Karnataka,2024-07-16
C2130,Simran Mehta,Female,18,Jaipur,Rajasthan,2023-09-19
C2131,Anjali Kapoor,Female,32,Kochi,Kerala,2025-10-24
C2132,Simran Roy,Female,20,Gurugram,Haryana,2023-09-09
C2133,Isha Gupta,Female,36,Pune,Maharashtra,2024-09-07
C2134,Neha Roy,Female,22,Surat,Gujarat,2023-06-21
C2135,Arjun Sinha,Female,29,Surat,Gujarat,2024-12-12
C2136,Vikram Gupta,Male,36,Delhi,Delhi,2022-09-04
C2137,Simran Jain,Female,32,Hyderabad,Telangana,2022-12-03
C2138,Arjun Das,Male,37,Hyderabad,Telangana,2025-07-28
C2139,Anjali Das,Male,41,Pune,Maharashtra,2022-02-02
C2140,Arjun Patel,Female,22,Ahmedabad,Gujarat,2024-03-09
C2141,Manish Mehta,Male,33,Nagpur,Maharashtra,2023-07-02
C2142,Manish Sharma,Male,18,Chennai,Tamil Nadu,2025-09-28
C2143,Arjun Sinha,Female,36,Pune,Maharashtra,2024-06-09
C2144,Priya Das,Male,31,Bhubaneswar,Odisha,2025-06-16
C2145,Arjun Das,Male,24,Bhubaneswar,Odisha,2023-12-30
C2146,Vikram Sharma,Female,37,Hyderabad,Telangana,2025-04-15
C2147,Nisha Sinha,Male,46,Kolkata,West Bengal,2022-02-13
C2148,Kavya Gupta,Male,29,Pune,Maharashtra,2022-10-31
C2149,Aditya Sharma,Male,25,Noida,Uttar Pradesh,2022-09-26
C2150,Sahil Mehta,Male,36,Chennai,Tamil Nadu,2023-11-14
C2151,Arjun Reddy,Female,21,Bhubaneswar,Odisha,2023-02-04
C2152,Aditya Kumar,Female,27,Bengaluru,Karnataka,2023-08-26
C2153,Sahil Roy,Male,46,Pune,Maharashtra,2024-07-10
C2154,Sneha Gupta,Female,35,Kochi,Kerala,2024-08-28
C2155,Rahul Sinha,Male,18,Pune,Maharashtra,2023-03-07
C2156,Simran Gupta,Male,18,Chennai,Tamil Nadu,2023-02-25
C2157,Kavya Reddy,Female,36,Chennai,Tamil Nadu,2022-05-11
C2158,Kavya Roy,Female,43,Mumbai,Maharashtra,2025-12-04
C2159,Sahil Kapoor,Female,18,Kolkata,West Bengal,2025-06-02
C2160,Karan Sharma,Male,38,Indore,Madhya Pradesh,2025-03-12
C2161,Manish Yadav,Male,47,Lucknow,Uttar Pradesh,2023-08-01
C2162,Aarav Reddy,Male,53,Pune,Maharashtra,2023-06-24
C2163,Simran Kapoor,Male,37,Chennai,Tamil Nadu,2022-05-05
C2164,Riya Kapoor,Female,39,Delhi,Delhi,2025-05-20
C2165,Nisha Reddy,Male,18,Chandigarh,Chandigarh,2024-07-22
C2166,Aarav Sinha,Female,55,Noida,Uttar Pradesh,2025-12-22
C2167,Aditya Patel,Male,28,Chandigarh,Chandigarh,2025-12-31
C2168,Aditya Gupta,Male,25,Noida,Uttar Pradesh,2023-08-15
C2169,Pooja Reddy,Male,31,Chennai,Tamil Nadu,2025-06-15
C2170,Anjali Reddy,Male,49,Chandigarh,Chandigarh,2023-10-06
C2171,Simran Roy,Female,56,Hyderabad,Telangana,2022-11-24
C2172,Isha Yadav,Male,35,Nagpur,Maharashtra,2024-03-22
C2173,Manish Kumar,Male,44,Bengaluru,Karnataka,2025-02-16
C2174,Isha Sharma,Female,34,Nagpur,Maharashtra,2022-02-15
C2175,Sneha Jain,Female,24,Patna,Bihar,2022-03-25
C2176,Nisha Jain,Male,49,Bhubaneswar,Odisha,2024-03-04
C2177,Priya Jain,Male,28,Hyderabad,Telangana,2022-12-18
C2178,Amit Patel,Female,49,Mumbai,Maharashtra,2024-11-02
C2179,Sneha Yadav,Female,47,Bhubaneswar,Odisha,2023-09-29
C2180,Kavya Sinha,Female,40,Surat,Gujarat,2025-04-10
C2181,Isha Sinha,Male,52,Noida,Uttar Pradesh,2022-08-22
C2182,Aditya Sharma,Female,56,Ahmedabad,Gujarat,2025-04-19
C2183,Rahul Yadav,Male,32,Bengaluru,Karnataka,2024-12-10
C2184,Nisha Gupta,Male,26,Jaipur,Rajasthan,2024-02-20
C2185,Riya Kapoor,Female,18,Bhubaneswar,Odisha,2023-11-12
C2186,Vikram Kumar,Male,56,Kolkata,West Bengal,2025-11-19
C2187,Rahul Das,Male,30,Lucknow,Uttar Pradesh,2024-07-21
C2188,Sahil Patel,Male,45,Lucknow,Uttar Pradesh,2025-12-23
C2189,Aditya Sharma,Male,27,Chandigarh,Chandigarh,2025-07-21
C2190,Karan Sharma,Female,49,Nagpur,Maharashtra,2024-05-10
C2191,Amit Patel,Female,27,Jaipur,Rajasthan,2025-05-15
C2192,Manish Jain,Male,22,Nagpur,Maharashtra,2022-05-28
C2193,Aditya Singh,Male,32,Jaipur,Rajasthan,2022-10-27
C2194,Aditya Verma,Female,29,Jaipur,Rajasthan,2023-07-03
C2195,Simran Reddy,Female,40,Delhi,Delhi,2024-09-04
C2196,Isha Verma,Male,33,Mumbai,Maharashtra,2023-01-18
C2197,Rahul Jain,Female,40,Surat,Gujarat,2024-03-10
C2198,Vikram Patel,Female,31,Delhi,Delhi,2023-06-18
C2199,Priya Patel,Male,27,Lucknow,Uttar Pradesh,2025-06-10
C2200,Kavya Jain,Male,28,Noida,Uttar Pradesh,2025-02-26
C2201,Arjun Mishra,Male,54,Ahmedabad,Gujarat,2023-07-24
C2202,Manish Gupta,Female,36,Patna,Bihar,2024-07-19
C2203,Sahil Yadav,Male,18,Mumbai,Maharashtra,2022-08-25
C2204,Neha Sharma,Male,29,Ahmedabad,Gujarat,2024-08-23
C2205,Riya Kapoor,Male,35,Ahmedabad,Gujarat,2023-12-02
C2206,Manish Jain,Female,52,Nagpur,Maharashtra,2024-01-24
C2207,Arjun Mehta,Male,44,Indore,Madhya Pradesh,2023-07-29
C2208,Arjun Kapoor,Female,25,Nagpur,Maharashtra,2025-06-18
C2209,Karan Mishra,Female,58,Chandigarh,Chandigarh,2024-08-14
C2210,Nisha Gupta,Male,34,Gurugram,Haryana,2024-10-13
C2211,Aarav Mehta,Male,46,Chennai,Tamil Nadu,2024-02-10
C2212,Neha Singh,Male,22,Bhopal,Madhya Pradesh,2022-08-11
C2213,Vikram Das,Female,18,Delhi,Delhi,2025-01-27
C2214,Neha Gupta,Male,20,Chennai,Tamil Nadu,2023-07-11
C2215,Vikram Sinha,Male,18,Ahmedabad,Gujarat,2024-06-29
C2216,Simran Roy,Male,55,Chandigarh,Chandigarh,2022-09-30
C2217,Simran Reddy,Male,36,Ahmedabad,Gujarat,2025-11-23
C2218,Riya Reddy,Female,25,Patna,Bihar,2023-03-06
C2219,Simran Verma,Female,39,Delhi,Delhi,2023-06-07
C2220,Isha Jain,Female,36,Chandigarh,Chandigarh,2024-08-17
C2221,Simran Verma,Male,40,Gurugram,Haryana,2025-10-03
C2222,Karan Jain,Male,46,Bengaluru,Karnataka,2024-06-28
C2223,Riya Reddy,Female,31,Nagpur,Maharashtra,2023-03-27
C2224,Rahul Gupta,Male,25,Chennai,Tamil Nadu,2024-10-08
C2225,Sahil Reddy,Female,42,Bhubaneswar,Odisha,2022-02-11
C2226,Aarav Sharma,Male,42,Ahmedabad,Gujarat,2022-04-04
C2227,Sneha Verma,Male,35,Kochi,Kerala,2023-05-01
C2228,Amit Jain,Female,56,Hyderabad,Telangana,2023-06-01
C2229,Rahul Singh,Female,30,Patna,Bihar,2025-03-19
C2230,Vikram Yadav,Female,25,Bhubaneswar,Odisha,2023-12-18
C2231,Riya Sharma,Male,38,Indore,Madhya Pradesh,2023-05-14
C2232,Priya Reddy,Male,27,Gurugram,Haryana,2023-01-06
C2233,Nisha Sharma,Female,39,Pune,Maharashtra,2024-09-07
C2234,Kavya Kapoor,Female,26,Gurugram,Haryana,2023-11-30
C2235,Aditya Mishra,Female,30,Gurugram,Haryana,2023-04-30
C2236,Kavya Reddy,Male,53,Patna,Bihar,2023-10-27
C2237,Aditya Patel,Female,30,Chennai,Tamil Nadu,2025-11-07
C2238,Aditya Singh,Female,26,Chennai,Tamil Nadu,2023-09-20
C2239,Sneha Kumar,Female,46,Ahmedabad,Gujarat,2024-01-02
C2240,Priya Roy,Female,23,Lucknow,Uttar Pradesh,2022-07-11
C2241,Pooja Singh,Male,27,Kolkata,West Bengal,2024-04-15
C2242,Sahil Mehta,Female,40,Indore,Madhya Pradesh,2025-05-29
C2243,Neha Reddy,Female,43,Surat,Gujarat,2024-12-06
C2244,Pooja Sinha,Female,46,Nagpur,Maharashtra,2022-05-07
C2245,Aarav Gupta,Female,27,Ahmedabad,Gujarat,2023-12-28
C2246,Aarav Sharma,Female,40,Ahmedabad,Gujarat,2024-10-27
C2247,Sahil Patel,Female,29,Jaipur,Rajasthan,2023-11-27
C2248,Isha Kapoor,Male,28,Mumbai,Maharashtra,2025-02-13
C2249,Arjun Mishra,Male,46,Indore,Madhya Pradesh,2023-07-18
C2250,Priya Mishra,Male,29,Noida,Uttar Pradesh,2023-01-01
C2251,Manish Mehta,Male,37,Bengaluru,Karnataka,2024-12-05
C2252,Arjun Mehta,Male,36,Nagpur,Maharashtra,2023-01-28
C2253,Karan Roy,Male,23,Hyderabad,Telangana,2024-08-11
C2254,Aditya Das,Male,44,Hyderabad,Telangana,2022-01-23
C2255,Vikram Roy,Male,40,Kochi,Kerala,2025-02-28
C2256,Vikram Gupta,Male,18,Jaipur,Rajasthan,2025-02-24
C2257,Aarav Sharma,Male,37,Jaipur,Rajasthan,2023-03-21
C2258,Simran Das,Female,26,Noida,Uttar Pradesh,2024-02-16
C2259,Amit Reddy,Male,45,Lucknow,Uttar Pradesh,2025-08-25
C2260,Riya Kapoor,Male,20,Hyderabad,Telangana,2023-12-09
C2261,Anjali Patel,Female,30,Bhopal,Madhya Pradesh,2023-03-09
C2262,Sahil Yadav,Female,38,Ahmedabad,Gujarat,2023-04-18
C2263,Sneha Mishra,Male,35,Mumbai,Maharashtra,2022-02-17
C2264,Nisha Mishra,Female,42,Chandigarh,Chandigarh,2025-01-10
C2265,Pooja Yadav,Female,19,Surat,Gujarat,2025-02-06
C2266,Isha Kapoor,Female,51,Mumbai,Maharashtra,2022-09-20
C2267,Rohan Das,Male,39,Patna,Bihar,2024-11-20
C2268,Vikram Das,Female,48,Lucknow,Uttar Pradesh,2022-12-24
C2269,Pooja Sinha,Male,43,Indore,Madhya Pradesh,2023-07-22
C2270,Rohan Mishra,Female,34,Nagpur,Maharashtra,2023-04-25
C2271,Amit Patel,Female,21,Ahmedabad,Gujarat,2024-05-16
C2272,Rahul Kumar,Male,28,Noida,Uttar Pradesh,2025-04-27
C2273,Karan Kapoor,Female,50,Jaipur,Rajasthan,2024-10-25
C2274,Isha Verma,Male,48,Ahmedabad,Gujarat,2025-08-02
C2275,Simran Gupta,Female,28,Kochi,Kerala,2025-11-18
C2276,Aditya Jain,Female,18,Noida,Uttar Pradesh,2023-12-09
C2277,Rohan Das,Male,32,Bhubaneswar,Odisha,2023-03-02
C2278,Arjun Sinha,Female,31,Bhubaneswar,Odisha,2024-11-16
C2279,Sneha Mishra,Male,32,Bhopal,Madhya Pradesh,2022-05-07
C2280,Manish Das,Male,39,Gurugram,Haryana,2022-05-15
C2281,Aarav Yadav,Female,43,Kochi,Kerala,2022-11-27
C2282,Sahil Jain,Male,44,Nagpur,Maharashtra,2023-01-27
C2283,Riya Roy,Female,38,Bengaluru,Karnataka,2022-01-08
C2284,Riya Patel,Male,18,Pune,Maharashtra,2023-09-05
C2285,Riya Das,Male,31,Nagpur,Maharashtra,2025-07-08
C2286,Sneha Yadav,Female,57,Bhopal,Madhya Pradesh,2025-05-07
C2287,Rohan Patel,Male,38,Jaipur,Rajasthan,2023-08-21
C2288,Pooja Roy,Female,38,Indore,Madhya Pradesh,2023-01-21
C2289,Arjun Jain,Female,38,Noida,Uttar Pradesh,2023-04-17
C2290,Rohan Jain,Female,38,Chandigarh,Chandigarh,2022-06-28
C2291,Arjun Das,Female,18,Ahmedabad,Gujarat,2023-03-26
C2292,Rahul Singh,Female,32,Kochi,Kerala,2025-06-17
C2293,Aarav Verma,Male,34,Ahmedabad,Gujarat,2024-03-25
C2294,Isha Kumar,Female,47,Kochi,Kerala,2025-04-21
C2295,Rahul Kapoor,Male,34,Pune,Maharashtra,2022-12-24
C2296,Anjali Reddy,Female,18,Bhopal,Madhya Pradesh,2023-01-11
C2297,Arjun Verma,Female,38,Patna,Bihar,2023-12-03
C2298,Aarav Gupta,Female,26,Patna,Bihar,2024-04-17
C2299,Manish Sharma,Female,22,Chandigarh,Chandigarh,2023-06-22
C2300,Priya Kapoor,Female,26,Noida,Uttar Pradesh,2024-02-21
C2301,Nisha Singh,Female,39,Mumbai,Maharashtra,2022-03-23
C2302,Karan Reddy,Female,47,Indore,Madhya Pradesh,2025-10-13
C2303,Aditya Yadav,Male,39,Bhubaneswar,Odisha,2022-07-04
C2304,Isha Jain,Male,40,Noida,Uttar Pradesh,2022-10-15
C2305,Amit Gupta,Male,39,Indore,Madhya Pradesh,2024-12-21
C2306,Priya Yadav,Female,35,Gurugram,Haryana,2024-06-01
C2307,Riya Mishra,Male,41,Bhopal,Madhya Pradesh,2023-05-22
C2308,Manish Jain,Male,18,Chandigarh,Chandigarh,2022-01-30
C2309,Anjali Reddy,Male,35,Patna,Bihar,2024-07-24
C2310,Arjun Roy,Female,24,Chennai,Tamil Nadu,2022-01-31
C2311,Simran Singh,Female,46,Delhi,Delhi,2025-08-09
C2312,Manish Verma,Male,33,Bengaluru,Karnataka,2025-04-11
C2313,Manish Mehta,Male,34,Gurugram,Haryana,2025-02-25
C2314,Arjun Mishra,Male,19,Pune,Maharashtra,2022-03-27
C2315,Nisha Mehta,Male,44,Bhopal,Madhya Pradesh,2025-08-31
C2316,Riya Mishra,Male,40,Indore,Madhya Pradesh,2022-01-28
C2317,Neha Das,Female,40,Chennai,Tamil Nadu,2022-05-02
C2318,Sahil Gupta,Female,26,Indore,Madhya Pradesh,2025-06-28
C2319,Simran Sinha,Male,26,Ahmedabad,Gujarat,2023-07-27
C2320,Neha Das,Male,36,Lucknow,Uttar Pradesh,2023-02-07
C2321,Rahul Kapoor,Male,27,Surat,Gujarat,2023-11-14
C2322,Priya Jain,Male,38,Ahmedabad,Gujarat,2022-09-29
C2323,Sahil Yadav,Male,18,Delhi,Delhi,2024-04-16
C2324,Sneha Singh,Male,29,Bhopal,Madhya Pradesh,2022-04-23
C2325,Riya Yadav,Male,52,Chennai,Tamil Nadu,2025-11-18
C2326,Aarav Sinha,Female,38,Bengaluru,Karnataka,2022-01-19
C2327,Kavya Patel,Female,36,Delhi,Delhi,2023-08-28
C2328,Rahul Patel,Female,54,Hyderabad,Telangana,2023-04-10
C2329,Neha Jain,Male,18,Ahmedabad,Gujarat,2023-11-22
C2330,Amit Singh,Female,26,Bengaluru,Karnataka,2024-10-07
C2331,Aditya Mehta,Female,30,Lucknow,Uttar Pradesh,2025-04-29
C2332,Anjali Kumar,Male,43,Mumbai,Maharashtra,2024-10-10
C2333,Manish Mehta,Male,43,Patna,Bihar,2022-06-12
C2334,Aditya Das,Male,25,Lucknow,Uttar Pradesh,2023-11-30
C2335,Rohan Das,Male,44,Kochi,Kerala,2022-10-22
C2336,Anjali Reddy,Male,30,Pune,Maharashtra,2023-08-02
C2337,Sahil Jain,Female,46,Mumbai,Maharashtra,2025-01-01
C2338,Manish Reddy,Male,24,Jaipur,Rajasthan,2023-12-02
C2339,Amit Patel,Male,33,Surat,Gujarat,2025-08-25
C2340,Rohan Singh,Female,29,Chandigarh,Chandigarh,2022-10-29
C2341,Isha Das,Female,45,Jaipur,Rajasthan,2025-08-24
C2342,Rohan Mehta,Male,29,Bhubaneswar,Odisha,2022-05-04
C2343,Priya Jain,Female,34,Hyderabad,Telangana,2023-10-31
C2344,Kavya Sinha,Male,39,Lucknow,Uttar Pradesh,2025-07-08
C2345,Sneha Yadav,Male,39,Bhopal,Madhya Pradesh,2022-07-14
C2346,Anjali Jain,Female,43,Nagpur,Maharashtra,2024-04-21
C2347,Neha Roy,Male,36,Kochi,Kerala,2022-12-17
C2348,Karan Verma,Male,30,Kochi,Kerala,2023-05-04
C2349,Sahil Gupta,Male,31,Mumbai,Maharashtra,2022-07-19
C2350,Rohan Roy,Female,34,Bhubaneswar,Odisha,2024-06-02
C2351,Aditya Jain,Female,36,Patna,Bihar,2023-05-23
C2352,Aditya Reddy,Male,33,Surat,Gujarat,2024-06-16
C2353,Arjun Roy,Female,34,Gurugram,Haryana,2023-03-22
C2354,Arjun Das,Male,19,Kolkata,West Bengal,2022-03-21
C2355,Vikram Das,Female,41,Gurugram,Haryana,2024-01-15
C2356,Neha Sharma,Male,36,Chennai,Tamil Nadu,2023-11-29
C2357,Nisha Mehta,Female,44,Hyderabad,Telangana,2024-07-19
C2358,Riya Roy,Female,34,Indore,Madhya Pradesh,2023-10-16
C2359,Kavya Sharma,Female,18,Hyderabad,Telangana,2024-06-20
C2360,Rohan Mishra,Male,30,Bhubaneswar,Odisha,2022-09-29
C2361,Pooja Jain,Female,32,Lucknow,Uttar Pradesh,2025-09-28
C2362,Rahul Yadav,Male,41,Bengaluru,Karnataka,2022-05-04
C2363,Nisha Das,Female,18,Chennai,Tamil Nadu,2025-05-31
C2364,Aditya Kumar,Male,34,Kolkata,West Bengal,2023-11-17
C2365,Nisha Patel,Male,39,Ahmedabad,Gujarat,2023-10-14
C2366,Neha Kumar,Male,27,Pune,Maharashtra,2022-10-24
C2367,Amit Yadav,Male,35,Lucknow,Uttar Pradesh,2025-02-16
C2368,Rohan Kapoor,Female,28,Kolkata,West Bengal,2024-02-26
C2369,Aditya Das,Female,27,Kochi,Kerala,2025-01-04
C2370,Aarav Mehta,Female,30,Hyderabad,Telangana,2023-09-13
C2371,Neha Sinha,Female,27,Chandigarh,Chandigarh,2024-08-30
C2372,Aarav Roy,Female,41,Bhubaneswar,Odisha,2024-05-30
C2373,Riya Reddy,Male,27,Nagpur,Maharashtra,2025-07-05
C2374,Karan Das,Male,25,Pune,Maharashtra,2022-12-17
C2375,Sahil Gupta,Male,52,Hyderabad,Telangana,2025-07-24
C2376,Aditya Das,Male,44,Kochi,Kerala,2022-09-12
C2377,Kavya Verma,Male,18,Bengaluru,Karnataka,2025-07-11
C2378,Arjun Jain,Male,26,Chennai,Tamil Nadu,2023-11-10
C2379,Karan Roy,Male,36,Surat,Gujarat,2022-01-29
C2380,Anjali Sharma,Male,37,Bhubaneswar,Odisha,2023-04-12
C2381,Anjali Sinha,Female,19,Hyderabad,Telangana,2024-11-24
C2382,Amit Kapoor,Male,46,Mumbai,Maharashtra,2024-01-19
C2383,Riya Gupta,Male,42,Noida,Uttar Pradesh,2025-08-10
C2384,Nisha Kapoor,Female,39,Gurugram,Haryana,2023-08-25
C2385,Amit Das,Female,48,Gurugram,Haryana,2025-05-11
C2386,Neha Kumar,Male,39,Nagpur,Maharashtra,2024-01-10
C2387,Rohan Das,Male,38,Kochi,Kerala,2024-07-19
C2388,Kavya Das,Male,50,Gurugram,Haryana,2024-12-27
C2389,Riya Sharma,Male,45,Chandigarh,Chandigarh,2022-05-11
C2390,Arjun Sharma,Male,26,Bhopal,Madhya Pradesh,2022-04-21
C2391,Aarav Kapoor,Female,40,Kolkata,West Bengal,2023-06-08
C2392,Aarav Yadav,Female,27,Hyderabad,Telangana,2025-08-04
C2393,Arjun Roy,Male,39,Gurugram,Haryana,2023-11-18
C2394,Aarav Verma,Male,39,Surat,Gujarat,2024-04-10
C2395,Vikram Reddy,Male,20,Chandigarh,Chandigarh,2023-10-28
C2396,Sahil Mehta,Female,33,Hyderabad,Telangana,2024-12-02
C2397,Sahil Kapoor,Male,37,Nagpur,Maharashtra,2024-05-24
C2398,Aarav Mishra,Female,30,Delhi,Delhi,2025-08-10
C2399,Amit Mehta,Female,37,Noida,Uttar Pradesh,2022-10-12
C2400,Anjali Jain,Male,42,Bhubaneswar,Odisha,2024-04-02
C2401,Aarav Jain,Male,34,Nagpur,Maharashtra,2023-07-18
C2402,Aarav Das,Male,36,Indore,Madhya Pradesh,2022-01-19
C2403,Pooja Singh,Male,48,Patna,Bihar,2023-07-01
C2404,Sahil Singh,Male,39,Chandigarh,Chandigarh,2022-02-17
C2405,Karan Sinha,Male,36,Delhi,Delhi,2022-08-07
C2406,Riya Kumar,Male,24,Nagpur,Maharashtra,2024-02-05
C2407,Vikram Mehta,Male,41,Kolkata,West Bengal,2025-04-26
C2408,Sahil Mishra,Female,37,Hyderabad,Telangana,2022-01-31
C2409,Nisha Gupta,Male,47,Bhubaneswar,Odisha,2022-09-16
C2410,Sahil Sharma,Female,34,Surat,Gujarat,2025-09-29
C2411,Simran Mishra,Female,18,Indore,Madhya Pradesh,2022-11-04
C2412,Isha Kumar,Female,18,Indore,Madhya Pradesh,2024-12-30
C2413,Rahul Roy,Female,41,Kolkata,West Bengal,2022-11-03
C2414,Riya Gupta,Male,28,Indore,Madhya Pradesh,2023-07-22
C2415,Sahil Kumar,Male,38,Kochi,Kerala,2025-01-27
C2416,Amit Reddy,Female,35,Patna,Bihar,2022-01-21
C2417,Pooja Kapoor,Female,32,Pune,Maharashtra,2024-10-26
C2418,Aarav Roy,Female,33,Jaipur,Rajasthan,2022-08-19
C2419,Isha Yadav,Female,25,Surat,Gujarat,2022-03-23
C2420,Kavya Reddy,Male,34,Chennai,Tamil Nadu,2024-08-15
C2421,Priya Sharma,Male,28,Bhubaneswar,Odisha,2022-08-05
C2422,Vikram Yadav,Male,30,Lucknow,Uttar Pradesh,2022-12-01
C2423,Simran Sharma,Male,31,Noida,Uttar Pradesh,2023-07-13
C2424,Aditya Reddy,Male,32,Bengaluru,Karnataka,2024-05-13
C2425,Manish Roy,Female,43,Chandigarh,Chandigarh,2024-05-23
C2426,Pooja Sinha,Female,33,Patna,Bihar,2024-01-23
C2427,Simran Reddy,Male,44,Nagpur,Maharashtra,2023-08-17
C2428,Vikram Roy,Female,49,Chandigarh,Chandigarh,2023-12-05
C2429,Arjun Singh,Female,43,Kolkata,West Bengal,2024-07-13
C2430,Nisha Verma,Female,39,Nagpur,Maharashtra,2023-07-07
C2431,Pooja Patel,Male,37,Chandigarh,Chandigarh,2024-02-22
C2432,Neha Roy,Female,43,Gurugram,Haryana,2022-03-28
C2433,Isha Patel,Female,35,Gurugram,Haryana,2023-05-28
C2434,Karan Gupta,Male,44,Lucknow,Uttar Pradesh,2024-09-10
C2435,Neha Yadav,Male,40,Bengaluru,Karnataka,2024-10-05
C2436,Sahil Sinha,Female,30,Kochi,Kerala,2023-08-10
C2437,Karan Reddy,Male,43,Gurugram,Haryana,2023-05-13
C2438,Rahul Jain,Male,35,Chennai,Tamil Nadu,2024-06-25
C2439,Anjali Yadav,Male,33,Chennai,Tamil Nadu,2024-08-13
C2440,Karan Singh,Female,29,Bhubaneswar,Odisha,2024-01-13
C2441,Amit Reddy,Female,36,Nagpur,Maharashtra,2023-03-25
C2442,Sahil Singh,Male,44,Lucknow,Uttar Pradesh,2023-08-11
C2443,Neha Verma,Male,43,Chennai,Tamil Nadu,2022-09-17
C2444,Neha Singh,Female,38,Hyderabad,Telangana,2025-05-08
C2445,Sahil Sinha,Female,40,Kolkata,West Bengal,2023-04-08
C2446,Aarav Mishra,Female,47,Hyderabad,Telangana,2022-04-04
C2447,Neha Roy,Male,33,Pune,Maharashtra,2024-10-17
C2448,Amit Kumar,Male,23,Pune,Maharashtra,2025-10-07
C2449,Sahil Mehta,Male,47,Noida,Uttar Pradesh,2025-02-05
C2450,Anjali Verma,Female,29,Bengaluru,Karnataka,2022-12-21
C2451,Vikram Sinha,Male,27,Delhi,Delhi,2023-04-14
C2452,Karan Sinha,Male,18,Hyderabad,Telangana,2022-04-05
C2453,Kavya Roy,Male,40,Kolkata,West Bengal,2024-05-17
C2454,Priya Das,Male,18,Jaipur,Rajasthan,2022-04-01
C2455,Simran Mehta,Female,26,Kochi,Kerala,2024-12-03
C2456,Karan Reddy,Male,40,Bhopal,Madhya Pradesh,2024-08-12
C2457,Pooja Sinha,Female,41,Bhubaneswar,Odisha,2023-01-19
C2458,Sahil Patel,Female,27,Hyderabad,Telangana,2022-01-23
C2459,Rahul Reddy,Male,33,Bhopal,Madhya Pradesh,2022-01-23
C2460,Isha Sinha,Female,25,Lucknow,Uttar Pradesh,2025-06-11
C2461,Manish Patel,Female,29,Pune,Maharashtra,2022-11-07
C2462,Vikram Singh,Female,37,Bengaluru,Karnataka,2025-12-11
C2463,Arjun Yadav,Male,29,Kochi,Kerala,2025-09-18
C2464,Sneha Yadav,Male,32,Lucknow,Uttar Pradesh,2023-07-29
C2465,Riya Sinha,Male,19,Surat,Gujarat,2022-04-13
C2466,Priya Kumar,Female,45,Surat,Gujarat,2023-05-15
C2467,Riya Roy,Female,39,Lucknow,Uttar Pradesh,2024-04-07
C2468,Aarav Reddy,Female,42,Chandigarh,Chandigarh,2022-07-08
C2469,Kavya Roy,Male,47,Kolkata,West Bengal,2023-04-05
C2470,Aarav Reddy,Male,26,Bhopal,Madhya Pradesh,2022-07-08
C2471,Rohan Kapoor,Female,30,Jaipur,Rajasthan,2022-12-17
C2472,Kavya Reddy,Male,18,Chandigarh,Chandigarh,2023-08-04
C2473,Nisha Kapoor,Female,65,Hyderabad,Telangana,2022-04-24
C2474,Nisha Mishra,Male,33,Patna,Bihar,2022-04-14
C2475,Karan Singh,Male,44,Bhubaneswar,Odisha,2023-09-12
C2476,Sahil Roy,Male,22,Noida,Uttar Pradesh,2025-09-30
C2477,Anjali Roy,Male,44,Patna,Bihar,2024-11-10
C2478,Sahil Jain,Male,53,Hyderabad,Telangana,2023-01-22
C2479,Riya Sharma,Male,33,Noida,Uttar Pradesh,2024-08-01
C2480,Simran Patel,Male,24,Delhi,Delhi,2024-05-04
C2481,Amit Roy,Male,33,Pune,Maharashtra,2025-05-17
C2482,Neha Roy,Male,18,Kolkata,West Bengal,2023-04-28
C2483,Neha Singh,Female,34,Indore,Madhya Pradesh,2023-04-18
C2484,Sahil Patel,Male,42,Noida,Uttar Pradesh,2024-05-08
C2485,Neha Patel,Female,34,Patna,Bihar,2024-07-30
C2486,Arjun Mishra,Female,31,Bhubaneswar,Odisha,2023-01-28
C2487,Aarav Verma,Female,39,Indore,Madhya Pradesh,2023-05-31
C2488,Manish Verma,Female,40,Surat,Gujarat,2025-04-26
C2489,Isha Kumar,Male,18,Pune,Maharashtra,2022-12-12
C2490,Karan Gupta,Female,35,Lucknow,Uttar Pradesh,2025-10-07
C2491,Rahul Sinha,Female,58,Bhopal,Madhya Pradesh,2023-06-25
C2492,Sahil Mishra,Female,21,Kochi,Kerala,2022-02-16
C2493,Pooja Mehta,Male,33,Chennai,Tamil Nadu,2025-01-05
C2494,Aditya Verma,Male,53,Noida,Uttar Pradesh,2022-12-09
C2495,Neha Das,Male,45,Chennai,Tamil Nadu,2025-04-29
C2496,Isha Singh,Female,29,Bengaluru,Karnataka,2023-06-27
C2497,Neha Kapoor,Female,36,Chennai,Tamil Nadu,2024-03-29
C2498,Sahil Mishra,Male,34,Nagpur,Maharashtra,2024-11-25
C2499,Rahul Das,Male,27,Gurugram,Haryana,2024-01-27
C2500,Aditya Das,Female,33,Gurugram,Haryana,2025-12-18
C2501,Riya Sharma,Male,31,Bhopal,Madhya Pradesh,2022-12-17
C2502,Rahul Verma,Female,35,Jaipur,Rajasthan,2022-07-07
C2503,Simran Sharma,Female,27,Delhi,Delhi,2022-11-30
C2504,Rahul Singh,Male,21,Noida,Uttar Pradesh,2023-04-28
C2505,Amit Singh,Female,34,Hyderabad,Telangana,2025-05-24
C2506,Aarav Gupta,Male,51,Lucknow,Uttar Pradesh,2025-03-27
C2507,Neha Sharma,Female,35,Pune,Maharashtra,2023-10-29
C2508,Nisha Kumar,Female,31,Delhi,Delhi,2025-06-18
C2509,Aarav Yadav,Female,42,Nagpur,Maharashtra,2022-10-23
C2510,Kavya Singh,Male,32,Mumbai,Maharashtra,2022-02-14
C2511,Vikram Patel,Male,53,Patna,Bihar,2023-05-10
C2512,Neha Verma,Male,34,Jaipur,Rajasthan,2022-06-24
C2513,Amit Roy,Male,41,Pune,Maharashtra,2024-09-30
C2514,Vikram Das,Male,26,Nagpur,Maharashtra,2025-10-01
C2515,Rahul Yadav,Female,39,Nagpur,Maharashtra,2022-02-25
C2516,Karan Jain,Male,37,Mumbai,Maharashtra,2022-12-07
C2517,Aditya Patel,Male,33,Kolkata,West Bengal,2025-02-05
C2518,Rahul Sharma,Male,29,Kochi,Kerala,2022-08-02
C2519,Isha Sinha,Female,28,Kolkata,West Bengal,2024-01-28
C2520,Manish Reddy,Female,37,Mumbai,Maharashtra,2025-11-21
C2521,Sahil Yadav,Male,40,Delhi,Delhi,2023-07-04
C2522,Nisha Sharma,Male,33,Lucknow,Uttar Pradesh,2023-05-12
C2523,Nisha Mishra,Male,37,Chennai,Tamil Nadu,2022-06-22
C2524,Kavya Sharma,Male,34,Mumbai,Maharashtra,2022-04-15
C2525,Arjun Yadav,Male,35,Surat,Gujarat,2023-04-24
C2526,Sahil Mishra,Female,32,Mumbai,Maharashtra,2025-11-23
C2527,Manish Yadav,Female,34,Lucknow,Uttar Pradesh,2023-03-10
C2528,Rohan Sharma,Female,61,Mumbai,Maharashtra,2023-10-04
C2529,Aarav Sinha,Female,37,Surat,Gujarat,2023-11-24
C2530,Amit Yadav,Female,40,Surat,Gujarat,2024-09-17
C2531,Kavya Kapoor,Female,38,Gurugram,Haryana,2024-07-10
C2532,Kavya Reddy,Male,31,Pune,Maharashtra,2022-07-13
C2533,Aarav Sinha,Male,47,Bhopal,Madhya Pradesh,2024-04-22
C2534,Isha Das,Male,31,Indore,Madhya Pradesh,2024-03-11
C2535,Pooja Jain,Male,45,Ahmedabad,Gujarat,2025-09-26
C2536,Arjun Singh,Female,31,Kolkata,West Bengal,2022-02-28
C2537,Riya Gupta,Male,24,Lucknow,Uttar Pradesh,2023-04-23
C2538,Priya Sharma,Male,38,Bengaluru,Karnataka,2025-01-31
C2539,Manish Patel,Male,23,Gurugram,Haryana,2023-06-17
C2540,Arjun Sinha,Male,39,Nagpur,Maharashtra,2023-08-15
C2541,Aarav Kumar,Female,22,Pune,Maharashtra,2024-04-18
C2542,Aarav Mehta,Female,31,Bhubaneswar,Odisha,2025-09-07
C2543,Amit Mehta,Female,20,Hyderabad,Telangana,2023-07-03
C2544,Rahul Sinha,Male,62,Kochi,Kerala,2024-11-03
C2545,Rohan Mehta,Female,18,Bhubaneswar,Odisha,2022-08-09
C2546,Arjun Sinha,Male,34,Indore,Madhya Pradesh,2024-05-25
C2547,Riya Mehta,Female,45,Ahmedabad,Gujarat,2025-11-15
C2548,Rohan Sharma,Male,44,Indore,Madhya Pradesh,2023-11-09
C2549,Amit Sharma,Male,43,Bhubaneswar,Odisha,2025-04-11
C2550,Sneha Kapoor,Male,31,Kochi,Kerala,2023-10-24
C2551,Isha Gupta,Male,48,Jaipur,Rajasthan,2023-11-15
C2552,Priya Verma,Female,43,Ahmedabad,Gujarat,2025-01-09
C2553,Aarav Jain,Male,36,Nagpur,Maharashtra,2022-12-02
C2554,Amit Yadav,Male,36,Mumbai,Maharashtra,2022-08-13
C2555,Priya Das,Male,31,Bengaluru,Karnataka,2024-05-20
C2556,Aarav Gupta,Female,25,Ahmedabad,Gujarat,2022-02-04
C2557,Rohan Yadav,Male,46,Bhopal,Madhya Pradesh,2022-07-07
C2558,Aarav Sharma,Female,47,Delhi,Delhi,2025-06-01
C2559,Sneha Gupta,Female,25,Lucknow,Uttar Pradesh,2023-10-05
C2560,Kavya Verma,Male,32,Bhubaneswar,Odisha,2024-08-20
C2561,Arjun Patel,Male,33,Bengaluru,Karnataka,2024-08-25
C2562,Riya Reddy,Male,34,Kolkata,West Bengal,2023-05-09
C2563,Isha Das,Female,35,Pune,Maharashtra,2022-11-07
C2564,Simran Sharma,Male,43,Bhubaneswar,Odisha,2023-06-05
C2565,Pooja Jain,Male,27,Noida,Uttar Pradesh,2023-01-04
C2566,Rahul Mishra,Female,26,Patna,Bihar,2024-01-16
C2567,Manish Das,Female,46,Gurugram,Haryana,2022-01-31
C2568,Vikram Das,Male,29,Chennai,Tamil Nadu,2025-06-09
C2569,Manish Mehta,Male,21,Gurugram,Haryana,2024-09-24
C2570,Riya Reddy,Male,29,Patna,Bihar,2023-05-12
C2571,Rahul Kumar,Male,31,Bhopal,Madhya Pradesh,2024-08-21
C2572,Aarav Kumar,Male,50,Lucknow,Uttar Pradesh,2025-04-13
C2573,Vikram Sinha,Female,43,Ahmedabad,Gujarat,2022-10-25
C2574,Priya Patel,Male,45,Jaipur,Rajasthan,2025-10-20
C2575,Kavya Kapoor,Female,42,Hyderabad,Telangana,2025-01-14
C2576,Manish Jain,Female,43,Chennai,Tamil Nadu,2023-07-31
C2577,Aditya Yadav,Male,27,Ahmedabad,Gujarat,2025-01-17
C2578,Karan Sharma,Female,32,Jaipur,Rajasthan,2022-02-23
C2579,Rohan Gupta,Male,24,Indore,Madhya Pradesh,2025-10-16
C2580,Sneha Das,Female,32,Indore,Madhya Pradesh,2022-08-17
C2581,Amit Jain,Female,41,Surat,Gujarat,2024-02-18
C2582,Aarav Kumar,Male,35,Kochi,Kerala,2024-09-11
C2583,Manish Reddy,Male,47,Ahmedabad,Gujarat,2023-01-08
C2584,Isha Das,Male,23,Noida,Uttar Pradesh,2023-04-14
C2585,Vikram Das,Male,39,Lucknow,Uttar Pradesh,2023-02-24
C2586,Anjali Sharma,Male,22,Bhubaneswar,Odisha,2023-06-16
C2587,Anjali Gupta,Male,35,Kolkata,West Bengal,2025-11-24
C2588,Isha Singh,Female,41,Bhopal,Madhya Pradesh,2024-09-14
C2589,Manish Kumar,Male,32,Mumbai,Maharashtra,2025-04-22
C2590,Neha Mehta,Female,40,Pune,Maharashtra,2023-07-16
C2591,Sahil Kapoor,Female,24,Surat,Gujarat,2022-03-31
C2592,Amit Sinha,Male,18,Bengaluru,Karnataka,2025-11-07
C2593,Aarav Roy,Female,40,Chandigarh,Chandigarh,2023-01-04
C2594,Arjun Gupta,Male,51,Bengaluru,Karnataka,2025-01-02
C2595,Nisha Singh,Male,24,Noida,Uttar Pradesh,2025-07-16
C2596,Amit Patel,Female,46,Patna,Bihar,2022-01-15
C2597,Aarav Kapoor,Male,34,Ahmedabad,Gujarat,2025-09-14
C2598,Simran Roy,Female,21,Kolkata,West Bengal,2025-11-16
C2599,Sneha Jain,Female,23,Delhi,Delhi,2025-12-28
C2600,Anjali Mishra,Female,34,Delhi,Delhi,2022-12-10
C2601,Priya Singh,Female,30,Ahmedabad,Gujarat,2025-05-03
C2602,Isha Gupta,Female,21,Chennai,Tamil Nadu,2024-11-25
C2603,Nisha Sharma,Male,18,Surat,Gujarat,2024-07-05
C2604,Pooja Reddy,Male,26,Patna,Bihar,2022-07-24
C2605,Neha Roy,Female,36,Chennai,Tamil Nadu,2024-02-15
C2606,Karan Roy,Male,34,Hyderabad,Telangana,2024-12-16
C2607,Isha Sharma,Male,29,Kolkata,West Bengal,2025-02-07
C2608,Kavya Singh,Male,36,Kochi,Kerala,2023-11-17
C2609,Vikram Jain,Female,44,Gurugram,Haryana,2023-12-19
C2610,Vikram Roy,Male,38,Jaipur,Rajasthan,2022-08-13
C2611,Sahil Mishra,Female,33,Bhopal,Madhya Pradesh,2025-11-10
C2612,Arjun Mehta,Male,43,Patna,Bihar,2022-03-05
C2613,Kavya Kumar,Male,24,Kochi,Kerala,2024-08-05
C2614,Aarav Sharma,Male,32,Surat,Gujarat,2024-08-18
C2615,Simran Yadav,Male,32,Delhi,Delhi,2025-10-07
C2616,Vikram Patel,Female,22,Chandigarh,Chandigarh,2022-11-16
C2617,Amit Roy,Male,30,Chandigarh,Chandigarh,2022-12-23
C2618,Kavya Kumar,Male,18,Mumbai,Maharashtra,2022-04-03
C2619,Sahil Kumar,Female,53,Hyderabad,Telangana,2023-11-26
C2620,Aarav Singh,Male,25,Kolkata,West Bengal,2025-08-16
C2621,Sneha Singh,Male,50,Chennai,Tamil Nadu,2025-11-13
C2622,Amit Patel,Male,34,Bengaluru,Karnataka,2023-03-10
C2623,Sneha Singh,Female,40,Delhi,Delhi,2025-01-30
C2624,Riya Kumar,Female,29,Hyderabad,Telangana,2024-04-20
C2625,Aarav Kapoor,Male,36,Bhubaneswar,Odisha,2025-11-02
C2626,Riya Sinha,Male,41,Mumbai,Maharashtra,2025-09-23
C2627,Rohan Kapoor,Male,41,Chennai,Tamil Nadu,2024-10-20
C2628,Kavya Kapoor,Male,42,Bengaluru,Karnataka,2024-06-16
C2629,Anjali Jain,Female,30,Jaipur,Rajasthan,2024-06-02
C2630,Rohan Reddy,Female,29,Bhubaneswar,Odisha,2024-02-17
C2631,Karan Verma,Male,18,Kolkata,West Bengal,2023-05-07
C2632,Kavya Jain,Female,39,Noida,Uttar Pradesh,2024-12-19
C2633,Anjali Yadav,Male,45,Kolkata,West Bengal,2024-03-23
C2634,Kavya Gupta,Male,50,Gurugram,Haryana,2023-01-27
C2635,Kavya Mishra,Male,37,Bhopal,Madhya Pradesh,2025-02-16
C2636,Sahil Verma,Male,26,Patna,Bihar,2025-09-13
C2637,Arjun Mehta,Female,18,Mumbai,Maharashtra,2022-01-21
C2638,Amit Mishra,Male,44,Indore,Madhya Pradesh,2025-01-25
C2639,Vikram Singh,Male,18,Bhopal,Madhya Pradesh,2023-05-28
C2640,Rahul Sharma,Female,31,Bhopal,Madhya Pradesh,2024-06-26
C2641,Riya Mehta,Female,32,Jaipur,Rajasthan,2023-12-16
C2642,Simran Jain,Female,33,Mumbai,Maharashtra,2024-08-01
C2643,Vikram Kumar,Female,34,Bengaluru,Karnataka,2022-12-16
C2644,Riya Sinha,Male,35,Bhopal,Madhya Pradesh,2025-03-01
C2645,Rohan Roy,Female,18,Surat,Gujarat,2023-06-30
C2646,Neha Sinha,Female,34,Delhi,Delhi,2023-08-22
C2647,Sahil Mehta,Female,18,Bengaluru,Karnataka,2022-02-01
C2648,Priya Reddy,Female,41,Bhubaneswar,Odisha,2022-09-16
C2649,Rahul Verma,Male,28,Mumbai,Maharashtra,2023-04-21
C2650,Nisha Singh,Female,18,Jaipur,Rajasthan,2024-04-04
C2651,Rohan Reddy,Male,26,Gurugram,Haryana,2024-08-29
C2652,Riya Sinha,Male,28,Indore,Madhya Pradesh,2024-07-08
C2653,Pooja Jain,Male,46,Noida,Uttar Pradesh,2022-02-02
C2654,Arjun Jain,Female,36,Patna,Bihar,2024-06-17
C2655,Priya Patel,Male,37,Surat,Gujarat,2023-01-23
C2656,Amit Sinha,Male,46,Nagpur,Maharashtra,2024-03-08
C2657,Sahil Patel,Male,33,Chennai,Tamil Nadu,2023-04-01
C2658,Neha Sharma,Female,42,Bhopal,Madhya Pradesh,2025-03-13
C2659,Vikram Gupta,Male,41,Patna,Bihar,2022-08-12
C2660,Priya Mehta,Female,21,Indore,Madhya Pradesh,2022-08-05
C2661,Riya Verma,Female,49,Bengaluru,Karnataka,2022-06-05
C2662,Karan Sinha,Male,20,Delhi,Delhi,2024-02-28
C2663,Sneha Roy,Male,43,Bhubaneswar,Odisha,2022-02-05
C2664,Aarav Sharma,Female,19,Surat,Gujarat,2023-09-28
C2665,Simran Gupta,Female,40,Mumbai,Maharashtra,2022-01-09
C2666,Arjun Kapoor,Female,53,Mumbai,Maharashtra,2024-11-29
C2667,Vikram Roy,Male,32,Bengaluru,Karnataka,2022-06-28
C2668,Rohan Patel,Female,31,Ahmedabad,Gujarat,2024-08-16
C2669,Amit Verma,Male,40,Indore,Madhya Pradesh,2023-05-16
C2670,Sahil Reddy,Female,31,Pune,Maharashtra,2023-01-08
C2671,Vikram Yadav,Female,52,Kolkata,West Bengal,2024-12-27
C2672,Manish Verma,Male,36,Jaipur,Rajasthan,2024-08-27
C2673,Priya Das,Female,31,Bhubaneswar,Odisha,2025-12-18
C2674,Kavya Verma,Female,29,Delhi,Delhi,2023-05-30
C2675,Aditya Sinha,Female,25,Ahmedabad,Gujarat,2022-12-30
C2676,Arjun Sinha,Male,28,Bengaluru,Karnataka,2024-02-16
C2677,Aditya Reddy,Male,30,Hyderabad,Telangana,2024-02-13
C2678,Sneha Roy,Female,29,Indore,Madhya Pradesh,2022-11-25
C2679,Riya Mehta,Male,27,Kolkata,West Bengal,2024-03-04
C2680,Neha Das,Male,55,Indore,Madhya Pradesh,2024-08-19
C2681,Pooja Kapoor,Female,24,Bengaluru,Karnataka,2023-01-05
C2682,Aarav Sinha,Male,35,Kochi,Kerala,2023-08-20
C2683,Amit Sinha,Female,40,Bhubaneswar,Odisha,2025-11-11
C2684,Aarav Patel,Male,40,Kochi,Kerala,2025-02-11
C2685,Sneha Singh,Male,33,Hyderabad,Telangana,2023-07-25
C2686,Rahul Patel,Female,32,Bhopal,Madhya Pradesh,2024-11-27
C2687,Neha Singh,Female,39,Nagpur,Maharashtra,2023-01-12
C2688,Aditya Mehta,Female,37,Pune,Maharashtra,2025-11-23
C2689,Rahul Sinha,Male,31,Jaipur,Rajasthan,2025-05-11
C2690,Rohan Kumar,Female,18,Bengaluru,Karnataka,2025-05-10
C2691,Karan Roy,Male,29,Chandigarh,Chandigarh,2022-04-10
C2692,Sahil Mishra,Male,23,Indore,Madhya Pradesh,2025-11-22
C2693,Anjali Mehta,Male,27,Noida,Uttar Pradesh,2024-03-26
C2694,Aarav Sinha,Female,34,Gurugram,Haryana,2022-04-28
C2695,Pooja Mishra,Male,38,Delhi,Delhi,2023-02-25
C2696,Manish Singh,Male,52,Kolkata,West Bengal,2025-06-20
C2697,Neha Roy,Male,29,Mumbai,Maharashtra,2023-06-25
C2698,Aditya Sharma,Male,42,Kochi,Kerala,2025-06-04
C2699,Vikram Roy,Male,37,Kolkata,West Bengal,2025-05-21
C2700,Manish Sinha,Female,47,Kochi,Kerala,2024-07-18
C2701,Kavya Gupta,Male,40,Hyderabad,Telangana,2023-11-30
C2702,Aarav Gupta,Female,24,Ahmedabad,Gujarat,2022-04-23
C2703,Arjun Sharma,Female,18,Bengaluru,Karnataka,2023-01-08
C2704,Amit Verma,Male,37,Gurugram,Haryana,2022-10-26
C2705,Nisha Roy,Female,29,Kochi,Kerala,2024-11-08
C2706,Nisha Mehta,Male,24,Bhubaneswar,Odisha,2024-02-15
C2707,Neha Patel,Female,21,Nagpur,Maharashtra,2023-11-02
C2708,Isha Singh,Female,36,Ahmedabad,Gujarat,2022-01-11
C2709,Aditya Yadav,Male,49,Kochi,Kerala,2022-01-08
C2710,Neha Reddy,Female,30,Kolkata,West Bengal,2025-03-22
C2711,Manish Kapoor,Male,40,Surat,Gujarat,2025-03-04
C2712,Vikram Verma,Male,33,Gurugram,Haryana,2025-10-28
C2713,Arjun Reddy,Female,21,Kochi,Kerala,2023-04-06
C2714,Nisha Yadav,Male,41,Gurugram,Haryana,2025-06-12
C2715,Pooja Kapoor,Male,23,Bengaluru,Karnataka,2022-09-12
C2716,Amit Patel,Male,34,Lucknow,Uttar Pradesh,2023-08-09
C2717,Anjali Das,Female,31,Gurugram,Haryana,2025-09-13
C2718,Priya Sinha,Male,43,Jaipur,Rajasthan,2022-12-28
C2719,Arjun Singh,Female,23,Bhubaneswar,Odisha,2025-10-29
C2720,Riya Mishra,Male,38,Chandigarh,Chandigarh,2024-09-29
C2721,Manish Sharma,Male,26,Pune,Maharashtra,2024-02-27
C2722,Sneha Yadav,Female,29,Kochi,Kerala,2022-07-28
C2723,Kavya Sinha,Male,18,Jaipur,Rajasthan,2022-09-24
C2724,Priya Mehta,Female,55,Gurugram,Haryana,2023-10-18
C2725,Anjali Patel,Male,40,Indore,Madhya Pradesh,2024-09-23
C2726,Karan Sharma,Male,26,Bhubaneswar,Odisha,2023-07-08
C2727,Manish Roy,Male,23,Kochi,Kerala,2024-01-06
C2728,Sneha Yadav,Female,29,Kolkata,West Bengal,2023-02-25
C2729,Neha Roy,Female,41,Hyderabad,Telangana,2022-11-04
C2730,Sneha Jain,Female,18,Ahmedabad,Gujarat,2022-05-17
C2731,Priya Kapoor,Male,33,Nagpur,Maharashtra,2025-12-13
C2732,Anjali Verma,Female,52,Jaipur,Rajasthan,2022-07-14
C2733,Manish Mishra,Male,23,Delhi,Delhi,2025-01-23
C2734,Sneha Reddy,Female,35,Bhubaneswar,Odisha,2025-07-05
C2735,Kavya Mishra,Female,56,Kochi,Kerala,2024-11-14
C2736,Amit Mehta,Female,40,Patna,Bihar,2025-06-09
C2737,Manish Kumar,Male,35,Bengaluru,Karnataka,2025-09-17
C2738,Vikram Kumar,Female,39,Jaipur,Rajasthan,2023-08-29
C2739,Isha Mishra,Male,30,Kochi,Kerala,2024-10-10
C2740,Priya Das,Female,47,Jaipur,Rajasthan,2024-05-11
C2741,Aarav Gupta,Male,30,Hyderabad,Telangana,2022-08-09
C2742,Simran Jain,Male,18,Hyderabad,Telangana,2022-10-24
C2743,Neha Jain,Male,30,Ahmedabad,Gujarat,2025-05-11
C2744,Anjali Sharma,Male,24,Mumbai,Maharashtra,2024-10-07
C2745,Pooja Sinha,Male,31,Jaipur,Rajasthan,2022-12-09
C2746,Nisha Yadav,Female,31,Kochi,Kerala,2023-08-16
C2747,Riya Yadav,Female,46,Jaipur,Rajasthan,2025-05-13
C2748,Riya Gupta,Female,41,Surat,Gujarat,2024-06-10
C2749,Kavya Kapoor,Female,37,Nagpur,Maharashtra,2022-03-18
C2750,Kavya Mehta,Male,34,Surat,Gujarat,2023-12-08
C2751,Arjun Patel,Female,23,Bhopal,Madhya Pradesh,2024-12-01
C2752,Karan Mishra,Male,18,Bengaluru,Karnataka,2025-04-20
C2753,Rohan Sharma,Female,35,Patna,Bihar,2024-01-27
C2754,Riya Yadav,Male,42,Kochi,Kerala,2025-05-03
C2755,Manish Jain,Male,33,Noida,Uttar Pradesh,2023-08-13
C2756,Arjun Kapoor,Male,29,Chennai,Tamil Nadu,2023-01-23
C2757,Aarav Sinha,Male,39,Surat,Gujarat,2024-07-15
C2758,Kavya Verma,Male,33,Bhubaneswar,Odisha,2023-09-29
C2759,Rahul Patel,Male,51,Chennai,Tamil Nadu,2022-05-21
C2760,Pooja Singh,Female,46,Bengaluru,Karnataka,2024-11-16
C2761,Amit Patel,Female,44,Bhopal,Madhya Pradesh,2025-08-31
C2762,Nisha Singh,Male,42,Delhi,Delhi,2025-09-06
C2763,Arjun Sinha,Male,21,Jaipur,Rajasthan,2023-03-24
C2764,Pooja Kumar,Female,41,Jaipur,Rajasthan,2022-10-20
C2765,Anjali Mehta,Male,38,Hyderabad,Telangana,2025-06-13
C2766,Neha Jain,Female,40,Bengaluru,Karnataka,2023-12-16
C2767,Simran Mishra,Male,39,Nagpur,Maharashtra,2023-04-02
C2768,Aditya Mehta,Female,39,Mumbai,Maharashtra,2024-06-10
C2769,Rohan Reddy,Female,61,Delhi,Delhi,2024-04-18
C2770,Manish Reddy,Female,33,Ahmedabad,Gujarat,2023-10-16
C2771,Arjun Sinha,Female,43,Chandigarh,Chandigarh,2023-10-26
C2772,Aarav Roy,Male,29,Indore,Madhya Pradesh,2024-02-04
C2773,Manish Sinha,Male,42,Ahmedabad,Gujarat,2024-12-26
C2774,Aarav Gupta,Male,43,Bhopal,Madhya Pradesh,2022-06-25
C2775,Pooja Singh,Female,38,Bhopal,Madhya Pradesh,2023-05-25
C2776,Isha Jain,Male,51,Kochi,Kerala,2025-01-19
C2777,Rahul Mishra,Female,25,Indore,Madhya Pradesh,2023-12-06
C2778,Anjali Yadav,Male,29,Indore,Madhya Pradesh,2025-04-04
C2779,Simran Patel,Male,36,Jaipur,Rajasthan,2023-08-25
C2780,Aarav Kapoor,Female,43,Gurugram,Haryana,2024-04-17
C2781,Amit Jain,Male,36,Bhubaneswar,Odisha,2024-09-28
C2782,Pooja Sinha,Male,47,Ahmedabad,Gujarat,2022-02-20
C2783,Aditya Mishra,Male,27,Gurugram,Haryana,2023-11-17
C2784,Amit Verma,Male,23,Kolkata,West Bengal,2022-09-23
C2785,Riya Mishra,Female,37,Bhubaneswar,Odisha,2025-01-15
C2786,Rahul Das,Female,33,Gurugram,Haryana,2023-08-29
C2787,Rohan Sharma,Male,39,Hyderabad,Telangana,2024-12-11
C2788,Manish Mishra,Male,34,Pune,Maharashtra,2025-04-17
C2789,Riya Sharma,Male,31,Hyderabad,Telangana,2025-07-25
C2790,Amit Roy,Male,33,Bhopal,Madhya Pradesh,2025-06-16
C2791,Priya Sharma,Female,34,Chandigarh,Chandigarh,2023-08-08
C2792,Rohan Sinha,Female,31,Bengaluru,Karnataka,2022-12-05
C2793,Karan Roy,Male,32,Bhopal,Madhya Pradesh,2024-12-31
C2794,Riya Sharma,Male,30,Mumbai,Maharashtra,2023-01-09
C2795,Priya Patel,Female,43,Mumbai,Maharashtra,2023-08-03
C2796,Rohan Das,Male,36,Jaipur,Rajasthan,2023-06-01
C2797,Rahul Reddy,Male,57,Delhi,Delhi,2025-06-15
C2798,Simran Singh,Female,36,Ahmedabad,Gujarat,2022-05-01
C2799,Karan Sinha,Male,28,Kolkata,West Bengal,2025-12-07
C2800,Simran Jain,Male,61,Kolkata,West Bengal,2024-04-16
C2801,Neha Jain,Female,38,Noida,Uttar Pradesh,2023-07-24
C2802,Kavya Gupta,Female,44,Nagpur,Maharashtra,2022-02-12
C2803,Riya Kapoor,Male,40,Bhopal,Madhya Pradesh,2025-05-05
C2804,Neha Yadav,Male,40,Kolkata,West Bengal,2022-03-13
C2805,Anjali Verma,Male,39,Ahmedabad,Gujarat,2022-04-01
C2806,Aditya Sharma,Female,23,Gurugram,Haryana,2023-05-06
C2807,Rahul Verma,Male,38,Lucknow,Uttar Pradesh,2024-01-19
C2808,Sahil Reddy,Male,21,Delhi,Delhi,2024-09-24
C2809,Nisha Jain,Female,32,Chandigarh,Chandigarh,2023-01-18
C2810,Rahul Das,Male,27,Nagpur,Maharashtra,2024-03-15
C2811,Arjun Singh,Male,38,Bengaluru,Karnataka,2025-03-23
C2812,Karan Kumar,Male,37,Ahmedabad,Gujarat,2022-06-19
C2813,Aditya Sinha,Male,39,Kochi,Kerala,2025-07-19
C2814,Manish Yadav,Male,37,Bengaluru,Karnataka,2024-07-06
C2815,Kavya Kumar,Female,28,Surat,Gujarat,2025-02-07
C2816,Rohan Sinha,Female,31,Chandigarh,Chandigarh,2022-05-31
C2817,Neha Jain,Male,43,Bhubaneswar,Odisha,2023-03-07
C2818,Pooja Jain,Male,45,Nagpur,Maharashtra,2023-03-27
C2819,Rohan Kapoor,Female,23,Chandigarh,Chandigarh,2023-10-05
C2820,Sneha Singh,Male,19,Kolkata,West Bengal,2024-02-19
C2821,Karan Verma,Male,27,Nagpur,Maharashtra,2022-01-23
C2822,Priya Das,Female,44,Kochi,Kerala,2023-01-02
C2823,Kavya Patel,Male,46,Nagpur,Maharashtra,2023-10-13
C2824,Arjun Mehta,Male,25,Ahmedabad,Gujarat,2024-03-30
C2825,Vikram Roy,Male,37,Patna,Bihar,2022-08-27
C2826,Karan Patel,Male,52,Bhubaneswar,Odisha,2023-03-10
C2827,Kavya Das,Male,38,Delhi,Delhi,2023-12-05
C2828,Simran Jain,Male,48,Pune,Maharashtra,2025-02-24
C2829,Anjali Mishra,Male,44,Nagpur,Maharashtra,2024-07-30
C2830,Simran Das,Female,25,Lucknow,Uttar Pradesh,2023-06-25
C2831,Riya Kumar,Male,32,Patna,Bihar,2023-09-25
C2832,Neha Kapoor,Male,34,Jaipur,Rajasthan,2022-07-17
C2833,Vikram Patel,Female,35,Jaipur,Rajasthan,2023-04-27
C2834,Riya Mehta,Female,43,Chennai,Tamil Nadu,2025-04-17
C2835,Karan Patel,Male,38,Nagpur,Maharashtra,2024-05-18
C2836,Vikram Mehta,Male,18,Jaipur,Rajasthan,2023-06-07
C2837,Rahul Sharma,Male,21,Nagpur,Maharashtra,2023-10-13
C2838,Priya Kapoor,Female,18,Gurugram,Haryana,2024-08-16
C2839,Nisha Sinha,Male,36,Pune,Maharashtra,2023-03-13
C2840,Riya Gupta,Male,36,Jaipur,Rajasthan,2024-05-06
C2841,Neha Jain,Male,37,Pune,Maharashtra,2022-11-10
C2842,Isha Yadav,Male,24,Chandigarh,Chandigarh,2022-01-19
C2843,Anjali Das,Male,41,Patna,Bihar,2025-03-29
C2844,Karan Das,Male,41,Kochi,Kerala,2024-03-28
C2845,Sahil Mehta,Female,21,Gurugram,Haryana,2022-05-02
C2846,Rahul Kapoor,Female,19,Patna,Bihar,2022-03-13
C2847,Arjun Yadav,Male,34,Chandigarh,Chandigarh,2024-12-14
C2848,Rahul Kapoor,Male,52,Kochi,Kerala,2023-04-05
C2849,Karan Kumar,Male,51,Chandigarh,Chandigarh,2022-06-18
C2850,Aditya Verma,Male,40,Delhi,Delhi,2023-08-05
C2851,Kavya Reddy,Female,27,Ahmedabad,Gujarat,2025-03-18
C2852,Kavya Sharma,Female,43,Bhopal,Madhya Pradesh,2023-09-21
C2853,Vikram Roy,Male,29,Gurugram,Haryana,2022-01-26
C2854,Rahul Gupta,Male,26,Bhopal,Madhya Pradesh,2025-06-25
C2855,Arjun Yadav,Male,18,Ahmedabad,Gujarat,2023-12-22
C2856,Rahul Mishra,Female,35,Ahmedabad,Gujarat,2025-06-04
C2857,Rohan Sinha,Female,28,Chandigarh,Chandigarh,2024-10-30
C2858,Anjali Jain,Female,35,Bhopal,Madhya Pradesh,2025-01-23
C2859,Simran Kapoor,Female,18,Surat,Gujarat,2022-05-01
C2860,Isha Singh,Male,36,Delhi,Delhi,2022-05-06
C2861,Pooja Sharma,Female,18,Chandigarh,Chandigarh,2023-07-03
C2862,Manish Singh,Female,45,Pune,Maharashtra,2024-12-28
C2863,Arjun Kapoor,Male,39,Chennai,Tamil Nadu,2022-10-24
C2864,Simran Sharma,Male,31,Ahmedabad,Gujarat,2023-11-17
C2865,Manish Sinha,Female,40,Kochi,Kerala,2024-08-30
C2866,Kavya Jain,Female,24,Chandigarh,Chandigarh,2024-12-04
C2867,Aditya Roy,Female,35,Indore,Madhya Pradesh,2023-09-27
C2868,Anjali Roy,Female,42,Nagpur,Maharashtra,2023-01-17
C2869,Rahul Kapoor,Female,18,Indore,Madhya Pradesh,2024-11-16
C2870,Aarav Patel,Female,30,Bhubaneswar,Odisha,2023-12-06
C2871,Aarav Sharma,Male,34,Noida,Uttar Pradesh,2023-05-12
C2872,Vikram Sinha,Female,32,Noida,Uttar Pradesh,2024-05-01
C2873,Arjun Roy,Male,49,Mumbai,Maharashtra,2025-03-05
C2874,Isha Yadav,Male,23,Hyderabad,Telangana,2023-12-08
C2875,Aarav Patel,Male,28,Delhi,Delhi,2024-12-08
C2876,Simran Kapoor,Female,18,Hyderabad,Telangana,2022-05-01
C2877,Isha Patel,Female,49,Noida,Uttar Pradesh,2025-05-25
C2878,Manish Sharma,Female,32,Chennai,Tamil Nadu,2023-09-18
C2879,Neha Singh,Male,30,Gurugram,Haryana,2023-06-10
C2880,Aarav Kumar,Male,33,Indore,Madhya Pradesh,2024-12-02
C2881,Aditya Mehta,Male,40,Ahmedabad,Gujarat,2024-01-22
C2882,Aarav Gupta,Male,37,Bhubaneswar,Odisha,2022-04-06
C2883,Nisha Gupta,Female,60,Nagpur,Maharashtra,2022-01-27
C2884,Amit Patel,Male,39,Delhi,Delhi,2024-04-15
C2885,Arjun Mishra,Female,29,Bhopal,Madhya Pradesh,2025-06-19
C2886,Aditya Yadav,Female,28,Gurugram,Haryana,2023-05-02
C2887,Aarav Patel,Male,30,Indore,Madhya Pradesh,2022-08-28
C2888,Manish Kapoor,Female,19,Jaipur,Rajasthan,2025-08-20
C2889,Arjun Sinha,Male,34,Pune,Maharashtra,2022-03-08
C2890,Anjali Kapoor,Male,42,Mumbai,Maharashtra,2025-07-28
C2891,Kavya Mehta,Female,28,Jaipur,Rajasthan,2025-04-30
C2892,Kavya Das,Female,26,Lucknow,Uttar Pradesh,2025-02-16
C2893,Vikram Jain,Male,49,Mumbai,Maharashtra,2025-03-21
C2894,Sahil Sharma,Male,20,Gurugram,Haryana,2025-11-16
C2895,Sahil Mehta,Male,18,Patna,Bihar,2022-08-19
C2896,Simran Sinha,Male,22,Chandigarh,Chandigarh,2022-12-17
C2897,Simran Reddy,Female,19,Lucknow,Uttar Pradesh,2024-01-31
C2898,Pooja Patel,Female,38,Kochi,Kerala,2025-04-09
C2899,Manish Sinha,Male,30,Noida,Uttar Pradesh,2024-05-12
C2900,Priya Gupta,Female,32,Gurugram,Haryana,2025-03-01
C2901,Manish Patel,Male,46,Jaipur,Rajasthan,2022-12-23
C2902,Aditya Kapoor,Male,27,Pune,Maharashtra,2024-12-01
C2903,Anjali Singh,Female,42,Bengaluru,Karnataka,2025-08-21
C2904,Anjali Kapoor,Female,49,Bhubaneswar,Odisha,2024-10-26
C2905,Kavya Kumar,Female,29,Kolkata,West Bengal,2022-11-25
C2906,Rohan Reddy,Male,41,Mumbai,Maharashtra,2025-04-08
C2907,Karan Das,Female,32,Kolkata,West Bengal,2024-06-29
C2908,Rohan Gupta,Male,43,Bengaluru,Karnataka,2022-12-04
C2909,Isha Patel,Female,18,Surat,Gujarat,2024-12-28
C2910,Neha Sinha,Female,18,Ahmedabad,Gujarat,2024-05-31
C2911,Simran Verma,Male,30,Mumbai,Maharashtra,2023-06-23
C2912,Manish Das,Female,25,Nagpur,Maharashtra,2024-01-07
C2913,Amit Roy,Male,29,Jaipur,Rajasthan,2023-03-19
C2914,Manish Verma,Male,32,Bhopal,Madhya Pradesh,2024-07-12
C2915,Rahul Roy,Female,41,Bengaluru,Karnataka,2024-07-08
C2916,Karan Patel,Male,30,Patna,Bihar,2022-02-20
C2917,Sahil Jain,Female,26,Delhi,Delhi,2022-05-29
C2918,Vikram Verma,Male,30,Chandigarh,Chandigarh,2025-01-20
C2919,Vikram Das,Female,26,Indore,Madhya Pradesh,2023-01-03
C2920,Arjun Kapoor,Male,25,Chennai,Tamil Nadu,2023-08-03
C2921,Amit Sinha,Male,18,Nagpur,Maharashtra,2023-10-18
C2922,Rahul Roy,Male,35,Kolkata,West Bengal,2022-03-17
C2923,Sneha Gupta,Female,28,Patna,Bihar,2025-01-14
C2924,Pooja Sinha,Female,44,Noida,Uttar Pradesh,2022-08-15
C2925,Rahul Sinha,Female,20,Hyderabad,Telangana,2025-10-18
C2926,Sneha Sinha,Male,29,Bengaluru,Karnataka,2024-08-16
C2927,Vikram Reddy,Male,52,Chandigarh,Chandigarh,2023-08-15
C2928,Simran Roy,Male,25,Jaipur,Rajasthan,2022-01-24
C2929,Priya Kumar,Female,32,Kolkata,West Bengal,2022-01-28
C2930,Vikram Kumar,Male,22,Bhopal,Madhya Pradesh,2022-05-01
C2931,Priya Singh,Female,21,Mumbai,Maharashtra,2024-05-02
C2932,Kavya Singh,Female,49,Bengaluru,Karnataka,2023-09-16
C2933,Neha Patel,Male,36,Bengaluru,Karnataka,2024-06-08
C2934,Riya Gupta,Male,35,Bhopal,Madhya Pradesh,2025-09-30
C2935,Riya Das,Female,18,Indore,Madhya Pradesh,2022-01-31
C2936,Karan Sinha,Male,38,Jaipur,Rajasthan,2025-06-04
C2937,Sahil Das,Male,46,Ahmedabad,Gujarat,2024-05-19
C2938,Isha Gupta,Male,45,Patna,Bihar,2025-06-27
C2939,Arjun Kumar,Female,41,Surat,Gujarat,2022-02-19
C2940,Priya Jain,Female,23,Hyderabad,Telangana,2023-12-27
C2941,Nisha Gupta,Male,37,Delhi,Delhi,2023-01-24
C2942,Sahil Sinha,Male,41,Pune,Maharashtra,2024-08-01
C2943,Neha Singh,Male,18,Mumbai,Maharashtra,2025-08-04
C2944,Simran Yadav,Female,23,Chennai,Tamil Nadu,2024-10-11
C2945,Sneha Kumar,Male,43,Pune,Maharashtra,2023-04-20
C2946,Anjali Kapoor,Male,43,Hyderabad,Telangana,2024-01-26
C2947,Pooja Mishra,Female,19,Chennai,Tamil Nadu,2023-08-26
C2948,Pooja Das,Female,42,Delhi,Delhi,2024-07-14
C2949,Rahul Gupta,Female,35,Delhi,Delhi,2024-10-26
C2950,Pooja Sinha,Female,42,Indore,Madhya Pradesh,2024-03-03
C2951,Vikram Gupta,Male,28,Bhubaneswar,Odisha,2023-02-16
C2952,Manish Reddy,Male,40,Gurugram,Haryana,2023-10-24
C2953,Priya Verma,Male,42,Lucknow,Uttar Pradesh,2025-09-09
C2954,Isha Sinha,Male,30,Noida,Uttar Pradesh,2025-11-23
C2955,Sneha Patel,Female,34,Bengaluru,Karnataka,2025-07-29
C2956,Anjali Roy,Female,28,Patna,Bihar,2022-07-10
C2957,Simran Kumar,Female,51,Indore,Madhya Pradesh,2024-02-25
C2958,Manish Das,Male,33,Patna,Bihar,2023-08-08
C2959,Nisha Singh,Female,25,Nagpur,Maharashtra,2024-08-16
C2960,Riya Mehta,Female,27,Nagpur,Maharashtra,2023-05-15
C2961,Aditya Yadav,Male,35,Kolkata,West Bengal,2023-08-03
C2962,Pooja Roy,Female,42,Chennai,Tamil Nadu,2024-03-26
C2963,Simran Patel,Male,21,Ahmedabad,Gujarat,2025-12-28
C2964,Sahil Sharma,Male,52,Mumbai,Maharashtra,2024-12-22
C2965,Riya Das,Female,37,Surat,Gujarat,2025-08-23
C2966,Aditya Singh,Female,39,Bhubaneswar,Odisha,2024-02-19
C2967,Aarav Reddy,Male,33,Bhopal,Madhya Pradesh,2024-07-31
C2968,Amit Kapoor,Male,34,Kolkata,West Bengal,2025-02-23
C2969,Rahul Sharma,Female,33,Delhi,Delhi,2022-09-22
C2970,Sneha Mishra,Female,44,Hyderabad,Telangana,2022-01-07
C2971,Manish Jain,Female,34,Nagpur,Maharashtra,2025-12-07
C2972,Simran Kapoor,Male,42,Chandigarh,Chandigarh,2025-05-14
C2973,Arjun Mishra,Male,30,Noida,Uttar Pradesh,2025-04-17
C2974,Aarav Singh,Male,36,Chennai,Tamil Nadu,2023-11-26
C2975,Anjali Mehta,Male,26,Bengaluru,Karnataka,2024-09-18
C2976,Neha Verma,Male,46,Patna,Bihar,2024-07-06
C2977,Rohan Patel,Male,26,Chandigarh,Chandigarh,2025-06-05
C2978,Neha Gupta,Female,31,Hyderabad,Telangana,2024-01-18
C2979,Neha Reddy,Male,31,Kochi,Kerala,2022-05-26
C2980,Aditya Roy,Female,30,Patna,Bihar,2025-08-12
C2981,Amit Mehta,Male,41,Lucknow,Uttar Pradesh,2022-08-29
C2982,Vikram Kumar,Male,31,Gurugram,Haryana,2024-05-06
C2983,Rohan Sharma,Male,48,Noida,Uttar Pradesh,2022-10-14
C2984,Kavya Sharma,Male,26,Kolkata,West Bengal,2024-08-09
C2985,Isha Das,Male,36,Indore,Madhya Pradesh,2022-01-26
C2986,Priya Roy,Female,26,Lucknow,Uttar Pradesh,2023-03-28
C2987,Priya Sharma,Female,38,Chennai,Tamil Nadu,2022-04-16
C2988,Priya Sinha,Male,34,Chennai,Tamil Nadu,2022-08-28
C2989,Vikram Yadav,Male,32,Lucknow,Uttar Pradesh,2025-12-12
C2990,Priya Mishra,Female,46,Chennai,Tamil Nadu,2022-11-28
C2991,Aditya Das,Female,27,Bengaluru,Karnataka,2024-06-30
C2992,Aditya Das,Male,40,Kolkata,West Bengal,2024-12-01
C2993,Sahil Mishra,Female,26,Hyderabad,Telangana,2023-10-07
C2994,Vikram Kumar,Female,35,Noida,Uttar Pradesh,2022-02-04
C2995,Neha Jain,Female,22,Jaipur,Rajasthan,2024-05-25
C2996,Kavya Gupta,Female,27,Nagpur,Maharashtra,2025-10-02
C2997,Kavya Singh,Female,33,Chandigarh,Chandigarh,2023-01-19
C2998,Aarav Patel,Female,52,Indore,Madhya Pradesh,2024-03-21
C2999,Anjali Das,Male,35,Bhubaneswar,Odisha,2025-08-04
C3000,Kavya Gupta,Female,51,Nagpur,Maharashtra,2024-01-18
C3001,Arjun Gupta,Female,36,Chandigarh,Chandigarh,2024-08-16
C3002,Anjali Das,Female,30,Surat,Gujarat,2024-11-22
C3003,Karan Mehta,Female,49,Hyderabad,Telangana,2022-04-05
C3004,Rahul Gupta,Male,38,Chennai,Tamil Nadu,2024-10-16
C3005,Pooja Sinha,Male,28,Chennai,Tamil Nadu,2022-07-24
C3006,Aarav Gupta,Male,39,Jaipur,Rajasthan,2024-04-13
C3007,Karan Das,Male,31,Nagpur,Maharashtra,2022-01-30
C3008,Simran Reddy,Male,18,Chandigarh,Chandigarh,2022-09-23
C3009,Sneha Roy,Female,43,Mumbai,Maharashtra,2022-01-23
C3010,Neha Mishra,Male,45,Chandigarh,Chandigarh,2023-09-01
C3011,Rohan Das,Female,52,Gurugram,Haryana,2022-02-08
C3012,Manish Jain,Female,38,Bengaluru,Karnataka,2022-06-22
C3013,Neha Kumar,Male,32,Lucknow,Uttar Pradesh,2024-01-30
C3014,Riya Reddy,Male,42,Mumbai,Maharashtra,2025-12-07
C3015,Kavya Yadav,Female,42,Chandigarh,Chandigarh,2023-02-18
C3016,Karan Das,Female,50,Gurugram,Haryana,2023-11-23
C3017,Sahil Reddy,Female,34,Nagpur,Maharashtra,2023-09-07
C3018,Neha Singh,Female,32,Kochi,Kerala,2022-07-28
C3019,Priya Patel,Female,27,Bhopal,Madhya Pradesh,2022-01-22
C3020,Vikram Mishra,Female,39,Bhopal,Madhya Pradesh,2022-01-05
C3021,Manish Yadav,Female,19,Patna,Bihar,2023-10-13
C3022,Kavya Kumar,Female,42,Pune,Maharashtra,2022-08-02
C3023,Karan Patel,Female,40,Hyderabad,Telangana,2024-07-08
C3024,Vikram Gupta,Male,40,Gurugram,Haryana,2024-06-25
C3025,Arjun Roy,Female,35,Delhi,Delhi,2025-03-08
C3026,Neha Singh,Male,49,Bengaluru,Karnataka,2023-11-03
C3027,Priya Jain,Female,43,Chandigarh,Chandigarh,2023-10-29
C3028,Simran Kumar,Male,28,Indore,Madhya Pradesh,2024-03-10
C3029,Anjali Verma,Male,28,Mumbai,Maharashtra,2022-11-13
C3030,Amit Gupta,Male,25,Patna,Bihar,2024-03-03
C3031,Amit Roy,Male,40,Hyderabad,Telangana,2023-07-30
C3032,Neha Sinha,Male,24,Gurugram,Haryana,2025-03-25
C3033,Vikram Sinha,Female,45,Nagpur,Maharashtra,2025-12-18
C3034,Pooja Das,Male,47,Bengaluru,Karnataka,2022-04-01
C3035,Pooja Sinha,Male,25,Noida,Uttar Pradesh,2024-12-01
C3036,Manish Das,Male,32,Ahmedabad,Gujarat,2024-01-31
C3037,Anjali Reddy,Female,34,Gurugram,Haryana,2025-08-11
C3038,Sahil Verma,Male,43,Chennai,Tamil Nadu,2024-02-09
C3039,Anjali Kapoor,Male,50,Pune,Maharashtra,2025-09-22
C3040,Aditya Jain,Male,18,Ahmedabad,Gujarat,2022-01-01
C3041,Manish Kumar,Female,31,Chennai,Tamil Nadu,2022-04-19
C3042,Neha Mehta,Male,31,Nagpur,Maharashtra,2024-07-16
C3043,Kavya Mehta,Male,20,Chennai,Tamil Nadu,2025-02-22
C3044,Manish Gupta,Male,29,Hyderabad,Telangana,2024-12-23
C3045,Rahul Das,Female,38,Gurugram,Haryana,2022-07-25
C3046,Priya Gupta,Male,31,Mumbai,Maharashtra,2025-12-09
C3047,Anjali Roy,Female,19,Patna,Bihar,2024-04-29
C3048,Nisha Roy,Male,63,Chandigarh,Chandigarh,2025-06-21
C3049,Manish Kumar,Male,37,Indore,Madhya Pradesh,2023-08-13
C3050,Sahil Jain,Male,35,Bhopal,Madhya Pradesh,2023-09-15
C3051,Sahil Kapoor,Male,23,Patna,Bihar,2025-05-24
C3052,Rohan Yadav,Male,37,Pune,Maharashtra,2024-08-22
C3053,Manish Reddy,Male,32,Chennai,Tamil Nadu,2024-08-22
C3054,Rahul Sinha,Male,18,Nagpur,Maharashtra,2023-10-15
C3055,Aarav Gupta,Female,23,Bhubaneswar,Odisha,2025-11-04
C3056,Riya Das,Female,42,Jaipur,Rajasthan,2022-03-20
C3057,Sneha Singh,Male,53,Kochi,Kerala,2023-02-19
C3058,Anjali Sharma,Female,38,Bhopal,Madhya Pradesh,2025-03-18
C3059,Sneha Sharma,Female,45,Kolkata,West Bengal,2023-10-01
C3060,Manish Roy,Female,32,Nagpur,Maharashtra,2024-03-01
C3061,Aditya Patel,Male,33,Gurugram,Haryana,2024-11-27
C3062,Karan Singh,Female,45,Gurugram,Haryana,2025-03-26
C3063,Pooja Mehta,Male,51,Surat,Gujarat,2022-11-29
C3064,Simran Sharma,Male,47,Bhopal,Madhya Pradesh,2022-10-15
C3065,Rohan Sharma,Male,23,Bhopal,Madhya Pradesh,2025-02-09
C3066,Pooja Kapoor,Male,33,Bhubaneswar,Odisha,2025-01-19
C3067,Anjali Sharma,Male,37,Kolkata,West Bengal,2024-12-08
C3068,Riya Verma,Male,31,Hyderabad,Telangana,2022-06-10
C3069,Riya Reddy,Female,38,Kolkata,West Bengal,2025-11-26
C3070,Sahil Yadav,Male,42,Patna,Bihar,2022-11-16
C3071,Kavya Mehta,Male,44,Delhi,Delhi,2024-07-12
C3072,Arjun Sinha,Male,51,Indore,Madhya Pradesh,2022-12-30
C3073,Kavya Roy,Male,31,Patna,Bihar,2023-04-20
C3074,Anjali Roy,Female,20,Gurugram,Haryana,2024-10-19
C3075,Rahul Sharma,Female,38,Noida,Uttar Pradesh,2024-02-05
C3076,Riya Verma,Male,53,Nagpur,Maharashtra,2023-08-25
C3077,Arjun Das,Male,29,Gurugram,Haryana,2022-11-08
C3078,Amit Das,Female,41,Kochi,Kerala,2023-08-12
C3079,Nisha Sharma,Male,41,Noida,Uttar Pradesh,2025-05-28
C3080,Aarav Kapoor,Female,36,Gurugram,Haryana,2022-12-09
C3081,Priya Patel,Male,34,Indore,Madhya Pradesh,2024-06-24
C3082,Pooja Gupta,Male,25,Indore,Madhya Pradesh,2025-01-22
C3083,Rohan Mehta,Male,18,Hyderabad,Telangana,2025-03-02
C3084,Kavya Verma,Male,23,Pune,Maharashtra,2022-06-21
C3085,Simran Sharma,Male,30,Chandigarh,Chandigarh,2023-09-18
C3086,Kavya Gupta,Female,45,Bengaluru,Karnataka,2024-10-29
C3087,Kavya Singh,Female,33,Surat,Gujarat,2023-11-13
C3088,Aditya Mishra,Female,29,Jaipur,Rajasthan,2025-09-06
C3089,Pooja Sinha,Female,25,Ahmedabad,Gujarat,2025-01-26
C3090,Priya Patel,Male,41,Bhubaneswar,Odisha,2025-04-07
C3091,Arjun Singh,Female,48,Chandigarh,Chandigarh,2022-11-07
C3092,Aditya Sharma,Male,45,Nagpur,Maharashtra,2024-07-02
C3093,Rahul Jain,Female,40,Nagpur,Maharashtra,2025-09-28
C3094,Pooja Roy,Male,19,Nagpur,Maharashtra,2023-03-06
C3095,Aditya Yadav,Female,30,Delhi,Delhi,2024-05-07
C3096,Anjali Gupta,Female,53,Ahmedabad,Gujarat,2022-10-12
C3097,Aditya Mehta,Male,45,Gurugram,Haryana,2025-07-07
C3098,Rohan Jain,Male,19,Kolkata,West Bengal,2023-05-10
C3099,Amit Reddy,Male,33,Bengaluru,Karnataka,2022-12-21
C3100,Neha Yadav,Male,38,Chennai,Tamil Nadu,2022-08-02
C3101,Riya Singh,Female,26,Chandigarh,Chandigarh,2024-03-27
C3102,Sahil Kumar,Female,18,Indore,Madhya Pradesh,2022-07-19
C3103,Riya Mehta,Male,35,Kochi,Kerala,2025-06-13
C3104,Priya Sinha,Male,26,Surat,Gujarat,2024-05-02
C3105,Aditya Verma,Female,26,Noida,Uttar Pradesh,2022-05-16
C3106,Rahul Verma,Male,30,Patna,Bihar,2024-08-05
C3107,Amit Verma,Male,33,Bengaluru,Karnataka,2023-09-20
C3108,Rahul Kapoor,Female,34,Lucknow,Uttar Pradesh,2024-07-05
C3109,Rahul Gupta,Female,25,Lucknow,Uttar Pradesh,2025-12-16
C3110,Riya Das,Male,32,Surat,Gujarat,2025-09-26
C3111,Isha Gupta,Male,18,Bhopal,Madhya Pradesh,2022-12-08
C3112,Aarav Das,Female,37,Mumbai,Maharashtra,2023-01-23
C3113,Kavya Mehta,Female,18,Jaipur,Rajasthan,2022-01-04
C3114,Sahil Mehta,Female,31,Bengaluru,Karnataka,2023-11-08
C3115,Rohan Jain,Male,43,Indore,Madhya Pradesh,2023-02-03
C3116,Sneha Verma,Female,23,Bengaluru,Karnataka,2025-12-16
C3117,Simran Kapoor,Female,41,Gurugram,Haryana,2023-02-15
C3118,Simran Singh,Female,46,Noida,Uttar Pradesh,2022-08-01
C3119,Pooja Patel,Female,18,Ahmedabad,Gujarat,2023-07-14
C3120,Simran Gupta,Male,32,Nagpur,Maharashtra,2023-07-12
C3121,Amit Jain,Female,18,Ahmedabad,Gujarat,2023-07-12
C3122,Rohan Gupta,Male,33,Pune,Maharashtra,2024-12-07
C3123,Nisha Roy,Male,34,Pune,Maharashtra,2025-04-25
C3124,Rohan Sinha,Female,18,Bengaluru,Karnataka,2023-05-17
C3125,Pooja Sinha,Female,53,Delhi,Delhi,2023-10-06
C3126,Vikram Gupta,Female,37,Hyderabad,Telangana,2023-06-15
C3127,Kavya Das,Male,26,Chennai,Tamil Nadu,2024-08-10
C3128,Manish Mehta,Male,49,Delhi,Delhi,2024-02-26
C3129,Sahil Jain,Female,18,Indore,Madhya Pradesh,2023-04-20
C3130,Arjun Sharma,Male,22,Chennai,Tamil Nadu,2022-02-11
C3131,Priya Sinha,Female,18,Chandigarh,Chandigarh,2023-08-27
C3132,Vikram Patel,Male,52,Ahmedabad,Gujarat,2025-07-08
C3133,Kavya Singh,Female,37,Ahmedabad,Gujarat,2022-02-17
C3134,Rohan Yadav,Male,41,Chennai,Tamil Nadu,2023-12-29
C3135,Riya Singh,Female,37,Jaipur,Rajasthan,2022-08-09
C3136,Karan Sinha,Female,40,Delhi,Delhi,2024-07-28
C3137,Simran Sinha,Male,35,Hyderabad,Telangana,2022-12-09
C3138,Pooja Sinha,Female,37,Bengaluru,Karnataka,2025-06-15
C3139,Simran Kapoor,Female,35,Mumbai,Maharashtra,2022-06-04
C3140,Pooja Gupta,Female,28,Ahmedabad,Gujarat,2024-07-26
C3141,Riya Gupta,Female,34,Jaipur,Rajasthan,2024-04-20
C3142,Amit Verma,Male,37,Mumbai,Maharashtra,2024-12-15
C3143,Simran Das,Male,35,Kochi,Kerala,2023-01-22
C3144,Rahul Sinha,Male,19,Kochi,Kerala,2024-06-12
C3145,Sneha Yadav,Male,21,Hyderabad,Telangana,2025-08-31
C3146,Priya Kumar,Male,45,Kolkata,West Bengal,2022-02-07
C3147,Vikram Sinha,Female,31,Patna,Bihar,2025-09-26
C3148,Rohan Das,Male,40,Bengaluru,Karnataka,2024-04-30
C3149,Vikram Reddy,Male,23,Ahmedabad,Gujarat,2023-12-30
C3150,Aditya Verma,Male,19,Bengaluru,Karnataka,2022-08-19
C3151,Simran Sharma,Female,26,Kochi,Kerala,2023-03-28
C3152,Simran Yadav,Female,32,Chandigarh,Chandigarh,2025-09-27
C3153,Anjali Singh,Male,27,Chandigarh,Chandigarh,2022-09-14
C3154,Manish Kapoor,Female,47,Mumbai,Maharashtra,2023-03-10
C3155,Manish Singh,Male,36,Chandigarh,Chandigarh,2022-07-28
C3156,Pooja Roy,Female,52,Gurugram,Haryana,2025-05-09
C3157,Riya Das,Female,38,Kolkata,West Bengal,2022-05-17
C3158,Arjun Das,Male,18,Surat,Gujarat,2023-07-19
C3159,Riya Singh,Female,45,Mumbai,Maharashtra,2024-05-05
C3160,Rahul Patel,Female,19,Ahmedabad,Gujarat,2025-11-18
C3161,Simran Kapoor,Male,36,Nagpur,Maharashtra,2023-12-22
C3162,Isha Patel,Female,26,Mumbai,Maharashtra,2024-04-24
C3163,Sneha Jain,Male,55,Lucknow,Uttar Pradesh,2022-02-05
C3164,Nisha Verma,Male,48,Surat,Gujarat,2025-05-23
C3165,Manish Verma,Male,27,Kolkata,West Bengal,2022-01-27
C3166,Kavya Mehta,Male,33,Mumbai,Maharashtra,2022-01-18
C3167,Simran Verma,Male,36,Mumbai,Maharashtra,2023-09-22
C3168,Neha Mehta,Female,43,Chandigarh,Chandigarh,2025-03-06
C3169,Rohan Kapoor,Male,34,Indore,Madhya Pradesh,2023-08-02
C3170,Anjali Verma,Male,24,Mumbai,Maharashtra,2024-06-21
C3171,Nisha Verma,Male,27,Pune,Maharashtra,2024-09-01
C3172,Arjun Das,Female,34,Bengaluru,Karnataka,2024-11-19
C3173,Riya Sinha,Female,46,Ahmedabad,Gujarat,2025-01-01
C3174,Neha Mehta,Female,38,Kochi,Kerala,2022-05-03
C3175,Karan Sharma,Female,26,Pune,Maharashtra,2024-08-14
C3176,Riya Verma,Female,40,Pune,Maharashtra,2024-09-27
C3177,Karan Mishra,Female,30,Delhi,Delhi,2024-09-13
C3178,Arjun Roy,Female,43,Nagpur,Maharashtra,2025-06-05
C3179,Kavya Patel,Male,59,Jaipur,Rajasthan,2022-12-04
C3180,Aarav Kapoor,Male,30,Chandigarh,Chandigarh,2024-09-17
C3181,Kavya Kapoor,Female,42,Gurugram,Haryana,2022-09-30
C3182,Anjali Mishra,Male,27,Gurugram,Haryana,2025-12-31
C3183,Sneha Patel,Male,33,Nagpur,Maharashtra,2024-06-20
C3184,Priya Mishra,Female,34,Lucknow,Uttar Pradesh,2022-02-08
C3185,Nisha Roy,Female,32,Lucknow,Uttar Pradesh,2023-11-13
C3186,Isha Jain,Male,59,Hyderabad,Telangana,2023-03-02
C3187,Pooja Sharma,Female,31,Ahmedabad,Gujarat,2022-11-11
C3188,Simran Yadav,Female,40,Bhubaneswar,Odisha,2023-09-06
C3189,Manish Roy,Female,18,Bhubaneswar,Odisha,2024-01-25
C3190,Vikram Verma,Female,38,Noida,Uttar Pradesh,2022-06-06
C3191,Anjali Roy,Female,45,Kochi,Kerala,2024-05-21
C3192,Kavya Gupta,Male,29,Noida,Uttar Pradesh,2024-02-16
C3193,Kavya Yadav,Male,18,Kochi,Kerala,2022-09-14
C3194,Amit Verma,Female,34,Bhubaneswar,Odisha,2024-05-04
C3195,Neha Kumar,Female,34,Indore,Madhya Pradesh,2023-09-27
C3196,Anjali Jain,Female,41,Hyderabad,Telangana,2023-04-01
C3197,Sahil Reddy,Female,54,Chandigarh,Chandigarh,2022-02-16
C3198,Rohan Yadav,Male,30,Ahmedabad,Gujarat,2025-09-17
C3199,Manish Sharma,Female,25,Noida,Uttar Pradesh,2022-01-10
C3200,Isha Kapoor,Male,22,Bhopal,Madhya Pradesh,2022-05-24
C3201,Aditya Kumar,Male,36,Kochi,Kerala,2025-12-25
C3202,Rahul Kumar,Male,39,Mumbai,Maharashtra,2025-03-21
C3203,Priya Das,Male,29,Noida,Uttar Pradesh,2023-05-02
C3204,Karan Roy,Female,42,Mumbai,Maharashtra,2025-03-05
C3205,Rahul Patel,Male,39,Patna,Bihar,2024-11-15
C3206,Sneha Singh,Male,34,Jaipur,Rajasthan,2024-10-27
C3207,Riya Sinha,Female,25,Bhopal,Madhya Pradesh,2023-08-14
C3208,Arjun Mehta,Male,29,Nagpur,Maharashtra,2024-11-04
C3209,Manish Patel,Male,18,Indore,Madhya Pradesh,2025-12-26
C3210,Simran Sharma,Male,36,Nagpur,Maharashtra,2024-06-17
C3211,Simran Mishra,Male,34,Noida,Uttar Pradesh,2025-11-24
C3212,Arjun Jain,Male,36,Kolkata,West Bengal,2022-07-26
C3213,Simran Singh,Male,39,Nagpur,Maharashtra,2024-06-28
C3214,Nisha Patel,Female,38,Noida,Uttar Pradesh,2025-05-24
C3215,Arjun Yadav,Male,33,Ahmedabad,Gujarat,2022-09-16
C3216,Manish Singh,Male,34,Jaipur,Rajasthan,2025-09-14
C3217,Neha Singh,Female,20,Kolkata,West Bengal,2023-03-30
C3218,Vikram Roy,Male,28,Chennai,Tamil Nadu,2024-03-09
C3219,Neha Yadav,Female,35,Bhopal,Madhya Pradesh,2023-01-10
C3220,Sneha Roy,Male,27,Patna,Bihar,2023-04-09
C3221,Kavya Kapoor,Male,43,Delhi,Delhi,2022-03-16
C3222,Amit Verma,Female,27,Patna,Bihar,2022-08-30
C3223,Pooja Patel,Male,36,Gurugram,Haryana,2024-11-06
C3224,Arjun Sinha,Male,35,Jaipur,Rajasthan,2025-07-06
C3225,Nisha Patel,Female,41,Mumbai,Maharashtra,2022-05-03
C3226,Isha Yadav,Male,43,Bhopal,Madhya Pradesh,2025-08-27
C3227,Rohan Verma,Female,41,Hyderabad,Telangana,2022-04-21
C3228,Riya Patel,Female,18,Hyderabad,Telangana,2025-07-03
C3229,Simran Yadav,Male,46,Noida,Uttar Pradesh,2022-08-22
C3230,Aarav Gupta,Female,49,Indore,Madhya Pradesh,2024-08-25
C3231,Manish Mishra,Male,29,Gurugram,Haryana,2023-05-12
C3232,Aditya Singh,Female,36,Chandigarh,Chandigarh,2024-11-29
C3233,Isha Kapoor,Female,25,Gurugram,Haryana,2025-02-19
C3234,Sneha Roy,Female,18,Nagpur,Maharashtra,2023-12-28
C3235,Kavya Jain,Male,27,Kolkata,West Bengal,2022-04-02
C3236,Rahul Verma,Female,29,Surat,Gujarat,2025-10-16
C3237,Isha Reddy,Male,30,Bhopal,Madhya Pradesh,2025-02-20
C3238,Aditya Yadav,Male,24,Gurugram,Haryana,2022-12-03
C3239,Neha Mehta,Female,27,Chennai,Tamil Nadu,2023-05-28
C3240,Manish Roy,Male,34,Nagpur,Maharashtra,2023-08-26
C3241,Amit Sinha,Female,26,Delhi,Delhi,2023-03-04
C3242,Kavya Sharma,Male,39,Lucknow,Uttar Pradesh,2025-12-27
C3243,Arjun Kapoor,Female,41,Indore,Madhya Pradesh,2022-01-07
C3244,Karan Verma,Male,58,Patna,Bihar,2022-04-30
C3245,Sneha Jain,Male,45,Chandigarh,Chandigarh,2023-01-22
C3246,Sneha Mehta,Male,36,Chennai,Tamil Nadu,2025-10-05
C3247,Nisha Sinha,Female,28,Delhi,Delhi,2023-10-03
C3248,Rahul Gupta,Male,37,Bhopal,Madhya Pradesh,2025-01-26
C3249,Isha Kapoor,Female,37,Patna,Bihar,2024-12-02
C3250,Aditya Reddy,Male,29,Nagpur,Maharashtra,2022-07-02
C3251,Arjun Jain,Male,42,Hyderabad,Telangana,2023-11-28
C3252,Pooja Sinha,Male,20,Indore,Madhya Pradesh,2023-07-19
C3253,Simran Reddy,Male,32,Jaipur,Rajasthan,2025-06-12
C3254,Aarav Reddy,Female,40,Bhubaneswar,Odisha,2023-03-22
C3255,Nisha Mehta,Female,31,Gurugram,Haryana,2022-07-19
C3256,Kavya Reddy,Male,32,Gurugram,Haryana,2024-08-05
C3257,Aarav Kumar,Female,33,Bhopal,Madhya Pradesh,2023-05-28
C3258,Rohan Kapoor,Female,26,Chennai,Tamil Nadu,2024-09-16
C3259,Sahil Kapoor,Male,46,Lucknow,Uttar Pradesh,2022-08-01
C3260,Manish Patel,Male,24,Nagpur,Maharashtra,2025-11-02
C3261,Arjun Jain,Male,37,Chennai,Tamil Nadu,2023-06-30
C3262,Aditya Jain,Male,38,Surat,Gujarat,2023-05-01
C3263,Rahul Mehta,Male,25,Pune,Maharashtra,2025-10-16
C3264,Aarav Mehta,Male,35,Jaipur,Rajasthan,2022-06-17
C3265,Arjun Kapoor,Female,25,Bengaluru,Karnataka,2024-06-08
C3266,Sneha Sharma,Male,48,Indore,Madhya Pradesh,2024-07-19
C3267,Nisha Roy,Male,23,Surat,Gujarat,2025-11-28
C3268,Rohan Kapoor,Male,27,Noida,Uttar Pradesh,2024-04-07
C3269,Aditya Singh,Male,22,Kochi,Kerala,2022-05-17
C3270,Anjali Patel,Male,20,Bengaluru,Karnataka,2025-06-10
C3271,Aarav Mishra,Female,50,Bhopal,Madhya Pradesh,2022-04-25
C3272,Riya Mishra,Male,39,Jaipur,Rajasthan,2025-06-29
C3273,Isha Sinha,Female,35,Pune,Maharashtra,2025-08-05
C3274,Sneha Roy,Male,27,Jaipur,Rajasthan,2024-12-08
C3275,Aarav Das,Female,43,Chandigarh,Chandigarh,2023-05-31
C3276,Rohan Kapoor,Female,26,Noida,Uttar Pradesh,2023-11-19
C3277,Arjun Sinha,Male,42,Chennai,Tamil Nadu,2024-10-16
C3278,Vikram Mehta,Female,25,Chandigarh,Chandigarh,2025-07-19
C3279,Aditya Gupta,Male,28,Hyderabad,Telangana,2025-12-25
C3280,Arjun Roy,Female,42,Mumbai,Maharashtra,2024-11-15
C3281,Simran Verma,Male,43,Surat,Gujarat,2024-12-29
C3282,Rohan Mehta,Female,40,Jaipur,Rajasthan,2022-10-20
C3283,Amit Jain,Female,24,Jaipur,Rajasthan,2025-11-30
C3284,Nisha Das,Female,30,Kolkata,West Bengal,2025-06-11
C3285,Simran Gupta,Male,36,Patna,Bihar,2022-08-19
C3286,Isha Sinha,Male,26,Delhi,Delhi,2025-07-10
C3287,Sneha Sharma,Female,48,Hyderabad,Telangana,2024-07-26
C3288,Sneha Verma,Female,18,Chandigarh,Chandigarh,2025-02-18
C3289,Aarav Gupta,Female,26,Chandigarh,Chandigarh,2023-06-02
C3290,Priya Gupta,Male,29,Chandigarh,Chandigarh,2024-11-13
C3291,Aarav Patel,Female,18,Mumbai,Maharashtra,2023-12-07
C3292,Aarav Jain,Male,20,Jaipur,Rajasthan,2023-01-12
C3293,Rahul Mishra,Female,40,Ahmedabad,Gujarat,2023-03-13
C3294,Manish Kapoor,Male,34,Pune,Maharashtra,2024-05-02
C3295,Kavya Das,Male,50,Hyderabad,Telangana,2024-08-27
C3296,Anjali Sinha,Female,49,Noida,Uttar Pradesh,2023-05-14
C3297,Sahil Verma,Male,38,Bengaluru,Karnataka,2025-04-12
C3298,Sahil Verma,Female,37,Kolkata,West Bengal,2023-08-23
C3299,Manish Kumar,Female,35,Bhopal,Madhya Pradesh,2024-02-17
C3300,Karan Mehta,Male,18,Bhopal,Madhya Pradesh,2025-08-26
C3301,Rohan Das,Male,20,Ahmedabad,Gujarat,2022-03-11
C3302,Rohan Verma,Female,35,Delhi,Delhi,2022-07-24
C3303,Simran Sinha,Male,40,Hyderabad,Telangana,2022-12-07
C3304,Riya Singh,Female,37,Patna,Bihar,2024-11-21
C3305,Isha Kapoor,Female,25,Bengaluru,Karnataka,2024-12-02
C3306,Amit Sinha,Male,43,Chandigarh,Chandigarh,2022-04-28
C3307,Manish Mishra,Male,49,Nagpur,Maharashtra,2024-06-07
C3308,Amit Yadav,Male,43,Lucknow,Uttar Pradesh,2022-01-15
C3309,Rohan Das,Female,44,Bhopal,Madhya Pradesh,2025-09-07
C3310,Pooja Mehta,Male,28,Indore,Madhya Pradesh,2024-06-29
C3311,Vikram Roy,Male,45,Lucknow,Uttar Pradesh,2023-09-19
C3312,Neha Verma,Female,35,Kochi,Kerala,2025-09-22
C3313,Sneha Jain,Female,39,Chandigarh,Chandigarh,2023-11-21
C3314,Rohan Kapoor,Male,38,Chennai,Tamil Nadu,2024-02-13
C3315,Rahul Sharma,Male,33,Kolkata,West Bengal,2025-11-05
C3316,Karan Jain,Female,25,Mumbai,Maharashtra,2024-07-01
C3317,Amit Jain,Female,33,Nagpur,Maharashtra,2022-04-30
C3318,Pooja Kapoor,Female,44,Hyderabad,Telangana,2022-01-26
C3319,Nisha Gupta,Female,30,Kochi,Kerala,2022-03-05
C3320,Isha Kumar,Female,43,Lucknow,Uttar Pradesh,2023-04-05
C3321,Simran Sharma,Female,41,Bengaluru,Karnataka,2022-11-10
C3322,Isha Verma,Female,31,Bengaluru,Karnataka,2024-03-15
C3323,Anjali Reddy,Female,48,Indore,Madhya Pradesh,2025-05-24
C3324,Karan Mehta,Female,30,Kolkata,West Bengal,2024-09-12
C3325,Rohan Gupta,Male,49,Nagpur,Maharashtra,2024-01-06
C3326,Anjali Gupta,Male,38,Bhopal,Madhya Pradesh,2024-06-07
C3327,Aditya Reddy,Female,34,Bhubaneswar,Odisha,2024-09-08
C3328,Simran Sinha,Male,25,Patna,Bihar,2023-08-02
C3329,Simran Kapoor,Female,33,Hyderabad,Telangana,2025-10-14
C3330,Arjun Roy,Male,32,Kolkata,West Bengal,2025-02-23
C3331,Sahil Verma,Female,21,Delhi,Delhi,2024-08-29
C3332,Aditya Reddy,Male,32,Bhubaneswar,Odisha,2024-05-10
C3333,Pooja Mishra,Female,26,Surat,Gujarat,2023-12-08
C3334,Kavya Kapoor,Female,40,Indore,Madhya Pradesh,2025-01-15
C3335,Pooja Kapoor,Male,47,Nagpur,Maharashtra,2025-09-28
C3336,Neha Roy,Female,22,Ahmedabad,Gujarat,2023-01-30
C3337,Vikram Verma,Male,51,Bhopal,Madhya Pradesh,2023-04-29
C3338,Isha Kapoor,Male,33,Lucknow,Uttar Pradesh,2023-10-28
C3339,Vikram Verma,Male,24,Indore,Madhya Pradesh,2023-04-01
C3340,Isha Roy,Male,42,Jaipur,Rajasthan,2022-07-29
C3341,Karan Patel,Female,30,Mumbai,Maharashtra,2023-06-09
C3342,Pooja Gupta,Male,33,Chennai,Tamil Nadu,2023-11-07
C3343,Amit Verma,Female,30,Kolkata,West Bengal,2024-09-28
C3344,Karan Kapoor,Male,26,Pune,Maharashtra,2024-06-14
C3345,Vikram Mishra,Female,41,Delhi,Delhi,2024-09-30
C3346,Kavya Jain,Male,31,Pune,Maharashtra,2022-11-03
C3347,Neha Kapoor,Female,20,Bhubaneswar,Odisha,2025-01-04
C3348,Priya Reddy,Female,40,Bhopal,Madhya Pradesh,2024-11-11
C3349,Rahul Kumar,Female,22,Surat,Gujarat,2022-03-01
C3350,Anjali Roy,Male,22,Surat,Gujarat,2023-01-21
C3351,Riya Mishra,Female,46,Patna,Bihar,2022-02-25
C3352,Amit Jain,Male,22,Hyderabad,Telangana,2022-06-17
C3353,Isha Mishra,Male,18,Chandigarh,Chandigarh,2025-12-06
C3354,Riya Singh,Male,40,Pune,Maharashtra,2023-12-18
C3355,Rahul Jain,Male,31,Hyderabad,Telangana,2024-05-14
C3356,Neha Kapoor,Male,32,Indore,Madhya Pradesh,2025-04-29
C3357,Sahil Sharma,Female,31,Gurugram,Haryana,2023-04-27
C3358,Priya Jain,Male,36,Jaipur,Rajasthan,2025-12-10
C3359,Vikram Verma,Male,26,Patna,Bihar,2022-12-06
C3360,Aditya Kapoor,Male,49,Ahmedabad,Gujarat,2024-03-06
C3361,Rahul Singh,Female,19,Delhi,Delhi,2024-06-10
C3362,Rahul Yadav,Female,38,Ahmedabad,Gujarat,2024-02-15
C3363,Neha Mehta,Male,40,Chandigarh,Chandigarh,2025-07-06
C3364,Arjun Roy,Female,26,Hyderabad,Telangana,2025-10-05
C3365,Arjun Roy,Male,24,Ahmedabad,Gujarat,2023-08-24
C3366,Karan Verma,Male,44,Bengaluru,Karnataka,2023-03-13
C3367,Aarav Jain,Male,24,Jaipur,Rajasthan,2025-05-30
C3368,Sahil Yadav,Female,28,Mumbai,Maharashtra,2025-12-07
C3369,Aarav Singh,Female,43,Mumbai,Maharashtra,2025-10-05
C3370,Aditya Das,Male,34,Chandigarh,Chandigarh,2024-12-18
C3371,Pooja Mehta,Male,18,Indore,Madhya Pradesh,2022-06-01
C3372,Simran Jain,Male,51,Bhopal,Madhya Pradesh,2024-07-22
C3373,Aditya Roy,Female,29,Hyderabad,Telangana,2023-06-24
C3374,Vikram Mehta,Female,30,Ahmedabad,Gujarat,2022-08-13
C3375,Pooja Gupta,Male,37,Jaipur,Rajasthan,2025-09-03
C3376,Vikram Kapoor,Male,40,Chennai,Tamil Nadu,2023-07-17
C3377,Aarav Kumar,Female,54,Bhubaneswar,Odisha,2025-07-26
C3378,Manish Reddy,Female,18,Noida,Uttar Pradesh,2023-07-12
C3379,Nisha Mehta,Female,42,Patna,Bihar,2023-09-10
C3380,Anjali Mishra,Female,41,Indore,Madhya Pradesh,2022-01-24
C3381,Aditya Reddy,Female,33,Jaipur,Rajasthan,2023-01-03
C3382,Aarav Mishra,Male,42,Nagpur,Maharashtra,2024-09-25
C3383,Karan Mishra,Male,43,Bhopal,Madhya Pradesh,2022-12-01
C3384,Rahul Singh,Male,20,Pune,Maharashtra,2025-12-27
C3385,Riya Gupta,Female,51,Lucknow,Uttar Pradesh,2022-01-03
C3386,Priya Sinha,Male,18,Lucknow,Uttar Pradesh,2024-10-04
C3387,Rohan Mehta,Male,23,Chandigarh,Chandigarh,2025-07-05
C3388,Manish Yadav,Male,31,Gurugram,Haryana,2022-09-20
C3389,Aditya Das,Male,53,Patna,Bihar,2022-05-01
C3390,Aarav Yadav,Female,31,Chandigarh,Chandigarh,2022-01-21
C3391,Arjun Reddy,Male,34,Ahmedabad,Gujarat,2024-06-23
C3392,Rahul Roy,Male,48,Ahmedabad,Gujarat,2022-05-20
C3393,Rahul Singh,Female,31,Hyderabad,Telangana,2025-08-05
C3394,Pooja Roy,Male,22,Indore,Madhya Pradesh,2022-07-25
C3395,Aditya Roy,Female,30,Patna,Bihar,2022-02-12
C3396,Aditya Das,Female,48,Patna,Bihar,2024-04-29
C3397,Arjun Verma,Female,35,Delhi,Delhi,2025-02-15
C3398,Neha Sinha,Female,53,Nagpur,Maharashtra,2024-10-25
C3399,Vikram Jain,Male,41,Indore,Madhya Pradesh,2022-07-26
C3400,Sahil Kumar,Female,28,Bhubaneswar,Odisha,2023-09-27
C3401,Amit Patel,Male,35,Kolkata,West Bengal,2022-12-11
C3402,Aarav Mishra,Male,25,Indore,Madhya Pradesh,2025-03-11
C3403,Simran Verma,Male,27,Jaipur,Rajasthan,2023-01-07
C3404,Karan Mishra,Male,70,Kochi,Kerala,2025-06-09
C3405,Manish Das,Female,44,Noida,Uttar Pradesh,2025-04-02
C3406,Simran Mishra,Male,43,Nagpur,Maharashtra,2023-07-01
C3407,Nisha Kumar,Female,28,Noida,Uttar Pradesh,2025-10-19
C3408,Priya Jain,Male,50,Chennai,Tamil Nadu,2024-09-10
C3409,Neha Gupta,Male,45,Bhubaneswar,Odisha,2022-12-01
C3410,Kavya Das,Female,53,Bhubaneswar,Odisha,2022-01-11
C3411,Arjun Kumar,Male,52,Jaipur,Rajasthan,2025-12-02
C3412,Rahul Singh,Female,19,Patna,Bihar,2022-03-16
C3413,Anjali Singh,Male,23,Delhi,Delhi,2025-08-16
C3414,Isha Singh,Male,24,Noida,Uttar Pradesh,2024-08-04
C3415,Sneha Reddy,Male,25,Kolkata,West Bengal,2024-07-01
C3416,Pooja Singh,Female,37,Mumbai,Maharashtra,2025-11-05
C3417,Anjali Sinha,Male,28,Indore,Madhya Pradesh,2023-12-11
C3418,Aditya Patel,Male,55,Kochi,Kerala,2024-05-02
C3419,Riya Reddy,Male,53,Chennai,Tamil Nadu,2024-02-15
C3420,Manish Mishra,Female,34,Kolkata,West Bengal,2024-06-04
C3421,Pooja Kapoor,Female,54,Kolkata,West Bengal,2024-01-06
C3422,Neha Patel,Female,49,Noida,Uttar Pradesh,2023-09-26
C3423,Priya Singh,Male,29,Kochi,Kerala,2024-11-17
C3424,Rohan Patel,Female,18,Lucknow,Uttar Pradesh,2023-01-31
C3425,Kavya Kapoor,Female,32,Kochi,Kerala,2023-11-14
C3426,Pooja Singh,Female,28,Chandigarh,Chandigarh,2025-10-31
C3427,Sahil Mishra,Female,36,Bengaluru,Karnataka,2023-02-25
C3428,Manish Verma,Female,35,Kolkata,West Bengal,2022-12-30
C3429,Isha Sinha,Male,35,Ahmedabad,Gujarat,2025-05-24
C3430,Arjun Roy,Female,39,Bhopal,Madhya Pradesh,2025-01-29
C3431,Karan Kapoor,Female,22,Chandigarh,Chandigarh,2022-04-03
C3432,Sahil Yadav,Male,38,Patna,Bihar,2022-09-23
C3433,Riya Mishra,Male,30,Bhopal,Madhya Pradesh,2022-07-25
C3434,Manish Gupta,Female,36,Delhi,Delhi,2025-01-08
C3435,Amit Patel,Male,44,Nagpur,Maharashtra,2022-02-06
C3436,Priya Sharma,Female,22,Surat,Gujarat,2024-10-31
C3437,Simran Das,Male,31,Patna,Bihar,2025-01-18
C3438,Sneha Sharma,Male,33,Chandigarh,Chandigarh,2024-01-14
C3439,Simran Kumar,Male,29,Noida,Uttar Pradesh,2022-01-19
C3440,Pooja Yadav,Male,43,Patna,Bihar,2023-01-09
C3441,Sahil Das,Male,27,Bhopal,Madhya Pradesh,2022-04-04
C3442,Rahul Patel,Male,28,Kolkata,West Bengal,2022-02-01
C3443,Simran Mehta,Female,27,Jaipur,Rajasthan,2022-05-20
C3444,Isha Mishra,Female,45,Surat,Gujarat,2024-08-30
C3445,Rahul Sharma,Male,29,Hyderabad,Telangana,2024-11-10
C3446,Vikram Das,Male,39,Bengaluru,Karnataka,2025-03-18
C3447,Anjali Jain,Male,54,Surat,Gujarat,2025-05-29
C3448,Aarav Yadav,Male,33,Bhopal,Madhya Pradesh,2024-01-03
C3449,Simran Verma,Male,45,Patna,Bihar,2024-01-24
C3450,Arjun Roy,Male,51,Chennai,Tamil Nadu,2025-05-27
C3451,Aditya Yadav,Male,44,Noida,Uttar Pradesh,2022-02-27
C3452,Karan Mehta,Male,34,Gurugram,Haryana,2025-12-19
C3453,Amit Kumar,Male,40,Kolkata,West Bengal,2025-07-22
C3454,Simran Mishra,Female,21,Noida,Uttar Pradesh,2022-05-20
C3455,Priya Das,Male,26,Kolkata,West Bengal,2024-11-12
C3456,Kavya Verma,Female,28,Hyderabad,Telangana,2024-06-19
C3457,Rahul Das,Female,56,Bhopal,Madhya Pradesh,2023-01-13
C3458,Manish Mehta,Female,26,Gurugram,Haryana,2024-07-10
C3459,Rohan Sharma,Female,26,Mumbai,Maharashtra,2023-01-08
C3460,Simran Sinha,Male,24,Nagpur,Maharashtra,2024-12-22
C3461,Amit Jain,Male,40,Patna,Bihar,2024-02-17
C3462,Neha Sharma,Male,35,Patna,Bihar,2025-09-27
C3463,Priya Kapoor,Female,45,Surat,Gujarat,2022-06-16
C3464,Simran Sharma,Female,41,Mumbai,Maharashtra,2025-03-20
C3465,Simran Mishra,Female,20,Mumbai,Maharashtra,2023-06-07
C3466,Simran Singh,Male,26,Ahmedabad,Gujarat,2023-08-07
C3467,Sahil Gupta,Female,48,Chandigarh,Chandigarh,2023-05-16
C3468,Karan Sinha,Male,32,Lucknow,Uttar Pradesh,2024-06-14
C3469,Sneha Das,Male,46,Ahmedabad,Gujarat,2024-09-25
C3470,Sneha Gupta,Female,33,Hyderabad,Telangana,2023-07-14
C3471,Sneha Jain,Male,24,Indore,Madhya Pradesh,2025-10-03
C3472,Rohan Reddy,Female,31,Delhi,Delhi,2025-07-19
C3473,Priya Jain,Male,24,Patna,Bihar,2025-12-24
C3474,Karan Mehta,Female,28,Pune,Maharashtra,2024-10-08
C3475,Arjun Verma,Male,36,Nagpur,Maharashtra,2022-08-21
C3476,Aditya Mishra,Female,39,Bhubaneswar,Odisha,2023-07-14
C3477,Rahul Patel,Female,18,Noida,Uttar Pradesh,2025-05-16
C3478,Nisha Reddy,Female,34,Bhopal,Madhya Pradesh,2024-07-09
C3479,Aditya Kumar,Male,28,Jaipur,Rajasthan,2024-05-10
C3480,Manish Mishra,Female,28,Chennai,Tamil Nadu,2025-05-27
C3481,Isha Gupta,Male,35,Lucknow,Uttar Pradesh,2024-05-21
C3482,Rahul Verma,Male,28,Hyderabad,Telangana,2022-03-22
C3483,Rahul Jain,Male,48,Chennai,Tamil Nadu,2023-09-06
C3484,Aditya Singh,Female,46,Lucknow,Uttar Pradesh,2023-12-04
C3485,Priya Mishra,Male,46,Patna,Bihar,2023-06-25
C3486,Amit Yadav,Female,29,Lucknow,Uttar Pradesh,2024-02-04
C3487,Sahil Reddy,Female,24,Ahmedabad,Gujarat,2025-06-28
C3488,Pooja Singh,Male,35,Mumbai,Maharashtra,2024-01-08
C3489,Neha Yadav,Female,32,Ahmedabad,Gujarat,2023-08-29
C3490,Kavya Patel,Male,28,Surat,Gujarat,2025-12-09
C3491,Aditya Reddy,Female,22,Chennai,Tamil Nadu,2025-01-14
C3492,Isha Das,Male,34,Bengaluru,Karnataka,2023-09-14
C3493,Karan Yadav,Male,30,Bhopal,Madhya Pradesh,2025-05-25
C3494,Aarav Verma,Male,41,Chandigarh,Chandigarh,2024-10-18
C3495,Arjun Verma,Male,41,Chandigarh,Chandigarh,2022-07-15
C3496,Nisha Jain,Male,45,Lucknow,Uttar Pradesh,2024-09-21
C3497,Sahil Kapoor,Male,21,Hyderabad,Telangana,2025-08-13
C3498,Rohan Roy,Male,38,Jaipur,Rajasthan,2024-08-03
C3499,Simran Patel,Male,27,Mumbai,Maharashtra,2022-02-13
C3500,Anjali Verma,Male,22,Gurugram,Haryana,2023-01-28
C3501,Kavya Das,Female,30,Delhi,Delhi,2025-01-18
C3502,Amit Jain,Female,45,Pune,Maharashtra,2022-06-04
C3503,Nisha Mehta,Female,30,Nagpur,Maharashtra,2024-09-04
C3504,Nisha Mishra,Female,50,Bengaluru,Karnataka,2022-02-28
C3505,Pooja Reddy,Female,39,Bhubaneswar,Odisha,2022-04-20
C3506,Isha Gupta,Female,30,Bhubaneswar,Odisha,2023-04-24
C3507,Arjun Sinha,Male,46,Bengaluru,Karnataka,2023-09-10
C3508,Manish Kapoor,Female,38,Bengaluru,Karnataka,2024-02-23
C3509,Sneha Patel,Male,25,Nagpur,Maharashtra,2024-12-08
C3510,Pooja Singh,Female,53,Pune,Maharashtra,2025-11-01
C3511,Rahul Das,Female,37,Kochi,Kerala,2024-11-21
C3512,Amit Sharma,Male,34,Nagpur,Maharashtra,2023-08-24
C3513,Anjali Das,Female,25,Noida,Uttar Pradesh,2024-07-28
C3514,Isha Gupta,Male,46,Chandigarh,Chandigarh,2024-09-18
C3515,Kavya Mehta,Male,39,Bhubaneswar,Odisha,2023-06-15
C3516,Priya Gupta,Male,40,Bhubaneswar,Odisha,2024-10-23
C3517,Aditya Kumar,Female,29,Noida,Uttar Pradesh,2023-01-13
C3518,Aarav Das,Female,42,Hyderabad,Telangana,2023-07-26
C3519,Manish Mishra,Female,43,Delhi,Delhi,2025-06-19
C3520,Sneha Yadav,Male,27,Noida,Uttar Pradesh,2023-08-10
C3521,Simran Patel,Male,20,Delhi,Delhi,2022-12-23
C3522,Riya Yadav,Female,40,Chandigarh,Chandigarh,2023-11-16
C3523,Nisha Mehta,Male,18,Bhubaneswar,Odisha,2025-05-05
C3524,Isha Yadav,Female,36,Bhubaneswar,Odisha,2024-05-07
C3525,Nisha Verma,Male,30,Lucknow,Uttar Pradesh,2025-12-13
C3526,Vikram Mehta,Male,46,Patna,Bihar,2023-10-21
C3527,Priya Mishra,Male,30,Jaipur,Rajasthan,2025-07-20
C3528,Kavya Sinha,Female,45,Jaipur,Rajasthan,2022-02-04
C3529,Rohan Patel,Male,29,Chennai,Tamil Nadu,2024-10-03
C3530,Nisha Reddy,Male,44,Delhi,Delhi,2023-04-06
C3531,Simran Sharma,Male,55,Nagpur,Maharashtra,2023-12-19
C3532,Aarav Mishra,Male,23,Mumbai,Maharashtra,2025-06-30
C3533,Isha Verma,Male,37,Chandigarh,Chandigarh,2023-05-27
C3534,Aditya Gupta,Male,61,Jaipur,Rajasthan,2024-12-07
C3535,Rohan Singh,Female,35,Hyderabad,Telangana,2025-04-23
C3536,Rohan Sinha,Male,35,Chennai,Tamil Nadu,2023-05-06
C3537,Anjali Mehta,Female,42,Patna,Bihar,2022-09-30
C3538,Sneha Patel,Female,34,Gurugram,Haryana,2024-10-09
C3539,Anjali Das,Male,18,Bengaluru,Karnataka,2023-06-11
C3540,Kavya Roy,Male,45,Bhopal,Madhya Pradesh,2025-02-25
C3541,Arjun Sinha,Female,18,Gurugram,Haryana,2022-07-29
C3542,Anjali Mehta,Male,30,Gurugram,Haryana,2023-09-16
C3543,Aarav Verma,Male,46,Chandigarh,Chandigarh,2025-03-11
C3544,Manish Mishra,Male,30,Pune,Maharashtra,2022-06-22
C3545,Anjali Reddy,Female,27,Indore,Madhya Pradesh,2023-03-23
C3546,Riya Kapoor,Female,43,Pune,Maharashtra,2025-02-16
C3547,Arjun Patel,Female,25,Ahmedabad,Gujarat,2022-01-11
C3548,Arjun Verma,Female,22,Chennai,Tamil Nadu,2024-01-31
C3549,Sneha Reddy,Male,37,Kochi,Kerala,2025-08-20
C3550,Sahil Jain,Male,32,Hyderabad,Telangana,2025-03-23
C3551,Isha Sinha,Male,22,Lucknow,Uttar Pradesh,2022-11-19
C3552,Priya Gupta,Male,40,Bhubaneswar,Odisha,2024-09-03
C3553,Priya Gupta,Male,39,Indore,Madhya Pradesh,2023-03-21
C3554,Riya Verma,Male,30,Noida,Uttar Pradesh,2022-12-08
C3555,Manish Das,Male,31,Bhubaneswar,Odisha,2022-08-09
C3556,Riya Reddy,Male,39,Chandigarh,Chandigarh,2022-04-20
C3557,Pooja Verma,Male,46,Ahmedabad,Gujarat,2023-02-14
C3558,Sahil Yadav,Female,31,Jaipur,Rajasthan,2025-12-12
C3559,Arjun Patel,Female,41,Surat,Gujarat,2023-05-20
C3560,Sahil Jain,Female,40,Gurugram,Haryana,2022-02-09
C3561,Simran Reddy,Male,43,Surat,Gujarat,2022-09-20
C3562,Nisha Mehta,Male,34,Pune,Maharashtra,2025-02-15
C3563,Amit Singh,Male,25,Kochi,Kerala,2025-12-08
C3564,Nisha Jain,Male,29,Kochi,Kerala,2023-12-09
C3565,Rohan Roy,Male,37,Hyderabad,Telangana,2024-04-02
C3566,Sneha Reddy,Female,52,Indore,Madhya Pradesh,2023-04-06
C3567,Nisha Roy,Female,29,Bengaluru,Karnataka,2025-02-15
C3568,Nisha Verma,Male,42,Chennai,Tamil Nadu,2022-08-05
C3569,Sneha Singh,Male,31,Delhi,Delhi,2022-03-18
C3570,Riya Singh,Male,35,Bengaluru,Karnataka,2025-12-15
C3571,Arjun Mishra,Male,49,Indore,Madhya Pradesh,2024-06-10
C3572,Aditya Kumar,Male,42,Ahmedabad,Gujarat,2025-04-10
C3573,Amit Patel,Male,22,Hyderabad,Telangana,2023-01-25
C3574,Karan Das,Male,28,Mumbai,Maharashtra,2024-11-15
C3575,Karan Roy,Male,47,Lucknow,Uttar Pradesh,2025-02-25
C3576,Aditya Das,Male,35,Hyderabad,Telangana,2023-01-09
C3577,Aditya Kapoor,Male,23,Bengaluru,Karnataka,2023-10-16
C3578,Arjun Reddy,Male,26,Mumbai,Maharashtra,2024-06-22
C3579,Sahil Sinha,Female,41,Nagpur,Maharashtra,2024-11-13
C3580,Pooja Jain,Male,44,Bhubaneswar,Odisha,2024-01-14
C3581,Aarav Sharma,Female,34,Chandigarh,Chandigarh,2023-02-27
C3582,Aditya Mishra,Female,59,Chennai,Tamil Nadu,2025-04-15
C3583,Anjali Yadav,Female,42,Jaipur,Rajasthan,2024-05-02
C3584,Simran Jain,Female,32,Kolkata,West Bengal,2024-04-10
C3585,Aditya Gupta,Female,26,Chennai,Tamil Nadu,2025-07-13
C3586,Neha Reddy,Female,24,Lucknow,Uttar Pradesh,2024-08-30
C3587,Priya Roy,Male,37,Ahmedabad,Gujarat,2023-09-21
C3588,Simran Patel,Male,29,Pune,Maharashtra,2023-07-24
C3589,Isha Jain,Female,51,Pune,Maharashtra,2025-07-17
C3590,Vikram Mehta,Female,49,Kolkata,West Bengal,2025-09-14
C3591,Nisha Sharma,Female,40,Bhubaneswar,Odisha,2025-08-11
C3592,Simran Jain,Female,22,Bengaluru,Karnataka,2022-05-02
C3593,Priya Sinha,Female,27,Gurugram,Haryana,2022-06-08
C3594,Neha Gupta,Female,47,Indore,Madhya Pradesh,2025-04-16
C3595,Riya Singh,Female,28,Hyderabad,Telangana,2025-09-13
C3596,Kavya Roy,Male,45,Bhopal,Madhya Pradesh,2022-11-03
C3597,Nisha Reddy,Female,39,Kolkata,West Bengal,2025-01-17
C3598,Sneha Mishra,Female,35,Gurugram,Haryana,2024-01-21
C3599,Vikram Yadav,Female,27,Hyderabad,Telangana,2024-11-27
C3600,Riya Kumar,Female,33,Indore,Madhya Pradesh,2023-08-14
C3601,Sneha Mehta,Male,36,Jaipur,Rajasthan,2022-12-12
C3602,Nisha Yadav,Male,44,Chennai,Tamil Nadu,2025-06-29
C3603,Pooja Mehta,Female,25,Chandigarh,Chandigarh,2022-05-29
C3604,Sahil Jain,Female,31,Noida,Uttar Pradesh,2024-11-05
C3605,Simran Sharma,Male,34,Chennai,Tamil Nadu,2025-10-22
C3606,Arjun Singh,Male,41,Surat,Gujarat,2024-04-14
C3607,Simran Jain,Female,25,Gurugram,Haryana,2024-02-20
C3608,Amit Jain,Female,21,Kochi,Kerala,2022-04-28
C3609,Kavya Jain,Female,41,Surat,Gujarat,2023-12-05
C3610,Anjali Roy,Female,19,Indore,Madhya Pradesh,2022-11-13
C3611,Sahil Das,Male,47,Hyderabad,Telangana,2022-10-15
C3612,Nisha Yadav,Male,32,Pune,Maharashtra,2024-06-26
C3613,Karan Mishra,Male,19,Surat,Gujarat,2025-10-06
C3614,Arjun Gupta,Female,29,Ahmedabad,Gujarat,2022-10-24
C3615,Rohan Kumar,Male,38,Nagpur,Maharashtra,2025-05-02
C3616,Anjali Kapoor,Female,29,Surat,Gujarat,2025-11-16
C3617,Anjali Kumar,Male,34,Lucknow,Uttar Pradesh,2023-03-19
C3618,Isha Mehta,Male,41,Lucknow,Uttar Pradesh,2025-07-28
C3619,Sneha Sinha,Female,32,Mumbai,Maharashtra,2024-06-19
C3620,Sneha Mehta,Male,25,Jaipur,Rajasthan,2022-10-28
C3621,Aarav Kumar,Female,31,Nagpur,Maharashtra,2024-06-16
C3622,Simran Kapoor,Male,48,Patna,Bihar,2023-03-02
C3623,Neha Mishra,Male,51,Lucknow,Uttar Pradesh,2022-09-07
C3624,Rahul Reddy,Male,18,Nagpur,Maharashtra,2023-11-17
C3625,Sneha Sinha,Male,45,Hyderabad,Telangana,2024-01-22
C3626,Manish Yadav,Female,37,Surat,Gujarat,2024-09-24
C3627,Amit Kapoor,Male,43,Bhubaneswar,Odisha,2023-02-10
C3628,Arjun Mishra,Male,28,Indore,Madhya Pradesh,2024-03-11
C3629,Isha Sharma,Male,18,Chennai,Tamil Nadu,2022-09-01
C3630,Kavya Reddy,Female,40,Kolkata,West Bengal,2023-01-02
C3631,Priya Patel,Female,25,Nagpur,Maharashtra,2022-04-30
C3632,Anjali Verma,Male,20,Delhi,Delhi,2024-04-29
C3633,Neha Kumar,Female,21,Gurugram,Haryana,2023-03-09
C3634,Pooja Yadav,Female,40,Hyderabad,Telangana,2022-07-02
C3635,Amit Kumar,Female,35,Nagpur,Maharashtra,2024-01-29
C3636,Pooja Patel,Male,42,Jaipur,Rajasthan,2025-02-15
C3637,Aditya Kapoor,Female,41,Mumbai,Maharashtra,2022-01-31
C3638,Vikram Roy,Female,30,Ahmedabad,Gujarat,2024-09-03
C3639,Sahil Verma,Female,33,Indore,Madhya Pradesh,2025-03-18
C3640,Vikram Patel,Female,29,Pune,Maharashtra,2023-06-12
C3641,Kavya Yadav,Female,32,Kolkata,West Bengal,2025-07-20
C3642,Karan Patel,Male,24,Delhi,Delhi,2024-05-13
C3643,Sahil Gupta,Female,38,Indore,Madhya Pradesh,2025-11-09
C3644,Aditya Sharma,Male,45,Pune,Maharashtra,2022-04-12
C3645,Isha Sharma,Female,26,Nagpur,Maharashtra,2024-12-31
C3646,Vikram Mishra,Male,47,Mumbai,Maharashtra,2023-09-15
C3647,Neha Mishra,Male,35,Jaipur,Rajasthan,2024-03-15
C3648,Arjun Patel,Female,36,Jaipur,Rajasthan,2023-02-12
C3649,Sneha Mishra,Female,18,Chandigarh,Chandigarh,2025-10-02
C3650,Arjun Roy,Male,18,Kolkata,West Bengal,2025-10-22
C3651,Vikram Jain,Female,35,Kolkata,West Bengal,2024-04-09
C3652,Kavya Das,Male,42,Bhubaneswar,Odisha,2024-02-28
C3653,Karan Kapoor,Female,27,Bhubaneswar,Odisha,2023-09-10
C3654,Simran Mishra,Female,51,Bengaluru,Karnataka,2023-07-03
C3655,Nisha Singh,Male,41,Nagpur,Maharashtra,2022-10-18
C3656,Simran Kumar,Female,25,Nagpur,Maharashtra,2023-02-26
C3657,Sahil Singh,Female,34,Bhopal,Madhya Pradesh,2022-06-30
C3658,Aarav Sinha,Male,59,Surat,Gujarat,2023-10-17
C3659,Manish Sinha,Female,22,Indore,Madhya Pradesh,2022-04-24
C3660,Neha Patel,Male,39,Chandigarh,Chandigarh,2025-06-15
C3661,Kavya Kapoor,Female,31,Delhi,Delhi,2025-01-22
C3662,Simran Verma,Male,41,Nagpur,Maharashtra,2022-09-17
C3663,Arjun Sharma,Male,47,Bengaluru,Karnataka,2025-02-04
C3664,Sneha Sinha,Male,30,Indore,Madhya Pradesh,2022-09-01
C3665,Isha Das,Male,45,Hyderabad,Telangana,2023-02-27
C3666,Amit Kumar,Female,56,Hyderabad,Telangana,2022-12-01
C3667,Aditya Mishra,Male,35,Noida,Uttar Pradesh,2024-11-12
C3668,Sahil Jain,Male,42,Nagpur,Maharashtra,2022-09-28
C3669,Aditya Kumar,Female,28,Gurugram,Haryana,2025-03-09
C3670,Anjali Sharma,Male,34,Patna,Bihar,2023-03-30
C3671,Kavya Sharma,Female,32,Bhubaneswar,Odisha,2025-11-08
C3672,Isha Jain,Female,42,Bengaluru,Karnataka,2023-08-17
C3673,Amit Patel,Female,46,Ahmedabad,Gujarat,2025-11-01
C3674,Aarav Yadav,Male,33,Kochi,Kerala,2024-10-06
C3675,Nisha Sharma,Male,49,Delhi,Delhi,2024-05-05
C3676,Manish Sharma,Female,49,Kochi,Kerala,2025-12-16
C3677,Aarav Sinha,Male,42,Mumbai,Maharashtra,2025-03-25
C3678,Nisha Roy,Male,29,Hyderabad,Telangana,2025-09-20
C3679,Anjali Roy,Male,28,Gurugram,Haryana,2022-05-12
C3680,Anjali Sharma,Male,26,Kolkata,West Bengal,2024-02-07
C3681,Nisha Singh,Female,43,Delhi,Delhi,2023-05-16
C3682,Pooja Singh,Female,22,Nagpur,Maharashtra,2025-03-09
C3683,Manish Singh,Female,41,Ahmedabad,Gujarat,2022-05-15
C3684,Neha Gupta,Female,23,Gurugram,Haryana,2024-02-06
C3685,Manish Das,Male,42,Delhi,Delhi,2024-03-22
C3686,Priya Gupta,Male,34,Chennai,Tamil Nadu,2025-12-01
C3687,Anjali Reddy,Female,47,Surat,Gujarat,2024-02-09
C3688,Rohan Sinha,Male,45,Kolkata,West Bengal,2022-04-04
C3689,Rohan Kumar,Male,48,Ahmedabad,Gujarat,2025-06-18
C3690,Isha Das,Female,49,Chandigarh,Chandigarh,2022-06-14
C3691,Manish Jain,Female,35,Surat,Gujarat,2022-11-21
C3692,Isha Das,Male,22,Bengaluru,Karnataka,2025-05-26
C3693,Arjun Kumar,Female,23,Gurugram,Haryana,2024-07-28
C3694,Kavya Yadav,Female,18,Bhopal,Madhya Pradesh,2023-09-12
C3695,Sahil Yadav,Male,23,Surat,Gujarat,2022-08-19
C3696,Arjun Mishra,Female,35,Patna,Bihar,2023-08-05
C3697,Pooja Sharma,Male,28,Lucknow,Uttar Pradesh,2024-01-03
C3698,Sneha Verma,Male,32,Bhubaneswar,Odisha,2025-04-17
C3699,Riya Kumar,Female,39,Hyderabad,Telangana,2025-01-08
C3700,Kavya Mishra,Female,31,Bhopal,Madhya Pradesh,2025-10-09
C3701,Vikram Singh,Male,23,Mumbai,Maharashtra,2023-11-02
C3702,Neha Das,Male,33,Gurugram,Haryana,2025-03-30
C3703,Priya Mehta,Male,25,Chennai,Tamil Nadu,2025-12-21
C3704,Pooja Patel,Female,31,Ahmedabad,Gujarat,2023-02-07
C3705,Karan Kumar,Male,47,Pune,Maharashtra,2024-11-21
C3706,Nisha Mehta,Male,31,Kochi,Kerala,2022-05-01
C3707,Aditya Sharma,Male,52,Bengaluru,Karnataka,2023-12-28
C3708,Riya Yadav,Male,48,Noida,Uttar Pradesh,2023-01-20
C3709,Nisha Patel,Male,28,Surat,Gujarat,2025-12-19
C3710,Rahul Patel,Female,23,Gurugram,Haryana,2023-04-21
C3711,Aditya Verma,Male,33,Gurugram,Haryana,2023-07-14
C3712,Kavya Mehta,Male,46,Noida,Uttar Pradesh,2025-04-05
C3713,Rohan Yadav,Female,29,Bhubaneswar,Odisha,2023-01-24
C3714,Priya Yadav,Female,43,Surat,Gujarat,2025-09-18
C3715,Arjun Mishra,Male,46,Ahmedabad,Gujarat,2024-02-29
C3716,Aditya Roy,Male,26,Delhi,Delhi,2024-01-23
C3717,Vikram Kapoor,Female,27,Nagpur,Maharashtra,2023-12-05
C3718,Priya Sharma,Male,41,Bhopal,Madhya Pradesh,2022-02-22
C3719,Amit Roy,Female,36,Patna,Bihar,2023-07-21
C3720,Manish Mehta,Male,27,Chennai,Tamil Nadu,2024-03-31
C3721,Rohan Kumar,Male,30,Bhopal,Madhya Pradesh,2024-11-10
C3722,Kavya Mishra,Male,33,Nagpur,Maharashtra,2024-11-08
C3723,Aditya Kapoor,Female,18,Kolkata,West Bengal,2024-05-11
C3724,Aarav Jain,Female,42,Delhi,Delhi,2022-11-18
C3725,Arjun Patel,Male,29,Chennai,Tamil Nadu,2024-04-06
C3726,Anjali Sinha,Male,18,Kochi,Kerala,2023-03-09
C3727,Riya Singh,Male,34,Chennai,Tamil Nadu,2024-12-18
C3728,Aarav Kapoor,Male,27,Delhi,Delhi,2025-03-20
C3729,Arjun Verma,Female,51,Noida,Uttar Pradesh,2022-02-27
C3730,Arjun Yadav,Male,28,Surat,Gujarat,2024-10-14
C3731,Amit Mishra,Female,23,Jaipur,Rajasthan,2024-01-21
C3732,Manish Verma,Female,39,Gurugram,Haryana,2025-08-09
C3733,Riya Verma,Female,27,Chennai,Tamil Nadu,2022-07-01
C3734,Pooja Mehta,Female,26,Mumbai,Maharashtra,2023-08-30
C3735,Sneha Kapoor,Male,39,Indore,Madhya Pradesh,2025-01-06
C3736,Isha Mishra,Male,24,Pune,Maharashtra,2024-08-18
C3737,Neha Kumar,Male,19,Hyderabad,Telangana,2022-04-15
C3738,Anjali Mishra,Male,51,Delhi,Delhi,2025-07-08
C3739,Rahul Patel,Male,40,Chandigarh,Chandigarh,2023-08-30
C3740,Pooja Patel,Male,31,Bhubaneswar,Odisha,2025-05-31
C3741,Anjali Kumar,Female,34,Pune,Maharashtra,2024-09-16
C3742,Sahil Sinha,Male,39,Indore,Madhya Pradesh,2023-04-29
C3743,Aarav Yadav,Female,44,Kochi,Kerala,2022-05-09
C3744,Amit Jain,Female,26,Gurugram,Haryana,2022-11-15
C3745,Arjun Mishra,Female,38,Bhubaneswar,Odisha,2023-12-08
C3746,Riya Sinha,Male,29,Noida,Uttar Pradesh,2023-05-24
C3747,Simran Patel,Male,32,Lucknow,Uttar Pradesh,2022-01-20
C3748,Aditya Singh,Male,36,Jaipur,Rajasthan,2024-01-22
C3749,Kavya Sharma,Male,34,Ahmedabad,Gujarat,2022-08-23
C3750,Kavya Mehta,Male,41,Lucknow,Uttar Pradesh,2023-08-29
C3751,Simran Singh,Female,39,Nagpur,Maharashtra,2023-07-08
C3752,Sneha Patel,Male,19,Mumbai,Maharashtra,2025-10-05
C3753,Simran Kapoor,Male,20,Kolkata,West Bengal,2023-03-29
C3754,Priya Sinha,Female,30,Chennai,Tamil Nadu,2023-08-09
C3755,Sahil Patel,Male,52,Jaipur,Rajasthan,2024-09-10
C3756,Arjun Sharma,Male,25,Chennai,Tamil Nadu,2023-02-27
C3757,Anjali Sinha,Female,32,Noida,Uttar Pradesh,2025-04-28
C3758,Karan Das,Male,29,Bhubaneswar,Odisha,2025-02-22
C3759,Kavya Roy,Female,28,Jaipur,Rajasthan,2022-01-06
C3760,Isha Sharma,Male,36,Nagpur,Maharashtra,2023-04-03
C3761,Sahil Gupta,Female,48,Nagpur,Maharashtra,2023-07-08
C3762,Amit Mishra,Male,39,Bhopal,Madhya Pradesh,2023-06-06
C3763,Nisha Gupta,Male,26,Pune,Maharashtra,2025-01-17
C3764,Pooja Reddy,Female,62,Bengaluru,Karnataka,2024-04-25
C3765,Aarav Roy,Male,35,Lucknow,Uttar Pradesh,2025-02-08
C3766,Riya Sinha,Male,28,Mumbai,Maharashtra,2023-07-05
C3767,Riya Mehta,Male,48,Bengaluru,Karnataka,2025-11-21
C3768,Pooja Das,Male,29,Surat,Gujarat,2022-01-11
C3769,Pooja Verma,Male,51,Mumbai,Maharashtra,2023-05-12
C3770,Pooja Kumar,Female,25,Lucknow,Uttar Pradesh,2024-11-05
C3771,Anjali Singh,Female,48,Kolkata,West Bengal,2024-11-22
C3772,Sneha Kapoor,Female,36,Patna,Bihar,2024-01-15
C3773,Vikram Verma,Male,47,Pune,Maharashtra,2023-05-04
C3774,Priya Kumar,Male,53,Indore,Madhya Pradesh,2025-04-26
C3775,Rohan Sharma,Female,23,Kolkata,West Bengal,2024-01-06
C3776,Pooja Mishra,Female,47,Bhubaneswar,Odisha,2023-04-03
C3777,Priya Das,Male,20,Jaipur,Rajasthan,2024-12-10
C3778,Isha Sharma,Male,24,Bhubaneswar,Odisha,2025-07-18
C3779,Neha Sinha,Male,26,Bhopal,Madhya Pradesh,2023-04-09
C3780,Simran Roy,Male,39,Gurugram,Haryana,2022-02-12
C3781,Pooja Kapoor,Female,34,Bhubaneswar,Odisha,2023-06-23
C3782,Amit Jain,Male,32,Bengaluru,Karnataka,2023-07-22
C3783,Sahil Mishra,Female,35,Indore,Madhya Pradesh,2022-05-01
C3784,Amit Kumar,Male,40,Mumbai,Maharashtra,2023-09-17
C3785,Vikram Yadav,Male,41,Mumbai,Maharashtra,2022-11-12
C3786,Riya Reddy,Female,45,Bengaluru,Karnataka,2024-10-18
C3787,Manish Reddy,Male,52,Kolkata,West Bengal,2025-02-12
C3788,Sneha Sharma,Male,34,Indore,Madhya Pradesh,2023-09-13
C3789,Rahul Sinha,Female,29,Lucknow,Uttar Pradesh,2023-03-30
C3790,Pooja Sharma,Female,40,Jaipur,Rajasthan,2023-11-18
C3791,Karan Mehta,Female,23,Delhi,Delhi,2023-09-16
C3792,Aarav Sinha,Male,27,Surat,Gujarat,2023-09-04
C3793,Neha Patel,Male,44,Kolkata,West Bengal,2024-08-16
C3794,Nisha Verma,Female,33,Jaipur,Rajasthan,2023-10-09
C3795,Karan Sharma,Male,22,Hyderabad,Telangana,2024-02-02
C3796,Amit Gupta,Female,19,Mumbai,Maharashtra,2025-09-22
C3797,Rahul Verma,Male,34,Hyderabad,Telangana,2022-08-28
C3798,Aditya Singh,Male,45,Delhi,Delhi,2024-01-04
C3799,Kavya Mehta,Female,45,Gurugram,Haryana,2025-11-10
C3800,Arjun Singh,Male,35,Lucknow,Uttar Pradesh,2025-03-14
C3801,Aarav Jain,Male,54,Indore,Madhya Pradesh,2023-01-12
C3802,Vikram Yadav,Male,33,Gurugram,Haryana,2022-01-04
C3803,Sahil Mehta,Male,33,Surat,Gujarat,2024-03-04
C3804,Priya Jain,Male,18,Hyderabad,Telangana,2024-04-25
C3805,Manish Sinha,Male,30,Mumbai,Maharashtra,2025-09-13
C3806,Amit Jain,Male,43,Chandigarh,Chandigarh,2022-07-16
C3807,Arjun Sharma,Female,50,Delhi,Delhi,2023-01-24
C3808,Aditya Gupta,Male,26,Nagpur,Maharashtra,2022-09-18
C3809,Neha Kapoor,Female,39,Chandigarh,Chandigarh,2023-08-26
C3810,Isha Das,Male,44,Hyderabad,Telangana,2022-04-04
C3811,Anjali Roy,Female,34,Pune,Maharashtra,2025-07-04
C3812,Simran Reddy,Male,18,Nagpur,Maharashtra,2022-05-16
C3813,Isha Singh,Female,36,Jaipur,Rajasthan,2023-06-09
C3814,Nisha Sharma,Female,42,Hyderabad,Telangana,2023-05-13
C3815,Pooja Kapoor,Female,25,Gurugram,Haryana,2025-04-16
C3816,Aditya Patel,Female,31,Delhi,Delhi,2022-04-22
C3817,Neha Reddy,Male,22,Lucknow,Uttar Pradesh,2025-07-11
C3818,Kavya Reddy,Female,18,Hyderabad,Telangana,2025-12-08
C3819,Rahul Sharma,Female,44,Jaipur,Rajasthan,2023-01-04
C3820,Nisha Kumar,Female,34,Chandigarh,Chandigarh,2024-07-24
C3821,Rahul Reddy,Male,50,Kochi,Kerala,2025-11-02
C3822,Manish Singh,Female,43,Lucknow,Uttar Pradesh,2024-02-07
C3823,Simran Yadav,Male,30,Kolkata,West Bengal,2023-08-09
C3824,Amit Das,Male,33,Surat,Gujarat,2025-11-07
C3825,Vikram Sharma,Male,40,Kolkata,West Bengal,2023-11-04
C3826,Arjun Singh,Male,44,Nagpur,Maharashtra,2023-05-26
C3827,Manish Roy,Female,37,Lucknow,Uttar Pradesh,2023-12-14
C3828,Kavya Yadav,Female,45,Noida,Uttar Pradesh,2024-03-30
C3829,Rahul Singh,Female,31,Noida,Uttar Pradesh,2023-01-12
C3830,Anjali Mehta,Female,24,Bengaluru,Karnataka,2023-06-29
C3831,Arjun Mishra,Male,33,Bhubaneswar,Odisha,2022-03-14
C3832,Pooja Singh,Female,36,Indore,Madhya Pradesh,2024-08-31
C3833,Neha Sharma,Male,22,Indore,Madhya Pradesh,2023-05-19
C3834,Arjun Mehta,Female,21,Hyderabad,Telangana,2025-10-07
C3835,Neha Yadav,Female,38,Jaipur,Rajasthan,2024-03-15
C3836,Karan Singh,Female,30,Gurugram,Haryana,2023-12-11
C3837,Karan Mishra,Male,32,Nagpur,Maharashtra,2022-11-21
C3838,Karan Yadav,Female,30,Patna,Bihar,2023-01-23
C3839,Simran Roy,Male,49,Jaipur,Rajasthan,2024-04-07
C3840,Vikram Jain,Male,47,Lucknow,Uttar Pradesh,2022-08-28
C3841,Pooja Singh,Female,22,Noida,Uttar Pradesh,2024-09-02
C3842,Rahul Gupta,Male,29,Bhubaneswar,Odisha,2025-01-02
C3843,Kavya Singh,Female,43,Chandigarh,Chandigarh,2022-01-31
C3844,Pooja Mehta,Male,40,Ahmedabad,Gujarat,2023-04-24
C3845,Karan Mehta,Male,34,Pune,Maharashtra,2024-11-03
C3846,Anjali Gupta,Female,23,Nagpur,Maharashtra,2023-12-18
C3847,Karan Mishra,Male,27,Indore,Madhya Pradesh,2025-09-01
C3848,Simran Kumar,Male,29,Bhubaneswar,Odisha,2022-03-09
C3849,Arjun Yadav,Male,37,Indore,Madhya Pradesh,2024-10-02
C3850,Rahul Kapoor,Male,51,Delhi,Delhi,2023-06-22
C3851,Nisha Kumar,Female,27,Kochi,Kerala,2022-10-18
C3852,Nisha Verma,Male,24,Chennai,Tamil Nadu,2024-09-01
C3853,Nisha Jain,Female,33,Patna,Bihar,2022-01-24
C3854,Sneha Mishra,Female,44,Surat,Gujarat,2023-02-19
C3855,Aditya Mishra,Male,20,Mumbai,Maharashtra,2024-04-30
C3856,Aditya Reddy,Female,49,Ahmedabad,Gujarat,2024-08-19
C3857,Manish Das,Female,32,Patna,Bihar,2023-11-12
C3858,Isha Yadav,Male,27,Noida,Uttar Pradesh,2024-11-25
C3859,Manish Roy,Male,18,Bengaluru,Karnataka,2022-04-11
C3860,Sneha Yadav,Male,41,Delhi,Delhi,2023-06-30
C3861,Isha Patel,Female,32,Patna,Bihar,2022-02-08
C3862,Aditya Roy,Female,36,Surat,Gujarat,2022-07-30
C3863,Rahul Das,Male,25,Noida,Uttar Pradesh,2024-01-12
C3864,Aditya Mehta,Female,31,Surat,Gujarat,2023-08-15
C3865,Kavya Sharma,Female,29,Lucknow,Uttar Pradesh,2024-01-20
C3866,Manish Roy,Female,33,Noida,Uttar Pradesh,2022-06-21
C3867,Kavya Verma,Female,27,Kolkata,West Bengal,2024-04-17
C3868,Amit Das,Male,19,Gurugram,Haryana,2023-03-18
C3869,Nisha Kumar,Female,61,Hyderabad,Telangana,2024-12-18
C3870,Sneha Verma,Female,20,Chandigarh,Chandigarh,2025-12-04
C3871,Rohan Kapoor,Female,36,Kochi,Kerala,2023-06-18
C3872,Kavya Patel,Female,18,Bengaluru,Karnataka,2022-12-31
C3873,Nisha Verma,Male,18,Lucknow,Uttar Pradesh,2023-01-02
C3874,Vikram Gupta,Female,35,Kolkata,West Bengal,2025-09-29
C3875,Neha Mehta,Male,36,Delhi,Delhi,2022-10-23
C3876,Sahil Kapoor,Female,47,Kochi,Kerala,2025-09-26
C3877,Neha Yadav,Male,38,Ahmedabad,Gujarat,2023-08-29
C3878,Kavya Sinha,Female,33,Gurugram,Haryana,2024-01-26
C3879,Neha Yadav,Female,25,Kochi,Kerala,2023-06-07
C3880,Amit Reddy,Female,49,Lucknow,Uttar Pradesh,2022-09-22
C3881,Kavya Das,Male,43,Nagpur,Maharashtra,2024-11-27
C3882,Vikram Gupta,Female,22,Jaipur,Rajasthan,2025-02-28
C3883,Nisha Gupta,Female,34,Kolkata,West Bengal,2023-01-17
C3884,Simran Mehta,Female,35,Patna,Bihar,2025-06-02
C3885,Pooja Kapoor,Male,31,Pune,Maharashtra,2025-03-12
C3886,Neha Kumar,Male,42,Nagpur,Maharashtra,2023-03-07
C3887,Arjun Sinha,Male,42,Delhi,Delhi,2023-01-24
C3888,Nisha Kapoor,Male,32,Chennai,Tamil Nadu,2022-02-23
C3889,Riya Sharma,Male,31,Jaipur,Rajasthan,2022-01-24
C3890,Kavya Kapoor,Female,49,Noida,Uttar Pradesh,2023-01-30
C3891,Amit Sinha,Female,43,Mumbai,Maharashtra,2023-09-25
C3892,Anjali Yadav,Male,35,Patna,Bihar,2022-04-29
C3893,Rahul Mishra,Male,18,Kolkata,West Bengal,2024-09-09
C3894,Neha Sharma,Female,37,Ahmedabad,Gujarat,2025-04-23
C3895,Neha Sharma,Male,41,Hyderabad,Telangana,2022-07-11
C3896,Sneha Mehta,Female,18,Noida,Uttar Pradesh,2023-05-02
C3897,Amit Reddy,Male,37,Patna,Bihar,2023-09-25
C3898,Priya Mishra,Male,30,Chennai,Tamil Nadu,2023-12-22
C3899,Sahil Patel,Male,32,Indore,Madhya Pradesh,2023-01-19
C3900,Karan Gupta,Female,25,Noida,Uttar Pradesh,2024-03-22
C3901,Amit Yadav,Male,33,Mumbai,Maharashtra,2022-12-12
C3902,Karan Sharma,Female,48,Patna,Bihar,2023-04-18
C3903,Pooja Gupta,Male,30,Chandigarh,Chandigarh,2023-11-07
C3904,Karan Mehta,Male,44,Hyderabad,Telangana,2022-01-03
C3905,Sahil Mehta,Female,26,Pune,Maharashtra,2024-12-09
C3906,Arjun Roy,Male,42,Patna,Bihar,2024-07-13
C3907,Isha Kumar,Female,34,Hyderabad,Telangana,2024-05-25
C3908,Kavya Kumar,Male,38,Indore,Madhya Pradesh,2024-09-10
C3909,Amit Kumar,Male,34,Delhi,Delhi,2025-05-19
C3910,Rahul Roy,Female,40,Bengaluru,Karnataka,2024-08-30
C3911,Sahil Yadav,Female,18,Kochi,Kerala,2025-07-30
C3912,Manish Patel,Male,20,Kolkata,West Bengal,2023-01-14
C3913,Riya Reddy,Female,38,Noida,Uttar Pradesh,2025-09-11
C3914,Anjali Mehta,Male,18,Delhi,Delhi,2025-08-14
C3915,Aditya Kapoor,Female,29,Kolkata,West Bengal,2022-05-18
C3916,Aditya Sharma,Female,33,Kolkata,West Bengal,2022-05-05
C3917,Karan Roy,Male,26,Surat,Gujarat,2024-07-22
C3918,Amit Verma,Male,27,Chennai,Tamil Nadu,2025-11-16
C3919,Anjali Kumar,Male,37,Nagpur,Maharashtra,2025-11-26
C3920,Anjali Reddy,Male,44,Lucknow,Uttar Pradesh,2023-04-25
C3921,Karan Gupta,Male,24,Noida,Uttar Pradesh,2025-11-25
C3922,Vikram Mehta,Female,28,Pune,Maharashtra,2023-07-24
C3923,Rahul Das,Female,27,Bengaluru,Karnataka,2025-10-17
C3924,Kavya Roy,Male,18,Chandigarh,Chandigarh,2022-03-07
C3925,Neha Sharma,Female,35,Indore,Madhya Pradesh,2025-12-22
C3926,Kavya Singh,Female,43,Bhubaneswar,Odisha,2024-05-01
C3927,Kavya Roy,Female,44,Gurugram,Haryana,2023-03-08
C3928,Sneha Kapoor,Male,25,Bengaluru,Karnataka,2025-02-02
C3929,Aarav Das,Female,21,Hyderabad,Telangana,2025-01-17
C3930,Vikram Mishra,Male,34,Chennai,Tamil Nadu,2023-08-24
C3931,Simran Yadav,Male,42,Delhi,Delhi,2024-05-05
C3932,Sneha Das,Male,36,Hyderabad,Telangana,2022-01-06
C3933,Sahil Das,Male,37,Bhopal,Madhya Pradesh,2022-06-07
C3934,Rohan Singh,Male,45,Lucknow,Uttar Pradesh,2025-11-03
C3935,Anjali Verma,Female,27,Bhubaneswar,Odisha,2022-11-26
C3936,Manish Kumar,Male,32,Chandigarh,Chandigarh,2025-01-31
C3937,Aditya Kumar,Male,50,Kochi,Kerala,2022-08-11
C3938,Nisha Verma,Male,32,Chennai,Tamil Nadu,2023-02-06
C3939,Pooja Mishra,Female,21,Hyderabad,Telangana,2023-06-29
C3940,Kavya Patel,Female,27,Kochi,Kerala,2023-05-24
C3941,Sneha Das,Male,25,Lucknow,Uttar Pradesh,2022-07-03
C3942,Aditya Mehta,Male,38,Nagpur,Maharashtra,2024-07-03
C3943,Arjun Mishra,Female,25,Lucknow,Uttar Pradesh,2025-01-15
C3944,Sneha Kapoor,Male,37,Pune,Maharashtra,2023-08-04
C3945,Simran Roy,Male,27,Surat,Gujarat,2025-11-04
C3946,Manish Reddy,Male,18,Delhi,Delhi,2023-06-22
C3947,Riya Sinha,Female,37,Nagpur,Maharashtra,2025-12-07
C3948,Neha Kapoor,Female,35,Jaipur,Rajasthan,2023-06-02
C3949,Sahil Singh,Female,39,Kolkata,West Bengal,2024-02-07
C3950,Vikram Patel,Male,27,Gurugram,Haryana,2022-10-22
C3951,Rohan Sharma,Female,26,Chandigarh,Chandigarh,2024-10-11
C3952,Rohan Das,Female,38,Bengaluru,Karnataka,2022-09-17
C3953,Rohan Gupta,Female,49,Pune,Maharashtra,2025-11-08
C3954,Rohan Mehta,Male,34,Jaipur,Rajasthan,2024-04-05
C3955,Kavya Singh,Male,38,Chennai,Tamil Nadu,2025-08-20
C3956,Arjun Das,Female,31,Lucknow,Uttar Pradesh,2022-11-12
C3957,Riya Patel,Female,19,Nagpur,Maharashtra,2024-01-16
C3958,Amit Kapoor,Male,44,Bhopal,Madhya Pradesh,2023-12-20
C3959,Rohan Jain,Male,43,Surat,Gujarat,2025-01-05
C3960,Sahil Gupta,Female,41,Bengaluru,Karnataka,2023-11-11
C3961,Kavya Singh,Female,32,Jaipur,Rajasthan,2024-05-03
C3962,Pooja Singh,Male,40,Indore,Madhya Pradesh,2025-11-03
C3963,Rahul Mishra,Female,43,Chennai,Tamil Nadu,2023-04-06
C3964,Sahil Kapoor,Female,50,Chandigarh,Chandigarh,2024-12-15
C3965,Pooja Sharma,Female,44,Kochi,Kerala,2024-03-17
C3966,Sahil Verma,Male,35,Bhubaneswar,Odisha,2025-01-09
C3967,Neha Verma,Male,21,Indore,Madhya Pradesh,2025-04-14
C3968,Anjali Mishra,Male,36,Surat,Gujarat,2024-03-03
C3969,Isha Sharma,Male,37,Chandigarh,Chandigarh,2024-07-18
C3970,Sahil Das,Female,41,Nagpur,Maharashtra,2025-11-07
C3971,Rohan Sinha,Male,48,Ahmedabad,Gujarat,2022-05-29
C3972,Kavya Sinha,Female,33,Mumbai,Maharashtra,2024-02-07
C3973,Arjun Singh,Male,55,Chennai,Tamil Nadu,2025-07-28
C3974,Priya Reddy,Male,18,Kolkata,West Bengal,2022-12-11
C3975,Anjali Yadav,Male,38,Bhopal,Madhya Pradesh,2025-12-03
C3976,Arjun Patel,Male,26,Noida,Uttar Pradesh,2024-08-31
C3977,Amit Mehta,Male,18,Delhi,Delhi,2024-07-10
C3978,Rohan Kumar,Female,32,Nagpur,Maharashtra,2022-01-30
C3979,Sahil Sinha,Male,19,Patna,Bihar,2023-12-31
C3980,Kavya Das,Female,32,Lucknow,Uttar Pradesh,2025-12-16
C3981,Isha Kumar,Female,34,Gurugram,Haryana,2024-09-08
C3982,Amit Kumar,Male,45,Kochi,Kerala,2022-08-19
C3983,Rohan Roy,Female,19,Lucknow,Uttar Pradesh,2025-10-14
C3984,Karan Yadav,Female,43,Indore,Madhya Pradesh,2025-03-31
C3985,Sahil Sinha,Male,35,Gurugram,Haryana,2023-12-30
C3986,Amit Gupta,Male,44,Hyderabad,Telangana,2025-06-05
C3987,Kavya Mishra,Female,30,Mumbai,Maharashtra,2025-05-29
C3988,Kavya Reddy,Male,21,Jaipur,Rajasthan,2024-01-16
C3989,Anjali Kumar,Male,22,Lucknow,Uttar Pradesh,2025-01-01
C3990,Nisha Patel,Female,21,Patna,Bihar,2023-02-03
C3991,Isha Sinha,Male,39,Kochi,Kerala,2022-04-05
C3992,Aditya Mishra,Male,49,Pune,Maharashtra,2023-04-20
C3993,Vikram Das,Female,28,Indore,Madhya Pradesh,2025-01-23
C3994,Riya Verma,Female,40,Gurugram,Haryana,2024-02-14
C3995,Nisha Gupta,Male,19,Indore,Madhya Pradesh,2025-02-21
C3996,Neha Mehta,Male,36,Ahmedabad,Gujarat,2024-03-10
C3997,Sneha Yadav,Female,41,Patna,Bihar,2024-08-01
C3998,Kavya Roy,Female,20,Jaipur,Rajasthan,2024-10-19
C3999,Pooja Jain,Male,32,Indore,Madhya Pradesh,2023-09-13
C4000,Sahil Sharma,Male,41,Delhi,Delhi,2024-05-09
C4001,Riya Das,Male,18,Delhi,Delhi,2024-08-21
C4002,Neha Sharma,Female,47,Gurugram,Haryana,2024-12-07
C4003,Neha Gupta,Female,38,Bengaluru,Karnataka,2024-03-23
C4004,Neha Sharma,Female,41,Lucknow,Uttar Pradesh,2022-04-05
C4005,Vikram Reddy,Female,30,Ahmedabad,Gujarat,2022-02-02
C4006,Manish Sinha,Female,18,Indore,Madhya Pradesh,2025-02-15
C4007,Neha Verma,Male,39,Lucknow,Uttar Pradesh,2025-06-28
C4008,Arjun Patel,Female,33,Delhi,Delhi,2025-08-19
C4009,Kavya Yadav,Female,34,Noida,Uttar Pradesh,2022-05-02
C4010,Amit Mehta,Male,45,Mumbai,Maharashtra,2022-08-06
C4011,Kavya Reddy,Male,42,Gurugram,Haryana,2024-12-12
C4012,Aarav Patel,Female,53,Chandigarh,Chandigarh,2025-02-23
C4013,Anjali Roy,Male,36,Delhi,Delhi,2025-03-28
C4014,Kavya Verma,Male,27,Mumbai,Maharashtra,2024-03-05
C4015,Kavya Patel,Female,32,Surat,Gujarat,2022-06-25
C4016,Manish Sharma,Female,38,Indore,Madhya Pradesh,2022-10-19
C4017,Vikram Kumar,Male,44,Chandigarh,Chandigarh,2025-03-28
C4018,Arjun Das,Female,19,Surat,Gujarat,2023-05-06
C4019,Aditya Singh,Male,34,Nagpur,Maharashtra,2024-01-31
C4020,Pooja Jain,Male,50,Pune,Maharashtra,2025-10-12
C4021,Arjun Singh,Male,32,Nagpur,Maharashtra,2023-09-26
C4022,Aditya Sharma,Female,43,Pune,Maharashtra,2025-06-14
C4023,Nisha Patel,Female,39,Chandigarh,Chandigarh,2025-12-22
C4024,Isha Verma,Female,44,Chennai,Tamil Nadu,2022-05-05
C4025,Sneha Gupta,Female,26,Nagpur,Maharashtra,2025-08-31
C4026,Isha Mehta,Male,26,Bengaluru,Karnataka,2025-07-26
C4027,Aditya Verma,Male,34,Pune,Maharashtra,2023-08-27
C4028,Arjun Yadav,Female,19,Nagpur,Maharashtra,2024-07-26
C4029,Amit Sharma,Male,31,Pune,Maharashtra,2025-02-02
C4030,Rohan Yadav,Female,37,Delhi,Delhi,2024-12-01
C4031,Priya Roy,Female,52,Nagpur,Maharashtra,2025-11-21
C4032,Rohan Yadav,Female,38,Nagpur,Maharashtra,2023-05-06
C4033,Sneha Verma,Male,40,Patna,Bihar,2023-07-19
C4034,Riya Yadav,Male,46,Bengaluru,Karnataka,2022-06-17
C4035,Kavya Reddy,Male,24,Indore,Madhya Pradesh,2024-01-29
C4036,Simran Sharma,Male,32,Patna,Bihar,2025-04-12
C4037,Amit Reddy,Female,58,Surat,Gujarat,2025-10-27
C4038,Anjali Kapoor,Male,33,Jaipur,Rajasthan,2025-03-19
C4039,Rohan Reddy,Male,45,Delhi,Delhi,2022-09-06
C4040,Riya Sharma,Male,44,Surat,Gujarat,2022-06-29
C4041,Anjali Singh,Male,19,Jaipur,Rajasthan,2025-02-17
C4042,Amit Mishra,Male,37,Gurugram,Haryana,2022-01-28
C4043,Karan Sinha,Male,35,Bhopal,Madhya Pradesh,2022-04-27
C4044,Kavya Kapoor,Male,37,Gurugram,Haryana,2023-12-04
C4045,Riya Kapoor,Male,26,Jaipur,Rajasthan,2023-10-19
C4046,Sahil Sharma,Male,23,Pune,Maharashtra,2024-04-11
C4047,Karan Gupta,Male,29,Kochi,Kerala,2022-09-19
C4048,Pooja Sinha,Male,33,Gurugram,Haryana,2023-09-18
C4049,Kavya Kumar,Male,46,Gurugram,Haryana,2024-02-24
C4050,Sahil Yadav,Female,52,Mumbai,Maharashtra,2024-11-27
C4051,Isha Das,Female,48,Jaipur,Rajasthan,2022-07-16
C4052,Arjun Mishra,Female,43,Chandigarh,Chandigarh,2025-12-31
C4053,Aditya Patel,Male,24,Indore,Madhya Pradesh,2023-11-15
C4054,Arjun Mishra,Male,30,Bengaluru,Karnataka,2024-05-23
C4055,Simran Mishra,Female,36,Patna,Bihar,2025-12-04
C4056,Priya Verma,Male,28,Kochi,Kerala,2022-11-29
C4057,Priya Patel,Female,40,Ahmedabad,Gujarat,2023-12-21
C4058,Isha Sinha,Male,41,Noida,Uttar Pradesh,2025-03-27
C4059,Rahul Roy,Male,39,Gurugram,Haryana,2025-03-29
C4060,Kavya Sharma,Female,44,Surat,Gujarat,2025-09-19
C4061,Manish Roy,Male,25,Mumbai,Maharashtra,2025-10-31
C4062,Vikram Reddy,Male,43,Ahmedabad,Gujarat,2022-03-20
C4063,Vikram Patel,Male,27,Kolkata,West Bengal,2022-07-16
C4064,Kavya Singh,Male,25,Bhopal,Madhya Pradesh,2025-02-17
C4065,Manish Gupta,Male,39,Indore,Madhya Pradesh,2022-08-14
C4066,Rohan Patel,Female,46,Ahmedabad,Gujarat,2023-08-18
C4067,Simran Reddy,Female,39,Hyderabad,Telangana,2025-12-04
C4068,Riya Mishra,Female,34,Indore,Madhya Pradesh,2024-07-01
C4069,Amit Patel,Male,37,Bhubaneswar,Odisha,2024-01-05
C4070,Pooja Mishra,Female,35,Nagpur,Maharashtra,2025-09-24
C4071,Sneha Singh,Female,23,Chandigarh,Chandigarh,2024-07-07
C4072,Aditya Sharma,Male,22,Noida,Uttar Pradesh,2023-06-21
C4073,Rahul Roy,Female,33,Mumbai,Maharashtra,2022-08-08
C4074,Riya Kumar,Female,35,Chandigarh,Chandigarh,2022-10-20
C4075,Priya Verma,Female,34,Chandigarh,Chandigarh,2025-05-12
C4076,Aarav Das,Male,41,Indore,Madhya Pradesh,2022-07-21
C4077,Isha Reddy,Male,32,Bhubaneswar,Odisha,2022-02-01
C4078,Pooja Verma,Female,40,Lucknow,Uttar Pradesh,2025-01-17
C4079,Riya Verma,Male,33,Bengaluru,Karnataka,2025-05-10
C4080,Aditya Gupta,Female,52,Gurugram,Haryana,2025-08-09
C4081,Sneha Sharma,Female,35,Bengaluru,Karnataka,2023-12-17
C4082,Simran Verma,Female,57,Kochi,Kerala,2024-01-23
C4083,Simran Das,Male,38,Ahmedabad,Gujarat,2024-10-13
C4084,Aarav Das,Female,32,Hyderabad,Telangana,2022-04-25
C4085,Neha Mehta,Male,25,Bhubaneswar,Odisha,2023-12-23
C4086,Aarav Roy,Female,20,Patna,Bihar,2025-05-30
C4087,Aditya Kumar,Female,24,Patna,Bihar,2022-07-01
C4088,Aarav Roy,Male,25,Patna,Bihar,2024-02-10
C4089,Priya Sharma,Female,38,Mumbai,Maharashtra,2023-04-14
C4090,Simran Yadav,Male,29,Nagpur,Maharashtra,2023-03-02
C4091,Pooja Kumar,Male,36,Jaipur,Rajasthan,2024-04-13
C4092,Aditya Sharma,Male,47,Mumbai,Maharashtra,2024-12-19
C4093,Pooja Singh,Male,33,Indore,Madhya Pradesh,2023-04-30
C4094,Kavya Yadav,Male,55,Surat,Gujarat,2022-01-11
C4095,Rahul Jain,Male,22,Hyderabad,Telangana,2025-11-09
C4096,Karan Verma,Female,32,Ahmedabad,Gujarat,2025-12-04
C4097,Arjun Kumar,Female,29,Jaipur,Rajasthan,2022-02-11
C4098,Neha Yadav,Female,43,Chennai,Tamil Nadu,2022-05-03
C4099,Sneha Sinha,Male,18,Surat,Gujarat,2023-12-02
C4100,Pooja Kumar,Female,20,Chandigarh,Chandigarh,2022-09-09
C4101,Sneha Yadav,Female,33,Pune,Maharashtra,2024-08-30
C4102,Kavya Kumar,Male,50,Bhubaneswar,Odisha,2023-08-27
C4103,Sahil Yadav,Female,36,Nagpur,Maharashtra,2022-08-01
C4104,Arjun Patel,Male,20,Bengaluru,Karnataka,2022-09-25
C4105,Nisha Reddy,Female,22,Chennai,Tamil Nadu,2024-10-02
C4106,Pooja Mehta,Male,51,Gurugram,Haryana,2023-12-08
C4107,Karan Sinha,Male,28,Bhopal,Madhya Pradesh,2023-06-24
C4108,Simran Jain,Female,25,Pune,Maharashtra,2023-12-07
C4109,Neha Patel,Male,49,Jaipur,Rajasthan,2024-10-07
C4110,Priya Patel,Male,44,Kolkata,West Bengal,2023-09-11
C4111,Vikram Verma,Female,47,Nagpur,Maharashtra,2025-03-04
C4112,Aditya Kumar,Female,24,Surat,Gujarat,2023-05-13
C4113,Neha Singh,Female,19,Bengaluru,Karnataka,2024-10-17
C4114,Isha Das,Male,35,Hyderabad,Telangana,2024-02-21
C4115,Rohan Das,Male,37,Lucknow,Uttar Pradesh,2022-05-06
C4116,Sneha Sharma,Female,38,Chennai,Tamil Nadu,2025-10-14
C4117,Arjun Mehta,Male,49,Lucknow,Uttar Pradesh,2024-04-20
C4118,Karan Roy,Male,18,Bhopal,Madhya Pradesh,2024-09-09
C4119,Aarav Kumar,Male,43,Lucknow,Uttar Pradesh,2025-09-03
C4120,Sahil Verma,Male,23,Chandigarh,Chandigarh,2022-01-12
C4121,Anjali Das,Male,43,Patna,Bihar,2025-08-10
C4122,Rohan Mishra,Male,29,Surat,Gujarat,2023-05-31
C4123,Aditya Singh,Male,26,Ahmedabad,Gujarat,2025-11-15
C4124,Kavya Jain,Male,28,Ahmedabad,Gujarat,2022-11-12
C4125,Arjun Verma,Male,20,Ahmedabad,Gujarat,2024-10-28
C4126,Rahul Singh,Male,34,Chandigarh,Chandigarh,2025-02-21
C4127,Manish Reddy,Female,26,Mumbai,Maharashtra,2025-10-27
C4128,Kavya Yadav,Female,42,Bhopal,Madhya Pradesh,2022-11-10
C4129,Sahil Roy,Male,40,Lucknow,Uttar Pradesh,2025-04-23
C4130,Neha Sinha,Male,51,Bhopal,Madhya Pradesh,2023-07-01
C4131,Sneha Singh,Male,38,Patna,Bihar,2022-02-08
C4132,Amit Kumar,Male,39,Indore,Madhya Pradesh,2025-01-12
C4133,Aditya Kumar,Male,48,Surat,Gujarat,2024-11-10
C4134,Karan Sinha,Female,28,Nagpur,Maharashtra,2022-09-10
C4135,Pooja Singh,Female,19,Mumbai,Maharashtra,2022-10-30
C4136,Amit Singh,Female,36,Noida,Uttar Pradesh,2024-09-05
C4137,Anjali Sinha,Male,20,Bhopal,Madhya Pradesh,2022-09-15
C4138,Pooja Singh,Male,59,Gurugram,Haryana,2024-09-26
C4139,Sneha Kumar,Female,49,Noida,Uttar Pradesh,2023-06-26
C4140,Rahul Mehta,Male,56,Nagpur,Maharashtra,2023-10-02
C4141,Sahil Mehta,Female,35,Kolkata,West Bengal,2023-07-06
C4142,Pooja Kumar,Male,40,Indore,Madhya Pradesh,2023-04-06
C4143,Simran Patel,Female,29,Bengaluru,Karnataka,2022-08-12
C4144,Anjali Kumar,Female,43,Kolkata,West Bengal,2022-04-02
C4145,Rahul Sharma,Female,22,Bengaluru,Karnataka,2022-10-07
C4146,Rohan Sinha,Male,18,Delhi,Delhi,2025-04-08
C4147,Amit Patel,Male,26,Chandigarh,Chandigarh,2022-09-05
C4148,Aarav Mehta,Male,19,Kochi,Kerala,2025-10-16
C4149,Simran Reddy,Female,49,Chandigarh,Chandigarh,2025-10-04
C4150,Kavya Das,Male,52,Hyderabad,Telangana,2024-05-15
C4151,Aditya Verma,Male,20,Pune,Maharashtra,2025-12-29
C4152,Aditya Das,Male,47,Lucknow,Uttar Pradesh,2025-11-30
C4153,Rohan Das,Male,44,Pune,Maharashtra,2022-03-19
C4154,Rahul Kumar,Male,18,Indore,Madhya Pradesh,2023-04-03
C4155,Anjali Verma,Female,30,Indore,Madhya Pradesh,2023-08-09
C4156,Vikram Das,Male,28,Hyderabad,Telangana,2025-11-16
C4157,Neha Roy,Male,41,Kolkata,West Bengal,2024-11-03
C4158,Rahul Jain,Female,22,Bhubaneswar,Odisha,2022-02-14
C4159,Sahil Reddy,Female,33,Chennai,Tamil Nadu,2022-02-07
C4160,Pooja Sinha,Female,27,Bhubaneswar,Odisha,2023-02-20
C4161,Simran Roy,Male,39,Bhopal,Madhya Pradesh,2022-09-02
C4162,Aarav Mishra,Female,32,Delhi,Delhi,2024-12-21
C4163,Manish Singh,Male,29,Ahmedabad,Gujarat,2023-05-08
C4164,Anjali Sinha,Male,32,Delhi,Delhi,2022-11-19
C4165,Manish Sinha,Male,54,Chennai,Tamil Nadu,2025-06-29
C4166,Neha Mehta,Male,30,Kolkata,West Bengal,2023-04-13
C4167,Priya Kapoor,Male,24,Bengaluru,Karnataka,2024-12-20
C4168,Simran Reddy,Female,40,Indore,Madhya Pradesh,2025-02-16
C4169,Rohan Gupta,Male,33,Chennai,Tamil Nadu,2022-03-28
C4170,Riya Kapoor,Male,20,Kochi,Kerala,2022-03-21
C4171,Arjun Sharma,Male,56,Noida,Uttar Pradesh,2022-08-16
C4172,Neha Jain,Male,30,Surat,Gujarat,2023-04-28
C4173,Nisha Gupta,Female,30,Kolkata,West Bengal,2023-09-15
C4174,Arjun Singh,Male,36,Kochi,Kerala,2025-08-26
C4175,Riya Reddy,Female,51,Ahmedabad,Gujarat,2024-08-05
C4176,Aditya Singh,Male,18,Pune,Maharashtra,2023-04-30
C4177,Aarav Das,Female,37,Ahmedabad,Gujarat,2024-04-19
C4178,Sahil Singh,Female,55,Chandigarh,Chandigarh,2022-01-25
C4179,Nisha Singh,Female,35,Kolkata,West Bengal,2025-05-10
C4180,Arjun Kapoor,Female,22,Noida,Uttar Pradesh,2025-06-02
C4181,Riya Reddy,Female,28,Mumbai,Maharashtra,2024-02-18
C4182,Rahul Singh,Male,36,Ahmedabad,Gujarat,2024-07-19
C4183,Sneha Gupta,Male,47,Patna,Bihar,2024-03-05
C4184,Neha Singh,Female,31,Delhi,Delhi,2024-01-23
C4185,Karan Sharma,Female,42,Kolkata,West Bengal,2025-04-21
C4186,Sneha Kapoor,Male,20,Surat,Gujarat,2025-01-05
C4187,Aarav Patel,Male,20,Bhubaneswar,Odisha,2023-03-02
C4188,Isha Gupta,Female,29,Bhopal,Madhya Pradesh,2024-12-26
C4189,Karan Roy,Male,48,Patna,Bihar,2023-10-22
C4190,Nisha Yadav,Male,35,Lucknow,Uttar Pradesh,2023-11-16
C4191,Kavya Reddy,Male,37,Bengaluru,Karnataka,2023-07-01
C4192,Simran Sharma,Female,37,Chandigarh,Chandigarh,2025-01-05
C4193,Nisha Das,Female,45,Bengaluru,Karnataka,2024-07-04
C4194,Nisha Kumar,Male,28,Indore,Madhya Pradesh,2022-02-24
C4195,Vikram Sharma,Male,41,Surat,Gujarat,2025-06-24
C4196,Anjali Mehta,Male,26,Chandigarh,Chandigarh,2022-11-10
C4197,Arjun Kumar,Male,54,Nagpur,Maharashtra,2025-09-05
C4198,Amit Yadav,Female,26,Bengaluru,Karnataka,2022-08-08
C4199,Manish Gupta,Female,25,Bhubaneswar,Odisha,2025-10-26
C4200,Rohan Gupta,Male,39,Patna,Bihar,2025-05-24
C4201,Karan Mishra,Female,35,Gurugram,Haryana,2022-02-18
C4202,Nisha Sinha,Female,37,Patna,Bihar,2023-04-08
C4203,Pooja Kumar,Male,36,Surat,Gujarat,2022-04-28
C4204,Kavya Verma,Male,23,Bengaluru,Karnataka,2022-03-23
C4205,Sneha Reddy,Female,50,Kolkata,West Bengal,2025-07-10
C4206,Amit Das,Male,43,Kochi,Kerala,2023-05-11
C4207,Sneha Jain,Female,48,Noida,Uttar Pradesh,2023-09-26
C4208,Anjali Mishra,Male,29,Nagpur,Maharashtra,2024-04-16
C4209,Neha Mishra,Female,38,Hyderabad,Telangana,2023-08-25
C4210,Karan Singh,Female,36,Indore,Madhya Pradesh,2024-02-09
C4211,Simran Reddy,Female,45,Patna,Bihar,2023-11-04
C4212,Amit Yadav,Female,46,Bengaluru,Karnataka,2022-06-25
C4213,Manish Kumar,Female,36,Bengaluru,Karnataka,2024-03-15
C4214,Kavya Patel,Female,19,Surat,Gujarat,2025-01-17
C4215,Karan Verma,Male,52,Chennai,Tamil Nadu,2023-10-01
C4216,Vikram Kapoor,Male,40,Lucknow,Uttar Pradesh,2025-10-14
C4217,Rahul Reddy,Female,28,Gurugram,Haryana,2025-08-02
C4218,Sneha Yadav,Female,38,Hyderabad,Telangana,2022-10-24
C4219,Neha Mishra,Male,19,Gurugram,Haryana,2025-07-07
C4220,Simran Kapoor,Male,45,Patna,Bihar,2023-04-20
C4221,Kavya Kapoor,Female,19,Mumbai,Maharashtra,2023-06-20
C4222,Pooja Yadav,Male,32,Lucknow,Uttar Pradesh,2024-11-26
C4223,Nisha Kapoor,Male,36,Patna,Bihar,2025-04-19
C4224,Arjun Jain,Female,44,Bhubaneswar,Odisha,2022-01-25
C4225,Rohan Mishra,Female,35,Surat,Gujarat,2022-12-15
C4226,Amit Kumar,Male,40,Gurugram,Haryana,2023-09-29
C4227,Neha Kumar,Male,34,Patna,Bihar,2022-08-15
C4228,Rahul Das,Male,34,Kochi,Kerala,2025-10-03
C4229,Simran Singh,Male,35,Mumbai,Maharashtra,2022-02-07
C4230,Neha Yadav,Female,32,Chennai,Tamil Nadu,2025-11-07
C4231,Simran Singh,Male,18,Chennai,Tamil Nadu,2023-07-24
C4232,Pooja Reddy,Male,26,Gurugram,Haryana,2022-08-24
C4233,Aarav Sharma,Male,36,Bhopal,Madhya Pradesh,2025-04-19
C4234,Kavya Jain,Male,32,Noida,Uttar Pradesh,2022-04-24
C4235,Vikram Roy,Female,32,Hyderabad,Telangana,2022-11-02
C4236,Vikram Mishra,Male,31,Nagpur,Maharashtra,2022-05-12
C4237,Vikram Kapoor,Female,25,Lucknow,Uttar Pradesh,2022-12-14
C4238,Priya Roy,Female,29,Bhubaneswar,Odisha,2025-04-18
C4239,Karan Mehta,Male,31,Kolkata,West Bengal,2023-02-19
C4240,Anjali Verma,Female,34,Kochi,Kerala,2024-09-09
C4241,Isha Patel,Male,38,Patna,Bihar,2024-01-02
C4242,Rahul Mehta,Female,32,Patna,Bihar,2023-10-16
C4243,Riya Sharma,Male,24,Noida,Uttar Pradesh,2023-01-20
C4244,Karan Kumar,Female,20,Noida,Uttar Pradesh,2023-05-27
C4245,Manish Patel,Male,60,Patna,Bihar,2024-12-02
C4246,Riya Mehta,Female,23,Bhopal,Madhya Pradesh,2025-02-15
C4247,Nisha Patel,Male,29,Chennai,Tamil Nadu,2022-03-02
C4248,Neha Sharma,Female,39,Jaipur,Rajasthan,2023-07-07
C4249,Amit Mishra,Male,38,Jaipur,Rajasthan,2022-07-07
C4250,Vikram Das,Female,39,Lucknow,Uttar Pradesh,2023-03-29
C4251,Isha Sinha,Male,30,Gurugram,Haryana,2024-04-26
C4252,Riya Gupta,Male,36,Delhi,Delhi,2022-07-06
C4253,Vikram Gupta,Female,35,Pune,Maharashtra,2024-07-26
C4254,Sneha Sharma,Female,31,Hyderabad,Telangana,2022-06-13
C4255,Sahil Jain,Male,36,Delhi,Delhi,2025-12-18
C4256,Vikram Gupta,Female,45,Indore,Madhya Pradesh,2022-04-12
C4257,Arjun Kumar,Female,34,Ahmedabad,Gujarat,2025-07-14
C4258,Arjun Jain,Female,34,Bhopal,Madhya Pradesh,2025-03-22
C4259,Isha Yadav,Male,45,Noida,Uttar Pradesh,2025-12-23
C4260,Aarav Mishra,Male,44,Indore,Madhya Pradesh,2023-11-22
C4261,Amit Kapoor,Female,50,Nagpur,Maharashtra,2025-12-21
C4262,Rahul Gupta,Male,18,Kochi,Kerala,2023-08-01
C4263,Aarav Reddy,Male,43,Kochi,Kerala,2023-09-03
C4264,Vikram Reddy,Male,40,Noida,Uttar Pradesh,2023-06-20
C4265,Neha Kumar,Male,25,Bhubaneswar,Odisha,2025-09-18
C4266,Nisha Jain,Female,37,Noida,Uttar Pradesh,2024-01-31
C4267,Neha Jain,Female,45,Surat,Gujarat,2024-06-14
C4268,Pooja Singh,Female,26,Delhi,Delhi,2024-08-28
C4269,Rohan Das,Male,38,Patna,Bihar,2022-05-04
C4270,Arjun Gupta,Male,43,Indore,Madhya Pradesh,2025-08-18
C4271,Riya Roy,Male,23,Bhopal,Madhya Pradesh,2023-10-30
C4272,Neha Mehta,Male,33,Ahmedabad,Gujarat,2022-12-15
C4273,Nisha Kumar,Female,37,Bhubaneswar,Odisha,2022-09-06
C4274,Sneha Roy,Female,26,Kolkata,West Bengal,2025-07-18
C4275,Pooja Verma,Male,25,Bengaluru,Karnataka,2025-12-23
C4276,Rohan Mishra,Female,33,Chandigarh,Chandigarh,2023-12-08
C4277,Rahul Das,Male,42,Chandigarh,Chandigarh,2023-12-14
C4278,Neha Das,Female,40,Mumbai,Maharashtra,2024-10-03
C4279,Neha Kapoor,Male,25,Chennai,Tamil Nadu,2022-09-04
C4280,Pooja Verma,Female,41,Nagpur,Maharashtra,2023-04-26
C4281,Kavya Kapoor,Male,26,Kolkata,West Bengal,2022-04-08
C4282,Manish Sinha,Male,18,Mumbai,Maharashtra,2022-11-25
C4283,Isha Singh,Male,30,Hyderabad,Telangana,2025-12-19
C4284,Riya Das,Male,45,Patna,Bihar,2025-12-18
C4285,Simran Jain,Male,41,Ahmedabad,Gujarat,2024-10-25
C4286,Kavya Sharma,Male,34,Bhopal,Madhya Pradesh,2023-04-04
C4287,Kavya Kumar,Male,30,Ahmedabad,Gujarat,2024-03-06
C4288,Aditya Patel,Female,30,Patna,Bihar,2023-08-16
C4289,Aarav Verma,Male,35,Bhubaneswar,Odisha,2023-05-13
C4290,Pooja Yadav,Female,23,Ahmedabad,Gujarat,2022-03-28
C4291,Neha Reddy,Male,31,Ahmedabad,Gujarat,2023-02-06
C4292,Arjun Sharma,Female,32,Nagpur,Maharashtra,2025-08-09
C4293,Kavya Patel,Female,20,Bhubaneswar,Odisha,2025-07-28
C4294,Vikram Yadav,Male,26,Bhubaneswar,Odisha,2022-07-16
C4295,Kavya Singh,Female,38,Surat,Gujarat,2024-02-03
C4296,Aditya Das,Male,34,Kochi,Kerala,2025-01-11
C4297,Nisha Gupta,Female,31,Patna,Bihar,2022-01-27
C4298,Pooja Verma,Male,25,Pune,Maharashtra,2022-05-15
C4299,Simran Mishra,Male,50,Surat,Gujarat,2025-01-18
C4300,Aarav Verma,Male,26,Chandigarh,Chandigarh,2022-07-25
C4301,Sahil Jain,Male,37,Indore,Madhya Pradesh,2024-11-16
C4302,Manish Jain,Male,29,Surat,Gujarat,2025-11-02
C4303,Riya Mishra,Female,34,Jaipur,Rajasthan,2025-12-09
C4304,Rohan Jain,Male,39,Bengaluru,Karnataka,2025-06-04
C4305,Simran Patel,Male,20,Gurugram,Haryana,2023-08-26
C4306,Nisha Kapoor,Male,34,Bhubaneswar,Odisha,2024-12-27
C4307,Aditya Yadav,Male,46,Chennai,Tamil Nadu,2022-12-28
C4308,Nisha Kumar,Male,52,Lucknow,Uttar Pradesh,2025-07-07
C4309,Sneha Kapoor,Female,33,Nagpur,Maharashtra,2023-10-20
C4310,Arjun Patel,Male,34,Indore,Madhya Pradesh,2024-12-22
C4311,Anjali Verma,Female,56,Ahmedabad,Gujarat,2024-08-29
C4312,Amit Jain,Male,45,Indore,Madhya Pradesh,2024-09-06
C4313,Aarav Jain,Male,28,Kochi,Kerala,2024-07-29
C4314,Anjali Gupta,Female,28,Bhubaneswar,Odisha,2024-06-26
C4315,Rohan Jain,Male,44,Pune,Maharashtra,2025-11-16
C4316,Amit Reddy,Male,24,Bhopal,Madhya Pradesh,2022-09-03
C4317,Amit Mehta,Female,45,Nagpur,Maharashtra,2022-10-05
C4318,Rohan Sinha,Male,37,Nagpur,Maharashtra,2022-12-13
C4319,Arjun Mehta,Male,39,Lucknow,Uttar Pradesh,2023-01-07
C4320,Karan Mishra,Female,31,Gurugram,Haryana,2024-03-19
C4321,Riya Jain,Female,28,Kochi,Kerala,2024-04-28
C4322,Manish Yadav,Male,49,Patna,Bihar,2022-05-03
C4323,Priya Mishra,Male,32,Mumbai,Maharashtra,2024-12-16
C4324,Arjun Patel,Male,30,Noida,Uttar Pradesh,2022-06-09
C4325,Karan Sharma,Male,33,Pune,Maharashtra,2025-02-24
C4326,Priya Reddy,Female,36,Bhopal,Madhya Pradesh,2024-01-07
C4327,Sahil Mehta,Female,24,Mumbai,Maharashtra,2025-08-27
C4328,Priya Yadav,Female,28,Bhubaneswar,Odisha,2023-06-02
C4329,Amit Mehta,Male,28,Noida,Uttar Pradesh,2024-07-23
C4330,Manish Sinha,Male,42,Kolkata,West Bengal,2025-07-12
C4331,Isha Patel,Female,25,Lucknow,Uttar Pradesh,2024-01-16
C4332,Kavya Patel,Male,18,Bhubaneswar,Odisha,2022-10-15
C4333,Kavya Sinha,Female,18,Indore,Madhya Pradesh,2023-02-24
C4334,Simran Reddy,Female,19,Chennai,Tamil Nadu,2022-05-20
C4335,Riya Roy,Female,48,Bhubaneswar,Odisha,2023-12-08
C4336,Riya Gupta,Male,34,Bengaluru,Karnataka,2023-11-29
C4337,Kavya Sinha,Male,39,Chennai,Tamil Nadu,2024-09-13
C4338,Vikram Das,Female,39,Ahmedabad,Gujarat,2023-04-20
C4339,Vikram Sinha,Female,35,Ahmedabad,Gujarat,2023-01-24
C4340,Neha Jain,Female,33,Ahmedabad,Gujarat,2023-05-26
C4341,Aditya Reddy,Male,44,Bhopal,Madhya Pradesh,2023-06-22
C4342,Manish Mishra,Female,35,Ahmedabad,Gujarat,2022-08-01
C4343,Anjali Singh,Female,48,Patna,Bihar,2024-06-15
C4344,Isha Reddy,Male,40,Kochi,Kerala,2025-07-12
C4345,Isha Mehta,Male,28,Ahmedabad,Gujarat,2025-09-28
C4346,Sahil Yadav,Female,29,Lucknow,Uttar Pradesh,2024-11-27
C4347,Sneha Singh,Male,27,Pune,Maharashtra,2022-08-21
C4348,Priya Reddy,Male,46,Nagpur,Maharashtra,2022-09-17
C4349,Simran Sharma,Female,30,Hyderabad,Telangana,2022-11-04
C4350,Aditya Kumar,Male,26,Chandigarh,Chandigarh,2023-02-07
C4351,Kavya Sinha,Female,37,Hyderabad,Telangana,2024-09-23
C4352,Sahil Mehta,Male,33,Chennai,Tamil Nadu,2025-07-08
C4353,Aarav Sinha,Male,37,Hyderabad,Telangana,2024-01-20
C4354,Rahul Mishra,Female,53,Noida,Uttar Pradesh,2025-02-03
C4355,Priya Kapoor,Female,43,Kolkata,West Bengal,2025-06-24
C4356,Aarav Jain,Male,34,Mumbai,Maharashtra,2022-10-31
C4357,Kavya Kapoor,Female,20,Patna,Bihar,2022-12-09
C4358,Neha Mishra,Male,29,Kochi,Kerala,2024-11-27
C4359,Aarav Sharma,Male,41,Chennai,Tamil Nadu,2024-05-04
C4360,Rohan Kumar,Male,22,Kolkata,West Bengal,2024-12-05
C4361,Aditya Das,Male,55,Lucknow,Uttar Pradesh,2025-05-28
C4362,Arjun Patel,Female,34,Ahmedabad,Gujarat,2022-09-13
C4363,Kavya Sinha,Female,34,Kochi,Kerala,2022-05-17
C4364,Nisha Sharma,Female,27,Bengaluru,Karnataka,2025-06-08
C4365,Simran Sinha,Female,39,Bhopal,Madhya Pradesh,2024-03-28
C4366,Isha Sinha,Male,22,Surat,Gujarat,2024-08-30
C4367,Isha Kapoor,Female,56,Nagpur,Maharashtra,2022-02-07
C4368,Neha Yadav,Female,47,Delhi,Delhi,2025-03-24
C4369,Priya Mishra,Female,44,Lucknow,Uttar Pradesh,2022-04-15
C4370,Riya Kumar,Female,20,Lucknow,Uttar Pradesh,2022-09-12
C4371,Aditya Reddy,Female,36,Mumbai,Maharashtra,2025-11-28
C4372,Manish Kapoor,Male,46,Jaipur,Rajasthan,2023-05-03
C4373,Isha Das,Female,40,Chandigarh,Chandigarh,2023-04-03
C4374,Isha Roy,Female,24,Surat,Gujarat,2023-06-12
C4375,Pooja Sinha,Female,27,Noida,Uttar Pradesh,2023-08-14
C4376,Amit Jain,Male,29,Gurugram,Haryana,2023-06-09
C4377,Isha Singh,Male,28,Bhopal,Madhya Pradesh,2023-01-05
C4378,Arjun Kumar,Female,49,Ahmedabad,Gujarat,2022-04-12
C4379,Sahil Roy,Male,18,Nagpur,Maharashtra,2024-07-04
C4380,Anjali Das,Female,41,Indore,Madhya Pradesh,2023-10-26
C4381,Priya Mehta,Male,21,Lucknow,Uttar Pradesh,2023-11-21
C4382,Anjali Mishra,Male,24,Indore,Madhya Pradesh,2023-08-22
C4383,Arjun Kumar,Male,18,Indore,Madhya Pradesh,2023-08-23
C4384,Rohan Kumar,Male,29,Pune,Maharashtra,2023-06-25
C4385,Nisha Verma,Male,49,Chandigarh,Chandigarh,2023-01-24
C4386,Riya Roy,Male,37,Nagpur,Maharashtra,2022-12-29
C4387,Pooja Roy,Male,22,Jaipur,Rajasthan,2024-07-19
C4388,Priya Kapoor,Male,44,Ahmedabad,Gujarat,2023-09-04
C4389,Rohan Jain,Male,46,Bhubaneswar,Odisha,2025-02-12
C4390,Amit Patel,Male,35,Noida,Uttar Pradesh,2023-12-23
C4391,Isha Kumar,Female,54,Chandigarh,Chandigarh,2022-12-09
C4392,Rahul Kumar,Female,42,Surat,Gujarat,2025-01-02
C4393,Manish Gupta,Male,41,Jaipur,Rajasthan,2022-05-15
C4394,Isha Patel,Male,26,Bhopal,Madhya Pradesh,2024-07-28
C4395,Rohan Sharma,Female,40,Bhopal,Madhya Pradesh,2024-09-04
C4396,Manish Yadav,Male,36,Kolkata,West Bengal,2023-01-15
C4397,Kavya Singh,Female,39,Gurugram,Haryana,2025-02-22
C4398,Aditya Reddy,Female,27,Pune,Maharashtra,2022-02-07
C4399,Aditya Reddy,Male,35,Bengaluru,Karnataka,2024-02-20
C4400,Rohan Jain,Male,26,Surat,Gujarat,2022-11-06
C4401,Rahul Reddy,Male,18,Noida,Uttar Pradesh,2022-04-16
C4402,Sahil Das,Male,44,Surat,Gujarat,2023-07-10
C4403,Aditya Sinha,Male,19,Pune,Maharashtra,2025-06-02
C4404,Anjali Mishra,Male,35,Hyderabad,Telangana,2025-06-19
C4405,Sahil Sharma,Female,37,Ahmedabad,Gujarat,2023-02-01
C4406,Nisha Mehta,Male,37,Chandigarh,Chandigarh,2022-06-02
C4407,Riya Jain,Male,31,Chandigarh,Chandigarh,2023-06-20
C4408,Amit Sinha,Female,37,Nagpur,Maharashtra,2024-09-22
C4409,Sneha Patel,Male,39,Nagpur,Maharashtra,2024-08-23
C4410,Neha Kumar,Male,41,Chennai,Tamil Nadu,2025-11-26
C4411,Amit Reddy,Male,51,Kolkata,West Bengal,2025-03-15
C4412,Manish Kapoor,Female,36,Gurugram,Haryana,2025-04-29
C4413,Nisha Jain,Female,35,Chandigarh,Chandigarh,2024-06-11
C4414,Anjali Sharma,Male,25,Kochi,Kerala,2023-08-06
C4415,Manish Mishra,Male,38,Hyderabad,Telangana,2022-07-20
C4416,Neha Jain,Male,41,Pune,Maharashtra,2022-01-12
C4417,Karan Yadav,Male,32,Ahmedabad,Gujarat,2024-12-11
C4418,Neha Sharma,Male,39,Chandigarh,Chandigarh,2024-02-07
C4419,Sneha Reddy,Female,31,Kolkata,West Bengal,2025-08-18
C4420,Priya Roy,Female,41,Kolkata,West Bengal,2025-08-16
C4421,Karan Mehta,Male,43,Bengaluru,Karnataka,2024-07-08
C4422,Anjali Verma,Female,43,Bengaluru,Karnataka,2023-06-05
C4423,Nisha Reddy,Female,35,Chandigarh,Chandigarh,2025-03-09
C4424,Pooja Das,Male,24,Mumbai,Maharashtra,2022-04-10
C4425,Sneha Patel,Male,28,Surat,Gujarat,2025-03-06
C4426,Sneha Mishra,Male,40,Kolkata,West Bengal,2024-05-20
C4427,Sneha Patel,Male,58,Ahmedabad,Gujarat,2023-01-01
C4428,Priya Roy,Male,31,Ahmedabad,Gujarat,2023-10-19
C4429,Kavya Jain,Female,39,Kolkata,West Bengal,2022-06-10
C4430,Arjun Patel,Female,28,Kochi,Kerala,2024-01-31
C4431,Simran Roy,Male,24,Bengaluru,Karnataka,2022-06-24
C4432,Sahil Roy,Male,27,Lucknow,Uttar Pradesh,2025-01-16
C4433,Priya Sinha,Female,18,Bengaluru,Karnataka,2025-11-23
C4434,Aarav Das,Male,48,Bhopal,Madhya Pradesh,2023-06-29
C4435,Manish Roy,Female,18,Nagpur,Maharashtra,2023-04-22
C4436,Amit Sharma,Male,31,Chennai,Tamil Nadu,2022-10-10
C4437,Isha Reddy,Male,22,Bhubaneswar,Odisha,2024-08-14
C4438,Arjun Mehta,Male,25,Jaipur,Rajasthan,2023-03-28
C4439,Anjali Sinha,Female,48,Bhubaneswar,Odisha,2022-03-23
C4440,Sahil Mishra,Male,36,Pune,Maharashtra,2025-05-21
C4441,Aarav Singh,Male,24,Hyderabad,Telangana,2024-03-26
C4442,Nisha Das,Male,28,Chandigarh,Chandigarh,2023-06-04
C4443,Sneha Roy,Female,26,Chandigarh,Chandigarh,2022-05-14
C4444,Nisha Mehta,Female,34,Lucknow,Uttar Pradesh,2023-03-23
C4445,Rahul Patel,Female,36,Noida,Uttar Pradesh,2022-04-28
C4446,Manish Gupta,Female,53,Nagpur,Maharashtra,2025-06-20
C4447,Kavya Sinha,Male,18,Bhubaneswar,Odisha,2024-01-19
C4448,Isha Singh,Male,34,Bhubaneswar,Odisha,2025-03-19
C4449,Amit Patel,Male,31,Chandigarh,Chandigarh,2023-10-08
C4450,Amit Gupta,Male,43,Nagpur,Maharashtra,2023-01-14
C4451,Neha Kumar,Female,38,Hyderabad,Telangana,2023-08-31
C4452,Arjun Reddy,Female,40,Delhi,Delhi,2024-08-23
C4453,Kavya Yadav,Male,37,Delhi,Delhi,2023-06-09
C4454,Priya Singh,Female,25,Indore,Madhya Pradesh,2025-02-14
C4455,Sahil Verma,Female,46,Chandigarh,Chandigarh,2023-07-30
C4456,Riya Mishra,Male,42,Nagpur,Maharashtra,2024-07-25
C4457,Riya Mehta,Male,43,Ahmedabad,Gujarat,2023-10-24
C4458,Aditya Sinha,Male,47,Noida,Uttar Pradesh,2025-09-02
C4459,Arjun Yadav,Male,38,Chandigarh,Chandigarh,2024-05-25
C4460,Isha Sinha,Female,49,Kochi,Kerala,2022-01-12
C4461,Isha Kumar,Male,38,Ahmedabad,Gujarat,2025-01-18
C4462,Rahul Kapoor,Male,32,Ahmedabad,Gujarat,2023-01-23
C4463,Manish Sinha,Female,34,Indore,Madhya Pradesh,2022-03-24
C4464,Amit Das,Female,34,Chandigarh,Chandigarh,2024-09-02
C4465,Anjali Reddy,Male,29,Pune,Maharashtra,2023-01-31
C4466,Neha Yadav,Female,50,Chennai,Tamil Nadu,2023-06-29
C4467,Manish Patel,Male,37,Nagpur,Maharashtra,2023-10-23
C4468,Rohan Gupta,Male,35,Surat,Gujarat,2023-10-02
C4469,Priya Roy,Female,38,Mumbai,Maharashtra,2022-04-10
C4470,Rohan Singh,Male,64,Noida,Uttar Pradesh,2023-04-02
C4471,Aditya Sharma,Female,23,Nagpur,Maharashtra,2024-05-23
C4472,Priya Das,Male,26,Pune,Maharashtra,2022-11-24
C4473,Kavya Jain,Male,20,Chandigarh,Chandigarh,2023-12-25
C4474,Aditya Mehta,Male,32,Noida,Uttar Pradesh,2022-03-15
C4475,Aditya Kapoor,Male,36,Kochi,Kerala,2025-01-24
C4476,Nisha Yadav,Female,29,Noida,Uttar Pradesh,2022-04-02
C4477,Nisha Yadav,Female,29,Chandigarh,Chandigarh,2022-11-26
C4478,Nisha Sharma,Female,35,Patna,Bihar,2022-06-24
C4479,Riya Gupta,Female,29,Surat,Gujarat,2022-11-11
C4480,Manish Reddy,Male,37,Nagpur,Maharashtra,2023-05-12
C4481,Sahil Mehta,Female,45,Ahmedabad,Gujarat,2025-07-16
C4482,Rohan Gupta,Female,41,Gurugram,Haryana,2023-03-04
C4483,Simran Jain,Female,43,Bhubaneswar,Odisha,2022-02-04
C4484,Nisha Gupta,Female,45,Indore,Madhya Pradesh,2022-04-29
C4485,Aarav Kapoor,Female,37,Jaipur,Rajasthan,2025-10-26
C4486,Pooja Kapoor,Male,32,Bhubaneswar,Odisha,2024-07-13
C4487,Sahil Sharma,Female,26,Lucknow,Uttar Pradesh,2025-08-25
C4488,Sahil Gupta,Male,30,Bhopal,Madhya Pradesh,2025-10-12
C4489,Sahil Kumar,Male,29,Bhubaneswar,Odisha,2025-10-31
C4490,Isha Patel,Female,41,Delhi,Delhi,2024-04-07
C4491,Priya Mehta,Male,37,Bhubaneswar,Odisha,2025-02-02
C4492,Arjun Patel,Male,41,Jaipur,Rajasthan,2023-01-25
C4493,Isha Yadav,Male,22,Indore,Madhya Pradesh,2022-06-25
C4494,Aditya Gupta,Female,48,Delhi,Delhi,2022-04-16
C4495,Vikram Singh,Male,30,Bhopal,Madhya Pradesh,2023-08-15
C4496,Rahul Kumar,Female,23,Bengaluru,Karnataka,2025-04-01
C4497,Aarav Reddy,Male,30,Patna,Bihar,2024-07-02
C4498,Sahil Sinha,Male,59,Mumbai,Maharashtra,2025-07-14
C4499,Manish Reddy,Male,30,Surat,Gujarat,2025-07-26
C4500,Aditya Roy,Female,31,Jaipur,Rajasthan,2025-08-19
C4501,Nisha Kumar,Male,32,Indore,Madhya Pradesh,2024-08-12
C4502,Rohan Sharma,Female,33,Bhopal,Madhya Pradesh,2024-08-10
C4503,Riya Yadav,Female,26,Delhi,Delhi,2024-05-10
C4504,Sneha Mishra,Female,35,Chandigarh,Chandigarh,2022-05-07
C4505,Priya Sharma,Female,45,Kochi,Kerala,2025-06-23
C4506,Kavya Patel,Male,37,Ahmedabad,Gujarat,2024-04-03
C4507,Karan Kapoor,Male,23,Ahmedabad,Gujarat,2022-08-22
C4508,Aditya Sinha,Female,31,Bhopal,Madhya Pradesh,2023-10-29
C4509,Priya Reddy,Female,28,Delhi,Delhi,2024-07-19
C4510,Anjali Jain,Female,35,Patna,Bihar,2022-05-17
C4511,Rohan Kumar,Female,47,Ahmedabad,Gujarat,2023-07-10
C4512,Vikram Patel,Female,33,Lucknow,Uttar Pradesh,2024-01-29
C4513,Neha Jain,Male,33,Gurugram,Haryana,2025-03-18
C4514,Neha Mishra,Female,52,Patna,Bihar,2022-02-25
C4515,Neha Jain,Female,43,Pune,Maharashtra,2022-12-22
C4516,Isha Reddy,Female,40,Patna,Bihar,2025-07-04
C4517,Rohan Das,Male,54,Nagpur,Maharashtra,2024-07-11
C4518,Arjun Yadav,Female,39,Delhi,Delhi,2024-03-23
C4519,Sneha Patel,Female,18,Ahmedabad,Gujarat,2024-12-22
C4520,Amit Mishra,Male,42,Kolkata,West Bengal,2024-12-22
C4521,Arjun Sinha,Female,18,Noida,Uttar Pradesh,2024-03-16
C4522,Isha Reddy,Male,39,Kolkata,West Bengal,2024-11-18
C4523,Riya Roy,Female,18,Chennai,Tamil Nadu,2023-08-23
C4524,Isha Gupta,Male,29,Chandigarh,Chandigarh,2023-07-22
C4525,Riya Patel,Male,30,Gurugram,Haryana,2025-08-16
C4526,Aditya Verma,Male,26,Ahmedabad,Gujarat,2023-12-06
C4527,Anjali Gupta,Female,31,Jaipur,Rajasthan,2023-09-04
C4528,Sneha Mishra,Male,44,Nagpur,Maharashtra,2025-05-23
C4529,Kavya Mishra,Female,27,Bengaluru,Karnataka,2022-05-21
C4530,Kavya Singh,Female,39,Gurugram,Haryana,2023-07-15
C4531,Sahil Jain,Female,24,Patna,Bihar,2023-05-14
C4532,Rahul Gupta,Male,32,Nagpur,Maharashtra,2023-09-19
C4533,Rohan Kumar,Female,37,Gurugram,Haryana,2023-05-17
C4534,Simran Singh,Female,24,Mumbai,Maharashtra,2024-01-11
C4535,Kavya Yadav,Male,21,Ahmedabad,Gujarat,2024-02-03
C4536,Sahil Gupta,Male,39,Gurugram,Haryana,2025-04-29
C4537,Aditya Sharma,Male,45,Pune,Maharashtra,2023-11-06
C4538,Priya Mehta,Female,33,Nagpur,Maharashtra,2022-02-18
C4539,Priya Singh,Male,29,Kolkata,West Bengal,2025-10-18
C4540,Vikram Jain,Male,36,Gurugram,Haryana,2023-09-19
C4541,Arjun Yadav,Female,35,Kolkata,West Bengal,2023-11-11
C4542,Aditya Singh,Female,36,Mumbai,Maharashtra,2022-10-04
C4543,Aditya Kumar,Female,18,Kolkata,West Bengal,2022-02-16
C4544,Rohan Das,Female,23,Chennai,Tamil Nadu,2024-07-14
C4545,Karan Mehta,Male,26,Gurugram,Haryana,2022-08-04
C4546,Anjali Mehta,Female,36,Bhubaneswar,Odisha,2022-08-18
C4547,Priya Singh,Male,36,Hyderabad,Telangana,2022-11-19
C4548,Kavya Patel,Female,40,Nagpur,Maharashtra,2025-12-15
C4549,Pooja Mishra,Female,37,Patna,Bihar,2022-08-13
C4550,Sahil Patel,Male,21,Hyderabad,Telangana,2025-08-03
C4551,Sneha Patel,Female,48,Chandigarh,Chandigarh,2022-02-15
C4552,Neha Singh,Male,47,Bhubaneswar,Odisha,2024-11-03
C4553,Manish Kapoor,Male,21,Nagpur,Maharashtra,2023-09-25
C4554,Neha Kapoor,Female,37,Jaipur,Rajasthan,2023-01-10
C4555,Vikram Sinha,Female,28,Hyderabad,Telangana,2023-12-04
C4556,Riya Verma,Female,35,Kochi,Kerala,2024-09-13
C4557,Kavya Sharma,Male,45,Gurugram,Haryana,2022-11-29
C4558,Neha Kumar,Female,55,Bengaluru,Karnataka,2022-06-15
C4559,Sneha Gupta,Male,42,Kochi,Kerala,2023-05-22
C4560,Kavya Verma,Male,37,Ahmedabad,Gujarat,2022-04-27
C4561,Karan Gupta,Male,31,Delhi,Delhi,2024-07-31
C4562,Manish Patel,Male,36,Lucknow,Uttar Pradesh,2023-09-28
C4563,Manish Kumar,Female,48,Noida,Uttar Pradesh,2025-08-20
C4564,Manish Roy,Male,34,Surat,Gujarat,2023-04-02
C4565,Rahul Mehta,Male,25,Ahmedabad,Gujarat,2024-05-18
C4566,Isha Singh,Male,18,Delhi,Delhi,2025-07-18
C4567,Pooja Verma,Female,39,Bhopal,Madhya Pradesh,2022-08-04
C4568,Isha Jain,Female,36,Ahmedabad,Gujarat,2022-04-23
C4569,Sneha Roy,Male,28,Surat,Gujarat,2024-11-05
C4570,Kavya Patel,Female,44,Noida,Uttar Pradesh,2022-08-04
C4571,Aditya Mehta,Male,30,Hyderabad,Telangana,2023-03-03
C4572,Isha Patel,Female,33,Kolkata,West Bengal,2025-03-04
C4573,Sahil Yadav,Male,34,Bhopal,Madhya Pradesh,2024-12-02
C4574,Aditya Mehta,Male,30,Jaipur,Rajasthan,2024-02-03
C4575,Rohan Kumar,Female,36,Indore,Madhya Pradesh,2022-10-11
C4576,Arjun Reddy,Female,46,Surat,Gujarat,2024-04-13
C4577,Anjali Sinha,Male,23,Bhopal,Madhya Pradesh,2025-01-26
C4578,Amit Gupta,Female,39,Kochi,Kerala,2024-12-19
C4579,Aarav Sinha,Female,36,Chandigarh,Chandigarh,2022-08-18
C4580,Riya Kapoor,Female,36,Mumbai,Maharashtra,2023-01-20
C4581,Pooja Singh,Male,43,Bengaluru,Karnataka,2022-06-08
C4582,Amit Mehta,Male,34,Lucknow,Uttar Pradesh,2024-04-03
C4583,Arjun Mehta,Female,39,Jaipur,Rajasthan,2023-04-16
C4584,Priya Jain,Male,41,Bhubaneswar,Odisha,2022-07-27
C4585,Sahil Roy,Male,29,Ahmedabad,Gujarat,2022-06-23
C4586,Riya Sinha,Male,37,Lucknow,Uttar Pradesh,2025-01-09
C4587,Aarav Mishra,Female,31,Gurugram,Haryana,2024-11-07
C4588,Isha Gupta,Male,33,Bengaluru,Karnataka,2024-10-13
C4589,Amit Mehta,Female,31,Chennai,Tamil Nadu,2023-12-09
C4590,Aditya Roy,Male,39,Bengaluru,Karnataka,2025-08-07
C4591,Rahul Yadav,Male,35,Surat,Gujarat,2025-10-15
C4592,Arjun Mishra,Male,38,Nagpur,Maharashtra,2025-07-26
C4593,Manish Sinha,Male,34,Indore,Madhya Pradesh,2024-09-01
C4594,Riya Mehta,Female,18,Bengaluru,Karnataka,2023-02-01
C4595,Aarav Jain,Female,34,Bhopal,Madhya Pradesh,2024-08-31
C4596,Rohan Mishra,Male,35,Jaipur,Rajasthan,2024-02-05
C4597,Pooja Sinha,Male,36,Bhopal,Madhya Pradesh,2025-03-11
C4598,Simran Roy,Female,28,Indore,Madhya Pradesh,2023-11-08
C4599,Neha Singh,Female,22,Mumbai,Maharashtra,2023-06-01
C4600,Anjali Jain,Female,40,Noida,Uttar Pradesh,2025-06-28
C4601,Vikram Gupta,Female,31,Bhubaneswar,Odisha,2023-10-24
C4602,Pooja Verma,Male,36,Bhopal,Madhya Pradesh,2025-06-14
C4603,Arjun Jain,Female,31,Hyderabad,Telangana,2025-03-01
C4604,Priya Kumar,Male,34,Surat,Gujarat,2022-11-02
C4605,Aarav Mehta,Male,30,Surat,Gujarat,2022-12-24
C4606,Simran Das,Female,24,Delhi,Delhi,2025-08-01
C4607,Priya Mishra,Female,39,Mumbai,Maharashtra,2025-08-09
C4608,Vikram Kumar,Female,28,Bengaluru,Karnataka,2025-04-01
C4609,Nisha Roy,Male,36,Bhubaneswar,Odisha,2023-02-23
C4610,Karan Sharma,Male,38,Nagpur,Maharashtra,2023-10-04
C4611,Neha Sinha,Male,28,Bhubaneswar,Odisha,2023-05-22
C4612,Rohan Sharma,Female,22,Delhi,Delhi,2025-10-17
C4613,Arjun Sharma,Male,58,Bhubaneswar,Odisha,2022-11-08
C4614,Karan Yadav,Female,29,Kolkata,West Bengal,2023-12-05
C4615,Isha Singh,Male,40,Indore,Madhya Pradesh,2022-09-02
C4616,Simran Kapoor,Female,53,Kochi,Kerala,2023-04-22
C4617,Amit Jain,Female,42,Bhubaneswar,Odisha,2023-09-07
C4618,Simran Reddy,Male,31,Indore,Madhya Pradesh,2023-03-12
C4619,Pooja Singh,Male,33,Kochi,Kerala,2022-09-07
C4620,Amit Das,Female,26,Chennai,Tamil Nadu,2024-11-11
C4621,Amit Jain,Male,43,Kolkata,West Bengal,2023-04-22
C4622,Isha Sharma,Female,40,Nagpur,Maharashtra,2023-05-26
C4623,Pooja Verma,Female,29,Patna,Bihar,2025-09-21
C4624,Aarav Yadav,Male,24,Surat,Gujarat,2024-02-13
C4625,Kavya Das,Female,21,Bhopal,Madhya Pradesh,2025-09-27
C4626,Aditya Patel,Male,44,Indore,Madhya Pradesh,2025-09-23
C4627,Sahil Das,Female,35,Hyderabad,Telangana,2024-07-12
C4628,Isha Jain,Male,36,Noida,Uttar Pradesh,2024-12-01
C4629,Arjun Sharma,Female,26,Bengaluru,Karnataka,2022-03-15
C4630,Sneha Verma,Male,19,Ahmedabad,Gujarat,2024-03-19
C4631,Anjali Patel,Male,44,Bengaluru,Karnataka,2024-04-10
C4632,Isha Reddy,Male,34,Ahmedabad,Gujarat,2024-11-11
C4633,Nisha Yadav,Female,43,Noida,Uttar Pradesh,2022-08-08
C4634,Karan Kapoor,Female,30,Lucknow,Uttar Pradesh,2022-03-20
C4635,Anjali Roy,Female,32,Bhubaneswar,Odisha,2022-08-23
C4636,Arjun Kapoor,Male,41,Nagpur,Maharashtra,2022-06-06
C4637,Simran Yadav,Female,41,Ahmedabad,Gujarat,2022-11-23
C4638,Priya Verma,Female,42,Patna,Bihar,2025-02-11
C4639,Rahul Patel,Male,31,Chennai,Tamil Nadu,2023-10-04
C4640,Neha Sharma,Male,40,Chandigarh,Chandigarh,2023-09-13
C4641,Anjali Patel,Male,45,Chennai,Tamil Nadu,2024-09-11
C4642,Aditya Roy,Male,33,Chandigarh,Chandigarh,2025-07-22
C4643,Rahul Reddy,Male,29,Kolkata,West Bengal,2025-11-05
C4644,Anjali Das,Female,47,Chennai,Tamil Nadu,2024-11-09
C4645,Priya Sinha,Male,27,Jaipur,Rajasthan,2025-05-17
C4646,Nisha Jain,Female,40,Surat,Gujarat,2023-08-29
C4647,Riya Singh,Female,33,Mumbai,Maharashtra,2024-05-13
C4648,Simran Kapoor,Female,18,Delhi,Delhi,2024-01-19
C4649,Arjun Das,Female,45,Ahmedabad,Gujarat,2025-03-29
C4650,Simran Mishra,Male,18,Gurugram,Haryana,2024-07-03
C4651,Riya Jain,Female,18,Patna,Bihar,2024-06-17
C4652,Sahil Verma,Male,39,Bhopal,Madhya Pradesh,2024-09-24
C4653,Kavya Sharma,Female,39,Bhopal,Madhya Pradesh,2024-05-09
C4654,Sneha Roy,Female,28,Pune,Maharashtra,2023-07-27
C4655,Priya Mehta,Female,35,Chandigarh,Chandigarh,2022-02-07
C4656,Simran Verma,Female,18,Ahmedabad,Gujarat,2022-04-28
C4657,Aarav Patel,Male,41,Jaipur,Rajasthan,2023-01-25
C4658,Arjun Yadav,Male,36,Pune,Maharashtra,2023-11-11
C4659,Sahil Reddy,Female,34,Indore,Madhya Pradesh,2023-01-12
C4660,Nisha Sharma,Male,34,Mumbai,Maharashtra,2024-04-28
C4661,Anjali Das,Female,39,Bhubaneswar,Odisha,2023-01-11
C4662,Rohan Das,Male,34,Bhopal,Madhya Pradesh,2023-08-18
C4663,Aarav Jain,Female,18,Delhi,Delhi,2024-01-17
C4664,Aditya Gupta,Male,56,Ahmedabad,Gujarat,2024-12-01
C4665,Riya Reddy,Male,46,Chennai,Tamil Nadu,2023-04-03
C4666,Arjun Mehta,Female,21,Indore,Madhya Pradesh,2025-02-27
C4667,Priya Singh,Male,31,Delhi,Delhi,2024-11-17
C4668,Aditya Mishra,Male,32,Delhi,Delhi,2024-01-11
C4669,Aditya Jain,Male,45,Lucknow,Uttar Pradesh,2023-09-21
C4670,Riya Reddy,Male,18,Lucknow,Uttar Pradesh,2022-11-22
C4671,Anjali Mishra,Male,29,Indore,Madhya Pradesh,2023-09-11
C4672,Isha Patel,Male,18,Nagpur,Maharashtra,2022-11-21
C4673,Anjali Das,Female,31,Kolkata,West Bengal,2025-03-29
C4674,Vikram Reddy,Male,29,Bengaluru,Karnataka,2023-05-31
C4675,Neha Sharma,Female,35,Chandigarh,Chandigarh,2024-01-16
C4676,Priya Mehta,Male,28,Surat,Gujarat,2025-07-01
C4677,Nisha Das,Male,26,Ahmedabad,Gujarat,2022-09-05
C4678,Sneha Reddy,Male,40,Indore,Madhya Pradesh,2025-10-08
C4679,Priya Gupta,Female,39,Nagpur,Maharashtra,2023-02-02
C4680,Aarav Patel,Male,40,Nagpur,Maharashtra,2023-08-05
C4681,Isha Roy,Female,32,Chandigarh,Chandigarh,2022-07-22
C4682,Nisha Mehta,Female,28,Nagpur,Maharashtra,2025-08-18
C4683,Rahul Verma,Male,33,Kolkata,West Bengal,2025-03-17
C4684,Anjali Yadav,Female,39,Nagpur,Maharashtra,2022-08-09
C4685,Sneha Yadav,Male,18,Surat,Gujarat,2024-05-16
C4686,Anjali Gupta,Male,38,Kochi,Kerala,2022-09-20
C4687,Rohan Reddy,Female,37,Chandigarh,Chandigarh,2022-10-23
C4688,Manish Patel,Female,35,Kolkata,West Bengal,2025-08-31
C4689,Rahul Mehta,Female,33,Bengaluru,Karnataka,2024-10-16
C4690,Aarav Sharma,Female,18,Kochi,Kerala,2022-10-19
C4691,Nisha Yadav,Female,30,Kochi,Kerala,2023-11-15
C4692,Pooja Jain,Female,52,Indore,Madhya Pradesh,2024-05-25
C4693,Nisha Gupta,Male,34,Ahmedabad,Gujarat,2024-11-20
C4694,Anjali Mishra,Female,31,Indore,Madhya Pradesh,2024-12-03
C4695,Aarav Yadav,Female,34,Chandigarh,Chandigarh,2023-07-09
C4696,Vikram Kapoor,Male,38,Nagpur,Maharashtra,2025-03-03
C4697,Aditya Mishra,Male,41,Bengaluru,Karnataka,2022-12-15
C4698,Rahul Roy,Male,32,Kolkata,West Bengal,2022-08-07
C4699,Aditya Singh,Female,38,Chennai,Tamil Nadu,2024-10-19
C4700,Nisha Kumar,Female,51,Nagpur,Maharashtra,2023-03-26
C4701,Neha Das,Female,44,Mumbai,Maharashtra,2023-05-19
C4702,Manish Mishra,Male,57,Indore,Madhya Pradesh,2022-03-27
C4703,Priya Sharma,Female,27,Chennai,Tamil Nadu,2025-06-28
C4704,Rahul Das,Male,51,Bhubaneswar,Odisha,2025-07-12
C4705,Kavya Yadav,Female,26,Kolkata,West Bengal,2023-06-07
C4706,Vikram Roy,Female,38,Kolkata,West Bengal,2025-01-08
C4707,Aditya Singh,Female,41,Noida,Uttar Pradesh,2023-04-06
C4708,Kavya Reddy,Female,29,Noida,Uttar Pradesh,2024-10-10
C4709,Simran Patel,Female,35,Hyderabad,Telangana,2023-09-22
C4710,Amit Patel,Male,43,Nagpur,Maharashtra,2022-09-09
C4711,Vikram Verma,Male,27,Kochi,Kerala,2022-01-18
C4712,Riya Verma,Female,51,Kochi,Kerala,2025-07-03
C4713,Sneha Mishra,Male,20,Chandigarh,Chandigarh,2025-06-22
C4714,Isha Kumar,Male,53,Pune,Maharashtra,2025-03-22
C4715,Pooja Singh,Female,44,Bhopal,Madhya Pradesh,2023-05-15
C4716,Vikram Jain,Male,33,Indore,Madhya Pradesh,2023-04-03
C4717,Sneha Mehta,Male,30,Gurugram,Haryana,2022-04-25
C4718,Aarav Yadav,Female,29,Patna,Bihar,2024-01-23
C4719,Simran Jain,Male,33,Indore,Madhya Pradesh,2024-02-08
C4720,Manish Roy,Male,34,Bhopal,Madhya Pradesh,2023-03-23
C4721,Sahil Kumar,Male,47,Bengaluru,Karnataka,2022-12-19
C4722,Karan Kapoor,Female,54,Nagpur,Maharashtra,2023-09-17
C4723,Riya Patel,Female,36,Bengaluru,Karnataka,2023-06-25
C4724,Karan Kumar,Female,26,Gurugram,Haryana,2022-11-18
C4725,Sneha Kapoor,Male,29,Bhubaneswar,Odisha,2022-08-14
C4726,Vikram Kapoor,Female,32,Hyderabad,Telangana,2022-12-27
C4727,Rohan Gupta,Female,24,Bengaluru,Karnataka,2024-04-13
C4728,Arjun Sinha,Female,22,Surat,Gujarat,2022-04-22
C4729,Aarav Gupta,Female,55,Bhopal,Madhya Pradesh,2022-07-31
C4730,Neha Mehta,Male,37,Ahmedabad,Gujarat,2025-06-10
C4731,Neha Gupta,Male,26,Nagpur,Maharashtra,2024-08-05
C4732,Arjun Kumar,Male,42,Pune,Maharashtra,2022-06-08
C4733,Aditya Gupta,Male,22,Patna,Bihar,2023-07-26
C4734,Anjali Singh,Female,23,Noida,Uttar Pradesh,2025-09-09
C4735,Rohan Yadav,Female,26,Delhi,Delhi,2025-01-21
C4736,Rahul Gupta,Female,51,Bengaluru,Karnataka,2025-06-25
C4737,Pooja Reddy,Male,31,Hyderabad,Telangana,2023-11-01
C4738,Vikram Reddy,Male,18,Chandigarh,Chandigarh,2025-03-10
C4739,Anjali Sinha,Male,46,Kolkata,West Bengal,2024-06-29
C4740,Isha Roy,Male,31,Kochi,Kerala,2024-10-19
C4741,Karan Patel,Male,18,Chennai,Tamil Nadu,2023-02-08
C4742,Riya Gupta,Female,31,Surat,Gujarat,2023-02-08
C4743,Amit Gupta,Male,39,Indore,Madhya Pradesh,2023-08-24
C4744,Neha Roy,Female,38,Indore,Madhya Pradesh,2025-12-08
C4745,Arjun Jain,Male,52,Hyderabad,Telangana,2025-06-10
C4746,Nisha Roy,Female,25,Ahmedabad,Gujarat,2022-07-12
C4747,Priya Yadav,Male,34,Surat,Gujarat,2025-01-27
C4748,Nisha Mehta,Male,27,Surat,Gujarat,2025-02-10
C4749,Rohan Das,Female,19,Hyderabad,Telangana,2025-07-28
C4750,Karan Gupta,Female,43,Chandigarh,Chandigarh,2024-09-26
C4751,Rohan Sinha,Male,39,Chandigarh,Chandigarh,2023-06-07
C4752,Kavya Das,Male,37,Mumbai,Maharashtra,2022-12-16
C4753,Anjali Roy,Male,38,Bengaluru,Karnataka,2022-11-12
C4754,Anjali Kumar,Female,27,Ahmedabad,Gujarat,2024-07-31
C4755,Sneha Reddy,Female,24,Indore,Madhya Pradesh,2024-07-01
C4756,Rohan Roy,Male,34,Patna,Bihar,2023-10-14
C4757,Nisha Jain,Male,46,Jaipur,Rajasthan,2023-09-27
C4758,Aditya Jain,Female,50,Pune,Maharashtra,2024-10-07
C4759,Riya Mishra,Male,42,Chandigarh,Chandigarh,2025-12-30
C4760,Manish Sinha,Female,34,Mumbai,Maharashtra,2023-08-16
C4761,Rohan Jain,Male,37,Ahmedabad,Gujarat,2023-03-20
C4762,Pooja Reddy,Female,34,Pune,Maharashtra,2023-09-13
C4763,Pooja Kumar,Male,24,Bhopal,Madhya Pradesh,2025-05-16
C4764,Nisha Sinha,Male,34,Gurugram,Haryana,2024-01-26
C4765,Anjali Jain,Male,21,Pune,Maharashtra,2025-07-23
C4766,Arjun Jain,Female,33,Lucknow,Uttar Pradesh,2023-05-12
C4767,Arjun Verma,Female,50,Surat,Gujarat,2024-02-12
C4768,Nisha Verma,Female,42,Bengaluru,Karnataka,2025-08-13
C4769,Vikram Mehta,Female,25,Lucknow,Uttar Pradesh,2023-01-09
C4770,Rohan Mehta,Male,33,Kolkata,West Bengal,2022-07-03
C4771,Rahul Patel,Male,26,Noida,Uttar Pradesh,2022-02-01
C4772,Aditya Mehta,Female,33,Noida,Uttar Pradesh,2022-10-10
C4773,Aarav Patel,Male,44,Chennai,Tamil Nadu,2024-04-15
C4774,Manish Kumar,Male,41,Pune,Maharashtra,2024-05-22
C4775,Nisha Kumar,Male,59,Mumbai,Maharashtra,2025-12-26
C4776,Aditya Reddy,Male,46,Patna,Bihar,2023-11-17
C4777,Manish Reddy,Male,36,Chandigarh,Chandigarh,2023-04-07
C4778,Manish Yadav,Female,41,Chennai,Tamil Nadu,2024-05-20
C4779,Sahil Yadav,Female,32,Kolkata,West Bengal,2024-09-10
C4780,Manish Roy,Female,23,Kochi,Kerala,2023-01-03
C4781,Kavya Gupta,Female,47,Bhopal,Madhya Pradesh,2023-10-20
C4782,Manish Sharma,Female,44,Hyderabad,Telangana,2025-06-29
C4783,Manish Patel,Male,32,Kolkata,West Bengal,2022-06-15
C4784,Karan Verma,Male,37,Lucknow,Uttar Pradesh,2024-09-26
C4785,Sahil Roy,Female,46,Noida,Uttar Pradesh,2023-08-25
C4786,Sneha Das,Male,42,Indore,Madhya Pradesh,2025-10-26
C4787,Simran Das,Male,19,Ahmedabad,Gujarat,2025-01-31
C4788,Arjun Das,Male,36,Jaipur,Rajasthan,2023-08-17
C4789,Riya Das,Male,32,Chennai,Tamil Nadu,2022-05-06
C4790,Manish Gupta,Male,45,Lucknow,Uttar Pradesh,2022-02-07
C4791,Sahil Gupta,Male,44,Bhubaneswar,Odisha,2022-12-14
C4792,Kavya Verma,Male,47,Kolkata,West Bengal,2025-05-21
C4793,Rahul Reddy,Female,23,Surat,Gujarat,2025-09-04
C4794,Aditya Das,Female,26,Bengaluru,Karnataka,2024-01-07
C4795,Priya Sinha,Female,45,Lucknow,Uttar Pradesh,2024-01-04
C4796,Sneha Patel,Male,28,Patna,Bihar,2023-03-02
C4797,Sahil Gupta,Male,19,Patna,Bihar,2025-06-24
C4798,Manish Yadav,Female,39,Nagpur,Maharashtra,2023-10-10
C4799,Vikram Patel,Male,29,Hyderabad,Telangana,2022-10-13
C4800,Aditya Mishra,Female,52,Hyderabad,Telangana,2025-06-08
C4801,Vikram Mehta,Female,37,Nagpur,Maharashtra,2022-11-16
C4802,Vikram Reddy,Female,36,Jaipur,Rajasthan,2023-05-27
C4803,Kavya Kapoor,Female,30,Gurugram,Haryana,2022-08-13
C4804,Sahil Kapoor,Male,50,Chennai,Tamil Nadu,2023-05-21
C4805,Arjun Jain,Male,38,Kolkata,West Bengal,2025-02-04
C4806,Aditya Patel,Female,30,Bengaluru,Karnataka,2024-01-12
C4807,Aarav Sharma,Male,26,Delhi,Delhi,2025-09-16
C4808,Amit Mehta,Male,33,Bhubaneswar,Odisha,2024-10-25
C4809,Vikram Mishra,Male,24,Surat,Gujarat,2023-04-13
C4810,Anjali Mishra,Male,44,Patna,Bihar,2024-07-26
C4811,Arjun Das,Male,18,Chandigarh,Chandigarh,2024-02-04
C4812,Sneha Kapoor,Male,33,Lucknow,Uttar Pradesh,2022-06-12
C4813,Anjali Roy,Female,40,Bengaluru,Karnataka,2023-10-15
C4814,Anjali Gupta,Female,37,Jaipur,Rajasthan,2024-06-19
C4815,Karan Verma,Female,27,Bhopal,Madhya Pradesh,2024-03-18
C4816,Riya Singh,Female,41,Kochi,Kerala,2022-03-23
C4817,Rahul Reddy,Male,25,Delhi,Delhi,2023-04-26
C4818,Simran Roy,Male,34,Noida,Uttar Pradesh,2023-05-31
C4819,Anjali Verma,Male,41,Nagpur,Maharashtra,2022-07-06
C4820,Anjali Mehta,Female,39,Jaipur,Rajasthan,2022-05-26
C4821,Aditya Kumar,Female,27,Jaipur,Rajasthan,2024-10-02
C4822,Isha Sinha,Male,46,Lucknow,Uttar Pradesh,2022-06-01
C4823,Kavya Yadav,Male,35,Gurugram,Haryana,2025-10-18
C4824,Sahil Jain,Female,41,Indore,Madhya Pradesh,2022-04-03
C4825,Manish Kumar,Female,49,Chennai,Tamil Nadu,2024-11-20
C4826,Amit Mishra,Female,45,Indore,Madhya Pradesh,2023-06-24
C4827,Anjali Mishra,Male,45,Bhubaneswar,Odisha,2023-10-11
C4828,Karan Gupta,Male,36,Mumbai,Maharashtra,2023-08-25
C4829,Sahil Gupta,Female,42,Chandigarh,Chandigarh,2022-02-18
C4830,Vikram Sharma,Female,36,Surat,Gujarat,2025-07-05
C4831,Rahul Kapoor,Female,22,Indore,Madhya Pradesh,2023-06-25
C4832,Vikram Yadav,Female,37,Lucknow,Uttar Pradesh,2025-12-04
C4833,Manish Sinha,Female,37,Kochi,Kerala,2022-06-05
C4834,Nisha Gupta,Female,40,Lucknow,Uttar Pradesh,2024-02-14
C4835,Manish Reddy,Male,33,Kochi,Kerala,2023-06-30
C4836,Rohan Gupta,Male,26,Jaipur,Rajasthan,2025-06-14
C4837,Simran Patel,Female,41,Kochi,Kerala,2023-10-12
C4838,Nisha Kumar,Male,21,Bengaluru,Karnataka,2025-10-23
C4839,Aarav Mishra,Female,49,Bhubaneswar,Odisha,2024-09-27
C4840,Riya Gupta,Female,32,Surat,Gujarat,2024-12-16
C4841,Sneha Singh,Female,36,Mumbai,Maharashtra,2022-06-24
C4842,Anjali Yadav,Male,40,Lucknow,Uttar Pradesh,2025-05-22
C4843,Arjun Jain,Male,40,Bengaluru,Karnataka,2022-01-27
C4844,Vikram Gupta,Female,20,Patna,Bihar,2025-02-16
C4845,Vikram Kapoor,Female,42,Patna,Bihar,2022-05-27
C4846,Aditya Sinha,Female,37,Chandigarh,Chandigarh,2024-05-17
C4847,Kavya Kumar,Male,28,Pune,Maharashtra,2022-09-22
C4848,Nisha Roy,Male,27,Nagpur,Maharashtra,2025-11-27
C4849,Anjali Kumar,Female,31,Mumbai,Maharashtra,2022-09-15
C4850,Sneha Gupta,Female,21,Bhopal,Madhya Pradesh,2025-04-27
C4851,Nisha Roy,Female,51,Lucknow,Uttar Pradesh,2024-04-06
C4852,Nisha Mishra,Male,49,Noida,Uttar Pradesh,2024-01-13
C4853,Kavya Yadav,Male,39,Patna,Bihar,2023-12-11
C4854,Isha Kapoor,Male,32,Surat,Gujarat,2025-06-16
C4855,Aarav Mishra,Female,32,Nagpur,Maharashtra,2025-09-12
C4856,Rohan Mehta,Female,42,Gurugram,Haryana,2024-12-29
C4857,Vikram Kumar,Male,52,Noida,Uttar Pradesh,2024-11-14
C4858,Sahil Gupta,Male,28,Bengaluru,Karnataka,2025-03-25
C4859,Arjun Verma,Female,23,Surat,Gujarat,2022-08-07
C4860,Pooja Mishra,Male,49,Kolkata,West Bengal,2023-07-15
C4861,Sahil Verma,Female,18,Bhopal,Madhya Pradesh,2025-11-03
C4862,Anjali Singh,Female,24,Patna,Bihar,2024-06-10
C4863,Aditya Patel,Male,32,Indore,Madhya Pradesh,2025-05-02
C4864,Anjali Gupta,Male,18,Indore,Madhya Pradesh,2024-11-29
C4865,Manish Verma,Female,45,Surat,Gujarat,2023-08-20
C4866,Rahul Das,Male,43,Lucknow,Uttar Pradesh,2022-12-09
C4867,Vikram Yadav,Male,28,Bhopal,Madhya Pradesh,2023-05-18
C4868,Arjun Roy,Female,47,Chandigarh,Chandigarh,2023-03-26
C4869,Isha Gupta,Female,48,Hyderabad,Telangana,2022-12-02
C4870,Priya Das,Female,33,Pune,Maharashtra,2022-01-04
C4871,Neha Mehta,Male,29,Mumbai,Maharashtra,2024-01-29
C4872,Arjun Das,Male,57,Indore,Madhya Pradesh,2023-06-01
C4873,Riya Jain,Male,41,Ahmedabad,Gujarat,2025-06-03
C4874,Aarav Sinha,Male,37,Pune,Maharashtra,2025-03-19
C4875,Riya Kapoor,Female,48,Indore,Madhya Pradesh,2022-08-26
C4876,Priya Roy,Male,37,Kochi,Kerala,2022-04-13
C4877,Nisha Yadav,Female,29,Ahmedabad,Gujarat,2025-04-13
C4878,Aditya Reddy,Male,35,Bhopal,Madhya Pradesh,2024-10-06
C4879,Kavya Patel,Male,44,Chandigarh,Chandigarh,2024-11-23
C4880,Aditya Kapoor,Female,18,Patna,Bihar,2023-06-02
C4881,Manish Roy,Male,31,Nagpur,Maharashtra,2023-03-16
C4882,Vikram Verma,Male,48,Nagpur,Maharashtra,2025-08-01
C4883,Amit Roy,Male,29,Hyderabad,Telangana,2022-08-13
C4884,Isha Jain,Male,49,Ahmedabad,Gujarat,2023-07-19
C4885,Neha Gupta,Male,48,Chennai,Tamil Nadu,2025-07-04
C4886,Riya Jain,Male,33,Surat,Gujarat,2024-12-18
C4887,Rahul Gupta,Female,28,Hyderabad,Telangana,2022-09-03
C4888,Nisha Patel,Female,31,Indore,Madhya Pradesh,2025-05-22
C4889,Sneha Mehta,Female,61,Bhopal,Madhya Pradesh,2024-07-16
C4890,Kavya Gupta,Male,53,Chennai,Tamil Nadu,2024-08-10
C4891,Aditya Patel,Female,35,Surat,Gujarat,2024-03-29
C4892,Sahil Yadav,Male,28,Kochi,Kerala,2022-08-04
C4893,Simran Kumar,Female,35,Lucknow,Uttar Pradesh,2025-11-27
C4894,Nisha Kapoor,Female,36,Pune,Maharashtra,2022-10-10
C4895,Aditya Verma,Male,22,Chandigarh,Chandigarh,2023-07-27
C4896,Kavya Verma,Female,35,Bhubaneswar,Odisha,2025-05-23
C4897,Priya Gupta,Female,47,Chennai,Tamil Nadu,2023-01-17
C4898,Vikram Yadav,Female,18,Bengaluru,Karnataka,2024-12-04
C4899,Vikram Gupta,Male,42,Indore,Madhya Pradesh,2022-06-21
C4900,Aditya Roy,Female,48,Hyderabad,Telangana,2025-05-29
C4901,Aarav Kumar,Female,28,Indore,Madhya Pradesh,2025-11-09
C4902,Aarav Mehta,Male,51,Kochi,Kerala,2025-01-23
C4903,Kavya Das,Female,27,Bhubaneswar,Odisha,2022-02-13
C4904,Riya Yadav,Male,38,Gurugram,Haryana,2022-08-16
C4905,Vikram Mishra,Male,31,Chandigarh,Chandigarh,2023-07-28
C4906,Manish Jain,Female,31,Lucknow,Uttar Pradesh,2022-11-13
C4907,Riya Roy,Female,28,Chennai,Tamil Nadu,2024-01-01
C4908,Amit Roy,Female,41,Bhubaneswar,Odisha,2025-09-20
C4909,Priya Patel,Female,42,Bhubaneswar,Odisha,2023-08-24
C4910,Pooja Kapoor,Male,33,Kolkata,West Bengal,2023-09-16
C4911,Rohan Mishra,Male,20,Hyderabad,Telangana,2023-04-12
C4912,Amit Kapoor,Female,38,Mumbai,Maharashtra,2022-10-24
C4913,Isha Mishra,Male,38,Surat,Gujarat,2023-06-29
C4914,Isha Kapoor,Female,32,Noida,Uttar Pradesh,2023-05-04
C4915,Pooja Mehta,Male,53,Chennai,Tamil Nadu,2024-10-16
C4916,Nisha Das,Male,18,Hyderabad,Telangana,2022-08-03
C4917,Pooja Sharma,Male,18,Chandigarh,Chandigarh,2024-10-22
C4918,Nisha Kumar,Male,27,Gurugram,Haryana,2023-10-23
C4919,Kavya Sinha,Female,41,Mumbai,Maharashtra,2023-10-16
C4920,Vikram Patel,Female,23,Chandigarh,Chandigarh,2024-03-12
C4921,Kavya Das,Female,24,Patna,Bihar,2025-05-15
C4922,Vikram Yadav,Male,44,Hyderabad,Telangana,2022-12-07
C4923,Rohan Jain,Male,39,Bhubaneswar,Odisha,2023-12-05
C4924,Sahil Gupta,Male,38,Bhubaneswar,Odisha,2023-02-11
C4925,Rohan Roy,Male,42,Indore,Madhya Pradesh,2024-05-02
C4926,Sneha Patel,Male,30,Hyderabad,Telangana,2022-11-02
C4927,Manish Kapoor,Male,30,Jaipur,Rajasthan,2024-05-23
C4928,Isha Mishra,Male,42,Pune,Maharashtra,2023-05-10
C4929,Rohan Mehta,Male,21,Gurugram,Haryana,2025-07-08
C4930,Rohan Yadav,Male,18,Gurugram,Haryana,2023-08-01
C4931,Vikram Roy,Female,30,Kolkata,West Bengal,2025-10-19
C4932,Arjun Patel,Female,43,Kolkata,West Bengal,2023-06-25
C4933,Sneha Yadav,Male,37,Bhubaneswar,Odisha,2024-02-07
C4934,Sahil Sharma,Female,43,Indore,Madhya Pradesh,2024-06-14
C4935,Kavya Yadav,Male,18,Indore,Madhya Pradesh,2023-03-31
C4936,Priya Reddy,Female,37,Bhubaneswar,Odisha,2025-03-13
C4937,Sneha Sharma,Male,41,Jaipur,Rajasthan,2025-04-30
C4938,Arjun Kumar,Female,20,Hyderabad,Telangana,2025-10-08
C4939,Pooja Kumar,Male,43,Noida,Uttar Pradesh,2022-10-26
C4940,Priya Roy,Female,33,Noida,Uttar Pradesh,2023-03-03
C4941,Nisha Patel,Male,65,Chennai,Tamil Nadu,2023-12-17
C4942,Simran Mishra,Female,18,Bhubaneswar,Odisha,2024-01-27
C4943,Nisha Jain,Male,48,Patna,Bihar,2022-01-31
C4944,Neha Das,Male,30,Chennai,Tamil Nadu,2022-11-28
C4945,Neha Kumar,Female,18,Hyderabad,Telangana,2025-12-05
C4946,Rahul Sharma,Male,29,Bhopal,Madhya Pradesh,2022-02-21
C4947,Sahil Patel,Female,37,Mumbai,Maharashtra,2025-11-08
C4948,Kavya Reddy,Male,44,Chandigarh,Chandigarh,2022-08-31
C4949,Amit Singh,Male,51,Lucknow,Uttar Pradesh,2024-02-14
C4950,Rohan Reddy,Female,48,Jaipur,Rajasthan,2023-11-17
C4951,Priya Singh,Male,24,Lucknow,Uttar Pradesh,2025-12-11
C4952,Sahil Mehta,Male,45,Pune,Maharashtra,2025-11-16
C4953,Riya Kapoor,Female,38,Hyderabad,Telangana,2025-11-13
C4954,Rohan Roy,Female,27,Gurugram,Haryana,2023-07-27
C4955,Vikram Yadav,Female,32,Lucknow,Uttar Pradesh,2024-05-21
C4956,Riya Kumar,Male,27,Bengaluru,Karnataka,2023-12-01
C4957,Nisha Reddy,Male,34,Gurugram,Haryana,2025-12-02
C4958,Nisha Jain,Male,27,Mumbai,Maharashtra,2023-06-03
C4959,Neha Gupta,Male,24,Bhubaneswar,Odisha,2025-04-27
C4960,Aditya Kapoor,Female,39,Lucknow,Uttar Pradesh,2023-08-18
C4961,Riya Reddy,Male,40,Mumbai,Maharashtra,2025-10-06
C4962,Aarav Das,Male,32,Mumbai,Maharashtra,2022-10-10
C4963,Isha Das,Male,48,Nagpur,Maharashtra,2025-03-26
C4964,Pooja Roy,Female,31,Surat,Gujarat,2023-08-22
C4965,Priya Sinha,Female,31,Surat,Gujarat,2022-05-28
C4966,Sneha Sharma,Female,41,Kochi,Kerala,2022-03-11
C4967,Aarav Gupta,Male,33,Pune,Maharashtra,2025-10-25
C4968,Rohan Jain,Female,35,Patna,Bihar,2022-08-22
C4969,Kavya Verma,Female,18,Delhi,Delhi,2023-11-10
C4970,Priya Mishra,Male,34,Patna,Bihar,2023-09-28
C4971,Karan Kumar,Male,18,Hyderabad,Telangana,2023-04-12
C4972,Manish Sinha,Male,22,Pune,Maharashtra,2023-07-11
C4973,Karan Gupta,Male,21,Indore,Madhya Pradesh,2024-06-12
C4974,Manish Sharma,Female,24,Noida,Uttar Pradesh,2024-04-15
C4975,Amit Sinha,Male,29,Bhopal,Madhya Pradesh,2025-08-03
C4976,Isha Sharma,Male,29,Nagpur,Maharashtra,2023-09-10
C4977,Pooja Mehta,Female,41,Delhi,Delhi,2025-08-10
C4978,Sneha Singh,Female,36,Patna,Bihar,2022-05-14
C4979,Anjali Mishra,Female,18,Delhi,Delhi,2022-01-08
C4980,Rohan Jain,Male,35,Indore,Madhya Pradesh,2022-01-28
C4981,Pooja Das,Male,37,Lucknow,Uttar Pradesh,2024-02-22
C4982,Pooja Gupta,Male,31,Pune,Maharashtra,2025-08-26
C4983,Kavya Sharma,Male,33,Mumbai,Maharashtra,2023-06-25
C4984,Sahil Reddy,Male,36,Lucknow,Uttar Pradesh,2023-09-19
C4985,Nisha Singh,Female,42,Hyderabad,Telangana,2024-11-23
C4986,Sahil Reddy,Male,18,Bhopal,Madhya Pradesh,2022-01-07
C4987,Sneha Verma,Male,32,Gurugram,Haryana,2022-02-09
C4988,Vikram Mehta,Male,49,Patna,Bihar,2025-09-15
C4989,Arjun Sharma,Female,48,Ahmedabad,Gujarat,2024-06-27
C4990,Manish Mishra,Female,43,Noida,Uttar Pradesh,2022-03-03
C4991,Rohan Sharma,Female,39,Patna,Bihar,2025-01-14
C4992,Aarav Verma,Male,51,Patna,Bihar,2025-02-13
C4993,Anjali Das,Male,53,Chandigarh,Chandigarh,2025-08-13
C4994,Priya Roy,Male,33,Bengaluru,Karnataka,2023-01-14
C4995,Kavya Yadav,Male,24,Bhopal,Madhya Pradesh,2022-11-18
C4996,Amit Verma,Female,31,Bengaluru,Karnataka,2024-01-03
C4997,Simran Singh,Female,65,Lucknow,Uttar Pradesh,2025-11-19
C4998,Kavya Yadav,Female,18,Nagpur,Maharashtra,2025-10-12
C4999,Aditya Kapoor,Female,29,Mumbai,Maharashtra,2024-04-18
C5000,Kavya Gupta,Female,20,Nagpur,Maharashtra,2023-02-23
