order_id,customer_id,order_date,order_status,payment_method,shipping_city,shipping_state
O00001,C0994,2025-08-31,Cancelled,Credit Card,Bhubaneswar,Odisha
O00002,C3097,2025-12-29,Completed,UPI,Gurugram,Haryana
O00003,C0190,2025-10-07,Completed,Credit Card,Patna,Bihar
O00004,C2124,2025-01-26,Completed,UPI,Noida,Uttar Pradesh
O00005,C2419,2025-10-03,Completed,UPI,Surat,Gujarat
O00006,C4995,2024-07-01,Completed,UPI,Bhopal,Madhya Pradesh
O00007,C2899,2025-07-03,Completed,UPI,Noida,Uttar Pradesh
O00008,C4602,2024-04-28,Completed,UPI,Bhopal,Madhya Pradesh
O00009,C1967,2024-08-10,Completed,UPI,Kochi,Kerala
O00010,C4279,2023-10-09,Completed,UPI,Chennai,Tamil Nadu
O00011,C4250,2024-09-21,Completed,Credit Card,Lucknow,Uttar Pradesh
O00012,C3412,2024-02-23,Completed,Credit Card,Patna,Bihar
O00013,C3947,2023-08-11,Completed,COD,Nagpur,Maharashtra
O00014,C1047,2023-03-21,Completed,COD,Ahmedabad,Gujarat
O00015,C2574,2025-04-05,Completed,COD,Jaipur,Rajasthan
O00016,C0606,2024-11-12,Completed,Credit Card,Delhi,Delhi
O00017,C1367,2024-02-17,Returned,UPI,Indore,Madhya Pradesh
O00018,C2927,2023-11-30,Completed,Credit Card,Chandigarh,Chandigarh
O00019,C1959,2025-06-07,Completed,Debit Card,Pune,Maharashtra
O00020,C1065,2025-10-22,Completed,Credit Card,Gurugram,Haryana
O00021,C0518,2023-09-15,Completed,Debit Card,Kolkata,West Bengal
O00022,C2455,2025-02-01,Completed,Debit Card,Kochi,Kerala
O00023,C4234,2025-04-16,Cancelled,COD,Noida,Uttar Pradesh
O00024,C3808,2024-03-30,Completed,Net Banking,Nagpur,Maharashtra
O00025,C2590,2023-01-19,Completed,COD,Pune,Maharashtra
O00026,C2273,2025-08-11,Cancelled,UPI,Jaipur,Rajasthan
O00027,C2309,2025-09-05,Completed,Net Banking,Patna,Bihar
O00028,C1103,2024-03-08,Completed,Debit Card,Kolkata,West Bengal
O00029,C4793,2023-09-09,Completed,Debit Card,Surat,Gujarat
O00030,C0811,2025-03-06,Completed,UPI,Patna,Bihar
O00031,C3764,2025-06-25,Completed,Credit Card,Bengaluru,Karnataka
O00032,C4569,2024-10-10,Completed,Debit Card,Surat,Gujarat
O00033,C0077,2025-06-28,Completed,UPI,Pune,Maharashtra
O00034,C2310,2025-01-07,Completed,UPI,Chennai,Tamil Nadu
O00035,C1026,2023-08-09,Completed,Credit Card,Chandigarh,Chandigarh
O00036,C2065,2023-04-23,Completed,Credit Card,Noida,Uttar Pradesh
O00037,C4440,2024-07-13,Completed,UPI,Pune,Maharashtra
O00038,C2742,2025-12-17,Completed,Credit Card,Hyderabad,Telangana
O00039,C4942,2023-07-16,Completed,UPI,Bhubaneswar,Odisha
O00040,C4000,2025-11-07,Completed,Credit Card,Delhi,Delhi
O00041,C3229,2025-02-18,Completed,UPI,Noida,Uttar Pradesh
O00042,C4270,2023-08-03,Completed,Net Banking,Indore,Madhya Pradesh
O00043,C3559,2024-09-27,Completed,UPI,Surat,Gujarat
O00044,C0846,2025-11-05,Completed,Credit Card,Bhubaneswar,Odisha
O00045,C0693,2024-11-07,Completed,UPI,Patna,Bihar
O00046,C4049,2024-10-21,Completed,UPI,Gurugram,Haryana
O00047,C1333,2023-08-21,Completed,UPI,Nagpur,Maharashtra
O00048,C3038,2023-01-25,Completed,Net Banking,Chennai,Tamil Nadu
O00049,C4333,2025-07-26,Completed,UPI,Indore,Madhya Pradesh
O00050,C1275,2025-10-15,Completed,Credit Card,Bengaluru,Karnataka
O00051,C1245,2023-03-12,Completed,Debit Card,Pune,Maharashtra
O00052,C0338,2023-01-25,Completed,COD,Lucknow,Uttar Pradesh
O00053,C3295,2024-04-02,Completed,Debit Card,Hyderabad,Telangana
O00054,C0337,2023-07-30,Completed,UPI,Bhubaneswar,Odisha
O00055,C1868,2024-06-24,Completed,Credit Card,Gurugram,Haryana
O00056,C4006,2025-02-09,Completed,Net Banking,Indore,Madhya Pradesh
O00057,C0495,2025-11-28,Completed,COD,Kochi,Kerala
O00058,C4643,2024-11-07,Completed,Credit Card,Kolkata,West Bengal
O00059,C3887,2023-04-05,Completed,Credit Card,Delhi,Delhi
O00060,C0161,2023-08-08,Completed,UPI,Nagpur,Maharashtra
O00061,C2037,2025-06-24,Completed,Credit Card,Mumbai,Maharashtra
O00062,C1742,2025-12-25,Completed,UPI,Bhubaneswar,Odisha
O00063,C1508,2023-07-12,Completed,UPI,Ahmedabad,Gujarat
O00064,C3561,2023-06-24,Completed,Credit Card,Surat,Gujarat
O00065,C1376,2023-04-22,Completed,UPI,Chandigarh,Chandigarh
O00066,C1554,2023-04-21,Completed,UPI,Bhubaneswar,Odisha
O00067,C2282,2024-03-28,Completed,UPI,Nagpur,Maharashtra
O00068,C1869,2024-02-17,Completed,Net Banking,Indore,Madhya Pradesh
O00069,C1602,2024-08-26,Completed,COD,Jaipur,Rajasthan
O00070,C3828,2025-08-17,Completed,Credit Card,Noida,Uttar Pradesh
O00071,C3481,2023-07-05,Completed,UPI,Lucknow,Uttar Pradesh
O00072,C1300,2023-02-20,Returned,Credit Card,Indore,Madhya Pradesh
O00073,C0711,2025-11-30,Cancelled,Debit Card,Kolkata,West Bengal
O00074,C4168,2023-12-21,Completed,UPI,Indore,Madhya Pradesh
O00075,C2047,2023-12-29,Completed,Net Banking,Delhi,Delhi
O00076,C2882,2024-06-19,Completed,Debit Card,Bhubaneswar,Odisha
O00077,C1818,2023-02-05,Completed,Net Banking,Pune,Maharashtra
O00078,C2199,2023-10-04,Completed,Credit Card,Lucknow,Uttar Pradesh
O00079,C3333,2025-10-06,Completed,Debit Card,Surat,Gujarat
O00080,C1104,2023-07-01,Completed,Credit Card,Jaipur,Rajasthan
O00081,C3178,2024-04-15,Completed,UPI,Nagpur,Maharashtra
O00082,C3595,2024-02-21,Cancelled,COD,Hyderabad,Telangana
O00083,C3475,2025-06-07,Completed,Credit Card,Nagpur,Maharashtra
O00084,C4816,2024-02-08,Cancelled,Credit Card,Kochi,Kerala
O00085,C2178,2024-05-28,Completed,UPI,Mumbai,Maharashtra
O00086,C1195,2024-07-19,Completed,Credit Card,Noida,Uttar Pradesh
O00087,C4502,2024-03-16,Completed,Debit Card,Bhopal,Madhya Pradesh
O00088,C0536,2025-09-18,Completed,Debit Card,Pune,Maharashtra
O00089,C1070,2025-12-05,Completed,COD,Bengaluru,Karnataka
O00090,C4370,2023-03-16,Completed,Net Banking,Lucknow,Uttar Pradesh
O00091,C0133,2024-02-10,Completed,Credit Card,Gurugram,Haryana
O00092,C0264,2023-01-03,Completed,UPI,Bengaluru,Karnataka
O00093,C4463,2025-10-29,Completed,Credit Card,Indore,Madhya Pradesh
O00094,C2053,2024-05-28,Completed,UPI,Kolkata,West Bengal
O00095,C4947,2024-06-23,Returned,Debit Card,Mumbai,Maharashtra
O00096,C4090,2023-10-17,Cancelled,Credit Card,Nagpur,Maharashtra
O00097,C2848,2023-06-30,Completed,UPI,Kochi,Kerala
O00098,C0358,2023-09-23,Completed,COD,Chandigarh,Chandigarh
O00099,C4421,2023-03-24,Completed,Debit Card,Bengaluru,Karnataka
O00100,C0751,2023-09-15,Completed,UPI,Gurugram,Haryana
O00101,C3251,2025-08-07,Completed,Unknown,Hyderabad,Telangana
O00102,C4352,2023-07-18,Completed,COD,Chennai,Tamil Nadu
O00103,C2259,2024-10-09,Completed,Credit Card,Lucknow,Uttar Pradesh
O00104,C0911,2023-09-23,Cancelled,Net Banking,Indore,Madhya Pradesh
O00105,C3811,2025-09-23,Completed,Credit Card,Pune,Maharashtra
O00106,C0584,2025-05-19,Returned,UPI,Jaipur,Rajasthan
O00107,C3439,2024-12-31,Completed,Credit Card,Noida,Uttar Pradesh
O00108,C0577,2025-05-10,Completed,UPI,Kolkata,West Bengal
O00109,C2577,2023-01-19,Cancelled,COD,Ahmedabad,Gujarat
O00110,C1872,2024-01-06,Returned,Debit Card,Gurugram,Haryana
O00111,C1153,2025-11-12,Completed,Net Banking,Mumbai,Maharashtra
O00112,C4991,2024-09-10,Completed,Debit Card,Patna,Bihar
O00113,C1784,2024-10-04,Cancelled,UPI,Gurugram,Haryana
O00114,C1094,2024-01-14,Completed,Credit Card,Bhubaneswar,Odisha
O00115,C2100,2025-03-27,Completed,Credit Card,Chandigarh,Chandigarh
O00116,C4533,2025-04-03,Completed,COD,Gurugram,Haryana
O00117,C2142,2023-03-31,Completed,Credit Card,Chennai,Tamil Nadu
O00118,C2134,2023-05-24,Completed,Credit Card,Surat,Gujarat
O00119,C0518,2024-09-12,Completed,UPI,Kolkata,West Bengal
O00120,C0742,2025-05-13,Completed,UPI,Bengaluru,Karnataka
O00121,C2478,2023-07-23,Completed,Credit Card,Hyderabad,Telangana
O00122,C4959,2025-05-14,Returned,Debit Card,Bhubaneswar,Odisha
O00123,C2877,2023-06-02,Completed,Credit Card,Noida,Uttar Pradesh
O00124,C0043,2024-06-12,Returned,Credit Card,Bhopal,Madhya Pradesh
O00125,C3442,2023-12-05,Cancelled,UPI,Kolkata,West Bengal
O00126,C0404,2025-01-18,Completed,Debit Card,Delhi,Delhi
O00127,C1327,2025-12-15,Completed,UPI,Nagpur,Maharashtra
O00128,C2217,2024-07-09,Completed,Credit Card,Ahmedabad,Gujarat
O00129,C2150,2025-01-22,Completed,UPI,Chennai,Tamil Nadu
O00130,C2394,2025-07-19,Completed,Credit Card,Surat,Gujarat
O00131,C2651,2024-07-04,Completed,UPI,Gurugram,Haryana
O00132,C4538,2023-04-08,Cancelled,Net Banking,Nagpur,Maharashtra
O00133,C4346,2025-03-03,Completed,Credit Card,Lucknow,Uttar Pradesh
O00134,C0878,2024-02-26,Completed,Debit Card,Kochi,Kerala
O00135,C1887,2023-03-21,Completed,COD,Nagpur,Maharashtra
O00136,C1304,2023-10-15,Completed,UPI,Hyderabad,Telangana
O00137,C1741,2025-04-26,Completed,Credit Card,Lucknow,Uttar Pradesh
O00138,C1113,2023-06-18,Completed,COD,Nagpur,Maharashtra
O00139,C3877,2023-03-12,Completed,Credit Card,Ahmedabad,Gujarat
O00140,C1899,2023-09-20,Cancelled,Credit Card,Lucknow,Uttar Pradesh
O00141,C0248,2024-12-12,Completed,UPI,Noida,Uttar Pradesh
O00142,C3261,2024-12-23,Completed,Credit Card,Chennai,Tamil Nadu
O00143,C0568,2024-06-13,Completed,Debit Card,Indore,Madhya Pradesh
O00144,C3810,2025-02-23,Completed,UPI,Hyderabad,Telangana
O00145,C1189,2023-07-29,Completed,Credit Card,Patna,Bihar
O00146,C2596,2023-04-27,Cancelled,Credit Card,Patna,Bihar
O00147,C1354,2024-09-07,Completed,COD,Jaipur,Rajasthan
O00148,C3613,2023-11-11,Completed,Credit Card,Surat,Gujarat
O00149,C0981,2023-01-11,Completed,Net Banking,Delhi,Delhi
O00150,C4966,2025-12-10,Completed,Credit Card,Kochi,Kerala
O00151,C0169,2025-10-27,Completed,Debit Card,Chennai,Tamil Nadu
O00152,C3165,2025-08-12,Cancelled,UPI,Kolkata,West Bengal
O00153,C2672,2023-09-18,Cancelled,UPI,Jaipur,Rajasthan
O00154,C0379,2023-07-19,Completed,COD,Bhopal,Madhya Pradesh
O00155,C1933,2023-11-26,Completed,Credit Card,Nagpur,Maharashtra
O00156,C0194,2023-03-31,Completed,Net Banking,Jaipur,Rajasthan
O00157,C0264,2024-08-13,Completed,Debit Card,Bengaluru,Karnataka
O00158,C1472,2023-02-24,Completed,Credit Card,Chandigarh,Chandigarh
O00159,C2016,2023-04-02,Completed,COD,Bhubaneswar,Odisha
O00160,C4617,2023-02-25,Completed,Credit Card,Bhubaneswar,Odisha
O00161,C1301,2023-03-02,Completed,UPI,Jaipur,Rajasthan
O00162,C3201,2023-04-27,Completed,UPI,Kochi,Kerala
O00163,C3374,2024-08-12,Completed,COD,Ahmedabad,Gujarat
O00164,C0574,2023-08-24,Completed,Credit Card,Lucknow,Uttar Pradesh
O00165,C1538,2023-02-02,Completed,Debit Card,Indore,Madhya Pradesh
O00166,C1384,2025-02-24,Completed,UPI,Bengaluru,Karnataka
O00167,C1381,2023-01-21,Completed,COD,Ahmedabad,Gujarat
O00168,C3538,2025-07-06,Completed,COD,Gurugram,Haryana
O00169,C3160,2023-10-29,Cancelled,Credit Card,Ahmedabad,Gujarat
O00170,C1524,2023-10-24,Cancelled,Debit Card,Bhubaneswar,Odisha
O00171,C4992,2025-02-11,Completed,Credit Card,Patna,Bihar
O00172,C4613,2025-12-03,Completed,Credit Card,Bhubaneswar,Odisha
O00173,C3933,2024-02-23,Completed,COD,Bhopal,Madhya Pradesh
O00174,C3623,2023-03-03,Completed,Net Banking,Lucknow,Uttar Pradesh
O00175,C0896,2025-05-07,Completed,UPI,Mumbai,Maharashtra
O00176,C3394,2024-06-21,Completed,UPI,Indore,Madhya Pradesh
O00177,C0465,2024-11-26,Completed,UPI,Jaipur,Rajasthan
O00178,C1611,2025-03-28,Completed,COD,Gurugram,Haryana
O00179,C0613,2025-11-25,Completed,Debit Card,Delhi,Delhi
O00180,C3213,2025-07-08,Completed,UPI,Nagpur,Maharashtra
O00181,C0605,2025-09-01,Completed,UPI,Delhi,Delhi
O00182,C0621,2024-06-25,Returned,Debit Card,Chennai,Tamil Nadu
O00183,C2603,2025-02-28,Completed,UPI,Surat,Gujarat
O00184,C2184,2023-02-02,Completed,UPI,Jaipur,Rajasthan
O00185,C3801,2024-08-03,Completed,Credit Card,Indore,Madhya Pradesh
O00186,C0156,2023-12-18,Completed,COD,Lucknow,Uttar Pradesh
O00187,C3354,2023-09-12,Completed,UPI,Pune,Maharashtra
O00188,C3912,2025-12-09,Completed,Debit Card,Kolkata,West Bengal
O00189,C2918,2025-11-12,Completed,COD,Chandigarh,Chandigarh
O00190,C3118,2023-09-30,Completed,UPI,Noida,Uttar Pradesh
O00191,C2716,2024-11-23,Completed,Debit Card,Lucknow,Uttar Pradesh
O00192,C4340,2023-09-07,Completed,COD,Ahmedabad,Gujarat
O00193,C0450,2025-06-22,Completed,UPI,Chennai,Tamil Nadu
O00194,C4850,2023-08-20,Completed,Net Banking,Bhopal,Madhya Pradesh
O00195,C4502,2024-03-03,Completed,UPI,Bhopal,Madhya Pradesh
O00196,C3962,2025-08-14,Completed,UPI,Indore,Madhya Pradesh
O00197,C1070,2024-09-25,Completed,COD,Bengaluru,Karnataka
O00198,C4018,2023-08-30,Completed,Credit Card,Surat,Gujarat
O00199,C4845,2023-05-14,Completed,Debit Card,Patna,Bihar
O00200,C3592,2025-12-30,Completed,Credit Card,Bengaluru,Karnataka
O00201,C2820,2025-10-20,Completed,Debit Card,Kolkata,West Bengal
O00202,C2286,2023-08-07,Completed,UPI,Bhopal,Madhya Pradesh
O00203,C2036,2024-11-27,Completed,UPI,Bhubaneswar,Odisha
O00204,C1191,2023-11-03,Completed,Debit Card,Lucknow,Uttar Pradesh
O00205,C1400,2023-11-10,Completed,UPI,Chandigarh,Chandigarh
O00206,C3741,2025-07-11,Completed,COD,Pune,Maharashtra
O00207,C2249,2023-10-08,Cancelled,Net Banking,Indore,Madhya Pradesh
O00208,C2794,2023-02-04,Cancelled,UPI,Mumbai,Maharashtra
O00209,C0724,2023-03-11,Completed,COD,Patna,Bihar
O00210,C1442,2023-12-26,Completed,UPI,Noida,Uttar Pradesh
O00211,C4821,2024-02-12,Returned,COD,Jaipur,Rajasthan
O00212,C0087,2024-08-02,Completed,Net Banking,Bengaluru,Karnataka
O00213,C4150,2024-06-02,Cancelled,Credit Card,Hyderabad,Telangana
O00214,C1752,2024-08-28,Cancelled,Credit Card,Kolkata,West Bengal
O00215,C3421,2023-03-22,Returned,Debit Card,Kolkata,West Bengal
O00216,C4838,2023-09-07,Completed,COD,Bengaluru,Karnataka
O00217,C2484,2025-11-27,Completed,UPI,Noida,Uttar Pradesh
O00218,C3213,2023-02-14,Completed,Credit Card,Nagpur,Maharashtra
O00219,C3923,2023-05-17,Completed,Credit Card,Bengaluru,Karnataka
O00220,C2490,2025-04-02,Completed,COD,Lucknow,Uttar Pradesh
O00221,C1487,2025-09-05,Completed,UPI,Surat,Gujarat
O00222,C3528,2025-03-30,Completed,Debit Card,Jaipur,Rajasthan
O00223,C0073,2024-01-02,Completed,UPI,Jaipur,Rajasthan
O00224,C0725,2023-08-17,Completed,COD,Surat,Gujarat
O00225,C3755,2023-07-02,Completed,UPI,Jaipur,Rajasthan
O00226,C2996,2024-04-11,Completed,Net Banking,Nagpur,Maharashtra
O00227,C4366,2025-04-17,Completed,UPI,Surat,Gujarat
O00228,C0219,2023-07-23,Completed,UPI,Surat,Gujarat
O00229,C0547,2025-09-01,Cancelled,Credit Card,Chandigarh,Chandigarh
O00230,C3730,2024-09-14,Completed,UPI,Surat,Gujarat
O00231,C1969,2025-12-27,Cancelled,Debit Card,Ahmedabad,Gujarat
O00232,C4517,2025-05-18,Cancelled,COD,Nagpur,Maharashtra
O00233,C1260,2024-07-03,Completed,Debit Card,Hyderabad,Telangana
O00234,C2934,2024-08-26,Completed,Net Banking,Bhopal,Madhya Pradesh
O00235,C2510,2025-01-24,Completed,Credit Card,Mumbai,Maharashtra
O00236,C4009,2024-09-19,Cancelled,Net Banking,Noida,Uttar Pradesh
O00237,C4073,2025-10-12,Completed,UPI,Mumbai,Maharashtra
O00238,C4681,2023-04-05,Completed,COD,Chandigarh,Chandigarh
O00239,C1563,2024-11-15,Completed,UPI,Jaipur,Rajasthan
O00240,C2086,2025-03-07,Returned,Credit Card,Lucknow,Uttar Pradesh
O00241,C1790,2024-01-04,Returned,Credit Card,Mumbai,Maharashtra
O00242,C3670,2023-10-06,Completed,COD,Patna,Bihar
O00243,C2482,2023-12-17,Completed,Debit Card,Kolkata,West Bengal
O00244,C3431,2024-02-10,Completed,Credit Card,Chandigarh,Chandigarh
O00245,C0205,2024-03-21,Completed,COD,Bhubaneswar,Odisha
O00246,C0742,2023-11-19,Completed,COD,Bengaluru,Karnataka
O00247,C2889,2024-09-21,Completed,UPI,Pune,Maharashtra
O00248,C3495,2023-03-14,Completed,COD,Chandigarh,Chandigarh
O00249,C4264,2024-06-01,Cancelled,Credit Card,Noida,Uttar Pradesh
O00250,C4738,2023-01-22,Completed,COD,Chandigarh,Chandigarh
O00251,C1106,2023-06-28,Cancelled,UPI,Bhopal,Madhya Pradesh
O00252,C1824,2024-12-08,Completed,UPI,Gurugram,Haryana
O00253,C2648,2025-07-26,Completed,Debit Card,Bhubaneswar,Odisha
O00254,C4198,2025-10-15,Completed,UPI,Bengaluru,Karnataka
O00255,C0089,2025-08-05,Cancelled,Credit Card,Chennai,Tamil Nadu
O00256,C3382,2024-06-14,Completed,Debit Card,Nagpur,Maharashtra
O00257,C4704,2023-12-30,Completed,Debit Card,Bhubaneswar,Odisha
O00258,C3512,2024-02-29,Completed,Debit Card,Nagpur,Maharashtra
O00259,C2207,2025-08-16,Cancelled,Debit Card,Indore,Madhya Pradesh
O00260,C3186,2025-12-07,Returned,UPI,Hyderabad,Telangana
O00261,C4382,2024-11-02,Completed,UPI,Indore,Madhya Pradesh
O00262,C0865,2025-11-19,Completed,COD,Bengaluru,Karnataka
O00263,C0055,2025-10-09,Cancelled,COD,Lucknow,Uttar Pradesh
O00264,C4672,2025-05-28,Completed,UPI,Nagpur,Maharashtra
O00265,C2081,2025-08-04,Completed,COD,Bengaluru,Karnataka
O00266,C0558,2025-09-14,Completed,UPI,Chennai,Tamil Nadu
O00267,C4827,2023-06-01,Completed,UPI,Bhubaneswar,Odisha
O00268,C0993,2023-09-12,Completed,Credit Card,Lucknow,Uttar Pradesh
O00269,C4897,2024-12-03,Completed,Debit Card,Chennai,Tamil Nadu
O00270,C4292,2024-10-15,Completed,UPI,Nagpur,Maharashtra
O00271,C0448,2025-01-27,Completed,COD,Hyderabad,Telangana
O00272,C1822,2025-11-23,Cancelled,Net Banking,Pune,Maharashtra
O00273,C3820,2023-07-06,Completed,Net Banking,Chandigarh,Chandigarh
O00274,C2973,2025-05-28,Completed,UPI,Noida,Uttar Pradesh
O00275,C0092,2024-11-03,Returned,COD,Jaipur,Rajasthan
O00276,C0608,2025-05-25,Completed,Credit Card,Indore,Madhya Pradesh
O00277,C1252,2023-04-28,Completed,Debit Card,Bengaluru,Karnataka
O00278,C0286,2025-12-17,Cancelled,Net Banking,Nagpur,Maharashtra
O00279,C2922,2025-11-07,Completed,Debit Card,Kolkata,West Bengal
O00280,C3307,2025-05-20,Completed,Credit Card,Nagpur,Maharashtra
O00281,C0102,2024-04-02,Cancelled,Credit Card,Bhopal,Madhya Pradesh
O00282,C3836,2024-12-06,Completed,Debit Card,Gurugram,Haryana
O00283,C4236,2024-10-03,Completed,Net Banking,Nagpur,Maharashtra
O00284,C4931,2025-08-23,Completed,COD,Kolkata,West Bengal
O00285,C1679,2023-07-31,Completed,Credit Card,Bhubaneswar,Odisha
O00286,C3824,2024-04-30,Returned,UPI,Surat,Gujarat
O00287,C0535,2025-06-09,Completed,UPI,Gurugram,Haryana
O00288,C0016,2025-10-23,Completed,UPI,Mumbai,Maharashtra
O00289,C0561,2025-09-28,Completed,UPI,Gurugram,Haryana
O00290,C2926,2025-09-11,Completed,Debit Card,Bengaluru,Karnataka
O00291,C2384,2023-12-09,Completed,COD,Gurugram,Haryana
O00292,C0910,2025-12-16,Completed,UPI,Bhubaneswar,Odisha
O00293,C1414,2023-10-21,Returned,COD,Hyderabad,Telangana
O00294,C0119,2023-01-28,Cancelled,Debit Card,Chandigarh,Chandigarh
O00295,C4063,2025-05-08,Completed,Credit Card,Kolkata,West Bengal
O00296,C3114,2024-07-26,Completed,Debit Card,Bengaluru,Karnataka
O00297,C3061,2025-07-16,Completed,COD,Gurugram,Haryana
O00298,C1492,2025-11-21,Cancelled,Credit Card,Chennai,Tamil Nadu
O00299,C2097,2024-02-01,Completed,Credit Card,Bengaluru,Karnataka
O00300,C2255,2025-11-06,Cancelled,UPI,Kochi,Kerala
O00301,C0514,2024-08-23,Cancelled,UPI,Noida,Uttar Pradesh
O00302,C1234,2025-12-11,Completed,Net Banking,Jaipur,Rajasthan
O00303,C4133,2024-01-05,Completed,UPI,Surat,Gujarat
O00304,C1480,2023-06-13,Completed,Debit Card,Kochi,Kerala
O00305,C3350,2024-03-25,Cancelled,Net Banking,Surat,Gujarat
O00306,C1541,2024-06-27,Completed,COD,Chandigarh,Chandigarh
O00307,C0130,2024-12-10,Cancelled,UPI,Hyderabad,Telangana
O00308,C3717,2023-12-17,Cancelled,COD,Nagpur,Maharashtra
O00309,C3744,2024-01-14,Completed,Debit Card,Gurugram,Haryana
O00310,C1772,2023-07-20,Completed,UPI,Noida,Uttar Pradesh
O00311,C4455,2024-05-19,Completed,Debit Card,Chandigarh,Chandigarh
O00312,C3076,2025-10-08,Completed,COD,Nagpur,Maharashtra
O00313,C0506,2025-11-17,Completed,UPI,Nagpur,Maharashtra
O00314,C4914,2023-12-03,Completed,COD,Noida,Uttar Pradesh
O00315,C4890,2023-10-14,Cancelled,UPI,Chennai,Tamil Nadu
O00316,C0839,2024-09-22,Returned,Credit Card,Chennai,Tamil Nadu
O00317,C3872,2025-11-20,Completed,UPI,Bengaluru,Karnataka
O00318,C4719,2024-10-27,Completed,Debit Card,Indore,Madhya Pradesh
O00319,C2677,2023-04-17,Completed,UPI,Hyderabad,Telangana
O00320,C0097,2024-05-20,Completed,UPI,Mumbai,Maharashtra
O00321,C1964,2023-04-27,Completed,UPI,Lucknow,Uttar Pradesh
O00322,C2867,2023-03-20,Completed,COD,Indore,Madhya Pradesh
O00323,C4027,2025-01-10,Completed,UPI,Pune,Maharashtra
O00324,C0599,2023-01-23,Completed,Debit Card,Indore,Madhya Pradesh
O00325,C2982,2023-12-27,Returned,Debit Card,Gurugram,Haryana
O00326,C3964,2024-11-30,Completed,UPI,Chandigarh,Chandigarh
O00327,C0429,2023-08-05,Returned,Credit Card,Chandigarh,Chandigarh
O00328,C3782,2025-09-16,Completed,Credit Card,Bengaluru,Karnataka
O00329,C1325,2024-12-07,Completed,Credit Card,Mumbai,Maharashtra
O00330,C2591,2024-09-19,Completed,Net Banking,Surat,Gujarat
O00331,C2415,2024-07-20,Completed,UPI,Kochi,Kerala
O00332,C1768,2024-03-18,Completed,COD,Delhi,Delhi
O00333,C1517,2024-04-03,Completed,COD,Bhubaneswar,Odisha
O00334,C1340,2023-05-24,Completed,UPI,Noida,Uttar Pradesh
O00335,C4095,2023-11-10,Completed,Debit Card,Hyderabad,Telangana
O00336,C4660,2025-05-24,Completed,Debit Card,Mumbai,Maharashtra
O00337,C3404,2024-12-29,Completed,Credit Card,Kochi,Kerala
O00338,C2547,2024-09-30,Completed,Credit Card,Ahmedabad,Gujarat
O00339,C0977,2024-04-18,Completed,UPI,Kochi,Kerala
O00340,C1615,2024-11-15,Completed,Debit Card,Chandigarh,Chandigarh
O00341,C1585,2024-08-28,Completed,UPI,Jaipur,Rajasthan
O00342,C4062,2025-06-20,Returned,Credit Card,Ahmedabad,Gujarat
O00343,C4652,2023-10-02,Completed,COD,Bhopal,Madhya Pradesh
O00344,C1271,2025-01-21,Completed,UPI,Mumbai,Maharashtra
O00345,C0219,2023-08-05,Completed,Credit Card,Surat,Gujarat
O00346,C0534,2024-11-06,Completed,Credit Card,Lucknow,Uttar Pradesh
O00347,C1496,2024-12-10,Completed,UPI,Indore,Madhya Pradesh
O00348,C1374,2025-07-11,Completed,Credit Card,Chennai,Tamil Nadu
O00349,C4140,2024-02-12,Completed,UPI,Nagpur,Maharashtra
O00350,C3824,2023-05-28,Completed,Credit Card,Surat,Gujarat
O00351,C3950,2024-05-17,Completed,Credit Card,Gurugram,Haryana
O00352,C0065,2023-08-20,Completed,Credit Card,Ahmedabad,Gujarat
O00353,C4342,2024-05-12,Completed,UPI,Ahmedabad,Gujarat
O00354,C3143,2024-02-27,Completed,UPI,Kochi,Kerala
O00355,C1725,2023-09-04,Cancelled,Debit Card,Noida,Uttar Pradesh
O00356,C2206,2023-04-15,Completed,UPI,Nagpur,Maharashtra
O00357,C2986,2023-08-22,Completed,UPI,Lucknow,Uttar Pradesh
O00358,C3914,2024-04-19,Completed,COD,Delhi,Delhi
O00359,C1049,2025-09-30,Completed,UPI,Bengaluru,Karnataka
O00360,C3655,2025-01-28,Completed,Credit Card,Nagpur,Maharashtra
O00361,C2873,2025-05-24,Cancelled,Debit Card,Mumbai,Maharashtra
O00362,C4256,2023-04-22,Completed,UPI,Indore,Madhya Pradesh
O00363,C1005,2023-01-23,Completed,UPI,Patna,Bihar
O00364,C2123,2025-07-25,Completed,Credit Card,Patna,Bihar
O00365,C4575,2023-11-11,Cancelled,UPI,Indore,Madhya Pradesh
O00366,C3982,2023-07-21,Completed,UPI,Kochi,Kerala
O00367,C4483,2024-09-09,Completed,UPI,Bhubaneswar,Odisha
O00368,C0472,2024-08-28,Completed,UPI,Nagpur,Maharashtra
O00369,C3406,2025-09-21,Cancelled,Net Banking,Nagpur,Maharashtra
O00370,C0309,2023-01-25,Completed,UPI,Mumbai,Maharashtra
O00371,C2935,2024-10-18,Completed,Credit Card,Indore,Madhya Pradesh
O00372,C4797,2024-06-14,Completed,Credit Card,Patna,Bihar
O00373,C3048,2023-02-15,Completed,Credit Card,Chandigarh,Chandigarh
O00374,C1922,2025-11-24,Completed,Credit Card,Hyderabad,Telangana
O00375,C3000,2023-07-21,Cancelled,Debit Card,Nagpur,Maharashtra
O00376,C2018,2023-12-31,Completed,COD,Surat,Gujarat
O00377,C4882,2024-04-14,Completed,UPI,Nagpur,Maharashtra
O00378,C1479,2025-02-15,Completed,UPI,Indore,Madhya Pradesh
O00379,C2353,2024-02-20,Cancelled,Net Banking,Gurugram,Haryana
O00380,C4198,2024-11-29,Completed,COD,Bengaluru,Karnataka
O00381,C4871,2025-03-20,Completed,UPI,Mumbai,Maharashtra
O00382,C3460,2023-07-09,Completed,COD,Nagpur,Maharashtra
O00383,C3755,2023-12-15,Cancelled,Debit Card,Jaipur,Rajasthan
O00384,C1232,2024-01-08,Completed,Credit Card,Indore,Madhya Pradesh
O00385,C3121,2025-09-11,Completed,COD,Ahmedabad,Gujarat
O00386,C0572,2025-09-13,Completed,Debit Card,Patna,Bihar
O00387,C3590,2023-04-21,Completed,COD,Kolkata,West Bengal
O00388,C0148,2024-10-07,Completed,Credit Card,Bengaluru,Karnataka
O00389,C3444,2025-11-02,Completed,COD,Surat,Gujarat
O00390,C0597,2024-06-06,Cancelled,UPI,Gurugram,Haryana
O00391,C1071,2023-07-16,Completed,Debit Card,Kochi,Kerala
O00392,C3746,2023-02-24,Cancelled,Credit Card,Noida,Uttar Pradesh
O00393,C4251,2023-07-02,Completed,Credit Card,Gurugram,Haryana
O00394,C4326,2025-11-08,Completed,COD,Bhopal,Madhya Pradesh
O00395,C3372,2023-12-29,Returned,UPI,Bhopal,Madhya Pradesh
O00396,C0158,2024-04-17,Completed,Net Banking,Indore,Madhya Pradesh
O00397,C0923,2023-01-09,Completed,Credit Card,Lucknow,Uttar Pradesh
O00398,C3319,2024-10-21,Cancelled,Debit Card,Kochi,Kerala
O00399,C2347,2023-01-25,Returned,Credit Card,Kochi,Kerala
O00400,C4051,2025-12-16,Completed,Debit Card,Jaipur,Rajasthan
O00401,C1247,2025-04-03,Completed,Debit Card,Kochi,Kerala
O00402,C0766,2023-03-09,Completed,COD,Chandigarh,Chandigarh
O00403,C3652,2025-10-21,Completed,COD,Bhubaneswar,Odisha
O00404,C2613,2023-02-17,Completed,UPI,Kochi,Kerala
O00405,C4563,2025-08-02,Completed,Debit Card,Noida,Uttar Pradesh
O00406,C3829,2025-12-07,Cancelled,COD,Noida,Uttar Pradesh
O00407,C4582,2023-12-21,Completed,COD,Lucknow,Uttar Pradesh
O00408,C0444,2025-10-06,Completed,COD,Noida,Uttar Pradesh
O00409,C0905,2024-03-12,Completed,COD,Bengaluru,Karnataka
O00410,C2911,2024-11-30,Completed,Debit Card,Mumbai,Maharashtra
O00411,C3210,2024-09-17,Completed,Debit Card,Nagpur,Maharashtra
O00412,C1802,2023-03-31,Completed,COD,Hyderabad,Telangana
O00413,C0926,2024-01-04,Completed,COD,Delhi,Delhi
O00414,C3722,2025-07-27,Completed,UPI,Nagpur,Maharashtra
O00415,C4388,2025-08-12,Returned,COD,Ahmedabad,Gujarat
O00416,C0752,2024-05-14,Returned,Net Banking,Indore,Madhya Pradesh
O00417,C1235,2024-12-04,Completed,UPI,Gurugram,Haryana
O00418,C2923,2023-05-13,Cancelled,UPI,Patna,Bihar
O00419,C0663,2023-06-21,Completed,UPI,Mumbai,Maharashtra
O00420,C3196,2025-02-01,Completed,UPI,Hyderabad,Telangana
O00421,C1585,2024-03-16,Cancelled,COD,Jaipur,Rajasthan
O00422,C0920,2025-09-11,Returned,UPI,Delhi,Delhi
O00423,C4220,2023-04-22,Completed,Debit Card,Patna,Bihar
O00424,C0068,2025-11-29,Completed,COD,Surat,Gujarat
O00425,C4571,2023-04-12,Completed,COD,Hyderabad,Telangana
O00426,C4454,2023-12-07,Completed,Credit Card,Indore,Madhya Pradesh
O00427,C1767,2025-07-08,Completed,Credit Card,Mumbai,Maharashtra
O00428,C1954,2025-03-24,Completed,UPI,Lucknow,Uttar Pradesh
O00429,C2569,2023-07-15,Cancelled,UPI,Gurugram,Haryana
O00430,C3709,2024-05-19,Cancelled,UPI,Surat,Gujarat
O00431,C4929,2025-12-30,Completed,UPI,Gurugram,Haryana
O00432,C2672,2023-08-07,Completed,Credit Card,Jaipur,Rajasthan
O00433,C3400,2023-06-14,Completed,UPI,Bhubaneswar,Odisha
O00434,C1354,2024-01-16,Completed,Credit Card,Jaipur,Rajasthan
O00435,C0443,2024-01-04,Completed,COD,Hyderabad,Telangana
O00436,C0601,2023-01-08,Completed,Debit Card,Lucknow,Uttar Pradesh
O00437,C3167,2024-03-23,Cancelled,Debit Card,Mumbai,Maharashtra
O00438,C3943,2023-02-03,Completed,COD,Lucknow,Uttar Pradesh
O00439,C2810,2024-05-11,Completed,UPI,Nagpur,Maharashtra
O00440,C3389,2025-05-13,Completed,COD,Patna,Bihar
O00441,C4583,2023-01-22,Completed,UPI,Jaipur,Rajasthan
O00442,C2787,2024-10-24,Completed,UPI,Hyderabad,Telangana
O00443,C2696,2024-08-12,Completed,UPI,Kolkata,West Bengal
O00444,C3649,2024-11-07,Completed,UPI,Chandigarh,Chandigarh
O00445,C2053,2023-09-28,Completed,UPI,Kolkata,West Bengal
O00446,C0632,2023-01-01,Completed,Net Banking,Jaipur,Rajasthan
O00447,C3443,2023-10-14,Completed,Debit Card,Jaipur,Rajasthan
O00448,C1755,2025-07-27,Completed,Credit Card,Bhubaneswar,Odisha
O00449,C3034,2025-05-03,Completed,Debit Card,Bengaluru,Karnataka
O00450,C1579,2023-02-19,Completed,COD,Ahmedabad,Gujarat
O00451,C0026,2024-09-08,Completed,UPI,Bhopal,Madhya Pradesh
O00452,C2210,2023-07-09,Cancelled,Debit Card,Gurugram,Haryana
O00453,C2903,2025-12-02,Completed,Net Banking,Bengaluru,Karnataka
O00454,C1130,2025-01-29,Completed,Credit Card,Patna,Bihar
O00455,C4997,2023-03-07,Completed,Debit Card,Lucknow,Uttar Pradesh
O00456,C4105,2024-01-31,Completed,COD,Chennai,Tamil Nadu
O00457,C4146,2023-05-08,Completed,Debit Card,Delhi,Delhi
O00458,C0442,2024-11-27,Completed,Net Banking,Pune,Maharashtra
O00459,C3896,2023-07-07,Completed,UPI,Noida,Uttar Pradesh
O00460,C4798,2024-07-31,Completed,COD,Nagpur,Maharashtra
O00461,C4850,2025-04-20,Completed,Debit Card,Bhopal,Madhya Pradesh
O00462,C1829,2025-01-31,Completed,UPI,Bhopal,Madhya Pradesh
O00463,C1536,2024-10-28,Completed,COD,Noida,Uttar Pradesh
O00464,C4326,2025-07-21,Completed,Net Banking,Bhopal,Madhya Pradesh
O00465,C0560,2023-03-20,Cancelled,UPI,Bengaluru,Karnataka
O00466,C1174,2025-11-08,Completed,Net Banking,Gurugram,Haryana
O00467,C1879,2023-02-14,Returned,UPI,Indore,Madhya Pradesh
O00468,C2256,2023-05-09,Returned,UPI,Jaipur,Rajasthan
O00469,C1085,2024-09-09,Completed,UPI,Gurugram,Haryana
O00470,C3915,2025-02-01,Completed,Net Banking,Kolkata,West Bengal
O00471,C0239,2025-03-03,Returned,Debit Card,Nagpur,Maharashtra
O00472,C2915,2024-02-01,Completed,UPI,Bengaluru,Karnataka
O00473,C2096,2023-10-02,Completed,Debit Card,Bengaluru,Karnataka
O00474,C1472,2023-05-18,Completed,UPI,Chandigarh,Chandigarh
O00475,C2046,2025-02-21,Completed,Debit Card,Jaipur,Rajasthan
O00476,C4613,2023-08-03,Completed,Credit Card,Bhubaneswar,Odisha
O00477,C3684,2023-08-16,Returned,UPI,Gurugram,Haryana
O00478,C0205,2023-04-17,Completed,COD,Bhubaneswar,Odisha
O00479,C3601,2023-06-08,Cancelled,Credit Card,Jaipur,Rajasthan
O00480,C2138,2023-01-30,Completed,COD,Hyderabad,Telangana
O00481,C1214,2024-08-31,Completed,Debit Card,Ahmedabad,Gujarat
O00482,C3835,2025-02-07,Completed,Credit Card,Jaipur,Rajasthan
O00483,C3092,2025-02-22,Completed,Debit Card,Nagpur,Maharashtra
O00484,C1383,2025-05-31,Cancelled,UPI,Gurugram,Haryana
O00485,C3681,2025-07-11,Completed,UPI,Delhi,Delhi
O00486,C1680,2023-12-08,Completed,COD,Mumbai,Maharashtra
O00487,C0007,2023-06-17,Returned,COD,Gurugram,Haryana
O00488,C1886,2024-11-14,Completed,COD,Mumbai,Maharashtra
O00489,C3499,2024-09-23,Completed,Debit Card,Mumbai,Maharashtra
O00490,C0296,2024-03-07,Completed,Net Banking,Delhi,Delhi
O00491,C0264,2023-02-08,Completed,Credit Card,Bengaluru,Karnataka
O00492,C2138,2025-09-06,Completed,Credit Card,Hyderabad,Telangana
O00493,C4949,2024-01-22,Completed,UPI,Lucknow,Uttar Pradesh
O00494,C3866,2025-02-07,Completed,COD,Noida,Uttar Pradesh
O00495,C4497,2025-03-01,Completed,Debit Card,Patna,Bihar
O00496,C4453,2025-01-11,Completed,Credit Card,Delhi,Delhi
O00497,C2547,2024-02-05,Completed,UPI,Ahmedabad,Gujarat
O00498,C4930,2023-04-12,Completed,UPI,Gurugram,Haryana
O00499,C4531,2024-10-16,Completed,UPI,Patna,Bihar
O00500,C0119,2025-06-21,Completed,UPI,Chandigarh,Chandigarh
O00501,C2396,2025-01-21,Returned,Unknown,Hyderabad,Telangana
O00502,C3368,2023-03-28,Cancelled,COD,Mumbai,Maharashtra
O00503,C1703,2025-05-08,Completed,COD,Delhi,Delhi
O00504,C0530,2023-11-15,Completed,COD,Kolkata,West Bengal
O00505,C3675,2025-08-24,Completed,Debit Card,Delhi,Delhi
O00506,C0303,2025-06-05,Completed,Credit Card,Ahmedabad,Gujarat
O00507,C4068,2024-09-24,Completed,COD,Indore,Madhya Pradesh
O00508,C4252,2024-10-13,Completed,Credit Card,Delhi,Delhi
O00509,C3969,2025-08-07,Completed,UPI,Chandigarh,Chandigarh
O00510,C0014,2023-08-28,Completed,Credit Card,Bhopal,Madhya Pradesh
O00511,C2804,2023-05-23,Completed,Credit Card,Kolkata,West Bengal
O00512,C0889,2025-08-11,Completed,Credit Card,Kolkata,West Bengal
O00513,C3529,2023-04-29,Completed,UPI,Chennai,Tamil Nadu
O00514,C1197,2024-08-18,Completed,COD,Bhopal,Madhya Pradesh
O00515,C4541,2023-06-12,Completed,Debit Card,Kolkata,West Bengal
O00516,C2170,2024-10-15,Completed,UPI,Chandigarh,Chandigarh
O00517,C3569,2023-12-16,Completed,Credit Card,Delhi,Delhi
O00518,C2232,2023-01-31,Completed,COD,Gurugram,Haryana
O00519,C1844,2024-04-02,Completed,UPI,Kolkata,West Bengal
O00520,C3652,2023-04-01,Completed,UPI,Bhubaneswar,Odisha
O00521,C3877,2023-05-08,Completed,Credit Card,Ahmedabad,Gujarat
O00522,C2719,2025-02-17,Completed,COD,Bhubaneswar,Odisha
O00523,C0049,2025-08-27,Completed,COD,Hyderabad,Telangana
O00524,C0181,2025-04-27,Returned,UPI,Kolkata,West Bengal
O00525,C3879,2025-03-02,Completed,Credit Card,Kochi,Kerala
O00526,C1418,2024-05-23,Completed,UPI,Bhopal,Madhya Pradesh
O00527,C3465,2025-07-24,Cancelled,Credit Card,Mumbai,Maharashtra
O00528,C3420,2025-01-14,Completed,Credit Card,Kolkata,West Bengal
O00529,C0530,2025-01-09,Completed,Credit Card,Kolkata,West Bengal
O00530,C4680,2023-08-25,Completed,UPI,Nagpur,Maharashtra
O00531,C1287,2025-10-09,Returned,UPI,Chennai,Tamil Nadu
O00532,C2191,2025-09-03,Completed,UPI,Jaipur,Rajasthan
O00533,C0707,2025-10-19,Completed,COD,Gurugram,Haryana
O00534,C3218,2025-12-10,Completed,UPI,Chennai,Tamil Nadu
O00535,C0294,2024-04-13,Completed,UPI,Kochi,Kerala
O00536,C1562,2024-01-23,Completed,Net Banking,Delhi,Delhi
O00537,C4518,2025-12-21,Completed,UPI,Delhi,Delhi
O00538,C2612,2025-01-05,Returned,UPI,Patna,Bihar
O00539,C0661,2024-10-15,Completed,Credit Card,Pune,Maharashtra
O00540,C3179,2023-02-10,Cancelled,UPI,Jaipur,Rajasthan
O00541,C3390,2025-08-10,Completed,Credit Card,Chandigarh,Chandigarh
O00542,C2107,2025-03-19,Completed,UPI,Chandigarh,Chandigarh
O00543,C3064,2024-01-17,Completed,UPI,Bhopal,Madhya Pradesh
O00544,C2841,2023-04-06,Completed,Net Banking,Pune,Maharashtra
O00545,C3497,2025-06-30,Completed,UPI,Hyderabad,Telangana
O00546,C2579,2025-02-25,Cancelled,Debit Card,Indore,Madhya Pradesh
O00547,C2052,2023-10-20,Cancelled,COD,Noida,Uttar Pradesh
O00548,C2410,2023-12-07,Completed,Net Banking,Surat,Gujarat
O00549,C2954,2024-12-19,Completed,Credit Card,Noida,Uttar Pradesh
O00550,C0369,2025-08-14,Completed,Net Banking,Indore,Madhya Pradesh
O00551,C0539,2024-06-21,Completed,Debit Card,Chandigarh,Chandigarh
O00552,C2928,2025-05-21,Completed,Credit Card,Jaipur,Rajasthan
O00553,C2394,2025-08-17,Cancelled,Debit Card,Surat,Gujarat
O00554,C0731,2024-01-16,Completed,UPI,Bengaluru,Karnataka
O00555,C0897,2025-05-08,Completed,Credit Card,Kochi,Kerala
O00556,C4660,2024-08-21,Completed,Credit Card,Mumbai,Maharashtra
O00557,C2369,2025-07-18,Returned,UPI,Kochi,Kerala
O00558,C4560,2025-11-12,Completed,COD,Ahmedabad,Gujarat
O00559,C2681,2025-01-31,Completed,UPI,Bengaluru,Karnataka
O00560,C2381,2023-12-30,Completed,COD,Hyderabad,Telangana
O00561,C0015,2024-07-19,Completed,UPI,Kolkata,West Bengal
O00562,C3129,2025-08-26,Completed,UPI,Indore,Madhya Pradesh
O00563,C1354,2025-04-06,Completed,Debit Card,Jaipur,Rajasthan
O00564,C3136,2024-05-19,Completed,UPI,Delhi,Delhi
O00565,C2278,2023-08-06,Completed,COD,Bhubaneswar,Odisha
O00566,C0011,2024-04-26,Completed,COD,Ahmedabad,Gujarat
O00567,C1657,2025-07-25,Cancelled,UPI,Chandigarh,Chandigarh
O00568,C1248,2025-01-18,Completed,UPI,Bengaluru,Karnataka
O00569,C1661,2025-04-15,Completed,UPI,Delhi,Delhi
O00570,C1764,2024-05-03,Completed,Debit Card,Chennai,Tamil Nadu
O00571,C0542,2025-03-10,Completed,COD,Ahmedabad,Gujarat
O00572,C1530,2023-07-30,Completed,Credit Card,Ahmedabad,Gujarat
O00573,C1181,2024-10-27,Cancelled,UPI,Mumbai,Maharashtra
O00574,C2689,2023-09-16,Completed,UPI,Jaipur,Rajasthan
O00575,C2618,2024-01-07,Completed,UPI,Mumbai,Maharashtra
O00576,C2755,2025-09-18,Completed,Net Banking,Noida,Uttar Pradesh
O00577,C0929,2023-03-29,Returned,UPI,Indore,Madhya Pradesh
O00578,C1427,2024-02-04,Completed,UPI,Mumbai,Maharashtra
O00579,C3660,2023-11-05,Completed,COD,Chandigarh,Chandigarh
O00580,C2234,2023-01-04,Completed,Debit Card,Gurugram,Haryana
O00581,C3910,2023-08-14,Completed,Credit Card,Bengaluru,Karnataka
O00582,C4991,2023-12-05,Returned,Credit Card,Patna,Bihar
O00583,C2062,2023-02-27,Completed,Debit Card,Nagpur,Maharashtra
O00584,C4098,2024-07-09,Completed,Debit Card,Chennai,Tamil Nadu
O00585,C2564,2025-07-07,Completed,Credit Card,Bhubaneswar,Odisha
O00586,C2804,2024-06-07,Completed,UPI,Kolkata,West Bengal
O00587,C2294,2024-06-09,Cancelled,COD,Kochi,Kerala
O00588,C1626,2025-12-04,Completed,UPI,Lucknow,Uttar Pradesh
O00589,C0572,2023-01-24,Completed,Credit Card,Patna,Bihar
O00590,C4532,2025-02-01,Completed,Debit Card,Nagpur,Maharashtra
O00591,C2401,2023-08-30,Completed,Debit Card,Nagpur,Maharashtra
O00592,C1712,2023-07-22,Returned,Debit Card,Chennai,Tamil Nadu
O00593,C0383,2023-08-25,Completed,Debit Card,Kochi,Kerala
O00594,C1084,2025-08-08,Completed,COD,Delhi,Delhi
O00595,C1950,2025-10-18,Completed,UPI,Bengaluru,Karnataka
O00596,C2518,2023-10-21,Completed,Debit Card,Kochi,Kerala
O00597,C4170,2023-07-29,Completed,Debit Card,Kochi,Kerala
O00598,C3498,2025-02-26,Completed,Credit Card,Jaipur,Rajasthan
O00599,C3315,2025-10-22,Completed,COD,Kolkata,West Bengal
O00600,C4931,2023-08-17,Cancelled,Debit Card,Kolkata,West Bengal
O00601,C2676,2024-02-14,Completed,Credit Card,Bengaluru,Karnataka
O00602,C3395,2025-02-08,Completed,COD,Patna,Bihar
O00603,C1204,2025-08-20,Completed,Credit Card,Chennai,Tamil Nadu
O00604,C0774,2024-04-02,Completed,Credit Card,Ahmedabad,Gujarat
O00605,C3057,2024-07-07,Completed,Credit Card,Kochi,Kerala
O00606,C2314,2023-08-01,Completed,UPI,Pune,Maharashtra
O00607,C2598,2024-01-21,Completed,Debit Card,Kolkata,West Bengal
O00608,C1404,2024-06-11,Completed,UPI,Pune,Maharashtra
O00609,C4173,2025-09-16,Completed,COD,Kolkata,West Bengal
O00610,C3062,2023-04-12,Completed,Debit Card,Gurugram,Haryana
O00611,C3326,2024-01-25,Completed,UPI,Bhopal,Madhya Pradesh
O00612,C1404,2025-04-20,Completed,UPI,Pune,Maharashtra
O00613,C3321,2023-08-23,Completed,Credit Card,Bengaluru,Karnataka
O00614,C0870,2023-04-24,Completed,COD,Patna,Bihar
O00615,C1084,2025-09-08,Completed,UPI,Delhi,Delhi
O00616,C0974,2025-12-26,Completed,Credit Card,Nagpur,Maharashtra
O00617,C1226,2025-03-19,Completed,UPI,Lucknow,Uttar Pradesh
O00618,C1803,2025-11-29,Completed,COD,Mumbai,Maharashtra
O00619,C2965,2023-04-13,Completed,Credit Card,Surat,Gujarat
O00620,C1189,2024-02-15,Completed,Debit Card,Patna,Bihar
O00621,C3444,2025-03-18,Completed,UPI,Surat,Gujarat
O00622,C3935,2025-11-26,Completed,UPI,Bhubaneswar,Odisha
O00623,C4410,2023-03-08,Completed,UPI,Chennai,Tamil Nadu
O00624,C1322,2024-02-07,Completed,Debit Card,Kochi,Kerala
O00625,C2024,2023-07-25,Completed,Net Banking,Ahmedabad,Gujarat
O00626,C4732,2023-12-07,Returned,UPI,Pune,Maharashtra
O00627,C4513,2025-12-11,Completed,Debit Card,Gurugram,Haryana
O00628,C0439,2024-03-01,Completed,UPI,Mumbai,Maharashtra
O00629,C0165,2025-08-13,Completed,Credit Card,Pune,Maharashtra
O00630,C3338,2023-07-28,Completed,Credit Card,Lucknow,Uttar Pradesh
O00631,C3351,2024-11-06,Completed,Credit Card,Patna,Bihar
O00632,C0988,2025-11-11,Completed,Credit Card,Ahmedabad,Gujarat
O00633,C2530,2024-01-04,Completed,COD,Surat,Gujarat
O00634,C4613,2025-09-20,Completed,UPI,Bhubaneswar,Odisha
O00635,C4178,2023-03-23,Completed,COD,Chandigarh,Chandigarh
O00636,C4215,2024-01-12,Completed,Credit Card,Chennai,Tamil Nadu
O00637,C3846,2023-01-03,Completed,UPI,Nagpur,Maharashtra
O00638,C1327,2024-11-14,Completed,UPI,Nagpur,Maharashtra
O00639,C3287,2025-02-02,Completed,COD,Hyderabad,Telangana
O00640,C0028,2023-09-23,Completed,Credit Card,Bengaluru,Karnataka
O00641,C2025,2024-03-10,Completed,Debit Card,Bhopal,Madhya Pradesh
O00642,C4594,2024-11-12,Completed,UPI,Bengaluru,Karnataka
O00643,C0194,2024-12-25,Cancelled,Credit Card,Jaipur,Rajasthan
O00644,C0592,2025-03-03,Completed,COD,Chandigarh,Chandigarh
O00645,C2490,2024-01-11,Completed,Net Banking,Lucknow,Uttar Pradesh
O00646,C1858,2024-01-01,Cancelled,Debit Card,Noida,Uttar Pradesh
O00647,C0113,2025-02-05,Completed,Debit Card,Kochi,Kerala
O00648,C1318,2024-03-03,Completed,Debit Card,Ahmedabad,Gujarat
O00649,C1738,2025-10-28,Completed,Credit Card,Gurugram,Haryana
O00650,C2062,2025-11-30,Returned,Credit Card,Nagpur,Maharashtra
O00651,C1691,2024-10-04,Completed,Net Banking,Hyderabad,Telangana
O00652,C3669,2024-07-17,Completed,Debit Card,Gurugram,Haryana
O00653,C1395,2023-09-01,Completed,Debit Card,Delhi,Delhi
O00654,C3169,2025-04-24,Completed,UPI,Indore,Madhya Pradesh
O00655,C3560,2025-07-27,Completed,Net Banking,Gurugram,Haryana
O00656,C2237,2023-10-30,Completed,Credit Card,Chennai,Tamil Nadu
O00657,C3884,2024-01-05,Completed,Net Banking,Patna,Bihar
O00658,C3252,2025-04-30,Completed,Debit Card,Indore,Madhya Pradesh
O00659,C3933,2023-10-02,Completed,UPI,Bhopal,Madhya Pradesh
O00660,C3015,2023-03-11,Cancelled,Credit Card,Chandigarh,Chandigarh
O00661,C3487,2023-02-16,Completed,COD,Ahmedabad,Gujarat
O00662,C1129,2023-04-27,Cancelled,UPI,Chennai,Tamil Nadu
O00663,C1697,2024-05-31,Completed,COD,Kochi,Kerala
O00664,C0133,2025-04-11,Completed,Debit Card,Gurugram,Haryana
O00665,C4666,2024-09-10,Cancelled,UPI,Indore,Madhya Pradesh
O00666,C4221,2025-01-25,Completed,UPI,Mumbai,Maharashtra
O00667,C3540,2025-08-17,Returned,UPI,Bhopal,Madhya Pradesh
O00668,C2989,2023-02-05,Completed,UPI,Lucknow,Uttar Pradesh
O00669,C4303,2025-06-23,Returned,COD,Jaipur,Rajasthan
O00670,C3294,2024-02-11,Completed,Debit Card,Pune,Maharashtra
O00671,C0312,2024-02-16,Completed,UPI,Delhi,Delhi
O00672,C2430,2024-05-02,Returned,UPI,Nagpur,Maharashtra
O00673,C1786,2025-02-17,Completed,UPI,Kochi,Kerala
O00674,C4392,2025-04-11,Completed,COD,Surat,Gujarat
O00675,C0402,2024-10-05,Completed,Debit Card,Lucknow,Uttar Pradesh
O00676,C1597,2024-02-17,Cancelled,UPI,Bhubaneswar,Odisha
O00677,C0122,2023-05-04,Completed,Debit Card,Nagpur,Maharashtra
O00678,C0751,2025-10-02,Completed,Net Banking,Gurugram,Haryana
O00679,C0106,2024-10-14,Completed,COD,Bengaluru,Karnataka
O00680,C1060,2023-08-20,Completed,Credit Card,Bengaluru,Karnataka
O00681,C4168,2024-03-08,Completed,COD,Indore,Madhya Pradesh
O00682,C4664,2024-05-05,Cancelled,Debit Card,Ahmedabad,Gujarat
O00683,C3239,2023-03-27,Completed,UPI,Chennai,Tamil Nadu
O00684,C1245,2025-11-19,Completed,Net Banking,Pune,Maharashtra
O00685,C0076,2025-05-24,Completed,COD,Delhi,Delhi
O00686,C1010,2023-06-05,Completed,Credit Card,Kolkata,West Bengal
O00687,C3283,2025-01-26,Cancelled,Credit Card,Jaipur,Rajasthan
O00688,C2276,2025-06-16,Completed,UPI,Noida,Uttar Pradesh
O00689,C3809,2024-06-15,Completed,COD,Chandigarh,Chandigarh
O00690,C0453,2023-06-01,Completed,Credit Card,Nagpur,Maharashtra
O00691,C0766,2023-06-21,Completed,Credit Card,Chandigarh,Chandigarh
O00692,C4583,2025-01-31,Completed,UPI,Jaipur,Rajasthan
O00693,C2716,2024-11-23,Completed,UPI,Lucknow,Uttar Pradesh
O00694,C1498,2023-07-14,Completed,Net Banking,Bengaluru,Karnataka
O00695,C3947,2023-04-10,Cancelled,Credit Card,Nagpur,Maharashtra
O00696,C3733,2025-09-28,Completed,COD,Chennai,Tamil Nadu
O00697,C4926,2025-06-27,Completed,COD,Hyderabad,Telangana
O00698,C2839,2024-03-03,Completed,Net Banking,Pune,Maharashtra
O00699,C0490,2024-08-09,Completed,Net Banking,Surat,Gujarat
O00700,C2424,2025-07-08,Completed,Credit Card,Bengaluru,Karnataka
O00701,C1936,2023-09-13,Completed,Net Banking,Mumbai,Maharashtra
O00702,C2750,2024-12-21,Returned,UPI,Surat,Gujarat
O00703,C3297,2024-02-08,Cancelled,Debit Card,Bengaluru,Karnataka
O00704,C4571,2025-08-17,Completed,COD,Hyderabad,Telangana
O00705,C3692,2024-08-02,Completed,COD,Bengaluru,Karnataka
O00706,C1104,2025-12-13,Completed,Credit Card,Jaipur,Rajasthan
O00707,C1600,2024-02-11,Completed,Credit Card,Kolkata,West Bengal
O00708,C3282,2023-08-30,Cancelled,Debit Card,Jaipur,Rajasthan
O00709,C3161,2023-02-16,Completed,Credit Card,Nagpur,Maharashtra
O00710,C3946,2023-04-25,Completed,Debit Card,Delhi,Delhi
O00711,C0226,2025-10-13,Completed,COD,Chennai,Tamil Nadu
O00712,C4804,2025-03-16,Completed,COD,Chennai,Tamil Nadu
O00713,C1715,2023-05-10,Completed,UPI,Bhopal,Madhya Pradesh
O00714,C4150,2025-09-20,Completed,Credit Card,Hyderabad,Telangana
O00715,C2244,2024-05-09,Completed,UPI,Nagpur,Maharashtra
O00716,C2893,2023-03-23,Cancelled,COD,Mumbai,Maharashtra
O00717,C2346,2025-08-22,Completed,UPI,Nagpur,Maharashtra
O00718,C0579,2024-10-30,Completed,COD,Ahmedabad,Gujarat
O00719,C1699,2025-11-14,Completed,Credit Card,Lucknow,Uttar Pradesh
O00720,C4596,2025-03-19,Completed,UPI,Jaipur,Rajasthan
O00721,C2672,2025-11-30,Completed,COD,Jaipur,Rajasthan
O00722,C4302,2024-03-20,Completed,UPI,Surat,Gujarat
O00723,C2928,2025-05-18,Returned,Credit Card,Jaipur,Rajasthan
O00724,C0279,2024-07-14,Completed,Credit Card,Delhi,Delhi
O00725,C1469,2023-02-26,Completed,UPI,Hyderabad,Telangana
O00726,C4773,2023-01-06,Completed,UPI,Chennai,Tamil Nadu
O00727,C0941,2025-08-02,Completed,Credit Card,Gurugram,Haryana
O00728,C2319,2024-08-01,Completed,UPI,Ahmedabad,Gujarat
O00729,C4537,2025-07-03,Returned,Debit Card,Pune,Maharashtra
O00730,C1784,2023-06-11,Completed,UPI,Gurugram,Haryana
O00731,C1876,2025-02-13,Completed,Credit Card,Surat,Gujarat
O00732,C4644,2023-02-26,Completed,Credit Card,Chennai,Tamil Nadu
O00733,C3227,2024-06-11,Completed,Net Banking,Hyderabad,Telangana
O00734,C3729,2025-12-18,Completed,UPI,Noida,Uttar Pradesh
O00735,C0986,2024-06-29,Completed,Net Banking,Delhi,Delhi
O00736,C2820,2023-02-15,Completed,UPI,Kolkata,West Bengal
O00737,C3971,2025-07-21,Completed,COD,Ahmedabad,Gujarat
O00738,C2067,2025-03-21,Completed,UPI,Bengaluru,Karnataka
O00739,C0425,2023-02-16,Cancelled,Net Banking,Ahmedabad,Gujarat
O00740,C2106,2023-09-09,Returned,COD,Hyderabad,Telangana
O00741,C2471,2023-06-15,Completed,UPI,Jaipur,Rajasthan
O00742,C3795,2024-01-03,Completed,UPI,Hyderabad,Telangana
O00743,C2892,2024-08-04,Completed,Credit Card,Lucknow,Uttar Pradesh
O00744,C1684,2024-07-25,Completed,Credit Card,Mumbai,Maharashtra
O00745,C3174,2023-12-14,Returned,Debit Card,Kochi,Kerala
O00746,C3148,2025-04-24,Completed,Credit Card,Bengaluru,Karnataka
O00747,C4062,2024-09-09,Completed,Debit Card,Ahmedabad,Gujarat
O00748,C4052,2024-05-11,Completed,UPI,Chandigarh,Chandigarh
O00749,C3652,2024-11-26,Completed,UPI,Bhubaneswar,Odisha
O00750,C4162,2024-05-25,Completed,UPI,Delhi,Delhi
O00751,C4911,2024-03-27,Completed,UPI,Hyderabad,Telangana
O00752,C1175,2024-06-26,Cancelled,Credit Card,Bengaluru,Karnataka
O00753,C2950,2023-08-04,Completed,Debit Card,Indore,Madhya Pradesh
O00754,C1810,2024-04-14,Completed,COD,Mumbai,Maharashtra
O00755,C0437,2025-05-02,Cancelled,UPI,Ahmedabad,Gujarat
O00756,C4886,2023-10-31,Cancelled,Credit Card,Surat,Gujarat
O00757,C0235,2023-10-25,Completed,UPI,Bhubaneswar,Odisha
O00758,C4771,2023-10-13,Completed,Net Banking,Noida,Uttar Pradesh
O00759,C2146,2025-10-08,Completed,Debit Card,Hyderabad,Telangana
O00760,C3576,2023-05-06,Completed,Debit Card,Hyderabad,Telangana
O00761,C4857,2023-02-20,Completed,Credit Card,Noida,Uttar Pradesh
O00762,C3562,2025-12-10,Completed,UPI,Pune,Maharashtra
O00763,C2475,2024-04-15,Completed,UPI,Bhubaneswar,Odisha
O00764,C0227,2024-10-31,Completed,Debit Card,Chennai,Tamil Nadu
O00765,C2611,2024-03-13,Completed,Net Banking,Bhopal,Madhya Pradesh
O00766,C2276,2025-04-30,Completed,UPI,Noida,Uttar Pradesh
O00767,C4802,2023-12-08,Completed,Credit Card,Jaipur,Rajasthan
O00768,C1816,2025-01-18,Completed,Credit Card,Patna,Bihar
O00769,C3855,2024-06-07,Completed,Debit Card,Mumbai,Maharashtra
O00770,C3996,2024-10-16,Completed,Credit Card,Ahmedabad,Gujarat
O00771,C1411,2024-05-20,Completed,UPI,Patna,Bihar
O00772,C4765,2024-02-03,Completed,Debit Card,Pune,Maharashtra
O00773,C3380,2025-06-24,Completed,UPI,Indore,Madhya Pradesh
O00774,C1846,2023-03-02,Completed,Debit Card,Chennai,Tamil Nadu
O00775,C1338,2023-11-09,Completed,UPI,Lucknow,Uttar Pradesh
O00776,C0118,2023-09-22,Returned,UPI,Lucknow,Uttar Pradesh
O00777,C1869,2025-11-18,Completed,UPI,Indore,Madhya Pradesh
O00778,C2098,2024-12-12,Returned,COD,Jaipur,Rajasthan
O00779,C1814,2025-07-01,Completed,UPI,Gurugram,Haryana
O00780,C1588,2023-12-05,Completed,UPI,Noida,Uttar Pradesh
O00781,C3253,2023-03-30,Completed,UPI,Jaipur,Rajasthan
O00782,C0543,2023-11-28,Completed,UPI,Jaipur,Rajasthan
O00783,C2375,2023-06-01,Completed,Credit Card,Hyderabad,Telangana
O00784,C1527,2024-12-08,Completed,COD,Kolkata,West Bengal
O00785,C3568,2023-05-06,Completed,Net Banking,Chennai,Tamil Nadu
O00786,C1270,2025-12-02,Cancelled,Net Banking,Lucknow,Uttar Pradesh
O00787,C0602,2024-02-25,Completed,UPI,Noida,Uttar Pradesh
O00788,C3615,2023-09-10,Cancelled,UPI,Nagpur,Maharashtra
O00789,C2150,2025-09-25,Completed,Credit Card,Chennai,Tamil Nadu
O00790,C3302,2023-10-20,Completed,COD,Delhi,Delhi
O00791,C0388,2023-06-18,Completed,UPI,Bhubaneswar,Odisha
O00792,C3681,2025-01-03,Completed,Credit Card,Delhi,Delhi
O00793,C1603,2023-01-16,Completed,Debit Card,Lucknow,Uttar Pradesh
O00794,C3283,2023-02-06,Completed,UPI,Jaipur,Rajasthan
O00795,C2697,2023-10-23,Completed,Credit Card,Mumbai,Maharashtra
O00796,C4435,2024-03-10,Completed,UPI,Nagpur,Maharashtra
O00797,C4152,2023-11-16,Completed,Credit Card,Lucknow,Uttar Pradesh
O00798,C3834,2024-06-17,Cancelled,UPI,Hyderabad,Telangana
O00799,C1306,2024-07-27,Cancelled,UPI,Chennai,Tamil Nadu
O00800,C0717,2025-07-11,Completed,UPI,Mumbai,Maharashtra
O00801,C3656,2025-11-05,Completed,COD,Nagpur,Maharashtra
O00802,C2992,2025-09-07,Completed,COD,Kolkata,West Bengal
O00803,C0314,2024-01-30,Completed,COD,Patna,Bihar
O00804,C2281,2023-10-04,Completed,Credit Card,Kochi,Kerala
O00805,C2623,2024-10-10,Completed,UPI,Delhi,Delhi
O00806,C0888,2023-10-10,Completed,UPI,Gurugram,Haryana
O00807,C4343,2025-09-25,Completed,Debit Card,Patna,Bihar
O00808,C2490,2023-03-27,Cancelled,UPI,Lucknow,Uttar Pradesh
O00809,C1923,2023-07-26,Completed,UPI,Pune,Maharashtra
O00810,C4030,2024-07-16,Completed,UPI,Delhi,Delhi
O00811,C3064,2024-04-21,Returned,Credit Card,Bhopal,Madhya Pradesh
O00812,C0161,2024-08-14,Completed,UPI,Nagpur,Maharashtra
O00813,C2188,2023-05-11,Completed,Net Banking,Lucknow,Uttar Pradesh
O00814,C2352,2024-02-04,Cancelled,Debit Card,Surat,Gujarat
O00815,C1484,2023-05-16,Completed,UPI,Nagpur,Maharashtra
O00816,C3893,2023-06-19,Completed,UPI,Kolkata,West Bengal
O00817,C1738,2025-08-26,Completed,UPI,Gurugram,Haryana
O00818,C4221,2023-07-18,Cancelled,UPI,Mumbai,Maharashtra
O00819,C1909,2025-01-08,Completed,UPI,Chandigarh,Chandigarh
O00820,C1371,2025-12-07,Completed,Debit Card,Surat,Gujarat
O00821,C1978,2025-02-03,Completed,Debit Card,Jaipur,Rajasthan
O00822,C3396,2023-04-13,Completed,UPI,Patna,Bihar
O00823,C2455,2024-07-01,Completed,Credit Card,Kochi,Kerala
O00824,C4260,2023-01-06,Returned,Net Banking,Indore,Madhya Pradesh
O00825,C4958,2024-12-11,Cancelled,Debit Card,Mumbai,Maharashtra
O00826,C2288,2023-01-12,Completed,Net Banking,Indore,Madhya Pradesh
O00827,C1237,2023-04-13,Cancelled,Credit Card,Ahmedabad,Gujarat
O00828,C3175,2024-11-29,Cancelled,Credit Card,Pune,Maharashtra
O00829,C1207,2024-03-02,Completed,Credit Card,Nagpur,Maharashtra
O00830,C0505,2023-06-20,Returned,Net Banking,Bhopal,Madhya Pradesh
O00831,C3768,2023-03-30,Returned,Credit Card,Surat,Gujarat
O00832,C4621,2024-12-16,Completed,Net Banking,Kolkata,West Bengal
O00833,C1404,2025-05-04,Completed,Credit Card,Pune,Maharashtra
O00834,C1768,2024-08-22,Completed,UPI,Delhi,Delhi
O00835,C3734,2024-03-01,Completed,UPI,Mumbai,Maharashtra
O00836,C0701,2025-10-07,Completed,UPI,Ahmedabad,Gujarat
O00837,C3205,2025-09-22,Completed,UPI,Patna,Bihar
O00838,C4146,2023-06-27,Returned,Debit Card,Delhi,Delhi
O00839,C3006,2024-07-16,Completed,Credit Card,Jaipur,Rajasthan
O00840,C4791,2024-02-22,Cancelled,Debit Card,Bhubaneswar,Odisha
O00841,C4122,2024-07-07,Returned,COD,Surat,Gujarat
O00842,C4083,2023-08-30,Completed,Net Banking,Ahmedabad,Gujarat
O00843,C0011,2024-02-12,Completed,UPI,Ahmedabad,Gujarat
O00844,C4904,2025-11-07,Completed,UPI,Gurugram,Haryana
O00845,C2059,2025-12-06,Completed,Credit Card,Lucknow,Uttar Pradesh
O00846,C3678,2025-04-01,Completed,UPI,Hyderabad,Telangana
O00847,C2820,2024-06-13,Completed,UPI,Kolkata,West Bengal
O00848,C0973,2024-05-14,Completed,Debit Card,Lucknow,Uttar Pradesh
O00849,C3793,2023-07-11,Completed,Debit Card,Kolkata,West Bengal
O00850,C2455,2023-02-18,Returned,COD,Kochi,Kerala
O00851,C0842,2023-04-04,Completed,COD,Mumbai,Maharashtra
O00852,C4455,2025-07-19,Completed,Credit Card,Chandigarh,Chandigarh
O00853,C0285,2023-06-16,Completed,Net Banking,Nagpur,Maharashtra
O00854,C2436,2023-09-11,Completed,UPI,Kochi,Kerala
O00855,C2832,2023-02-26,Cancelled,COD,Jaipur,Rajasthan
O00856,C4521,2023-01-06,Completed,UPI,Noida,Uttar Pradesh
O00857,C1030,2023-08-26,Completed,Net Banking,Chandigarh,Chandigarh
O00858,C4452,2025-01-02,Completed,UPI,Delhi,Delhi
O00859,C2967,2024-08-12,Completed,Debit Card,Bhopal,Madhya Pradesh
O00860,C0554,2023-01-20,Completed,Credit Card,Chandigarh,Chandigarh
O00861,C0268,2025-02-15,Completed,Credit Card,Bhopal,Madhya Pradesh
O00862,C1241,2023-05-22,Completed,UPI,Pune,Maharashtra
O00863,C4160,2024-01-11,Completed,Debit Card,Bhubaneswar,Odisha
O00864,C2490,2024-02-11,Completed,UPI,Lucknow,Uttar Pradesh
O00865,C2589,2025-03-26,Returned,Credit Card,Mumbai,Maharashtra
O00866,C0470,2023-03-21,Completed,UPI,Chandigarh,Chandigarh
O00867,C3288,2023-07-29,Completed,Debit Card,Chandigarh,Chandigarh
O00868,C3937,2025-02-06,Completed,UPI,Kochi,Kerala
O00869,C2020,2024-01-12,Completed,Credit Card,Gurugram,Haryana
O00870,C2024,2023-02-09,Completed,Net Banking,Ahmedabad,Gujarat
O00871,C1590,2024-03-28,Cancelled,Net Banking,Ahmedabad,Gujarat
O00872,C4974,2024-12-14,Completed,UPI,Noida,Uttar Pradesh
O00873,C2061,2023-03-27,Completed,UPI,Indore,Madhya Pradesh
O00874,C4318,2023-08-24,Completed,UPI,Nagpur,Maharashtra
O00875,C1420,2024-10-05,Completed,COD,Mumbai,Maharashtra
O00876,C0881,2024-10-28,Completed,UPI,Lucknow,Uttar Pradesh
O00877,C0839,2023-12-27,Completed,UPI,Chennai,Tamil Nadu
O00878,C0752,2025-05-17,Cancelled,UPI,Indore,Madhya Pradesh
O00879,C0270,2025-01-19,Completed,COD,Kochi,Kerala
O00880,C3370,2023-06-24,Completed,Net Banking,Chandigarh,Chandigarh
O00881,C4828,2025-04-07,Completed,Debit Card,Mumbai,Maharashtra
O00882,C4712,2025-03-14,Completed,COD,Kochi,Kerala
O00883,C3504,2023-03-02,Completed,Debit Card,Bengaluru,Karnataka
O00884,C3961,2025-02-13,Completed,Credit Card,Jaipur,Rajasthan
O00885,C2076,2024-02-18,Completed,Debit Card,Jaipur,Rajasthan
O00886,C1313,2023-04-26,Returned,UPI,Chandigarh,Chandigarh
O00887,C2285,2025-10-25,Cancelled,UPI,Nagpur,Maharashtra
O00888,C0384,2024-11-28,Completed,Debit Card,Chennai,Tamil Nadu
O00889,C4181,2025-03-10,Completed,UPI,Mumbai,Maharashtra
O00890,C4342,2024-09-18,Cancelled,Credit Card,Ahmedabad,Gujarat
O00891,C2809,2024-02-28,Completed,COD,Chandigarh,Chandigarh
O00892,C0804,2024-06-06,Completed,Credit Card,Indore,Madhya Pradesh
O00893,C4336,2023-06-24,Completed,COD,Bengaluru,Karnataka
O00894,C1097,2025-06-16,Completed,Credit Card,Mumbai,Maharashtra
O00895,C3743,2025-09-13,Completed,UPI,Kochi,Kerala
O00896,C4484,2024-01-09,Cancelled,UPI,Indore,Madhya Pradesh
O00897,C3720,2024-09-23,Completed,UPI,Chennai,Tamil Nadu
O00898,C4772,2023-08-25,Completed,UPI,Noida,Uttar Pradesh
O00899,C2697,2025-10-06,Completed,UPI,Mumbai,Maharashtra
O00900,C4267,2025-08-25,Completed,UPI,Surat,Gujarat
O00901,C0809,2024-03-18,Cancelled,UPI,Mumbai,Maharashtra
O00902,C2152,2025-11-27,Completed,Credit Card,Bengaluru,Karnataka
O00903,C3294,2025-02-22,Completed,Credit Card,Pune,Maharashtra
O00904,C1306,2025-10-16,Completed,Debit Card,Chennai,Tamil Nadu
O00905,C3460,2025-06-05,Completed,UPI,Nagpur,Maharashtra
O00906,C2420,2025-04-25,Returned,Debit Card,Chennai,Tamil Nadu
O00907,C4225,2025-04-21,Completed,UPI,Surat,Gujarat
O00908,C1197,2024-09-26,Completed,Net Banking,Bhopal,Madhya Pradesh
O00909,C4568,2023-06-05,Cancelled,UPI,Ahmedabad,Gujarat
O00910,C3525,2024-12-29,Completed,COD,Lucknow,Uttar Pradesh
O00911,C1526,2025-03-23,Completed,UPI,Jaipur,Rajasthan
O00912,C1600,2024-10-01,Completed,Net Banking,Kolkata,West Bengal
O00913,C1045,2025-11-30,Completed,COD,Hyderabad,Telangana
O00914,C2154,2023-07-05,Completed,UPI,Kochi,Kerala
O00915,C1868,2024-04-05,Completed,Credit Card,Gurugram,Haryana
O00916,C1376,2024-06-29,Completed,UPI,Chandigarh,Chandigarh
O00917,C0612,2024-11-29,Cancelled,UPI,Chandigarh,Chandigarh
O00918,C3317,2023-11-03,Completed,UPI,Nagpur,Maharashtra
O00919,C1599,2025-08-02,Returned,Credit Card,Hyderabad,Telangana
O00920,C4950,2023-05-17,Completed,UPI,Jaipur,Rajasthan
O00921,C1978,2025-06-11,Completed,Credit Card,Jaipur,Rajasthan
O00922,C4398,2024-10-16,Completed,Debit Card,Pune,Maharashtra
O00923,C0639,2024-09-12,Completed,UPI,Delhi,Delhi
O00924,C4167,2023-06-06,Returned,UPI,Bengaluru,Karnataka
O00925,C1923,2023-06-30,Completed,Credit Card,Pune,Maharashtra
O00926,C0646,2024-02-13,Completed,UPI,Bengaluru,Karnataka
O00927,C4270,2025-05-02,Completed,UPI,Indore,Madhya Pradesh
O00928,C1999,2025-09-03,Completed,Credit Card,Bengaluru,Karnataka
O00929,C0090,2025-11-17,Completed,UPI,Lucknow,Uttar Pradesh
O00930,C3279,2025-05-20,Cancelled,UPI,Hyderabad,Telangana
O00931,C2367,2024-09-03,Completed,COD,Lucknow,Uttar Pradesh
O00932,C0824,2023-03-10,Completed,Net Banking,Bhopal,Madhya Pradesh
O00933,C0551,2024-08-24,Completed,COD,Kolkata,West Bengal
O00934,C0060,2023-01-17,Completed,UPI,Lucknow,Uttar Pradesh
O00935,C4223,2025-04-28,Cancelled,UPI,Patna,Bihar
O00936,C4179,2025-05-28,Completed,Debit Card,Kolkata,West Bengal
O00937,C1244,2025-04-14,Completed,Net Banking,Lucknow,Uttar Pradesh
O00938,C3480,2024-06-29,Completed,UPI,Chennai,Tamil Nadu
O00939,C0946,2023-03-01,Completed,COD,Chennai,Tamil Nadu
O00940,C1641,2023-07-03,Completed,Debit Card,Gurugram,Haryana
O00941,C1953,2025-04-17,Completed,Net Banking,Bengaluru,Karnataka
O00942,C2634,2025-10-18,Returned,UPI,Gurugram,Haryana
O00943,C3502,2025-01-22,Completed,Credit Card,Pune,Maharashtra
O00944,C0890,2024-12-23,Returned,Credit Card,Delhi,Delhi
O00945,C0574,2023-11-26,Completed,Debit Card,Lucknow,Uttar Pradesh
O00946,C0513,2025-02-19,Completed,Debit Card,Jaipur,Rajasthan
O00947,C4161,2025-10-25,Completed,COD,Bhopal,Madhya Pradesh
O00948,C1965,2024-02-06,Cancelled,COD,Pune,Maharashtra
O00949,C4052,2024-09-19,Completed,UPI,Chandigarh,Chandigarh
O00950,C2231,2023-07-22,Completed,Credit Card,Indore,Madhya Pradesh
O00951,C2284,2025-11-26,Returned,Credit Card,Pune,Maharashtra
O00952,C4985,2023-02-23,Completed,Net Banking,Hyderabad,Telangana
O00953,C0612,2023-10-15,Completed,Credit Card,Chandigarh,Chandigarh
O00954,C0438,2025-12-04,Completed,Debit Card,Lucknow,Uttar Pradesh
O00955,C1460,2023-10-11,Completed,UPI,Delhi,Delhi
O00956,C0524,2025-04-12,Completed,Debit Card,Bhubaneswar,Odisha
O00957,C3578,2024-08-04,Completed,UPI,Mumbai,Maharashtra
O00958,C4896,2023-02-11,Completed,Debit Card,Bhubaneswar,Odisha
O00959,C3399,2023-09-29,Completed,COD,Indore,Madhya Pradesh
O00960,C2262,2025-07-05,Completed,UPI,Ahmedabad,Gujarat
O00961,C1024,2024-07-24,Cancelled,Credit Card,Pune,Maharashtra
O00962,C1580,2025-01-21,Completed,Net Banking,Patna,Bihar
O00963,C0322,2023-02-16,Cancelled,UPI,Hyderabad,Telangana
O00964,C3127,2023-05-06,Completed,UPI,Chennai,Tamil Nadu
O00965,C2832,2024-04-16,Completed,Credit Card,Jaipur,Rajasthan
O00966,C4276,2025-03-21,Completed,COD,Chandigarh,Chandigarh
O00967,C2428,2024-09-12,Completed,Credit Card,Chandigarh,Chandigarh
O00968,C2981,2024-11-07,Completed,Credit Card,Lucknow,Uttar Pradesh
O00969,C3758,2024-01-05,Returned,UPI,Bhubaneswar,Odisha
O00970,C0450,2025-02-09,Completed,Net Banking,Chennai,Tamil Nadu
O00971,C1285,2024-08-10,Cancelled,UPI,Pune,Maharashtra
O00972,C3519,2023-01-07,Completed,UPI,Delhi,Delhi
O00973,C1661,2024-11-28,Cancelled,Credit Card,Delhi,Delhi
O00974,C0904,2023-03-06,Completed,Credit Card,Kolkata,West Bengal
O00975,C1178,2023-07-21,Completed,Credit Card,Nagpur,Maharashtra
O00976,C0330,2023-05-22,Cancelled,Debit Card,Bhopal,Madhya Pradesh
O00977,C0637,2025-03-27,Cancelled,COD,Chandigarh,Chandigarh
O00978,C1890,2023-08-05,Completed,UPI,Patna,Bihar
O00979,C1868,2025-09-17,Completed,Credit Card,Gurugram,Haryana
O00980,C2516,2023-09-19,Completed,Credit Card,Mumbai,Maharashtra
O00981,C0413,2023-10-11,Completed,UPI,Bhopal,Madhya Pradesh
O00982,C3834,2023-04-12,Completed,COD,Hyderabad,Telangana
O00983,C2416,2024-01-12,Completed,UPI,Patna,Bihar
O00984,C2587,2023-07-25,Completed,UPI,Kolkata,West Bengal
O00985,C1565,2025-11-02,Completed,UPI,Delhi,Delhi
O00986,C4611,2025-01-30,Completed,UPI,Bhubaneswar,Odisha
O00987,C0481,2023-01-10,Completed,UPI,Bhubaneswar,Odisha
O00988,C2276,2023-05-31,Completed,UPI,Noida,Uttar Pradesh
O00989,C3841,2025-11-26,Completed,Debit Card,Noida,Uttar Pradesh
O00990,C3312,2025-02-14,Completed,UPI,Kochi,Kerala
O00991,C2883,2025-10-25,Completed,COD,Nagpur,Maharashtra
O00992,C3744,2025-06-08,Completed,UPI,Gurugram,Haryana
O00993,C2520,2024-02-07,Completed,Debit Card,Mumbai,Maharashtra
O00994,C4614,2025-07-27,Completed,UPI,Kolkata,West Bengal
O00995,C4401,2025-03-21,Completed,UPI,Noida,Uttar Pradesh
O00996,C0655,2025-11-24,Completed,UPI,Indore,Madhya Pradesh
O00997,C1978,2024-05-13,Completed,UPI,Jaipur,Rajasthan
O00998,C0181,2024-05-26,Completed,Credit Card,Kolkata,West Bengal
O00999,C4126,2023-11-13,Completed,Credit Card,Chandigarh,Chandigarh
O01000,C3020,2023-10-30,Completed,UPI,Bhopal,Madhya Pradesh
O01001,C0765,2023-03-23,Completed,Debit Card,Jaipur,Rajasthan
O01002,C4136,2024-10-19,Completed,UPI,Noida,Uttar Pradesh
O01003,C2367,2023-07-12,Completed,UPI,Lucknow,Uttar Pradesh
O01004,C3299,2023-08-12,Completed,UPI,Bhopal,Madhya Pradesh
O01005,C2780,2023-02-22,Completed,Credit Card,Gurugram,Haryana
O01006,C4988,2025-10-11,Returned,Net Banking,Patna,Bihar
O01007,C2372,2023-12-11,Completed,Credit Card,Bhubaneswar,Odisha
O01008,C3391,2025-09-13,Completed,Credit Card,Ahmedabad,Gujarat
O01009,C1783,2024-10-02,Returned,UPI,Delhi,Delhi
O01010,C4781,2023-07-30,Completed,COD,Bhopal,Madhya Pradesh
O01011,C1065,2025-05-13,Completed,UPI,Gurugram,Haryana
O01012,C2457,2025-02-14,Completed,Debit Card,Bhubaneswar,Odisha
O01013,C1347,2025-07-03,Cancelled,COD,Indore,Madhya Pradesh
O01014,C2228,2023-07-02,Cancelled,COD,Hyderabad,Telangana
O01015,C1183,2024-05-20,Completed,Debit Card,Mumbai,Maharashtra
O01016,C4133,2023-01-12,Completed,Debit Card,Surat,Gujarat
O01017,C2454,2023-04-03,Completed,Credit Card,Jaipur,Rajasthan
O01018,C0539,2023-11-26,Returned,UPI,Chandigarh,Chandigarh
O01019,C2424,2023-07-09,Completed,COD,Bengaluru,Karnataka
O01020,C2304,2025-05-15,Returned,Credit Card,Noida,Uttar Pradesh
O01021,C0249,2025-08-11,Completed,Debit Card,Kochi,Kerala
O01022,C4789,2025-10-18,Completed,UPI,Chennai,Tamil Nadu
O01023,C1041,2023-10-20,Completed,UPI,Nagpur,Maharashtra
O01024,C1392,2023-09-18,Completed,COD,Gurugram,Haryana
O01025,C2173,2024-12-10,Completed,UPI,Bengaluru,Karnataka
O01026,C1336,2023-11-19,Completed,COD,Bhubaneswar,Odisha
O01027,C2260,2023-01-10,Completed,Net Banking,Hyderabad,Telangana
O01028,C0500,2025-08-22,Completed,COD,Noida,Uttar Pradesh
O01029,C0811,2023-03-29,Completed,UPI,Patna,Bihar
O01030,C4985,2023-12-06,Completed,COD,Hyderabad,Telangana
O01031,C3714,2024-11-17,Completed,Credit Card,Surat,Gujarat
O01032,C3705,2023-07-28,Returned,UPI,Pune,Maharashtra
O01033,C1211,2025-12-08,Completed,UPI,Bhopal,Madhya Pradesh
O01034,C3746,2025-07-10,Completed,UPI,Noida,Uttar Pradesh
O01035,C1987,2023-09-20,Completed,UPI,Kolkata,West Bengal
O01036,C1492,2024-10-31,Completed,UPI,Chennai,Tamil Nadu
O01037,C4271,2023-01-20,Completed,Net Banking,Bhopal,Madhya Pradesh
O01038,C3049,2024-07-21,Completed,COD,Indore,Madhya Pradesh
O01039,C4920,2025-08-27,Completed,Debit Card,Chandigarh,Chandigarh
O01040,C2935,2023-05-20,Completed,UPI,Indore,Madhya Pradesh
O01041,C4365,2023-09-28,Returned,UPI,Bhopal,Madhya Pradesh
O01042,C1818,2023-10-11,Completed,Credit Card,Pune,Maharashtra
O01043,C4320,2024-01-01,Completed,Debit Card,Gurugram,Haryana
O01044,C1276,2024-04-28,Cancelled,Net Banking,Pune,Maharashtra
O01045,C3023,2023-01-03,Completed,COD,Hyderabad,Telangana
O01046,C2878,2025-09-30,Completed,COD,Chennai,Tamil Nadu
O01047,C4015,2025-02-22,Returned,UPI,Surat,Gujarat
O01048,C4088,2023-06-13,Completed,UPI,Patna,Bihar
O01049,C1148,2024-01-23,Completed,UPI,Pune,Maharashtra
O01050,C0238,2025-09-21,Returned,UPI,Patna,Bihar
O01051,C2123,2025-10-29,Completed,COD,Patna,Bihar
O01052,C4596,2025-10-12,Completed,COD,Jaipur,Rajasthan
O01053,C1546,2023-01-12,Cancelled,UPI,Patna,Bihar
O01054,C3984,2023-03-15,Completed,COD,Indore,Madhya Pradesh
O01055,C4364,2023-08-26,Completed,UPI,Bengaluru,Karnataka
O01056,C0987,2025-07-03,Completed,Debit Card,Gurugram,Haryana
O01057,C1624,2023-08-22,Completed,Credit Card,Jaipur,Rajasthan
O01058,C3122,2025-05-21,Cancelled,UPI,Pune,Maharashtra
O01059,C3727,2023-06-02,Completed,COD,Chennai,Tamil Nadu
O01060,C3902,2024-06-11,Completed,UPI,Patna,Bihar
O01061,C0723,2025-03-21,Completed,Credit Card,Indore,Madhya Pradesh
O01062,C1096,2023-02-25,Completed,Debit Card,Lucknow,Uttar Pradesh
O01063,C3828,2024-09-06,Returned,UPI,Noida,Uttar Pradesh
O01064,C4286,2025-07-22,Returned,COD,Bhopal,Madhya Pradesh
O01065,C0996,2024-10-24,Completed,COD,Bengaluru,Karnataka
O01066,C4662,2023-10-27,Completed,UPI,Bhopal,Madhya Pradesh
O01067,C0993,2025-09-02,Completed,Credit Card,Lucknow,Uttar Pradesh
O01068,C2784,2024-09-21,Completed,Credit Card,Kolkata,West Bengal
O01069,C0156,2023-05-24,Completed,Credit Card,Lucknow,Uttar Pradesh
O01070,C1896,2023-08-17,Completed,Credit Card,Pune,Maharashtra
O01071,C1777,2024-04-10,Completed,UPI,Nagpur,Maharashtra
O01072,C4769,2023-05-17,Completed,COD,Lucknow,Uttar Pradesh
O01073,C2117,2023-08-28,Completed,UPI,Gurugram,Haryana
O01074,C2421,2024-03-24,Completed,UPI,Bhubaneswar,Odisha
O01075,C0055,2023-05-31,Completed,Debit Card,Lucknow,Uttar Pradesh
O01076,C0085,2025-03-13,Completed,Debit Card,Ahmedabad,Gujarat
O01077,C2889,2023-12-19,Completed,Net Banking,Pune,Maharashtra
O01078,C4688,2024-04-10,Completed,Debit Card,Kolkata,West Bengal
O01079,C2780,2025-11-29,Cancelled,UPI,Gurugram,Haryana
O01080,C2670,2024-10-15,Completed,Net Banking,Pune,Maharashtra
O01081,C3837,2023-02-22,Completed,UPI,Nagpur,Maharashtra
O01082,C1009,2023-12-17,Completed,COD,Bhubaneswar,Odisha
O01083,C2365,2025-01-08,Completed,UPI,Ahmedabad,Gujarat
O01084,C3687,2023-12-06,Completed,UPI,Surat,Gujarat
O01085,C4348,2023-03-06,Completed,Debit Card,Nagpur,Maharashtra
O01086,C2200,2023-10-23,Completed,UPI,Noida,Uttar Pradesh
O01087,C1360,2025-07-30,Returned,UPI,Lucknow,Uttar Pradesh
O01088,C0910,2023-07-24,Completed,Debit Card,Bhubaneswar,Odisha
O01089,C3440,2024-10-08,Completed,UPI,Patna,Bihar
O01090,C2914,2023-05-15,Completed,UPI,Bhopal,Madhya Pradesh
O01091,C4696,2024-01-13,Completed,Credit Card,Nagpur,Maharashtra
O01092,C1007,2025-12-11,Completed,COD,Gurugram,Haryana
O01093,C3053,2025-05-17,Completed,UPI,Chennai,Tamil Nadu
O01094,C1144,2024-08-02,Completed,Credit Card,Ahmedabad,Gujarat
O01095,C4399,2025-10-13,Completed,UPI,Bengaluru,Karnataka
O01096,C3221,2024-12-10,Completed,UPI,Delhi,Delhi
O01097,C1225,2023-03-08,Completed,UPI,Indore,Madhya Pradesh
O01098,C3879,2023-01-03,Cancelled,Debit Card,Kochi,Kerala
O01099,C4496,2024-05-24,Returned,UPI,Bengaluru,Karnataka
O01100,C0068,2025-02-15,Completed,Credit Card,Surat,Gujarat
O01101,C4250,2023-04-12,Completed,Credit Card,Lucknow,Uttar Pradesh
O01102,C1015,2025-03-09,Completed,COD,Nagpur,Maharashtra
O01103,C0182,2025-01-03,Completed,COD,Hyderabad,Telangana
O01104,C4621,2025-11-10,Completed,UPI,Kolkata,West Bengal
O01105,C4116,2024-01-22,Completed,Credit Card,Chennai,Tamil Nadu
O01106,C4947,2024-06-16,Cancelled,Debit Card,Mumbai,Maharashtra
O01107,C2946,2023-04-02,Completed,COD,Hyderabad,Telangana
O01108,C2058,2025-04-18,Completed,UPI,Bhubaneswar,Odisha
O01109,C2748,2024-05-19,Completed,Debit Card,Surat,Gujarat
O01110,C1881,2025-04-20,Completed,COD,Ahmedabad,Gujarat
O01111,C3603,2024-11-17,Returned,UPI,Chandigarh,Chandigarh
O01112,C0655,2024-12-25,Completed,UPI,Indore,Madhya Pradesh
O01113,C3687,2023-05-28,Completed,Credit Card,Surat,Gujarat
O01114,C2289,2025-07-22,Completed,Net Banking,Noida,Uttar Pradesh
O01115,C2200,2025-06-02,Completed,Debit Card,Noida,Uttar Pradesh
O01116,C2832,2023-11-10,Cancelled,Credit Card,Jaipur,Rajasthan
O01117,C3409,2024-10-18,Completed,UPI,Bhubaneswar,Odisha
O01118,C2236,2023-10-25,Completed,Credit Card,Patna,Bihar
O01119,C2512,2023-08-11,Completed,UPI,Jaipur,Rajasthan
O01120,C0722,2023-12-19,Completed,UPI,Indore,Madhya Pradesh
O01121,C3249,2024-02-20,Completed,Credit Card,Patna,Bihar
O01122,C1201,2023-03-03,Completed,UPI,Mumbai,Maharashtra
O01123,C4977,2024-08-30,Completed,UPI,Delhi,Delhi
O01124,C2463,2024-09-15,Completed,Debit Card,Kochi,Kerala
O01125,C4674,2024-01-11,Completed,Debit Card,Bengaluru,Karnataka
O01126,C0310,2024-08-21,Returned,Debit Card,Nagpur,Maharashtra
O01127,C1026,2024-02-09,Completed,COD,Chandigarh,Chandigarh
O01128,C4413,2025-07-17,Completed,UPI,Chandigarh,Chandigarh
O01129,C1533,2024-01-25,Completed,UPI,Nagpur,Maharashtra
O01130,C3644,2025-02-04,Completed,Credit Card,Pune,Maharashtra
O01131,C0368,2023-12-14,Returned,UPI,Delhi,Delhi
O01132,C4651,2025-12-23,Returned,COD,Patna,Bihar
O01133,C2653,2025-08-15,Completed,Credit Card,Noida,Uttar Pradesh
O01134,C1250,2024-05-31,Completed,UPI,Chandigarh,Chandigarh
O01135,C2984,2023-11-26,Completed,Credit Card,Kolkata,West Bengal
O01136,C4576,2025-08-31,Completed,UPI,Surat,Gujarat
O01137,C3029,2023-04-02,Completed,UPI,Mumbai,Maharashtra
O01138,C3135,2023-07-09,Completed,Credit Card,Jaipur,Rajasthan
O01139,C4096,2024-07-25,Completed,Credit Card,Ahmedabad,Gujarat
O01140,C0940,2023-07-24,Completed,Credit Card,Mumbai,Maharashtra
O01141,C4110,2023-07-31,Completed,Credit Card,Kolkata,West Bengal
O01142,C4238,2025-02-08,Completed,COD,Bhubaneswar,Odisha
O01143,C4024,2023-03-30,Completed,UPI,Chennai,Tamil Nadu
O01144,C3692,2025-08-12,Completed,COD,Bengaluru,Karnataka
O01145,C0590,2023-12-29,Completed,UPI,Chandigarh,Chandigarh
O01146,C1783,2023-11-28,Completed,UPI,Delhi,Delhi
O01147,C4569,2025-07-09,Completed,Credit Card,Surat,Gujarat
O01148,C1208,2024-12-08,Completed,Net Banking,Lucknow,Uttar Pradesh
O01149,C4413,2025-04-23,Completed,UPI,Chandigarh,Chandigarh
O01150,C4541,2024-11-25,Completed,Debit Card,Kolkata,West Bengal
O01151,C2344,2024-02-26,Completed,Debit Card,Lucknow,Uttar Pradesh
O01152,C0847,2025-02-01,Completed,Credit Card,Delhi,Delhi
O01153,C2425,2025-01-05,Completed,UPI,Chandigarh,Chandigarh
O01154,C4681,2024-12-10,Completed,Debit Card,Chandigarh,Chandigarh
O01155,C0799,2023-09-06,Completed,UPI,Kolkata,West Bengal
O01156,C0471,2023-06-30,Completed,UPI,Gurugram,Haryana
O01157,C3910,2024-04-27,Completed,Debit Card,Bengaluru,Karnataka
O01158,C4828,2025-02-27,Completed,Debit Card,Mumbai,Maharashtra
O01159,C2095,2023-09-05,Completed,COD,Bhubaneswar,Odisha
O01160,C2995,2023-11-15,Completed,UPI,Jaipur,Rajasthan
O01161,C3130,2025-08-21,Completed,UPI,Chennai,Tamil Nadu
O01162,C1314,2024-11-30,Completed,UPI,Mumbai,Maharashtra
O01163,C2879,2024-06-14,Completed,UPI,Gurugram,Haryana
O01164,C3516,2024-07-16,Completed,Credit Card,Bhubaneswar,Odisha
O01165,C1048,2023-05-03,Returned,Credit Card,Pune,Maharashtra
O01166,C1088,2025-01-19,Completed,UPI,Hyderabad,Telangana
O01167,C3682,2023-11-15,Cancelled,Debit Card,Nagpur,Maharashtra
O01168,C0283,2024-08-08,Completed,Credit Card,Hyderabad,Telangana
O01169,C3649,2023-09-02,Cancelled,Credit Card,Chandigarh,Chandigarh
O01170,C1399,2024-06-27,Completed,COD,Patna,Bihar
O01171,C2734,2023-06-02,Cancelled,UPI,Bhubaneswar,Odisha
O01172,C4068,2024-10-17,Returned,UPI,Indore,Madhya Pradesh
O01173,C2358,2023-01-15,Cancelled,Credit Card,Indore,Madhya Pradesh
O01174,C2936,2023-09-02,Completed,COD,Jaipur,Rajasthan
O01175,C3819,2025-03-01,Completed,Credit Card,Jaipur,Rajasthan
O01176,C3239,2024-07-20,Completed,UPI,Chennai,Tamil Nadu
O01177,C1773,2024-07-07,Cancelled,Net Banking,Nagpur,Maharashtra
O01178,C4078,2025-06-17,Completed,Debit Card,Lucknow,Uttar Pradesh
O01179,C4103,2023-02-21,Completed,Debit Card,Nagpur,Maharashtra
O01180,C0788,2023-01-11,Completed,Credit Card,Kolkata,West Bengal
O01181,C3225,2025-04-02,Completed,Credit Card,Mumbai,Maharashtra
O01182,C0043,2023-08-15,Completed,Net Banking,Bhopal,Madhya Pradesh
O01183,C4297,2023-04-24,Returned,Credit Card,Patna,Bihar
O01184,C2943,2024-08-26,Cancelled,UPI,Mumbai,Maharashtra
O01185,C4644,2024-08-15,Completed,Net Banking,Chennai,Tamil Nadu
O01186,C4322,2025-07-25,Completed,Credit Card,Patna,Bihar
O01187,C3906,2023-07-29,Completed,UPI,Patna,Bihar
O01188,C4729,2025-08-08,Completed,Credit Card,Bhopal,Madhya Pradesh
O01189,C3411,2025-10-01,Cancelled,UPI,Jaipur,Rajasthan
O01190,C1359,2024-09-02,Completed,Credit Card,Bhopal,Madhya Pradesh
O01191,C1205,2025-12-16,Completed,COD,Bhopal,Madhya Pradesh
O01192,C3605,2025-12-22,Completed,Credit Card,Chennai,Tamil Nadu
O01193,C2994,2023-12-04,Completed,UPI,Noida,Uttar Pradesh
O01194,C2242,2024-12-25,Completed,COD,Indore,Madhya Pradesh
O01195,C0538,2025-03-25,Completed,Net Banking,Chandigarh,Chandigarh
O01196,C4012,2024-06-15,Cancelled,UPI,Chandigarh,Chandigarh
O01197,C3869,2025-01-28,Completed,Credit Card,Hyderabad,Telangana
O01198,C4577,2023-01-06,Completed,Net Banking,Bhopal,Madhya Pradesh
O01199,C4526,2024-08-07,Completed,UPI,Ahmedabad,Gujarat
O01200,C3584,2024-09-10,Cancelled,UPI,Kolkata,West Bengal
O01201,C1351,2025-03-07,Completed,Credit Card,Chennai,Tamil Nadu
O01202,C0945,2023-12-22,Cancelled,UPI,Patna,Bihar
O01203,C3857,2023-08-07,Completed,UPI,Patna,Bihar
O01204,C1824,2024-01-02,Returned,Credit Card,Gurugram,Haryana
O01205,C2626,2025-06-07,Completed,UPI,Mumbai,Maharashtra
O01206,C3899,2024-07-14,Completed,Debit Card,Indore,Madhya Pradesh
O01207,C3488,2023-12-30,Completed,UPI,Mumbai,Maharashtra
O01208,C4207,2024-05-19,Returned,UPI,Noida,Uttar Pradesh
O01209,C4308,2023-06-26,Completed,COD,Lucknow,Uttar Pradesh
O01210,C0851,2025-03-23,Completed,Credit Card,Jaipur,Rajasthan
O01211,C2926,2024-07-30,Completed,COD,Bengaluru,Karnataka
O01212,C0996,2025-03-28,Completed,UPI,Bengaluru,Karnataka
O01213,C4762,2025-12-13,Completed,UPI,Pune,Maharashtra
O01214,C0350,2025-03-29,Completed,UPI,Kolkata,West Bengal
O01215,C1538,2024-04-23,Completed,COD,Indore,Madhya Pradesh
O01216,C2978,2024-12-22,Completed,Credit Card,Hyderabad,Telangana
O01217,C2729,2024-08-03,Completed,Net Banking,Hyderabad,Telangana
O01218,C4347,2025-01-15,Cancelled,COD,Pune,Maharashtra
O01219,C2367,2025-11-04,Completed,UPI,Lucknow,Uttar Pradesh
O01220,C2237,2025-05-27,Completed,COD,Chennai,Tamil Nadu
O01221,C3876,2023-05-14,Completed,UPI,Kochi,Kerala
O01222,C3095,2024-12-18,Cancelled,Credit Card,Delhi,Delhi
O01223,C3602,2025-11-13,Completed,Credit Card,Chennai,Tamil Nadu
O01224,C4175,2024-01-12,Cancelled,UPI,Ahmedabad,Gujarat
O01225,C4642,2024-10-13,Completed,UPI,Chandigarh,Chandigarh
O01226,C0924,2023-06-15,Completed,Credit Card,Chennai,Tamil Nadu
O01227,C0619,2025-11-30,Completed,Debit Card,Kolkata,West Bengal
O01228,C4401,2023-09-29,Completed,UPI,Noida,Uttar Pradesh
O01229,C3263,2025-09-16,Completed,Credit Card,Pune,Maharashtra
O01230,C3304,2023-06-15,Completed,UPI,Patna,Bihar
O01231,C2602,2025-01-31,Completed,Debit Card,Chennai,Tamil Nadu
O01232,C1048,2024-10-10,Cancelled,Credit Card,Pune,Maharashtra
O01233,C1699,2025-04-24,Completed,COD,Lucknow,Uttar Pradesh
O01234,C2231,2024-07-04,Completed,Net Banking,Indore,Madhya Pradesh
O01235,C1869,2024-08-21,Returned,COD,Indore,Madhya Pradesh
O01236,C2655,2023-06-04,Completed,UPI,Surat,Gujarat
O01237,C0083,2024-02-21,Completed,Credit Card,Gurugram,Haryana
O01238,C0093,2023-03-08,Cancelled,Credit Card,Pune,Maharashtra
O01239,C3157,2024-05-31,Completed,COD,Kolkata,West Bengal
O01240,C3049,2025-12-18,Completed,UPI,Indore,Madhya Pradesh
O01241,C1468,2025-10-03,Completed,Credit Card,Mumbai,Maharashtra
O01242,C2025,2024-08-10,Completed,Debit Card,Bhopal,Madhya Pradesh
O01243,C4870,2025-02-10,Cancelled,UPI,Pune,Maharashtra
O01244,C3818,2025-01-29,Completed,Credit Card,Hyderabad,Telangana
O01245,C2699,2025-11-05,Completed,UPI,Kolkata,West Bengal
O01246,C0792,2023-06-25,Completed,UPI,Patna,Bihar
O01247,C0476,2023-11-18,Completed,UPI,Gurugram,Haryana
O01248,C0504,2023-05-16,Completed,UPI,Lucknow,Uttar Pradesh
O01249,C0231,2024-03-03,Cancelled,UPI,Gurugram,Haryana
O01250,C1587,2025-07-19,Returned,Debit Card,Jaipur,Rajasthan
O01251,C1775,2025-06-29,Completed,Net Banking,Indore,Madhya Pradesh
O01252,C3091,2024-11-10,Returned,Debit Card,Chandigarh,Chandigarh
O01253,C2257,2023-11-18,Completed,UPI,Jaipur,Rajasthan
O01254,C3971,2025-02-19,Completed,UPI,Ahmedabad,Gujarat
O01255,C4227,2023-06-20,Completed,Credit Card,Patna,Bihar
O01256,C4839,2025-07-12,Completed,COD,Bhubaneswar,Odisha
O01257,C0384,2023-05-09,Completed,UPI,Chennai,Tamil Nadu
O01258,C3164,2024-11-10,Completed,Credit Card,Surat,Gujarat
O01259,C2410,2024-02-01,Completed,Credit Card,Surat,Gujarat
O01260,C0761,2023-03-02,Cancelled,Net Banking,Bhubaneswar,Odisha
O01261,C3953,2024-04-17,Completed,Credit Card,Pune,Maharashtra
O01262,C0943,2025-01-07,Completed,COD,Hyderabad,Telangana
O01263,C2696,2024-02-01,Completed,UPI,Kolkata,West Bengal
O01264,C1297,2025-03-14,Completed,UPI,Surat,Gujarat
O01265,C2403,2025-08-14,Completed,Debit Card,Patna,Bihar
O01266,C2148,2024-10-16,Completed,Debit Card,Pune,Maharashtra
O01267,C1640,2024-08-24,Returned,COD,Nagpur,Maharashtra
O01268,C4397,2023-09-25,Completed,Credit Card,Gurugram,Haryana
O01269,C0609,2023-03-17,Completed,UPI,Nagpur,Maharashtra
O01270,C0882,2025-12-28,Completed,Credit Card,Noida,Uttar Pradesh
O01271,C2251,2025-06-16,Returned,Debit Card,Bengaluru,Karnataka
O01272,C3093,2025-10-28,Completed,COD,Nagpur,Maharashtra
O01273,C2160,2025-04-01,Completed,Net Banking,Indore,Madhya Pradesh
O01274,C2429,2023-03-29,Completed,UPI,Kolkata,West Bengal
O01275,C4851,2024-06-08,Completed,Debit Card,Lucknow,Uttar Pradesh
O01276,C3002,2025-04-05,Completed,UPI,Surat,Gujarat
O01277,C4892,2024-07-28,Completed,UPI,Kochi,Kerala
O01278,C1995,2024-11-17,Cancelled,UPI,Bhopal,Madhya Pradesh
O01279,C1324,2025-09-01,Completed,COD,Patna,Bihar
O01280,C4318,2024-05-20,Completed,COD,Nagpur,Maharashtra
O01281,C1012,2023-03-15,Returned,UPI,Nagpur,Maharashtra
O01282,C4039,2025-03-16,Completed,COD,Delhi,Delhi
O01283,C0689,2024-08-03,Completed,UPI,Chandigarh,Chandigarh
O01284,C4069,2025-12-28,Completed,Credit Card,Bhubaneswar,Odisha
O01285,C4214,2023-08-11,Completed,Debit Card,Surat,Gujarat
O01286,C4270,2025-06-15,Completed,Credit Card,Indore,Madhya Pradesh
O01287,C1243,2024-01-21,Completed,UPI,Noida,Uttar Pradesh
O01288,C3448,2023-05-02,Completed,COD,Bhopal,Madhya Pradesh
O01289,C2045,2025-01-02,Completed,Credit Card,Mumbai,Maharashtra
O01290,C0441,2025-04-02,Completed,Net Banking,Jaipur,Rajasthan
O01291,C1225,2024-04-01,Completed,COD,Indore,Madhya Pradesh
O01292,C2463,2023-06-13,Completed,COD,Kochi,Kerala
O01293,C4179,2023-04-02,Cancelled,UPI,Kolkata,West Bengal
O01294,C2753,2023-12-02,Returned,Net Banking,Patna,Bihar
O01295,C1753,2024-08-08,Completed,COD,Bhubaneswar,Odisha
O01296,C4443,2025-07-23,Completed,UPI,Chandigarh,Chandigarh
O01297,C4630,2023-11-10,Completed,COD,Ahmedabad,Gujarat
O01298,C3003,2024-08-24,Completed,Debit Card,Hyderabad,Telangana
O01299,C4547,2025-09-20,Completed,Debit Card,Hyderabad,Telangana
O01300,C3217,2025-06-28,Completed,UPI,Kolkata,West Bengal
O01301,C3360,2024-07-14,Completed,UPI,Ahmedabad,Gujarat
O01302,C3943,2024-04-29,Returned,Debit Card,Lucknow,Uttar Pradesh
O01303,C3297,2024-10-17,Completed,UPI,Bengaluru,Karnataka
O01304,C4310,2024-09-18,Completed,UPI,Indore,Madhya Pradesh
O01305,C4015,2023-03-07,Completed,UPI,Surat,Gujarat
O01306,C0900,2023-07-20,Completed,COD,Gurugram,Haryana
O01307,C1190,2024-04-12,Completed,Credit Card,Ahmedabad,Gujarat
O01308,C0653,2024-03-09,Completed,Debit Card,Surat,Gujarat
O01309,C0983,2023-05-18,Completed,COD,Chennai,Tamil Nadu
O01310,C0576,2025-10-12,Completed,UPI,Ahmedabad,Gujarat
O01311,C0333,2025-12-11,Completed,UPI,Mumbai,Maharashtra
O01312,C4308,2025-03-12,Completed,UPI,Lucknow,Uttar Pradesh
O01313,C0289,2025-05-11,Completed,Net Banking,Kolkata,West Bengal
O01314,C2214,2023-05-16,Completed,Credit Card,Chennai,Tamil Nadu
O01315,C2174,2024-03-24,Cancelled,Credit Card,Nagpur,Maharashtra
O01316,C3834,2023-03-10,Completed,COD,Hyderabad,Telangana
O01317,C1056,2025-08-10,Completed,UPI,Noida,Uttar Pradesh
O01318,C4370,2025-03-23,Completed,Debit Card,Lucknow,Uttar Pradesh
O01319,C1325,2025-10-11,Completed,UPI,Mumbai,Maharashtra
O01320,C3596,2023-04-07,Completed,Credit Card,Bhopal,Madhya Pradesh
O01321,C3828,2024-01-12,Completed,UPI,Noida,Uttar Pradesh
O01322,C2663,2025-12-12,Cancelled,UPI,Bhubaneswar,Odisha
O01323,C2324,2023-01-09,Completed,UPI,Bhopal,Madhya Pradesh
O01324,C1883,2025-10-01,Completed,UPI,Lucknow,Uttar Pradesh
O01325,C3064,2023-11-27,Completed,COD,Bhopal,Madhya Pradesh
O01326,C1154,2023-09-08,Returned,UPI,Patna,Bihar
O01327,C3371,2023-12-26,Completed,Debit Card,Indore,Madhya Pradesh
O01328,C0097,2023-12-15,Completed,UPI,Mumbai,Maharashtra
O01329,C0277,2023-05-04,Completed,UPI,Delhi,Delhi
O01330,C2848,2024-09-25,Completed,Debit Card,Kochi,Kerala
O01331,C0332,2023-07-18,Cancelled,Debit Card,Indore,Madhya Pradesh
O01332,C2253,2025-04-08,Completed,UPI,Hyderabad,Telangana
O01333,C4199,2025-07-06,Completed,Debit Card,Bhubaneswar,Odisha
O01334,C3052,2023-01-30,Completed,UPI,Pune,Maharashtra
O01335,C3697,2024-08-18,Cancelled,UPI,Lucknow,Uttar Pradesh
O01336,C2408,2025-11-04,Completed,Debit Card,Hyderabad,Telangana
O01337,C3203,2024-10-16,Completed,Credit Card,Noida,Uttar Pradesh
O01338,C2087,2025-03-31,Cancelled,UPI,Mumbai,Maharashtra
O01339,C0307,2024-04-04,Completed,Credit Card,Mumbai,Maharashtra
O01340,C0884,2023-01-23,Completed,Credit Card,Ahmedabad,Gujarat
O01341,C4290,2023-11-22,Completed,Debit Card,Ahmedabad,Gujarat
O01342,C3590,2025-05-26,Completed,UPI,Kolkata,West Bengal
O01343,C3642,2024-11-15,Completed,COD,Delhi,Delhi
O01344,C4345,2023-09-20,Cancelled,UPI,Ahmedabad,Gujarat
O01345,C2163,2025-03-17,Completed,Credit Card,Chennai,Tamil Nadu
O01346,C3148,2024-03-08,Completed,Debit Card,Bengaluru,Karnataka
O01347,C2784,2024-07-13,Completed,UPI,Kolkata,West Bengal
O01348,C3142,2024-05-22,Returned,COD,Mumbai,Maharashtra
O01349,C4604,2023-02-18,Completed,Debit Card,Surat,Gujarat
O01350,C0155,2023-06-17,Completed,Credit Card,Gurugram,Haryana
O01351,C3631,2024-03-16,Returned,UPI,Nagpur,Maharashtra
O01352,C0461,2024-08-16,Cancelled,UPI,Bhopal,Madhya Pradesh
O01353,C1397,2023-08-16,Completed,COD,Jaipur,Rajasthan
O01354,C0791,2023-08-02,Completed,UPI,Hyderabad,Telangana
O01355,C3710,2025-05-29,Completed,UPI,Gurugram,Haryana
O01356,C1868,2024-08-30,Completed,UPI,Gurugram,Haryana
O01357,C1689,2025-01-19,Completed,UPI,Ahmedabad,Gujarat
O01358,C0577,2025-11-07,Completed,UPI,Kolkata,West Bengal
O01359,C3765,2024-04-11,Completed,COD,Lucknow,Uttar Pradesh
O01360,C2544,2023-12-10,Completed,COD,Kochi,Kerala
O01361,C0362,2023-11-20,Cancelled,COD,Nagpur,Maharashtra
O01362,C0457,2025-12-19,Completed,COD,Noida,Uttar Pradesh
O01363,C3250,2025-05-11,Completed,UPI,Nagpur,Maharashtra
O01364,C4225,2025-12-08,Completed,Net Banking,Surat,Gujarat
O01365,C3562,2024-11-08,Cancelled,UPI,Pune,Maharashtra
O01366,C3111,2024-11-10,Completed,UPI,Bhopal,Madhya Pradesh
O01367,C3530,2025-04-27,Completed,UPI,Delhi,Delhi
O01368,C4908,2024-07-29,Returned,Credit Card,Bhubaneswar,Odisha
O01369,C4969,2024-06-28,Completed,UPI,Delhi,Delhi
O01370,C0350,2023-02-27,Completed,Debit Card,Kolkata,West Bengal
O01371,C2693,2023-03-05,Completed,UPI,Noida,Uttar Pradesh
O01372,C4548,2025-06-17,Completed,Credit Card,Nagpur,Maharashtra
O01373,C4084,2023-05-05,Completed,Debit Card,Hyderabad,Telangana
O01374,C0109,2023-03-02,Returned,COD,Kochi,Kerala
O01375,C1232,2024-01-15,Completed,COD,Indore,Madhya Pradesh
O01376,C0577,2025-09-04,Completed,Credit Card,Kolkata,West Bengal
O01377,C0241,2023-03-07,Completed,Net Banking,Hyderabad,Telangana
O01378,C2639,2025-03-08,Completed,Credit Card,Bhopal,Madhya Pradesh
O01379,C2042,2025-01-24,Completed,Credit Card,Chandigarh,Chandigarh
O01380,C0371,2024-09-23,Completed,UPI,Surat,Gujarat
O01381,C2153,2025-08-15,Completed,UPI,Pune,Maharashtra
O01382,C0098,2023-08-15,Cancelled,UPI,Delhi,Delhi
O01383,C4192,2023-07-11,Completed,Credit Card,Chandigarh,Chandigarh
O01384,C1949,2025-01-21,Completed,Credit Card,Mumbai,Maharashtra
O01385,C1496,2025-08-13,Completed,Credit Card,Indore,Madhya Pradesh
O01386,C2094,2023-04-09,Completed,UPI,Kochi,Kerala
O01387,C2938,2023-12-10,Completed,Credit Card,Patna,Bihar
O01388,C2079,2023-08-31,Completed,UPI,Mumbai,Maharashtra
O01389,C2456,2023-01-20,Completed,Debit Card,Bhopal,Madhya Pradesh
O01390,C3447,2023-12-25,Cancelled,Credit Card,Surat,Gujarat
O01391,C1406,2024-03-08,Completed,Credit Card,Patna,Bihar
O01392,C4812,2025-09-26,Cancelled,UPI,Lucknow,Uttar Pradesh
O01393,C2692,2024-09-02,Completed,UPI,Indore,Madhya Pradesh
O01394,C2746,2024-05-01,Completed,UPI,Kochi,Kerala
O01395,C0973,2023-11-26,Cancelled,UPI,Lucknow,Uttar Pradesh
O01396,C2749,2023-07-04,Completed,UPI,Nagpur,Maharashtra
O01397,C1513,2023-12-01,Completed,UPI,Pune,Maharashtra
O01398,C2924,2024-05-20,Completed,UPI,Noida,Uttar Pradesh
O01399,C0809,2024-04-07,Completed,Debit Card,Mumbai,Maharashtra
O01400,C4695,2025-09-21,Completed,UPI,Chandigarh,Chandigarh
O01401,C4231,2023-01-03,Completed,Debit Card,Chennai,Tamil Nadu
O01402,C0328,2024-10-30,Completed,Debit Card,Surat,Gujarat
O01403,C4295,2023-06-24,Completed,Credit Card,Surat,Gujarat
O01404,C0683,2025-09-26,Completed,Credit Card,Nagpur,Maharashtra
O01405,C3332,2023-10-25,Returned,Credit Card,Bhubaneswar,Odisha
O01406,C0124,2023-04-28,Completed,UPI,Hyderabad,Telangana
O01407,C0754,2025-02-27,Completed,UPI,Lucknow,Uttar Pradesh
O01408,C1607,2024-10-03,Completed,Debit Card,Bhopal,Madhya Pradesh
O01409,C3579,2023-07-25,Completed,Debit Card,Nagpur,Maharashtra
O01410,C4667,2025-11-24,Completed,Credit Card,Delhi,Delhi
O01411,C1469,2023-01-30,Completed,COD,Hyderabad,Telangana
O01412,C2846,2025-07-30,Completed,Credit Card,Patna,Bihar
O01413,C2939,2025-04-02,Completed,UPI,Surat,Gujarat
O01414,C1927,2023-09-14,Completed,Debit Card,Hyderabad,Telangana
O01415,C2428,2023-07-01,Completed,Net Banking,Chandigarh,Chandigarh
O01416,C0165,2023-07-27,Completed,Debit Card,Pune,Maharashtra
O01417,C1510,2025-05-28,Completed,COD,Kochi,Kerala
O01418,C4711,2023-12-08,Completed,UPI,Kochi,Kerala
O01419,C4093,2024-01-13,Completed,UPI,Indore,Madhya Pradesh
O01420,C2811,2024-02-15,Completed,UPI,Bengaluru,Karnataka
O01421,C1201,2024-01-18,Completed,Debit Card,Mumbai,Maharashtra
O01422,C3282,2025-04-16,Completed,Credit Card,Jaipur,Rajasthan
O01423,C0619,2024-07-24,Completed,Credit Card,Kolkata,West Bengal
O01424,C2713,2024-01-04,Completed,UPI,Kochi,Kerala
O01425,C4955,2023-10-07,Returned,Debit Card,Lucknow,Uttar Pradesh
O01426,C3724,2023-03-13,Completed,COD,Delhi,Delhi
O01427,C1687,2024-09-14,Completed,UPI,Chennai,Tamil Nadu
O01428,C1607,2024-05-19,Completed,UPI,Bhopal,Madhya Pradesh
O01429,C4733,2025-08-07,Completed,UPI,Patna,Bihar
O01430,C3933,2023-04-16,Completed,UPI,Bhopal,Madhya Pradesh
O01431,C3893,2023-06-08,Returned,Credit Card,Kolkata,West Bengal
O01432,C3804,2023-01-14,Completed,Debit Card,Hyderabad,Telangana
O01433,C4311,2023-01-05,Completed,COD,Ahmedabad,Gujarat
O01434,C1354,2025-10-15,Completed,UPI,Jaipur,Rajasthan
O01435,C4240,2023-07-30,Completed,UPI,Kochi,Kerala
O01436,C0619,2023-11-23,Completed,UPI,Kolkata,West Bengal
O01437,C0354,2025-05-07,Completed,UPI,Bengaluru,Karnataka
O01438,C0281,2024-04-10,Returned,UPI,Surat,Gujarat
O01439,C3378,2025-01-15,Completed,UPI,Noida,Uttar Pradesh
O01440,C4933,2023-06-26,Completed,Credit Card,Bhubaneswar,Odisha
O01441,C3551,2023-05-12,Returned,Credit Card,Lucknow,Uttar Pradesh
O01442,C1960,2025-02-15,Cancelled,Debit Card,Kochi,Kerala
O01443,C0390,2024-02-20,Completed,UPI,Bhopal,Madhya Pradesh
O01444,C3868,2023-12-10,Completed,COD,Gurugram,Haryana
O01445,C4361,2024-04-29,Completed,UPI,Lucknow,Uttar Pradesh
O01446,C2054,2024-07-31,Completed,Credit Card,Bengaluru,Karnataka
O01447,C0168,2023-12-11,Completed,Debit Card,Nagpur,Maharashtra
O01448,C4946,2024-04-19,Returned,UPI,Bhopal,Madhya Pradesh
O01449,C2167,2024-06-08,Completed,Debit Card,Chandigarh,Chandigarh
O01450,C4270,2023-02-15,Completed,COD,Indore,Madhya Pradesh
O01451,C3007,2025-09-07,Completed,UPI,Nagpur,Maharashtra
O01452,C0187,2023-01-23,Completed,Credit Card,Bhubaneswar,Odisha
O01453,C4047,2023-03-08,Cancelled,UPI,Kochi,Kerala
O01454,C2941,2024-09-17,Completed,UPI,Delhi,Delhi
O01455,C1298,2023-07-25,Completed,UPI,Delhi,Delhi
O01456,C2646,2023-09-15,Completed,Debit Card,Delhi,Delhi
O01457,C1217,2024-06-29,Returned,UPI,Surat,Gujarat
O01458,C4628,2025-03-18,Completed,UPI,Noida,Uttar Pradesh
O01459,C3000,2023-09-10,Cancelled,UPI,Nagpur,Maharashtra
O01460,C1206,2023-06-02,Completed,UPI,Nagpur,Maharashtra
O01461,C0228,2023-03-18,Completed,UPI,Jaipur,Rajasthan
O01462,C2614,2024-12-03,Completed,Debit Card,Surat,Gujarat
O01463,C4710,2024-06-23,Completed,Net Banking,Nagpur,Maharashtra
O01464,C2137,2024-12-25,Completed,Credit Card,Hyderabad,Telangana
O01465,C3732,2024-01-04,Completed,Debit Card,Gurugram,Haryana
O01466,C0250,2024-07-21,Returned,COD,Noida,Uttar Pradesh
O01467,C2273,2024-09-15,Completed,Credit Card,Jaipur,Rajasthan
O01468,C2951,2023-06-04,Completed,UPI,Bhubaneswar,Odisha
O01469,C3019,2025-03-04,Cancelled,Net Banking,Bhopal,Madhya Pradesh
O01470,C4769,2023-09-28,Completed,COD,Lucknow,Uttar Pradesh
O01471,C2216,2024-07-15,Completed,UPI,Chandigarh,Chandigarh
O01472,C2158,2025-12-27,Completed,Debit Card,Mumbai,Maharashtra
O01473,C1797,2023-05-12,Completed,Debit Card,Chandigarh,Chandigarh
O01474,C3245,2025-04-24,Returned,Debit Card,Chandigarh,Chandigarh
O01475,C0297,2023-09-22,Cancelled,COD,Bhubaneswar,Odisha
O01476,C1928,2023-08-08,Cancelled,Debit Card,Lucknow,Uttar Pradesh
O01477,C2257,2025-06-17,Cancelled,Credit Card,Jaipur,Rajasthan
O01478,C1458,2025-07-25,Completed,COD,Pune,Maharashtra
O01479,C3547,2025-09-15,Completed,UPI,Ahmedabad,Gujarat
O01480,C3128,2023-10-16,Completed,Debit Card,Delhi,Delhi
O01481,C2309,2025-01-20,Returned,Debit Card,Patna,Bihar
O01482,C3665,2023-11-16,Completed,COD,Hyderabad,Telangana
O01483,C1590,2023-11-14,Completed,Net Banking,Ahmedabad,Gujarat
O01484,C0096,2024-05-01,Completed,Credit Card,Bhopal,Madhya Pradesh
O01485,C3933,2024-08-10,Completed,Credit Card,Bhopal,Madhya Pradesh
O01486,C1360,2023-02-08,Completed,Debit Card,Lucknow,Uttar Pradesh
O01487,C1740,2025-07-31,Completed,Debit Card,Bhopal,Madhya Pradesh
O01488,C3795,2023-04-15,Completed,Debit Card,Hyderabad,Telangana
O01489,C1353,2024-05-21,Completed,UPI,Patna,Bihar
O01490,C4925,2024-07-23,Completed,Credit Card,Indore,Madhya Pradesh
O01491,C1543,2023-11-25,Completed,UPI,Kolkata,West Bengal
O01492,C2668,2025-09-10,Returned,UPI,Ahmedabad,Gujarat
O01493,C0831,2023-11-04,Completed,Debit Card,Hyderabad,Telangana
O01494,C1606,2023-08-10,Completed,COD,Noida,Uttar Pradesh
O01495,C4646,2024-10-17,Cancelled,Net Banking,Surat,Gujarat
O01496,C2748,2025-11-16,Completed,Credit Card,Surat,Gujarat
O01497,C3811,2024-11-03,Completed,COD,Pune,Maharashtra
O01498,C4659,2023-05-31,Completed,Debit Card,Indore,Madhya Pradesh
O01499,C0222,2023-06-22,Completed,UPI,Mumbai,Maharashtra
O01500,C3952,2024-12-23,Completed,UPI,Bengaluru,Karnataka
O01501,C0531,2025-09-05,Completed,Debit Card,Gurugram,Haryana
O01502,C4127,2025-11-11,Completed,UPI,Mumbai,Maharashtra
O01503,C1382,2025-03-20,Cancelled,Credit Card,Chandigarh,Chandigarh
O01504,C4118,2025-05-26,Completed,Credit Card,Bhopal,Madhya Pradesh
O01505,C0754,2024-09-12,Returned,COD,Lucknow,Uttar Pradesh
O01506,C4310,2023-02-16,Completed,Debit Card,Indore,Madhya Pradesh
O01507,C4808,2025-06-08,Completed,COD,Bhubaneswar,Odisha
O01508,C1189,2025-04-19,Completed,Debit Card,Patna,Bihar
O01509,C0409,2024-07-23,Cancelled,Net Banking,Surat,Gujarat
O01510,C2486,2024-06-21,Completed,COD,Bhubaneswar,Odisha
O01511,C0797,2023-02-13,Completed,UPI,Chennai,Tamil Nadu
O01512,C0861,2024-08-19,Completed,Net Banking,Patna,Bihar
O01513,C4172,2023-01-22,Completed,UPI,Surat,Gujarat
O01514,C0366,2023-08-14,Completed,Debit Card,Bhopal,Madhya Pradesh
O01515,C1515,2024-07-02,Completed,Net Banking,Bhopal,Madhya Pradesh
O01516,C4937,2024-01-09,Completed,UPI,Jaipur,Rajasthan
O01517,C2935,2024-09-04,Completed,COD,Indore,Madhya Pradesh
O01518,C1584,2024-10-15,Completed,Net Banking,Kolkata,West Bengal
O01519,C0499,2025-10-24,Cancelled,COD,Patna,Bihar
O01520,C3242,2023-01-24,Completed,COD,Lucknow,Uttar Pradesh
O01521,C1370,2025-04-12,Completed,UPI,Chennai,Tamil Nadu
O01522,C1252,2024-06-22,Completed,Credit Card,Bengaluru,Karnataka
O01523,C0699,2024-01-07,Completed,COD,Ahmedabad,Gujarat
O01524,C2728,2025-07-01,Completed,UPI,Kolkata,West Bengal
O01525,C2251,2025-12-28,Completed,COD,Bengaluru,Karnataka
O01526,C2494,2025-01-27,Completed,UPI,Noida,Uttar Pradesh
O01527,C0132,2025-02-24,Completed,Credit Card,Pune,Maharashtra
O01528,C0091,2025-10-10,Completed,UPI,Pune,Maharashtra
O01529,C3895,2023-02-09,Completed,UPI,Hyderabad,Telangana
O01530,C3198,2025-11-28,Completed,Credit Card,Ahmedabad,Gujarat
O01531,C0472,2025-12-15,Completed,Debit Card,Nagpur,Maharashtra
O01532,C1266,2025-06-03,Returned,UPI,Lucknow,Uttar Pradesh
O01533,C4598,2025-01-14,Completed,UPI,Indore,Madhya Pradesh
O01534,C2809,2024-07-19,Completed,Credit Card,Chandigarh,Chandigarh
O01535,C4483,2023-10-29,Completed,COD,Bhubaneswar,Odisha
O01536,C1112,2025-08-19,Completed,UPI,Kochi,Kerala
O01537,C0598,2025-07-22,Completed,Debit Card,Chennai,Tamil Nadu
O01538,C0908,2024-07-08,Completed,Credit Card,Ahmedabad,Gujarat
O01539,C2915,2023-01-04,Completed,Net Banking,Bengaluru,Karnataka
O01540,C3217,2025-05-30,Completed,UPI,Kolkata,West Bengal
O01541,C1355,2024-02-14,Returned,UPI,Bengaluru,Karnataka
O01542,C3947,2023-09-22,Completed,UPI,Nagpur,Maharashtra
O01543,C3236,2023-01-15,Completed,COD,Surat,Gujarat
O01544,C2705,2023-03-29,Cancelled,Net Banking,Kochi,Kerala
O01545,C2390,2023-04-09,Completed,COD,Bhopal,Madhya Pradesh
O01546,C4076,2025-10-04,Returned,Debit Card,Indore,Madhya Pradesh
O01547,C3651,2023-08-05,Completed,UPI,Kolkata,West Bengal
O01548,C0464,2024-02-14,Completed,UPI,Bengaluru,Karnataka
O01549,C3939,2023-07-10,Completed,Net Banking,Hyderabad,Telangana
O01550,C1073,2024-09-08,Completed,Debit Card,Patna,Bihar
O01551,C0474,2025-11-16,Completed,Credit Card,Bhopal,Madhya Pradesh
O01552,C4984,2024-08-17,Completed,Debit Card,Lucknow,Uttar Pradesh
O01553,C0939,2023-08-18,Completed,UPI,Chandigarh,Chandigarh
O01554,C1311,2025-03-10,Cancelled,COD,Kochi,Kerala
O01555,C2341,2024-06-13,Completed,Debit Card,Jaipur,Rajasthan
O01556,C3521,2023-03-12,Completed,Credit Card,Delhi,Delhi
O01557,C4057,2023-04-27,Returned,Credit Card,Ahmedabad,Gujarat
O01558,C1087,2023-04-10,Completed,COD,Gurugram,Haryana
O01559,C4664,2024-08-22,Completed,UPI,Ahmedabad,Gujarat
O01560,C3530,2025-05-09,Completed,UPI,Delhi,Delhi
O01561,C4970,2023-10-22,Completed,UPI,Patna,Bihar
O01562,C0260,2025-10-01,Cancelled,UPI,Surat,Gujarat
O01563,C1657,2024-09-25,Completed,Credit Card,Chandigarh,Chandigarh
O01564,C2956,2023-02-26,Completed,Debit Card,Patna,Bihar
O01565,C4280,2025-11-02,Cancelled,Net Banking,Nagpur,Maharashtra
O01566,C3120,2023-07-12,Completed,Debit Card,Nagpur,Maharashtra
O01567,C0592,2025-09-20,Completed,Credit Card,Chandigarh,Chandigarh
O01568,C1433,2025-11-12,Completed,COD,Pune,Maharashtra
O01569,C2488,2023-01-30,Completed,COD,Surat,Gujarat
O01570,C0229,2023-11-06,Completed,Debit Card,Jaipur,Rajasthan
O01571,C2780,2024-07-25,Completed,UPI,Gurugram,Haryana
O01572,C1369,2023-03-07,Completed,UPI,Ahmedabad,Gujarat
O01573,C1625,2023-06-15,Completed,UPI,Bengaluru,Karnataka
O01574,C3980,2024-07-17,Completed,Net Banking,Lucknow,Uttar Pradesh
O01575,C0740,2023-06-29,Completed,Credit Card,Gurugram,Haryana
O01576,C3175,2024-06-27,Completed,COD,Pune,Maharashtra
O01577,C2648,2024-12-26,Completed,COD,Bhubaneswar,Odisha
O01578,C2071,2025-02-15,Completed,Debit Card,Bengaluru,Karnataka
O01579,C4572,2025-11-06,Completed,UPI,Kolkata,West Bengal
O01580,C4994,2023-05-06,Completed,UPI,Bengaluru,Karnataka
O01581,C2035,2023-03-23,Cancelled,COD,Kolkata,West Bengal
O01582,C4381,2025-11-29,Completed,Debit Card,Lucknow,Uttar Pradesh
O01583,C1186,2025-08-28,Cancelled,Credit Card,Ahmedabad,Gujarat
O01584,C0590,2024-03-13,Completed,UPI,Chandigarh,Chandigarh
O01585,C4218,2025-08-25,Completed,UPI,Hyderabad,Telangana
O01586,C1136,2024-06-13,Completed,UPI,Kolkata,West Bengal
O01587,C3421,2025-07-22,Completed,Credit Card,Kolkata,West Bengal
O01588,C2559,2025-01-03,Completed,Credit Card,Lucknow,Uttar Pradesh
O01589,C0002,2024-07-10,Completed,Net Banking,Bhubaneswar,Odisha
O01590,C0892,2023-08-29,Completed,Net Banking,Delhi,Delhi
O01591,C4895,2023-11-30,Completed,Credit Card,Chandigarh,Chandigarh
O01592,C4725,2023-02-17,Cancelled,COD,Bhubaneswar,Odisha
O01593,C4557,2024-04-07,Completed,COD,Gurugram,Haryana
O01594,C3000,2023-11-13,Completed,Debit Card,Nagpur,Maharashtra
O01595,C3554,2023-01-02,Returned,Credit Card,Noida,Uttar Pradesh
O01596,C3658,2024-01-07,Completed,Credit Card,Surat,Gujarat
O01597,C0972,2025-10-30,Completed,UPI,Ahmedabad,Gujarat
O01598,C4150,2024-08-10,Cancelled,Net Banking,Hyderabad,Telangana
O01599,C3743,2024-02-27,Completed,COD,Kochi,Kerala
O01600,C4205,2025-04-12,Completed,UPI,Kolkata,West Bengal
O01601,C0280,2025-08-19,Cancelled,UPI,Chennai,Tamil Nadu
O01602,C1699,2024-12-27,Completed,Credit Card,Lucknow,Uttar Pradesh
O01603,C2888,2024-04-20,Completed,Credit Card,Jaipur,Rajasthan
O01604,C2885,2023-09-02,Completed,UPI,Bhopal,Madhya Pradesh
O01605,C3286,2024-11-22,Completed,COD,Delhi,Delhi
O01606,C3580,2024-05-02,Completed,UPI,Bhubaneswar,Odisha
O01607,C2252,2025-05-02,Completed,UPI,Nagpur,Maharashtra
O01608,C4641,2025-01-22,Completed,Net Banking,Chennai,Tamil Nadu
O01609,C2357,2025-07-16,Completed,COD,Hyderabad,Telangana
O01610,C4624,2025-10-25,Returned,Credit Card,Surat,Gujarat
O01611,C1932,2023-08-05,Completed,Net Banking,Indore,Madhya Pradesh
O01612,C3415,2025-08-16,Completed,COD,Kolkata,West Bengal
O01613,C1009,2023-11-06,Completed,UPI,Bhubaneswar,Odisha
O01614,C4713,2023-02-07,Completed,UPI,Chandigarh,Chandigarh
O01615,C2079,2025-06-23,Completed,Credit Card,Mumbai,Maharashtra
O01616,C4196,2025-12-20,Cancelled,Net Banking,Chandigarh,Chandigarh
O01617,C2715,2023-08-21,Completed,COD,Bengaluru,Karnataka
O01618,C1339,2024-05-27,Completed,UPI,Bengaluru,Karnataka
O01619,C4591,2023-05-30,Completed,Credit Card,Surat,Gujarat
O01620,C3690,2023-08-03,Completed,Debit Card,Chandigarh,Chandigarh
O01621,C0742,2024-02-03,Completed,UPI,Bengaluru,Karnataka
O01622,C0734,2025-10-26,Completed,Debit Card,Indore,Madhya Pradesh
O01623,C1807,2023-07-08,Completed,UPI,Kolkata,West Bengal
O01624,C2379,2024-10-21,Completed,UPI,Surat,Gujarat
O01625,C3266,2023-01-28,Completed,Credit Card,Indore,Madhya Pradesh
O01626,C1754,2024-11-07,Completed,Net Banking,Chandigarh,Chandigarh
O01627,C1025,2023-05-15,Completed,COD,Delhi,Delhi
O01628,C1483,2023-11-01,Completed,COD,Bengaluru,Karnataka
O01629,C2566,2024-05-09,Completed,COD,Patna,Bihar
O01630,C3555,2024-12-24,Completed,UPI,Bhubaneswar,Odisha
O01631,C1780,2025-05-09,Completed,COD,Kochi,Kerala
O01632,C3717,2024-01-26,Completed,UPI,Nagpur,Maharashtra
O01633,C4819,2025-11-04,Completed,COD,Nagpur,Maharashtra
O01634,C2117,2024-08-21,Completed,Credit Card,Gurugram,Haryana
O01635,C4567,2025-07-07,Completed,UPI,Bhopal,Madhya Pradesh
O01636,C2540,2025-06-10,Completed,Credit Card,Nagpur,Maharashtra
O01637,C2966,2023-08-11,Completed,Credit Card,Bhubaneswar,Odisha
O01638,C2761,2025-04-07,Completed,Debit Card,Bhopal,Madhya Pradesh
O01639,C2455,2023-09-23,Completed,Debit Card,Kochi,Kerala
O01640,C3755,2023-09-10,Completed,COD,Jaipur,Rajasthan
O01641,C1946,2023-07-18,Completed,Credit Card,Jaipur,Rajasthan
O01642,C3369,2025-12-15,Completed,Debit Card,Mumbai,Maharashtra
O01643,C2630,2025-07-16,Returned,COD,Bhubaneswar,Odisha
O01644,C0529,2024-02-11,Completed,UPI,Hyderabad,Telangana
O01645,C4233,2024-04-30,Completed,UPI,Bhopal,Madhya Pradesh
O01646,C1472,2025-05-02,Cancelled,COD,Chandigarh,Chandigarh
O01647,C2036,2023-12-29,Completed,Debit Card,Bhubaneswar,Odisha
O01648,C4035,2023-07-31,Completed,Credit Card,Indore,Madhya Pradesh
O01649,C1368,2024-12-01,Returned,UPI,Kolkata,West Bengal
O01650,C1720,2025-05-26,Completed,UPI,Indore,Madhya Pradesh
O01651,C1042,2024-09-05,Completed,UPI,Noida,Uttar Pradesh
O01652,C3488,2025-07-04,Completed,UPI,Mumbai,Maharashtra
O01653,C0560,2023-05-23,Completed,UPI,Bengaluru,Karnataka
O01654,C1565,2025-12-29,Completed,UPI,Delhi,Delhi
O01655,C3225,2025-08-15,Completed,UPI,Mumbai,Maharashtra
O01656,C1801,2025-05-14,Completed,COD,Patna,Bihar
O01657,C3271,2023-03-01,Completed,UPI,Bhopal,Madhya Pradesh
O01658,C1812,2024-06-05,Completed,Credit Card,Chandigarh,Chandigarh
O01659,C3082,2023-11-05,Completed,UPI,Indore,Madhya Pradesh
O01660,C4263,2023-12-07,Completed,Credit Card,Kochi,Kerala
O01661,C0147,2025-06-18,Completed,UPI,Jaipur,Rajasthan
O01662,C3829,2025-01-31,Completed,UPI,Noida,Uttar Pradesh
O01663,C4541,2023-08-28,Completed,Net Banking,Kolkata,West Bengal
O01664,C2118,2023-08-13,Completed,Credit Card,Chennai,Tamil Nadu
O01665,C2664,2023-10-06,Cancelled,Credit Card,Surat,Gujarat
O01666,C0319,2024-03-04,Completed,UPI,Noida,Uttar Pradesh
O01667,C3970,2024-02-06,Completed,Credit Card,Nagpur,Maharashtra
O01668,C4132,2023-02-15,Completed,Debit Card,Indore,Madhya Pradesh
O01669,C0255,2024-05-28,Completed,UPI,Hyderabad,Telangana
O01670,C1337,2025-10-20,Cancelled,Credit Card,Nagpur,Maharashtra
O01671,C0335,2023-10-31,Completed,UPI,Gurugram,Haryana
O01672,C3092,2023-06-01,Completed,Credit Card,Nagpur,Maharashtra
O01673,C4394,2023-12-17,Completed,COD,Bhopal,Madhya Pradesh
O01674,C1045,2024-12-05,Completed,UPI,Hyderabad,Telangana
O01675,C4574,2023-04-02,Completed,Credit Card,Jaipur,Rajasthan
O01676,C1792,2023-04-16,Completed,Credit Card,Kolkata,West Bengal
O01677,C2520,2025-01-10,Completed,UPI,Mumbai,Maharashtra
O01678,C0962,2023-05-12,Completed,Net Banking,Indore,Madhya Pradesh
O01679,C3750,2025-02-07,Completed,UPI,Lucknow,Uttar Pradesh
O01680,C4566,2024-04-02,Cancelled,Credit Card,Delhi,Delhi
O01681,C2815,2025-06-17,Completed,UPI,Surat,Gujarat
O01682,C0590,2025-11-10,Completed,UPI,Chandigarh,Chandigarh
O01683,C1989,2023-09-06,Completed,Credit Card,Noida,Uttar Pradesh
O01684,C2840,2023-07-11,Completed,Debit Card,Jaipur,Rajasthan
O01685,C3866,2024-08-07,Cancelled,COD,Noida,Uttar Pradesh
O01686,C2434,2023-06-17,Completed,Debit Card,Lucknow,Uttar Pradesh
O01687,C2990,2023-06-20,Completed,Credit Card,Chennai,Tamil Nadu
O01688,C3949,2024-06-19,Completed,COD,Kolkata,West Bengal
O01689,C4542,2024-02-12,Completed,Credit Card,Mumbai,Maharashtra
O01690,C1961,2024-05-15,Completed,Net Banking,Gurugram,Haryana
O01691,C4195,2023-04-09,Completed,Credit Card,Surat,Gujarat
O01692,C0655,2025-04-15,Completed,UPI,Indore,Madhya Pradesh
O01693,C1079,2025-12-16,Completed,Credit Card,Surat,Gujarat
O01694,C3075,2023-09-04,Completed,Credit Card,Noida,Uttar Pradesh
O01695,C1356,2024-11-14,Cancelled,UPI,Jaipur,Rajasthan
O01696,C1459,2024-12-13,Completed,UPI,Patna,Bihar
O01697,C3283,2023-04-17,Completed,Credit Card,Jaipur,Rajasthan
O01698,C4913,2025-12-07,Completed,COD,Surat,Gujarat
O01699,C4757,2025-04-24,Completed,UPI,Jaipur,Rajasthan
O01700,C4696,2023-02-15,Cancelled,UPI,Nagpur,Maharashtra
O01701,C0920,2024-01-31,Completed,Debit Card,Delhi,Delhi
O01702,C1747,2025-12-19,Completed,UPI,Pune,Maharashtra
O01703,C1759,2024-09-07,Completed,COD,Ahmedabad,Gujarat
O01704,C1832,2025-08-07,Completed,Debit Card,Bengaluru,Karnataka
O01705,C1172,2024-11-04,Completed,Credit Card,Indore,Madhya Pradesh
O01706,C3279,2023-08-25,Completed,UPI,Hyderabad,Telangana
O01707,C0360,2024-09-20,Completed,UPI,Lucknow,Uttar Pradesh
O01708,C3811,2023-06-19,Completed,UPI,Pune,Maharashtra
O01709,C1441,2025-03-31,Completed,COD,Hyderabad,Telangana
O01710,C2920,2024-01-27,Completed,Net Banking,Chennai,Tamil Nadu
O01711,C1720,2024-05-15,Completed,Debit Card,Indore,Madhya Pradesh
O01712,C3254,2023-06-23,Completed,Credit Card,Bhubaneswar,Odisha
O01713,C0556,2024-08-15,Completed,Net Banking,Surat,Gujarat
O01714,C1234,2023-06-21,Completed,COD,Jaipur,Rajasthan
O01715,C3921,2025-08-15,Completed,Debit Card,Noida,Uttar Pradesh
O01716,C4040,2024-11-06,Completed,UPI,Surat,Gujarat
O01717,C2298,2025-03-19,Completed,UPI,Patna,Bihar
O01718,C1536,2024-09-14,Cancelled,UPI,Noida,Uttar Pradesh
O01719,C4059,2024-12-19,Completed,UPI,Gurugram,Haryana
O01720,C3303,2023-12-04,Completed,Credit Card,Hyderabad,Telangana
O01721,C0910,2025-12-29,Completed,Net Banking,Bhubaneswar,Odisha
O01722,C1962,2025-07-25,Completed,Debit Card,Hyderabad,Telangana
O01723,C0012,2024-01-13,Completed,Debit Card,Bengaluru,Karnataka
O01724,C0980,2025-11-01,Returned,Credit Card,Patna,Bihar
O01725,C0273,2024-02-22,Completed,UPI,Chandigarh,Chandigarh
O01726,C4584,2023-11-27,Completed,UPI,Bhubaneswar,Odisha
O01727,C1998,2025-09-09,Completed,Credit Card,Nagpur,Maharashtra
O01728,C4634,2023-10-07,Completed,UPI,Lucknow,Uttar Pradesh
O01729,C1689,2025-05-30,Completed,Credit Card,Ahmedabad,Gujarat
O01730,C1596,2024-03-22,Completed,UPI,Patna,Bihar
O01731,C3243,2025-04-10,Completed,UPI,Indore,Madhya Pradesh
O01732,C4684,2025-01-04,Completed,UPI,Nagpur,Maharashtra
O01733,C1716,2025-11-17,Cancelled,UPI,Chennai,Tamil Nadu
O01734,C4339,2023-07-12,Completed,COD,Ahmedabad,Gujarat
O01735,C1202,2025-03-23,Completed,Debit Card,Bhopal,Madhya Pradesh
O01736,C2846,2025-08-19,Completed,Credit Card,Patna,Bihar
O01737,C0257,2024-02-28,Completed,Credit Card,Hyderabad,Telangana
O01738,C0310,2024-12-06,Completed,Debit Card,Nagpur,Maharashtra
O01739,C2564,2023-04-01,Cancelled,Debit Card,Bhubaneswar,Odisha
O01740,C3418,2024-10-09,Completed,Net Banking,Kochi,Kerala
O01741,C1089,2025-03-05,Completed,UPI,Noida,Uttar Pradesh
O01742,C4732,2025-01-10,Returned,COD,Pune,Maharashtra
O01743,C4893,2023-05-25,Completed,Net Banking,Lucknow,Uttar Pradesh
O01744,C1177,2024-03-27,Completed,UPI,Patna,Bihar
O01745,C3098,2023-08-30,Completed,UPI,Kolkata,West Bengal
O01746,C3231,2025-11-20,Returned,Credit Card,Gurugram,Haryana
O01747,C1725,2025-02-11,Completed,COD,Noida,Uttar Pradesh
O01748,C2629,2025-12-19,Completed,UPI,Jaipur,Rajasthan
O01749,C4175,2024-04-20,Completed,Credit Card,Ahmedabad,Gujarat
O01750,C3300,2023-04-11,Completed,COD,Bhopal,Madhya Pradesh
O01751,C1351,2025-03-20,Completed,UPI,Chennai,Tamil Nadu
O01752,C0620,2025-03-01,Completed,UPI,Nagpur,Maharashtra
O01753,C2549,2024-09-24,Completed,Net Banking,Bhubaneswar,Odisha
O01754,C1379,2025-05-26,Completed,COD,Nagpur,Maharashtra
O01755,C4059,2024-08-11,Completed,Debit Card,Gurugram,Haryana
O01756,C0978,2023-09-30,Completed,Credit Card,Ahmedabad,Gujarat
O01757,C1538,2025-05-31,Completed,COD,Indore,Madhya Pradesh
O01758,C3773,2023-02-27,Returned,Net Banking,Pune,Maharashtra
O01759,C3579,2025-01-28,Cancelled,Debit Card,Nagpur,Maharashtra
O01760,C2534,2025-09-09,Completed,Credit Card,Indore,Madhya Pradesh
O01761,C0478,2025-08-02,Completed,Credit Card,Jaipur,Rajasthan
O01762,C3655,2024-01-22,Completed,UPI,Nagpur,Maharashtra
O01763,C1895,2023-02-14,Completed,UPI,Chandigarh,Chandigarh
O01764,C2381,2023-10-18,Completed,COD,Hyderabad,Telangana
O01765,C1633,2025-03-25,Returned,UPI,Nagpur,Maharashtra
O01766,C2041,2023-08-28,Completed,UPI,Noida,Uttar Pradesh
O01767,C1566,2023-10-03,Completed,Credit Card,Chandigarh,Chandigarh
O01768,C4126,2024-02-22,Completed,UPI,Chandigarh,Chandigarh
O01769,C4823,2023-07-26,Cancelled,UPI,Gurugram,Haryana
O01770,C4269,2023-12-31,Completed,Credit Card,Patna,Bihar
O01771,C2840,2025-04-12,Completed,Credit Card,Jaipur,Rajasthan
O01772,C0468,2024-07-21,Cancelled,UPI,Bhubaneswar,Odisha
O01773,C3548,2023-06-09,Completed,Credit Card,Chennai,Tamil Nadu
O01774,C1976,2023-04-06,Completed,UPI,Delhi,Delhi
O01775,C3389,2024-02-29,Returned,UPI,Patna,Bihar
O01776,C4221,2024-08-21,Completed,COD,Mumbai,Maharashtra
O01777,C2744,2023-09-25,Returned,UPI,Mumbai,Maharashtra
O01778,C2575,2023-02-13,Completed,Debit Card,Hyderabad,Telangana
O01779,C1420,2024-08-17,Completed,Credit Card,Mumbai,Maharashtra
O01780,C1878,2025-10-08,Completed,UPI,Kochi,Kerala
O01781,C1027,2023-01-09,Completed,UPI,Gurugram,Haryana
O01782,C4632,2024-10-30,Completed,COD,Ahmedabad,Gujarat
O01783,C0601,2024-01-16,Completed,Credit Card,Lucknow,Uttar Pradesh
O01784,C3593,2024-12-27,Returned,Credit Card,Gurugram,Haryana
O01785,C0988,2023-04-25,Completed,COD,Ahmedabad,Gujarat
O01786,C0606,2024-01-23,Completed,UPI,Delhi,Delhi
O01787,C2748,2024-03-14,Cancelled,COD,Surat,Gujarat
O01788,C0139,2025-06-28,Completed,Credit Card,Bhopal,Madhya Pradesh
O01789,C2058,2025-04-24,Completed,Credit Card,Bhubaneswar,Odisha
O01790,C3587,2025-07-23,Completed,Debit Card,Ahmedabad,Gujarat
O01791,C4226,2025-05-25,Completed,Credit Card,Gurugram,Haryana
O01792,C4497,2023-01-28,Completed,UPI,Patna,Bihar
O01793,C1245,2024-09-27,Returned,Debit Card,Pune,Maharashtra
O01794,C0642,2023-03-18,Completed,COD,Mumbai,Maharashtra
O01795,C0437,2024-08-09,Cancelled,Credit Card,Ahmedabad,Gujarat
O01796,C1424,2023-08-22,Completed,Credit Card,Jaipur,Rajasthan
O01797,C1137,2023-11-25,Completed,UPI,Mumbai,Maharashtra
O01798,C3722,2025-10-25,Completed,Debit Card,Nagpur,Maharashtra
O01799,C3290,2023-12-14,Completed,COD,Chandigarh,Chandigarh
O01800,C0058,2025-01-26,Completed,Debit Card,Bhopal,Madhya Pradesh
O01801,C1137,2024-02-23,Completed,COD,Mumbai,Maharashtra
O01802,C0700,2024-01-26,Completed,COD,Hyderabad,Telangana
O01803,C1146,2024-08-12,Completed,UPI,Bhopal,Madhya Pradesh
O01804,C2456,2023-04-25,Completed,Credit Card,Bhopal,Madhya Pradesh
O01805,C1109,2023-01-04,Completed,Credit Card,Bhopal,Madhya Pradesh
O01806,C4496,2024-10-04,Cancelled,Credit Card,Bengaluru,Karnataka
O01807,C0108,2023-01-09,Completed,UPI,Indore,Madhya Pradesh
O01808,C1985,2023-04-28,Completed,Credit Card,Bhopal,Madhya Pradesh
O01809,C4248,2025-05-05,Completed,UPI,Jaipur,Rajasthan
O01810,C0906,2024-11-30,Completed,COD,Pune,Maharashtra
O01811,C4946,2025-07-20,Completed,Net Banking,Bhopal,Madhya Pradesh
O01812,C1993,2023-05-05,Completed,UPI,Kolkata,West Bengal
O01813,C4123,2023-08-11,Completed,Credit Card,Ahmedabad,Gujarat
O01814,C4215,2023-11-24,Completed,COD,Chennai,Tamil Nadu
O01815,C4819,2025-10-13,Completed,UPI,Nagpur,Maharashtra
O01816,C2148,2025-03-28,Returned,UPI,Pune,Maharashtra
O01817,C4099,2023-09-16,Returned,Debit Card,Surat,Gujarat
O01818,C0806,2023-03-08,Completed,Debit Card,Nagpur,Maharashtra
O01819,C1993,2025-06-01,Completed,Credit Card,Kolkata,West Bengal
O01820,C3601,2025-12-21,Cancelled,Net Banking,Jaipur,Rajasthan
O01821,C4400,2025-08-29,Completed,Net Banking,Surat,Gujarat
O01822,C4273,2023-10-06,Completed,COD,Bhubaneswar,Odisha
O01823,C4011,2024-08-11,Completed,UPI,Gurugram,Haryana
O01824,C0084,2023-09-29,Completed,UPI,Nagpur,Maharashtra
O01825,C4359,2024-05-16,Returned,COD,Chennai,Tamil Nadu
O01826,C3321,2024-10-19,Cancelled,Debit Card,Bengaluru,Karnataka
O01827,C2506,2025-06-11,Completed,Credit Card,Lucknow,Uttar Pradesh
O01828,C2457,2024-07-21,Completed,Credit Card,Bhubaneswar,Odisha
O01829,C3063,2023-08-06,Completed,COD,Surat,Gujarat
O01830,C3853,2024-11-15,Cancelled,UPI,Patna,Bihar
O01831,C4898,2023-06-08,Completed,Net Banking,Bengaluru,Karnataka
O01832,C4991,2023-12-26,Completed,Debit Card,Patna,Bihar
O01833,C4969,2024-06-27,Completed,COD,Delhi,Delhi
O01834,C0388,2023-10-18,Completed,UPI,Bhubaneswar,Odisha
O01835,C2004,2023-02-05,Returned,Credit Card,Hyderabad,Telangana
O01836,C1032,2025-09-05,Returned,Debit Card,Ahmedabad,Gujarat
O01837,C1541,2025-05-09,Completed,Credit Card,Chandigarh,Chandigarh
O01838,C0450,2023-03-07,Completed,Credit Card,Chennai,Tamil Nadu
O01839,C3548,2025-03-07,Completed,Credit Card,Chennai,Tamil Nadu
O01840,C4438,2023-06-06,Completed,UPI,Jaipur,Rajasthan
O01841,C1097,2023-05-01,Completed,COD,Mumbai,Maharashtra
O01842,C0860,2023-07-11,Completed,COD,Kochi,Kerala
O01843,C0302,2023-12-23,Completed,UPI,Bengaluru,Karnataka
O01844,C2020,2024-06-14,Completed,COD,Gurugram,Haryana
O01845,C0881,2024-04-24,Completed,Debit Card,Lucknow,Uttar Pradesh
O01846,C2282,2025-03-07,Completed,Credit Card,Nagpur,Maharashtra
O01847,C4162,2025-08-11,Completed,UPI,Delhi,Delhi
O01848,C0230,2023-07-07,Completed,Credit Card,Bengaluru,Karnataka
O01849,C0922,2024-04-20,Completed,Credit Card,Mumbai,Maharashtra
O01850,C1833,2025-07-05,Completed,Credit Card,Ahmedabad,Gujarat
O01851,C0051,2024-10-10,Completed,Credit Card,Ahmedabad,Gujarat
O01852,C3679,2023-06-11,Cancelled,UPI,Gurugram,Haryana
O01853,C4483,2025-03-12,Completed,Debit Card,Bhubaneswar,Odisha
O01854,C3782,2023-02-16,Completed,Debit Card,Bengaluru,Karnataka
O01855,C0753,2023-01-24,Completed,Net Banking,Chennai,Tamil Nadu
O01856,C1479,2023-06-23,Completed,UPI,Indore,Madhya Pradesh
O01857,C2089,2025-05-28,Completed,UPI,Hyderabad,Telangana
O01858,C2994,2025-02-12,Completed,Credit Card,Noida,Uttar Pradesh
O01859,C3796,2023-08-18,Completed,UPI,Mumbai,Maharashtra
O01860,C3341,2024-12-03,Cancelled,Debit Card,Mumbai,Maharashtra
O01861,C2344,2023-04-28,Completed,UPI,Lucknow,Uttar Pradesh
O01862,C1239,2023-02-22,Completed,Credit Card,Noida,Uttar Pradesh
O01863,C4521,2025-08-05,Completed,Debit Card,Noida,Uttar Pradesh
O01864,C2237,2024-07-25,Completed,Credit Card,Chennai,Tamil Nadu
O01865,C4257,2024-06-06,Completed,UPI,Ahmedabad,Gujarat
O01866,C2429,2025-02-10,Completed,COD,Kolkata,West Bengal
O01867,C4340,2025-02-20,Completed,COD,Ahmedabad,Gujarat
O01868,C0183,2024-10-16,Completed,UPI,Patna,Bihar
O01869,C0544,2023-04-23,Returned,COD,Pune,Maharashtra
O01870,C2827,2023-04-09,Completed,Credit Card,Delhi,Delhi
O01871,C0093,2024-04-17,Completed,Credit Card,Pune,Maharashtra
O01872,C2416,2025-11-12,Completed,UPI,Patna,Bihar
O01873,C4255,2023-08-27,Completed,Debit Card,Delhi,Delhi
O01874,C2446,2024-09-12,Completed,UPI,Hyderabad,Telangana
O01875,C4534,2024-11-02,Returned,Credit Card,Mumbai,Maharashtra
O01876,C4402,2024-01-22,Completed,Net Banking,Surat,Gujarat
O01877,C3033,2024-08-28,Cancelled,Debit Card,Nagpur,Maharashtra
O01878,C1974,2023-05-02,Completed,COD,Jaipur,Rajasthan
O01879,C3290,2024-07-16,Cancelled,Credit Card,Chandigarh,Chandigarh
O01880,C2377,2023-11-13,Completed,UPI,Bengaluru,Karnataka
O01881,C4439,2023-01-20,Completed,UPI,Bhubaneswar,Odisha
O01882,C3235,2024-06-25,Completed,UPI,Kolkata,West Bengal
O01883,C1134,2024-02-09,Completed,Credit Card,Hyderabad,Telangana
O01884,C3639,2025-09-04,Completed,Debit Card,Indore,Madhya Pradesh
O01885,C2398,2024-11-23,Completed,Credit Card,Delhi,Delhi
O01886,C2774,2023-04-22,Completed,Credit Card,Bhopal,Madhya Pradesh
O01887,C4461,2025-10-30,Completed,UPI,Ahmedabad,Gujarat
O01888,C1921,2024-01-14,Completed,UPI,Gurugram,Haryana
O01889,C2063,2025-07-28,Completed,Credit Card,Lucknow,Uttar Pradesh
O01890,C2201,2023-08-26,Completed,Credit Card,Ahmedabad,Gujarat
O01891,C4628,2024-10-05,Completed,Net Banking,Noida,Uttar Pradesh
O01892,C3015,2023-11-26,Completed,UPI,Chandigarh,Chandigarh
O01893,C3472,2023-07-04,Completed,Debit Card,Delhi,Delhi
O01894,C4951,2024-04-26,Completed,COD,Lucknow,Uttar Pradesh
O01895,C0469,2024-08-23,Returned,UPI,Surat,Gujarat
O01896,C1345,2023-12-28,Completed,Net Banking,Kolkata,West Bengal
O01897,C0879,2025-11-25,Completed,UPI,Hyderabad,Telangana
O01898,C4463,2024-05-30,Completed,Net Banking,Indore,Madhya Pradesh
O01899,C3910,2023-11-26,Completed,UPI,Bengaluru,Karnataka
O01900,C3808,2023-09-26,Completed,Debit Card,Nagpur,Maharashtra
O01901,C4737,2025-12-29,Completed,COD,Hyderabad,Telangana
O01902,C4958,2025-08-12,Completed,UPI,Mumbai,Maharashtra
O01903,C2942,2024-01-13,Returned,UPI,Pune,Maharashtra
O01904,C3346,2023-10-20,Returned,UPI,Pune,Maharashtra
O01905,C0589,2023-12-26,Completed,UPI,Bhubaneswar,Odisha
O01906,C3884,2024-06-07,Completed,Credit Card,Patna,Bihar
O01907,C1330,2024-09-15,Cancelled,COD,Chennai,Tamil Nadu
O01908,C0092,2025-11-25,Completed,UPI,Jaipur,Rajasthan
O01909,C0458,2023-12-10,Completed,UPI,Nagpur,Maharashtra
O01910,C3342,2024-09-09,Completed,UPI,Chennai,Tamil Nadu
O01911,C1885,2024-07-28,Completed,UPI,Noida,Uttar Pradesh
O01912,C3122,2024-02-01,Completed,Net Banking,Pune,Maharashtra
O01913,C2040,2024-02-25,Completed,UPI,Delhi,Delhi
O01914,C1404,2024-10-22,Completed,Credit Card,Pune,Maharashtra
O01915,C3704,2024-02-06,Cancelled,UPI,Ahmedabad,Gujarat
O01916,C4483,2023-02-15,Cancelled,UPI,Bhubaneswar,Odisha
O01917,C1982,2024-11-17,Completed,UPI,Nagpur,Maharashtra
O01918,C1793,2023-06-03,Completed,UPI,Jaipur,Rajasthan
O01919,C4467,2023-09-18,Completed,UPI,Nagpur,Maharashtra
O01920,C2232,2024-10-06,Completed,COD,Gurugram,Haryana
O01921,C0772,2023-10-14,Completed,Credit Card,Indore,Madhya Pradesh
O01922,C0205,2025-04-24,Completed,Credit Card,Bhubaneswar,Odisha
O01923,C2220,2024-09-30,Completed,UPI,Chandigarh,Chandigarh
O01924,C4921,2024-12-05,Completed,UPI,Patna,Bihar
O01925,C0222,2023-06-06,Cancelled,UPI,Mumbai,Maharashtra
O01926,C1192,2024-09-05,Cancelled,UPI,Pune,Maharashtra
O01927,C3316,2024-03-04,Completed,UPI,Mumbai,Maharashtra
O01928,C3290,2025-09-08,Completed,COD,Chandigarh,Chandigarh
O01929,C1599,2025-05-01,Completed,UPI,Hyderabad,Telangana
O01930,C1909,2023-09-24,Completed,UPI,Chandigarh,Chandigarh
O01931,C4263,2023-02-28,Returned,Credit Card,Kochi,Kerala
O01932,C1543,2024-09-08,Completed,Credit Card,Kolkata,West Bengal
O01933,C0142,2023-06-20,Cancelled,Debit Card,Pune,Maharashtra
O01934,C0090,2024-10-18,Completed,UPI,Lucknow,Uttar Pradesh
O01935,C3986,2025-04-16,Completed,Credit Card,Hyderabad,Telangana
O01936,C4407,2025-10-20,Completed,COD,Chandigarh,Chandigarh
O01937,C2264,2025-04-01,Completed,Credit Card,Chandigarh,Chandigarh
O01938,C3513,2025-01-03,Completed,Net Banking,Noida,Uttar Pradesh
O01939,C3707,2024-02-02,Completed,Credit Card,Bengaluru,Karnataka
O01940,C1210,2025-11-04,Completed,Debit Card,Indore,Madhya Pradesh
O01941,C4979,2025-08-26,Completed,Credit Card,Delhi,Delhi
O01942,C3225,2024-04-06,Completed,COD,Mumbai,Maharashtra
O01943,C4857,2023-05-18,Cancelled,Credit Card,Noida,Uttar Pradesh
O01944,C1360,2025-01-31,Completed,Net Banking,Lucknow,Uttar Pradesh
O01945,C1539,2023-05-30,Completed,UPI,Kolkata,West Bengal
O01946,C0149,2025-05-12,Completed,COD,Pune,Maharashtra
O01947,C4811,2025-02-19,Completed,Debit Card,Chandigarh,Chandigarh
O01948,C1426,2024-08-15,Completed,COD,Ahmedabad,Gujarat
O01949,C1718,2023-10-27,Completed,UPI,Nagpur,Maharashtra
O01950,C1355,2025-01-28,Completed,UPI,Bengaluru,Karnataka
O01951,C2406,2025-06-03,Completed,COD,Nagpur,Maharashtra
O01952,C2636,2024-05-18,Completed,UPI,Patna,Bihar
O01953,C2364,2025-03-12,Completed,Debit Card,Kolkata,West Bengal
O01954,C2933,2025-03-28,Completed,Net Banking,Bengaluru,Karnataka
O01955,C3108,2023-11-06,Completed,UPI,Lucknow,Uttar Pradesh
O01956,C1502,2024-07-27,Cancelled,Credit Card,Indore,Madhya Pradesh
O01957,C1452,2024-08-18,Completed,UPI,Indore,Madhya Pradesh
O01958,C0450,2023-01-27,Completed,UPI,Chennai,Tamil Nadu
O01959,C1836,2024-01-16,Completed,Debit Card,Lucknow,Uttar Pradesh
O01960,C4186,2023-05-11,Completed,UPI,Surat,Gujarat
O01961,C2589,2024-09-30,Completed,Credit Card,Mumbai,Maharashtra
O01962,C4272,2025-10-16,Completed,Net Banking,Ahmedabad,Gujarat
O01963,C1444,2023-10-12,Completed,UPI,Nagpur,Maharashtra
O01964,C2949,2025-01-06,Returned,COD,Delhi,Delhi
O01965,C3936,2025-12-27,Completed,Credit Card,Chandigarh,Chandigarh
O01966,C3710,2023-08-21,Completed,UPI,Gurugram,Haryana
O01967,C3243,2024-09-02,Completed,UPI,Indore,Madhya Pradesh
O01968,C1290,2023-08-10,Completed,UPI,Bengaluru,Karnataka
O01969,C0504,2024-03-28,Completed,Debit Card,Lucknow,Uttar Pradesh
O01970,C3098,2023-10-31,Completed,Credit Card,Kolkata,West Bengal
O01971,C2148,2025-07-24,Completed,Debit Card,Pune,Maharashtra
O01972,C1466,2023-09-21,Completed,UPI,Mumbai,Maharashtra
O01973,C4521,2023-12-31,Returned,Debit Card,Noida,Uttar Pradesh
O01974,C1898,2025-01-11,Completed,UPI,Lucknow,Uttar Pradesh
O01975,C3717,2024-03-31,Completed,Debit Card,Nagpur,Maharashtra
O01976,C0651,2024-05-19,Completed,UPI,Chennai,Tamil Nadu
O01977,C3263,2023-11-24,Completed,Credit Card,Pune,Maharashtra
O01978,C1211,2025-03-29,Completed,Debit Card,Bhopal,Madhya Pradesh
O01979,C2188,2025-01-05,Completed,COD,Lucknow,Uttar Pradesh
O01980,C3821,2024-05-06,Completed,COD,Kochi,Kerala
O01981,C0369,2024-04-05,Completed,Credit Card,Indore,Madhya Pradesh
O01982,C2345,2024-07-19,Returned,COD,Bhopal,Madhya Pradesh
O01983,C3272,2025-03-30,Completed,Credit Card,Jaipur,Rajasthan
O01984,C2844,2024-05-30,Cancelled,Credit Card,Kochi,Kerala
O01985,C3451,2024-02-22,Completed,Debit Card,Noida,Uttar Pradesh
O01986,C3152,2024-02-12,Completed,COD,Chandigarh,Chandigarh
O01987,C3519,2025-04-23,Completed,Debit Card,Delhi,Delhi
O01988,C4355,2023-02-04,Returned,Net Banking,Kolkata,West Bengal
O01989,C1637,2023-06-03,Returned,UPI,Bhopal,Madhya Pradesh
O01990,C3861,2025-12-23,Cancelled,Net Banking,Patna,Bihar
O01991,C1145,2025-06-08,Completed,UPI,Mumbai,Maharashtra
O01992,C3127,2024-07-21,Cancelled,Credit Card,Chennai,Tamil Nadu
O01993,C0018,2023-08-17,Completed,COD,Bhopal,Madhya Pradesh
O01994,C1657,2025-09-02,Completed,COD,Chandigarh,Chandigarh
O01995,C4206,2025-09-27,Completed,UPI,Kochi,Kerala
O01996,C4427,2025-03-15,Completed,Net Banking,Ahmedabad,Gujarat
O01997,C1597,2024-07-17,Completed,UPI,Bhubaneswar,Odisha
O01998,C0946,2025-07-03,Cancelled,UPI,Chennai,Tamil Nadu
O01999,C1288,2023-01-15,Completed,COD,Delhi,Delhi
O02000,C0268,2025-06-13,Completed,COD,Bhopal,Madhya Pradesh
O02001,C0435,2025-05-03,Completed,Debit Card,Bengaluru,Karnataka
O02002,C2036,2023-12-06,Completed,COD,Bhubaneswar,Odisha
O02003,C2498,2023-12-29,Completed,UPI,Nagpur,Maharashtra
O02004,C3209,2023-06-29,Completed,UPI,Indore,Madhya Pradesh
O02005,C1614,2024-08-11,Completed,Net Banking,Hyderabad,Telangana
O02006,C0719,2023-08-03,Completed,Debit Card,Kochi,Kerala
O02007,C3979,2025-12-04,Completed,COD,Patna,Bihar
O02008,C2232,2023-12-18,Completed,COD,Gurugram,Haryana
O02009,C3673,2023-01-21,Completed,Debit Card,Ahmedabad,Gujarat
O02010,C0741,2025-09-15,Cancelled,Debit Card,Pune,Maharashtra
O02011,C0805,2024-07-18,Completed,UPI,Kolkata,West Bengal
O02012,C4513,2024-10-30,Returned,UPI,Gurugram,Haryana
O02013,C4978,2025-08-01,Completed,Debit Card,Patna,Bihar
O02014,C4887,2024-01-04,Completed,COD,Hyderabad,Telangana
O02015,C3772,2024-10-20,Returned,Credit Card,Patna,Bihar
O02016,C1727,2024-11-24,Completed,UPI,Mumbai,Maharashtra
O02017,C3513,2025-10-19,Completed,UPI,Noida,Uttar Pradesh
O02018,C1099,2023-12-25,Completed,UPI,Bhopal,Madhya Pradesh
O02019,C2622,2024-05-17,Completed,Debit Card,Bengaluru,Karnataka
O02020,C3806,2023-02-01,Completed,Credit Card,Chandigarh,Chandigarh
O02021,C3011,2023-12-24,Returned,Credit Card,Gurugram,Haryana
O02022,C2984,2023-03-03,Completed,Credit Card,Kolkata,West Bengal
O02023,C3705,2024-03-27,Completed,UPI,Pune,Maharashtra
O02024,C3384,2024-02-10,Completed,COD,Pune,Maharashtra
O02025,C1845,2025-10-02,Completed,UPI,Bhopal,Madhya Pradesh
O02026,C3925,2023-12-23,Completed,Debit Card,Indore,Madhya Pradesh
O02027,C3100,2023-05-11,Completed,Credit Card,Chennai,Tamil Nadu
O02028,C4522,2025-11-11,Completed,UPI,Kolkata,West Bengal
O02029,C4979,2024-08-18,Completed,UPI,Delhi,Delhi
O02030,C4882,2023-08-14,Returned,Net Banking,Nagpur,Maharashtra
O02031,C0535,2025-08-10,Completed,UPI,Gurugram,Haryana
O02032,C0285,2024-01-29,Completed,UPI,Nagpur,Maharashtra
O02033,C2670,2025-05-20,Completed,UPI,Pune,Maharashtra
O02034,C3787,2023-03-28,Completed,COD,Kolkata,West Bengal
O02035,C1130,2024-06-06,Completed,UPI,Patna,Bihar
O02036,C0504,2023-04-03,Completed,Credit Card,Lucknow,Uttar Pradesh
O02037,C4142,2025-03-14,Returned,UPI,Indore,Madhya Pradesh
O02038,C0537,2023-06-02,Completed,Net Banking,Bengaluru,Karnataka
O02039,C0062,2023-12-20,Completed,Net Banking,Kochi,Kerala
O02040,C2384,2025-05-28,Completed,Credit Card,Gurugram,Haryana
O02041,C0211,2024-08-30,Completed,COD,Ahmedabad,Gujarat
O02042,C2448,2025-09-09,Completed,UPI,Pune,Maharashtra
O02043,C4805,2025-07-05,Completed,UPI,Kolkata,West Bengal
O02044,C2395,2025-07-03,Returned,Debit Card,Chandigarh,Chandigarh
O02045,C3270,2024-02-13,Completed,UPI,Bengaluru,Karnataka
O02046,C0377,2023-07-30,Completed,UPI,Chennai,Tamil Nadu
O02047,C1186,2024-01-18,Completed,Net Banking,Ahmedabad,Gujarat
O02048,C3280,2025-05-20,Cancelled,UPI,Mumbai,Maharashtra
O02049,C3499,2025-10-25,Completed,UPI,Mumbai,Maharashtra
O02050,C2848,2024-02-15,Completed,Debit Card,Kochi,Kerala
O02051,C0787,2023-01-04,Completed,UPI,Delhi,Delhi
O02052,C0733,2025-07-29,Completed,Credit Card,Indore,Madhya Pradesh
O02053,C3869,2024-03-06,Completed,UPI,Hyderabad,Telangana
O02054,C2700,2024-02-16,Cancelled,UPI,Kochi,Kerala
O02055,C4618,2023-02-04,Completed,Credit Card,Indore,Madhya Pradesh
O02056,C2159,2025-06-26,Completed,UPI,Kolkata,West Bengal
O02057,C3621,2023-03-21,Completed,Credit Card,Nagpur,Maharashtra
O02058,C3665,2023-03-16,Completed,Net Banking,Hyderabad,Telangana
O02059,C2656,2025-03-21,Cancelled,Credit Card,Nagpur,Maharashtra
O02060,C1079,2023-10-11,Completed,Debit Card,Surat,Gujarat
O02061,C3295,2024-12-27,Cancelled,UPI,Hyderabad,Telangana
O02062,C3647,2023-12-03,Completed,COD,Jaipur,Rajasthan
O02063,C4620,2024-08-08,Completed,COD,Chennai,Tamil Nadu
O02064,C2194,2024-07-20,Cancelled,Credit Card,Jaipur,Rajasthan
O02065,C2312,2023-03-24,Completed,UPI,Bengaluru,Karnataka
O02066,C4564,2023-11-14,Completed,Credit Card,Surat,Gujarat
O02067,C1585,2025-05-24,Completed,UPI,Jaipur,Rajasthan
O02068,C3007,2024-11-09,Completed,Net Banking,Nagpur,Maharashtra
O02069,C4045,2024-11-30,Completed,Credit Card,Jaipur,Rajasthan
O02070,C1211,2025-04-13,Completed,Credit Card,Bhopal,Madhya Pradesh
O02071,C3415,2025-08-12,Completed,UPI,Kolkata,West Bengal
O02072,C1987,2025-09-13,Completed,UPI,Kolkata,West Bengal
O02073,C3171,2023-01-19,Cancelled,Debit Card,Pune,Maharashtra
O02074,C2727,2025-03-24,Completed,Credit Card,Kochi,Kerala
O02075,C1749,2023-01-04,Cancelled,UPI,Patna,Bihar
O02076,C0758,2024-04-11,Completed,UPI,Bhopal,Madhya Pradesh
O02077,C1178,2023-07-09,Completed,UPI,Nagpur,Maharashtra
O02078,C0919,2023-03-04,Cancelled,UPI,Chennai,Tamil Nadu
O02079,C1120,2025-10-10,Completed,Net Banking,Mumbai,Maharashtra
O02080,C0706,2025-10-22,Returned,Debit Card,Gurugram,Haryana
O02081,C4930,2023-03-08,Completed,Net Banking,Gurugram,Haryana
O02082,C3431,2025-05-27,Completed,Credit Card,Chandigarh,Chandigarh
O02083,C2862,2023-05-12,Completed,COD,Pune,Maharashtra
O02084,C4495,2025-12-07,Completed,UPI,Bhopal,Madhya Pradesh
O02085,C1808,2024-08-27,Cancelled,Credit Card,Gurugram,Haryana
O02086,C1400,2025-07-29,Completed,UPI,Chandigarh,Chandigarh
O02087,C2650,2025-09-19,Completed,COD,Jaipur,Rajasthan
O02088,C4424,2025-12-06,Completed,Credit Card,Mumbai,Maharashtra
O02089,C1296,2023-10-11,Completed,Credit Card,Chennai,Tamil Nadu
O02090,C1621,2024-07-02,Completed,COD,Noida,Uttar Pradesh
O02091,C2443,2025-11-17,Completed,Debit Card,Chennai,Tamil Nadu
O02092,C2596,2025-06-20,Completed,Net Banking,Patna,Bihar
O02093,C4173,2025-10-29,Completed,Credit Card,Kolkata,West Bengal
O02094,C1073,2025-06-20,Cancelled,Credit Card,Patna,Bihar
O02095,C4076,2025-12-29,Completed,Debit Card,Indore,Madhya Pradesh
O02096,C1450,2023-12-08,Completed,Credit Card,Noida,Uttar Pradesh
O02097,C3943,2023-03-07,Completed,Credit Card,Lucknow,Uttar Pradesh
O02098,C1772,2024-08-29,Completed,UPI,Noida,Uttar Pradesh
O02099,C1018,2025-12-29,Completed,COD,Bhubaneswar,Odisha
O02100,C3693,2025-01-15,Completed,Credit Card,Gurugram,Haryana
O02101,C4225,2024-06-15,Completed,Debit Card,Surat,Gujarat
O02102,C0519,2023-12-24,Completed,UPI,Gurugram,Haryana
O02103,C2352,2024-01-11,Completed,UPI,Surat,Gujarat
O02104,C1136,2023-03-05,Completed,UPI,Kolkata,West Bengal
O02105,C2773,2023-06-27,Completed,Credit Card,Ahmedabad,Gujarat
O02106,C0912,2023-08-23,Returned,UPI,Indore,Madhya Pradesh
O02107,C0816,2025-05-14,Completed,COD,Chennai,Tamil Nadu
O02108,C0974,2025-01-31,Completed,COD,Nagpur,Maharashtra
O02109,C1963,2023-02-09,Completed,Debit Card,Kolkata,West Bengal
O02110,C2867,2023-12-17,Completed,UPI,Indore,Madhya Pradesh
O02111,C2411,2024-06-24,Returned,Credit Card,Indore,Madhya Pradesh
O02112,C3103,2025-08-23,Completed,Debit Card,Kochi,Kerala
O02113,C1801,2025-08-19,Completed,UPI,Patna,Bihar
O02114,C0809,2025-04-10,Cancelled,Debit Card,Mumbai,Maharashtra
O02115,C0570,2023-01-30,Completed,COD,Bengaluru,Karnataka
O02116,C0970,2023-11-05,Completed,Credit Card,Chennai,Tamil Nadu
O02117,C4080,2023-02-15,Completed,Credit Card,Gurugram,Haryana
O02118,C1880,2023-05-17,Completed,Net Banking,Bengaluru,Karnataka
O02119,C3320,2025-02-13,Completed,UPI,Lucknow,Uttar Pradesh
O02120,C4706,2024-07-09,Completed,Debit Card,Kolkata,West Bengal
O02121,C0388,2024-03-08,Completed,Debit Card,Bhubaneswar,Odisha
O02122,C4855,2025-04-26,Completed,Net Banking,Nagpur,Maharashtra
O02123,C2490,2023-07-26,Cancelled,COD,Lucknow,Uttar Pradesh
O02124,C0516,2024-03-21,Completed,Debit Card,Chennai,Tamil Nadu
O02125,C3845,2025-12-18,Completed,Debit Card,Pune,Maharashtra
O02126,C2891,2023-11-27,Completed,UPI,Jaipur,Rajasthan
O02127,C4141,2024-08-18,Completed,Debit Card,Kolkata,West Bengal
O02128,C1443,2024-06-08,Completed,UPI,Hyderabad,Telangana
O02129,C0723,2025-01-18,Completed,Credit Card,Indore,Madhya Pradesh
O02130,C0756,2023-12-25,Returned,Debit Card,Nagpur,Maharashtra
O02131,C2251,2025-05-01,Completed,Debit Card,Bengaluru,Karnataka
O02132,C1909,2024-07-08,Completed,Credit Card,Chandigarh,Chandigarh
O02133,C2587,2023-12-24,Completed,UPI,Kolkata,West Bengal
O02134,C0386,2025-01-24,Completed,Credit Card,Nagpur,Maharashtra
O02135,C3016,2024-07-02,Completed,UPI,Gurugram,Haryana
O02136,C4456,2025-03-17,Completed,UPI,Nagpur,Maharashtra
O02137,C4088,2025-12-21,Completed,UPI,Patna,Bihar
O02138,C1492,2023-02-21,Completed,Debit Card,Chennai,Tamil Nadu
O02139,C1968,2023-11-09,Completed,Credit Card,Hyderabad,Telangana
O02140,C4301,2024-01-23,Cancelled,UPI,Indore,Madhya Pradesh
O02141,C3319,2023-05-19,Completed,COD,Kochi,Kerala
O02142,C3039,2023-01-19,Completed,Debit Card,Pune,Maharashtra
O02143,C1073,2023-11-17,Completed,Credit Card,Patna,Bihar
O02144,C4462,2023-04-05,Completed,Credit Card,Ahmedabad,Gujarat
O02145,C2301,2023-05-10,Cancelled,COD,Mumbai,Maharashtra
O02146,C0769,2025-08-02,Completed,UPI,Hyderabad,Telangana
O02147,C2680,2023-09-17,Completed,Debit Card,Indore,Madhya Pradesh
O02148,C0987,2025-09-13,Completed,UPI,Gurugram,Haryana
O02149,C4513,2025-11-28,Cancelled,UPI,Gurugram,Haryana
O02150,C3107,2025-03-27,Completed,Net Banking,Bengaluru,Karnataka
O02151,C2360,2023-06-03,Completed,Credit Card,Bhubaneswar,Odisha
O02152,C0197,2024-07-06,Completed,UPI,Bengaluru,Karnataka
O02153,C3045,2023-05-02,Cancelled,COD,Gurugram,Haryana
O02154,C2308,2025-01-26,Cancelled,Net Banking,Chandigarh,Chandigarh
O02155,C1390,2024-06-30,Completed,UPI,Delhi,Delhi
O02156,C3559,2024-02-04,Completed,UPI,Surat,Gujarat
O02157,C2582,2025-11-22,Completed,COD,Kochi,Kerala
O02158,C2072,2024-02-10,Completed,Credit Card,Surat,Gujarat
O02159,C2991,2023-12-30,Returned,COD,Bengaluru,Karnataka
O02160,C1670,2025-09-06,Cancelled,Debit Card,Mumbai,Maharashtra
O02161,C1418,2023-06-12,Completed,Credit Card,Bhopal,Madhya Pradesh
O02162,C2727,2025-02-02,Completed,UPI,Kochi,Kerala
O02163,C4133,2024-07-04,Returned,Credit Card,Surat,Gujarat
O02164,C2870,2023-05-11,Cancelled,COD,Bhubaneswar,Odisha
O02165,C1587,2024-10-14,Completed,UPI,Jaipur,Rajasthan
O02166,C4668,2025-10-04,Completed,Debit Card,Delhi,Delhi
O02167,C4403,2023-09-27,Completed,UPI,Pune,Maharashtra
O02168,C4401,2025-06-22,Completed,Credit Card,Noida,Uttar Pradesh
O02169,C2227,2025-02-25,Returned,UPI,Kochi,Kerala
O02170,C3737,2023-12-31,Completed,Credit Card,Hyderabad,Telangana
O02171,C0932,2024-09-02,Completed,Debit Card,Bhubaneswar,Odisha
O02172,C1543,2025-12-20,Completed,Credit Card,Kolkata,West Bengal
O02173,C1993,2025-07-20,Returned,Credit Card,Kolkata,West Bengal
O02174,C3707,2024-08-11,Completed,UPI,Bengaluru,Karnataka
O02175,C4060,2023-07-27,Completed,UPI,Surat,Gujarat
O02176,C3550,2023-12-14,Completed,COD,Hyderabad,Telangana
O02177,C3145,2023-02-14,Completed,COD,Hyderabad,Telangana
O02178,C4893,2023-12-13,Completed,Credit Card,Lucknow,Uttar Pradesh
O02179,C1535,2024-12-14,Completed,Credit Card,Noida,Uttar Pradesh
O02180,C3137,2024-10-08,Returned,Debit Card,Hyderabad,Telangana
O02181,C4843,2024-01-04,Completed,Credit Card,Bengaluru,Karnataka
O02182,C2675,2024-06-17,Completed,Debit Card,Ahmedabad,Gujarat
O02183,C4549,2023-12-24,Completed,UPI,Patna,Bihar
O02184,C4927,2024-05-09,Completed,COD,Jaipur,Rajasthan
O02185,C4854,2025-06-23,Completed,UPI,Surat,Gujarat
O02186,C0861,2023-03-01,Returned,Credit Card,Patna,Bihar
O02187,C1553,2023-10-25,Completed,UPI,Surat,Gujarat
O02188,C4915,2023-02-28,Completed,COD,Chennai,Tamil Nadu
O02189,C1393,2023-08-19,Completed,Debit Card,Surat,Gujarat
O02190,C1880,2025-03-07,Completed,UPI,Bengaluru,Karnataka
O02191,C0381,2024-03-23,Cancelled,COD,Gurugram,Haryana
O02192,C0649,2024-09-04,Cancelled,Debit Card,Delhi,Delhi
O02193,C4342,2024-01-03,Completed,Credit Card,Ahmedabad,Gujarat
O02194,C3622,2024-07-07,Cancelled,Net Banking,Patna,Bihar
O02195,C4661,2025-11-18,Completed,UPI,Bhubaneswar,Odisha
O02196,C3418,2025-09-14,Completed,UPI,Kochi,Kerala
O02197,C0821,2023-10-04,Completed,Debit Card,Delhi,Delhi
O02198,C0472,2024-08-31,Completed,Debit Card,Nagpur,Maharashtra
O02199,C2017,2024-12-03,Completed,UPI,Bengaluru,Karnataka
O02200,C0122,2025-04-10,Completed,COD,Nagpur,Maharashtra
O02201,C4877,2023-02-07,Completed,COD,Ahmedabad,Gujarat
O02202,C2796,2023-10-16,Completed,Net Banking,Jaipur,Rajasthan
O02203,C4217,2025-09-01,Returned,UPI,Gurugram,Haryana
O02204,C2187,2024-03-27,Completed,Debit Card,Lucknow,Uttar Pradesh
O02205,C2135,2023-01-28,Completed,UPI,Surat,Gujarat
O02206,C2178,2024-12-02,Returned,Credit Card,Mumbai,Maharashtra
O02207,C2300,2025-01-26,Cancelled,UPI,Noida,Uttar Pradesh
O02208,C1384,2023-11-30,Completed,Credit Card,Bengaluru,Karnataka
O02209,C3502,2024-07-14,Completed,UPI,Pune,Maharashtra
O02210,C4143,2023-07-23,Cancelled,UPI,Bengaluru,Karnataka
O02211,C1969,2024-01-14,Completed,UPI,Ahmedabad,Gujarat
O02212,C3663,2025-06-20,Completed,Credit Card,Bengaluru,Karnataka
O02213,C1834,2025-11-09,Completed,UPI,Kochi,Kerala
O02214,C3948,2025-10-04,Completed,Credit Card,Jaipur,Rajasthan
O02215,C2473,2025-06-30,Completed,Credit Card,Hyderabad,Telangana
O02216,C4827,2024-01-31,Completed,UPI,Bhubaneswar,Odisha
O02217,C4207,2025-12-11,Completed,UPI,Noida,Uttar Pradesh
O02218,C1251,2023-12-19,Completed,Debit Card,Mumbai,Maharashtra
O02219,C3111,2024-05-28,Completed,Debit Card,Bhopal,Madhya Pradesh
O02220,C0135,2024-06-29,Completed,UPI,Lucknow,Uttar Pradesh
O02221,C0610,2023-10-09,Cancelled,Net Banking,Patna,Bihar
O02222,C1058,2024-11-03,Cancelled,Debit Card,Ahmedabad,Gujarat
O02223,C3035,2024-08-28,Completed,UPI,Noida,Uttar Pradesh
O02224,C1989,2025-01-29,Completed,COD,Noida,Uttar Pradesh
O02225,C3775,2024-01-01,Completed,COD,Kolkata,West Bengal
O02226,C2247,2024-06-03,Completed,Credit Card,Jaipur,Rajasthan
O02227,C4656,2023-04-20,Completed,COD,Ahmedabad,Gujarat
O02228,C0259,2025-06-24,Completed,UPI,Kochi,Kerala
O02229,C3901,2025-08-10,Completed,Net Banking,Mumbai,Maharashtra
O02230,C0916,2024-11-10,Returned,UPI,Hyderabad,Telangana
O02231,C3943,2025-08-16,Completed,Debit Card,Lucknow,Uttar Pradesh
O02232,C0238,2023-11-20,Returned,UPI,Patna,Bihar
O02233,C3356,2023-01-12,Completed,UPI,Indore,Madhya Pradesh
O02234,C0688,2025-11-12,Completed,Net Banking,Mumbai,Maharashtra
O02235,C1159,2023-09-21,Completed,UPI,Patna,Bihar
O02236,C2130,2024-01-15,Completed,COD,Jaipur,Rajasthan
O02237,C0595,2023-03-21,Returned,UPI,Kolkata,West Bengal
O02238,C2702,2024-02-29,Completed,Debit Card,Ahmedabad,Gujarat
O02239,C1751,2024-09-07,Completed,UPI,Bhopal,Madhya Pradesh
O02240,C0403,2024-03-11,Completed,Credit Card,Gurugram,Haryana
O02241,C0822,2025-07-10,Returned,COD,Bhubaneswar,Odisha
O02242,C3839,2025-03-05,Completed,Credit Card,Jaipur,Rajasthan
O02243,C2236,2025-09-17,Completed,UPI,Patna,Bihar
O02244,C2541,2024-03-27,Completed,UPI,Pune,Maharashtra
O02245,C2303,2023-09-17,Cancelled,UPI,Bhubaneswar,Odisha
O02246,C1698,2025-04-01,Completed,COD,Surat,Gujarat
O02247,C3929,2024-12-08,Completed,Debit Card,Hyderabad,Telangana
O02248,C1614,2025-05-01,Completed,Credit Card,Hyderabad,Telangana
O02249,C4581,2024-10-19,Cancelled,UPI,Bengaluru,Karnataka
O02250,C3680,2023-06-24,Completed,Credit Card,Kolkata,West Bengal
O02251,C3553,2024-12-12,Completed,Debit Card,Indore,Madhya Pradesh
O02252,C2228,2024-08-07,Completed,UPI,Hyderabad,Telangana
O02253,C3679,2023-07-05,Returned,UPI,Gurugram,Haryana
O02254,C4997,2024-10-13,Completed,UPI,Lucknow,Uttar Pradesh
O02255,C1465,2023-06-16,Completed,Debit Card,Patna,Bihar
O02256,C4740,2023-05-23,Completed,Debit Card,Kochi,Kerala
O02257,C4883,2024-05-07,Completed,UPI,Hyderabad,Telangana
O02258,C3101,2023-03-13,Completed,UPI,Chandigarh,Chandigarh
O02259,C4114,2024-05-13,Completed,UPI,Hyderabad,Telangana
O02260,C1957,2023-05-27,Completed,UPI,Nagpur,Maharashtra
O02261,C4094,2025-06-09,Completed,Credit Card,Surat,Gujarat
O02262,C4852,2025-03-17,Completed,UPI,Noida,Uttar Pradesh
O02263,C0687,2025-04-25,Completed,Credit Card,Kolkata,West Bengal
O02264,C2037,2025-06-09,Completed,Debit Card,Mumbai,Maharashtra
O02265,C3580,2025-03-23,Completed,COD,Bhubaneswar,Odisha
O02266,C0601,2025-08-28,Completed,UPI,Lucknow,Uttar Pradesh
O02267,C1044,2023-03-08,Completed,UPI,Gurugram,Haryana
O02268,C1380,2025-04-17,Cancelled,UPI,Noida,Uttar Pradesh
O02269,C4529,2025-07-15,Returned,UPI,Bengaluru,Karnataka
O02270,C1042,2023-12-07,Completed,Debit Card,Noida,Uttar Pradesh
O02271,C1574,2023-04-12,Completed,Debit Card,Indore,Madhya Pradesh
O02272,C4472,2025-08-09,Completed,UPI,Pune,Maharashtra
O02273,C1364,2025-06-25,Completed,UPI,Chennai,Tamil Nadu
O02274,C1011,2023-12-08,Completed,Credit Card,Delhi,Delhi
O02275,C4812,2025-04-07,Completed,UPI,Lucknow,Uttar Pradesh
O02276,C1257,2024-11-09,Completed,COD,Pune,Maharashtra
O02277,C1128,2023-05-14,Completed,UPI,Mumbai,Maharashtra
O02278,C1024,2025-11-19,Returned,Debit Card,Pune,Maharashtra
O02279,C3695,2025-05-24,Completed,UPI,Surat,Gujarat
O02280,C2785,2025-09-22,Completed,COD,Bhubaneswar,Odisha
O02281,C4317,2024-01-20,Completed,Debit Card,Nagpur,Maharashtra
O02282,C1050,2024-08-20,Completed,UPI,Lucknow,Uttar Pradesh
O02283,C2302,2023-01-09,Completed,Credit Card,Indore,Madhya Pradesh
O02284,C4922,2023-05-16,Cancelled,Debit Card,Hyderabad,Telangana
O02285,C1155,2025-09-02,Completed,UPI,Delhi,Delhi
O02286,C0030,2025-09-05,Returned,COD,Gurugram,Haryana
O02287,C0787,2023-02-12,Completed,Credit Card,Delhi,Delhi
O02288,C4106,2025-11-20,Completed,COD,Gurugram,Haryana
O02289,C3161,2025-02-25,Returned,Credit Card,Nagpur,Maharashtra
O02290,C1171,2023-04-23,Completed,Credit Card,Hyderabad,Telangana
O02291,C3199,2025-01-01,Completed,Credit Card,Noida,Uttar Pradesh
O02292,C2746,2023-01-12,Completed,UPI,Kochi,Kerala
O02293,C1365,2025-05-21,Cancelled,Debit Card,Patna,Bihar
O02294,C1542,2023-09-03,Completed,COD,Delhi,Delhi
O02295,C4147,2024-05-23,Completed,COD,Chandigarh,Chandigarh
O02296,C4494,2023-02-13,Completed,UPI,Delhi,Delhi
O02297,C0314,2024-08-29,Completed,COD,Patna,Bihar
O02298,C2696,2024-05-23,Returned,UPI,Kolkata,West Bengal
O02299,C4610,2023-11-04,Completed,UPI,Nagpur,Maharashtra
O02300,C0530,2025-05-16,Completed,UPI,Kolkata,West Bengal
O02301,C4956,2025-06-30,Cancelled,UPI,Bengaluru,Karnataka
O02302,C2467,2023-02-05,Completed,COD,Lucknow,Uttar Pradesh
O02303,C2242,2024-12-11,Completed,Debit Card,Indore,Madhya Pradesh
O02304,C0312,2025-07-29,Completed,UPI,Delhi,Delhi
O02305,C0996,2025-08-18,Returned,UPI,Bengaluru,Karnataka
O02306,C2524,2023-08-24,Completed,UPI,Mumbai,Maharashtra
O02307,C2632,2023-12-27,Completed,Credit Card,Noida,Uttar Pradesh
O02308,C0264,2025-05-17,Cancelled,Credit Card,Bengaluru,Karnataka
O02309,C3853,2023-01-25,Completed,Debit Card,Patna,Bihar
O02310,C0021,2025-03-25,Completed,COD,Lucknow,Uttar Pradesh
O02311,C2525,2025-08-09,Returned,Credit Card,Surat,Gujarat
O02312,C4645,2025-09-10,Completed,Debit Card,Jaipur,Rajasthan
O02313,C1197,2025-10-21,Completed,COD,Bhopal,Madhya Pradesh
O02314,C3134,2023-12-24,Completed,Credit Card,Chennai,Tamil Nadu
O02315,C0206,2023-04-28,Completed,UPI,Jaipur,Rajasthan
O02316,C1637,2024-04-23,Completed,Credit Card,Bhopal,Madhya Pradesh
O02317,C0631,2024-11-07,Completed,Debit Card,Kochi,Kerala
O02318,C2227,2024-04-03,Completed,Debit Card,Kochi,Kerala
O02319,C2390,2023-04-23,Cancelled,Debit Card,Bhopal,Madhya Pradesh
O02320,C4536,2025-11-09,Completed,Debit Card,Gurugram,Haryana
O02321,C1099,2024-04-02,Completed,Net Banking,Bhopal,Madhya Pradesh
O02322,C0290,2024-10-01,Completed,COD,Bengaluru,Karnataka
O02323,C2605,2024-07-29,Completed,COD,Chennai,Tamil Nadu
O02324,C0208,2025-03-10,Completed,Credit Card,Ahmedabad,Gujarat
O02325,C3815,2024-02-07,Completed,Debit Card,Gurugram,Haryana
O02326,C0272,2023-09-10,Cancelled,Net Banking,Kolkata,West Bengal
O02327,C3679,2025-08-15,Completed,COD,Gurugram,Haryana
O02328,C0415,2024-10-23,Completed,COD,Bengaluru,Karnataka
O02329,C3469,2024-10-30,Returned,Debit Card,Ahmedabad,Gujarat
O02330,C4480,2024-12-28,Completed,UPI,Nagpur,Maharashtra
O02331,C1285,2024-09-03,Returned,Credit Card,Pune,Maharashtra
O02332,C4987,2025-09-05,Completed,UPI,Gurugram,Haryana
O02333,C1663,2024-11-09,Completed,Credit Card,Ahmedabad,Gujarat
O02334,C4015,2024-07-22,Completed,UPI,Surat,Gujarat
O02335,C1042,2024-06-26,Cancelled,Debit Card,Noida,Uttar Pradesh
O02336,C4091,2024-06-02,Completed,COD,Jaipur,Rajasthan
O02337,C2295,2023-01-12,Completed,UPI,Pune,Maharashtra
O02338,C3714,2023-01-10,Completed,UPI,Surat,Gujarat
O02339,C2462,2023-06-06,Completed,COD,Bengaluru,Karnataka
O02340,C1344,2025-10-08,Completed,Credit Card,Bengaluru,Karnataka
O02341,C2763,2024-12-25,Completed,Credit Card,Jaipur,Rajasthan
O02342,C2229,2023-05-21,Completed,Credit Card,Patna,Bihar
O02343,C3368,2024-09-30,Completed,UPI,Mumbai,Maharashtra
O02344,C0944,2023-05-17,Completed,UPI,Hyderabad,Telangana
O02345,C4989,2024-11-21,Completed,Net Banking,Ahmedabad,Gujarat
O02346,C4157,2024-03-18,Completed,Debit Card,Kolkata,West Bengal
O02347,C4060,2024-11-06,Completed,UPI,Surat,Gujarat
O02348,C0166,2023-10-04,Cancelled,UPI,Mumbai,Maharashtra
O02349,C1906,2025-07-21,Completed,Debit Card,Chandigarh,Chandigarh
O02350,C3057,2024-10-02,Cancelled,UPI,Kochi,Kerala
O02351,C1324,2023-04-21,Cancelled,UPI,Patna,Bihar
O02352,C4751,2025-12-03,Completed,UPI,Chandigarh,Chandigarh
O02353,C0351,2025-06-09,Completed,UPI,Chandigarh,Chandigarh
O02354,C2311,2023-07-30,Returned,Debit Card,Delhi,Delhi
O02355,C3310,2023-12-09,Completed,COD,Indore,Madhya Pradesh
O02356,C0932,2023-12-27,Completed,UPI,Bhubaneswar,Odisha
O02357,C3839,2024-02-15,Completed,UPI,Jaipur,Rajasthan
O02358,C1114,2025-01-28,Cancelled,UPI,Noida,Uttar Pradesh
O02359,C2187,2024-05-22,Completed,Net Banking,Lucknow,Uttar Pradesh
O02360,C1990,2023-08-20,Completed,Credit Card,Bengaluru,Karnataka
O02361,C1386,2025-03-14,Cancelled,Credit Card,Mumbai,Maharashtra
O02362,C3485,2023-08-22,Returned,COD,Patna,Bihar
O02363,C1117,2024-06-03,Completed,Credit Card,Kochi,Kerala
O02364,C0134,2023-10-29,Completed,Credit Card,Mumbai,Maharashtra
O02365,C3952,2023-04-10,Cancelled,Net Banking,Bengaluru,Karnataka
O02366,C1228,2023-09-10,Cancelled,Credit Card,Pune,Maharashtra
O02367,C3110,2023-11-04,Completed,Credit Card,Surat,Gujarat
O02368,C2505,2025-03-04,Completed,Credit Card,Hyderabad,Telangana
O02369,C3606,2025-03-13,Completed,Net Banking,Surat,Gujarat
O02370,C1882,2024-01-22,Completed,Net Banking,Surat,Gujarat
O02371,C4534,2023-05-12,Cancelled,COD,Mumbai,Maharashtra
O02372,C0680,2023-08-09,Completed,Credit Card,Lucknow,Uttar Pradesh
O02373,C2695,2023-03-03,Completed,COD,Delhi,Delhi
O02374,C2670,2025-04-11,Completed,Credit Card,Pune,Maharashtra
O02375,C1248,2025-01-01,Cancelled,Debit Card,Bengaluru,Karnataka
O02376,C1192,2024-02-07,Completed,UPI,Pune,Maharashtra
O02377,C1131,2023-06-20,Completed,Debit Card,Kolkata,West Bengal
O02378,C1404,2023-01-14,Completed,UPI,Pune,Maharashtra
O02379,C2072,2023-09-27,Completed,COD,Surat,Gujarat
O02380,C1331,2025-12-13,Completed,Credit Card,Chennai,Tamil Nadu
O02381,C1382,2024-12-13,Completed,Credit Card,Chandigarh,Chandigarh
O02382,C0370,2025-05-21,Completed,Debit Card,Mumbai,Maharashtra
O02383,C3795,2024-09-20,Completed,Credit Card,Hyderabad,Telangana
O02384,C2491,2023-10-28,Completed,Debit Card,Bhopal,Madhya Pradesh
O02385,C1177,2024-12-04,Cancelled,COD,Patna,Bihar
O02386,C0376,2024-03-02,Cancelled,UPI,Pune,Maharashtra
O02387,C2761,2023-04-26,Completed,Credit Card,Bhopal,Madhya Pradesh
O02388,C3291,2023-08-24,Completed,Net Banking,Mumbai,Maharashtra
O02389,C1944,2023-01-13,Completed,COD,Patna,Bihar
O02390,C0958,2023-03-09,Completed,Net Banking,Chandigarh,Chandigarh
O02391,C0811,2025-01-12,Completed,COD,Patna,Bihar
O02392,C4923,2025-04-16,Completed,UPI,Bhubaneswar,Odisha
O02393,C1534,2024-01-26,Completed,UPI,Ahmedabad,Gujarat
O02394,C4431,2023-04-14,Completed,UPI,Bengaluru,Karnataka
O02395,C0410,2024-09-05,Completed,UPI,Mumbai,Maharashtra
O02396,C0054,2025-02-11,Completed,UPI,Kolkata,West Bengal
O02397,C4797,2023-10-31,Completed,COD,Patna,Bihar
O02398,C1099,2024-01-14,Cancelled,Credit Card,Bhopal,Madhya Pradesh
O02399,C2397,2023-03-29,Completed,UPI,Nagpur,Maharashtra
O02400,C0975,2024-09-21,Completed,COD,Jaipur,Rajasthan
O02401,C4489,2024-09-16,Completed,UPI,Bhubaneswar,Odisha
O02402,C4650,2024-01-01,Completed,UPI,Gurugram,Haryana
O02403,C2895,2025-05-26,Completed,UPI,Patna,Bihar
O02404,C3280,2025-01-01,Completed,Debit Card,Mumbai,Maharashtra
O02405,C4922,2025-09-25,Completed,COD,Hyderabad,Telangana
O02406,C4840,2024-03-31,Completed,UPI,Surat,Gujarat
O02407,C2225,2024-02-19,Completed,Credit Card,Bhubaneswar,Odisha
O02408,C2559,2024-03-30,Completed,UPI,Lucknow,Uttar Pradesh
O02409,C3691,2024-05-25,Returned,UPI,Surat,Gujarat
O02410,C0139,2025-07-23,Completed,UPI,Bhopal,Madhya Pradesh
O02411,C3174,2023-07-28,Completed,UPI,Kochi,Kerala
O02412,C2521,2024-01-06,Returned,Credit Card,Delhi,Delhi
O02413,C4638,2025-03-13,Completed,Debit Card,Patna,Bihar
O02414,C2242,2023-03-27,Completed,UPI,Indore,Madhya Pradesh
O02415,C3828,2024-10-08,Completed,UPI,Noida,Uttar Pradesh
O02416,C1338,2025-03-31,Completed,Net Banking,Lucknow,Uttar Pradesh
O02417,C4090,2023-10-22,Completed,UPI,Nagpur,Maharashtra
O02418,C2853,2024-05-20,Completed,Debit Card,Gurugram,Haryana
O02419,C2295,2025-04-06,Completed,Debit Card,Pune,Maharashtra
O02420,C2678,2023-04-27,Cancelled,UPI,Indore,Madhya Pradesh
O02421,C0073,2024-10-10,Completed,UPI,Jaipur,Rajasthan
O02422,C2879,2023-12-22,Completed,UPI,Gurugram,Haryana
O02423,C2142,2025-02-14,Completed,Credit Card,Chennai,Tamil Nadu
O02424,C4531,2025-10-19,Returned,Credit Card,Patna,Bihar
O02425,C1807,2023-08-24,Completed,Credit Card,Kolkata,West Bengal
O02426,C2046,2025-07-30,Completed,COD,Jaipur,Rajasthan
O02427,C3503,2023-03-10,Completed,Credit Card,Nagpur,Maharashtra
O02428,C4553,2023-09-24,Completed,Net Banking,Nagpur,Maharashtra
O02429,C3502,2025-03-25,Cancelled,Debit Card,Pune,Maharashtra
O02430,C2277,2024-01-17,Completed,UPI,Bhubaneswar,Odisha
O02431,C2078,2024-01-09,Completed,Credit Card,Bengaluru,Karnataka
O02432,C1649,2024-11-15,Completed,COD,Hyderabad,Telangana
O02433,C0335,2024-05-20,Completed,UPI,Gurugram,Haryana
O02434,C4756,2023-08-25,Completed,Debit Card,Patna,Bihar
O02435,C4665,2023-11-21,Completed,UPI,Chennai,Tamil Nadu
O02436,C4273,2024-08-12,Completed,Net Banking,Bhubaneswar,Odisha
O02437,C2872,2025-02-28,Completed,Debit Card,Noida,Uttar Pradesh
O02438,C2616,2025-01-23,Completed,UPI,Chandigarh,Chandigarh
O02439,C4873,2025-01-01,Completed,COD,Ahmedabad,Gujarat
O02440,C4173,2023-01-21,Cancelled,UPI,Kolkata,West Bengal
O02441,C0933,2023-11-01,Completed,Credit Card,Indore,Madhya Pradesh
O02442,C0636,2024-08-26,Completed,Debit Card,Chandigarh,Chandigarh
O02443,C3230,2025-03-17,Completed,Net Banking,Indore,Madhya Pradesh
O02444,C1191,2025-10-06,Cancelled,UPI,Lucknow,Uttar Pradesh
O02445,C0012,2024-03-20,Completed,COD,Bengaluru,Karnataka
O02446,C4003,2023-09-23,Completed,UPI,Bengaluru,Karnataka
O02447,C4927,2025-09-23,Completed,UPI,Jaipur,Rajasthan
O02448,C1450,2025-12-17,Completed,UPI,Noida,Uttar Pradesh
O02449,C0449,2024-08-23,Completed,Debit Card,Lucknow,Uttar Pradesh
O02450,C2497,2024-09-24,Cancelled,UPI,Chennai,Tamil Nadu
O02451,C0427,2025-01-26,Completed,UPI,Patna,Bihar
O02452,C0916,2023-11-20,Completed,Net Banking,Hyderabad,Telangana
O02453,C3170,2025-12-21,Completed,UPI,Mumbai,Maharashtra
O02454,C4727,2023-03-30,Completed,Credit Card,Bengaluru,Karnataka
O02455,C4322,2024-02-20,Completed,Debit Card,Patna,Bihar
O02456,C0447,2024-11-12,Completed,UPI,Hyderabad,Telangana
O02457,C1911,2024-02-09,Completed,UPI,Jaipur,Rajasthan
O02458,C3736,2023-12-31,Completed,Debit Card,Pune,Maharashtra
O02459,C2251,2024-01-20,Cancelled,Debit Card,Bengaluru,Karnataka
O02460,C4771,2023-01-09,Completed,COD,Noida,Uttar Pradesh
O02461,C2682,2024-05-29,Returned,Credit Card,Kochi,Kerala
O02462,C1402,2023-11-05,Completed,COD,Hyderabad,Telangana
O02463,C3408,2023-06-19,Completed,Debit Card,Chennai,Tamil Nadu
O02464,C1044,2023-05-27,Completed,Credit Card,Gurugram,Haryana
O02465,C3019,2023-03-21,Completed,UPI,Bhopal,Madhya Pradesh
O02466,C0392,2025-03-14,Completed,Credit Card,Surat,Gujarat
O02467,C4820,2024-03-27,Completed,Credit Card,Jaipur,Rajasthan
O02468,C1286,2025-09-04,Completed,Debit Card,Bhubaneswar,Odisha
O02469,C4110,2025-03-17,Completed,Debit Card,Kolkata,West Bengal
O02470,C2435,2025-01-26,Completed,Credit Card,Bengaluru,Karnataka
O02471,C0642,2023-10-22,Completed,Credit Card,Mumbai,Maharashtra
O02472,C1046,2024-09-04,Completed,COD,Delhi,Delhi
O02473,C4321,2025-06-01,Completed,UPI,Kochi,Kerala
O02474,C4038,2024-03-25,Completed,UPI,Jaipur,Rajasthan
O02475,C3048,2023-03-10,Returned,COD,Chandigarh,Chandigarh
O02476,C1158,2024-07-09,Completed,Net Banking,Gurugram,Haryana
O02477,C3250,2025-06-27,Completed,Credit Card,Nagpur,Maharashtra
O02478,C3628,2024-05-14,Completed,Net Banking,Indore,Madhya Pradesh
O02479,C1544,2025-04-09,Completed,UPI,Jaipur,Rajasthan
O02480,C0792,2024-05-16,Completed,UPI,Patna,Bihar
O02481,C0437,2025-08-31,Completed,Credit Card,Ahmedabad,Gujarat
O02482,C3515,2024-12-30,Completed,COD,Bhubaneswar,Odisha
O02483,C4677,2025-06-19,Completed,Debit Card,Ahmedabad,Gujarat
O02484,C4783,2024-10-21,Completed,UPI,Kolkata,West Bengal
O02485,C4461,2025-01-30,Completed,UPI,Ahmedabad,Gujarat
O02486,C3960,2023-02-23,Completed,Debit Card,Bengaluru,Karnataka
O02487,C4365,2023-11-28,Completed,COD,Bhopal,Madhya Pradesh
O02488,C1717,2025-08-16,Completed,UPI,Nagpur,Maharashtra
O02489,C3637,2024-10-17,Completed,Credit Card,Mumbai,Maharashtra
O02490,C3365,2023-11-09,Completed,Net Banking,Ahmedabad,Gujarat
O02491,C4174,2023-12-21,Completed,Credit Card,Kochi,Kerala
O02492,C0189,2023-08-13,Completed,UPI,Kolkata,West Bengal
O02493,C2719,2024-09-05,Completed,COD,Bhubaneswar,Odisha
O02494,C2406,2023-04-09,Completed,Credit Card,Nagpur,Maharashtra
O02495,C3931,2023-11-03,Completed,UPI,Delhi,Delhi
O02496,C3166,2025-03-05,Completed,UPI,Mumbai,Maharashtra
O02497,C0903,2024-01-26,Returned,Credit Card,Kolkata,West Bengal
O02498,C0341,2024-01-09,Cancelled,COD,Patna,Bihar
O02499,C2882,2023-07-23,Completed,Debit Card,Bhubaneswar,Odisha
O02500,C4507,2024-08-31,Returned,Credit Card,Ahmedabad,Gujarat
O02501,C4994,2024-09-24,Completed,Debit Card,Bengaluru,Karnataka
O02502,C0644,2023-03-07,Completed,UPI,Pune,Maharashtra
O02503,C0021,2023-05-11,Returned,Debit Card,Lucknow,Uttar Pradesh
O02504,C3073,2025-02-17,Completed,UPI,Patna,Bihar
O02505,C0678,2025-06-19,Completed,UPI,Chennai,Tamil Nadu
O02506,C1100,2025-04-07,Completed,COD,Bhubaneswar,Odisha
O02507,C2651,2023-04-02,Completed,UPI,Gurugram,Haryana
O02508,C3470,2025-01-08,Completed,UPI,Hyderabad,Telangana
O02509,C4184,2024-10-14,Completed,UPI,Delhi,Delhi
O02510,C2065,2023-02-23,Completed,Credit Card,Noida,Uttar Pradesh
O02511,C3401,2024-10-19,Completed,UPI,Kolkata,West Bengal
O02512,C2872,2024-11-09,Completed,Credit Card,Noida,Uttar Pradesh
O02513,C2431,2023-02-14,Completed,COD,Chandigarh,Chandigarh
O02514,C2688,2023-04-27,Completed,COD,Pune,Maharashtra
O02515,C1417,2023-05-27,Cancelled,UPI,Chandigarh,Chandigarh
O02516,C4406,2024-10-20,Completed,UPI,Chandigarh,Chandigarh
O02517,C0492,2025-11-10,Completed,UPI,Chandigarh,Chandigarh
O02518,C0760,2024-06-19,Completed,UPI,Chandigarh,Chandigarh
O02519,C3502,2025-12-07,Completed,UPI,Pune,Maharashtra
O02520,C0001,2024-02-23,Completed,COD,Pune,Maharashtra
O02521,C2089,2025-10-09,Completed,UPI,Hyderabad,Telangana
O02522,C3657,2024-07-24,Completed,Credit Card,Bhopal,Madhya Pradesh
O02523,C4768,2025-09-24,Completed,Credit Card,Bengaluru,Karnataka
O02524,C0212,2024-04-26,Completed,Debit Card,Delhi,Delhi
O02525,C3723,2023-09-27,Completed,COD,Kolkata,West Bengal
O02526,C3518,2025-07-10,Completed,Net Banking,Hyderabad,Telangana
O02527,C1966,2024-11-22,Returned,UPI,Chandigarh,Chandigarh
O02528,C0304,2025-03-22,Returned,UPI,Kochi,Kerala
O02529,C4787,2023-08-30,Completed,UPI,Ahmedabad,Gujarat
O02530,C3773,2025-07-19,Cancelled,Credit Card,Pune,Maharashtra
O02531,C1782,2025-12-23,Completed,COD,Delhi,Delhi
O02532,C3226,2024-02-02,Completed,UPI,Bhopal,Madhya Pradesh
O02533,C4712,2025-06-06,Completed,COD,Kochi,Kerala
O02534,C4619,2023-02-18,Completed,UPI,Kochi,Kerala
O02535,C2073,2023-05-25,Completed,Debit Card,Pune,Maharashtra
O02536,C0808,2025-07-05,Completed,COD,Gurugram,Haryana
O02537,C4121,2024-02-02,Cancelled,COD,Patna,Bihar
O02538,C1777,2025-02-09,Completed,Credit Card,Nagpur,Maharashtra
O02539,C3191,2024-11-01,Completed,UPI,Kochi,Kerala
O02540,C4043,2024-03-03,Cancelled,COD,Bhopal,Madhya Pradesh
O02541,C4204,2025-11-06,Cancelled,UPI,Bengaluru,Karnataka
O02542,C1354,2023-03-22,Cancelled,UPI,Jaipur,Rajasthan
O02543,C0180,2023-07-03,Completed,COD,Bhopal,Madhya Pradesh
O02544,C0881,2024-04-11,Completed,Credit Card,Lucknow,Uttar Pradesh
O02545,C1831,2023-10-10,Completed,Credit Card,Patna,Bihar
O02546,C4699,2025-12-30,Completed,COD,Chennai,Tamil Nadu
O02547,C4003,2023-03-31,Completed,UPI,Bengaluru,Karnataka
O02548,C2801,2024-12-09,Completed,Credit Card,Noida,Uttar Pradesh
O02549,C4264,2024-10-03,Completed,Credit Card,Noida,Uttar Pradesh
O02550,C0223,2023-07-22,Completed,COD,Delhi,Delhi
O02551,C4565,2024-08-21,Completed,UPI,Ahmedabad,Gujarat
O02552,C4374,2023-01-06,Completed,Credit Card,Surat,Gujarat
O02553,C2238,2023-12-23,Completed,Credit Card,Chennai,Tamil Nadu
O02554,C2579,2023-02-24,Completed,UPI,Indore,Madhya Pradesh
O02555,C1779,2025-12-26,Completed,Credit Card,Ahmedabad,Gujarat
O02556,C0621,2023-05-27,Completed,Credit Card,Chennai,Tamil Nadu
O02557,C1214,2024-08-08,Completed,UPI,Ahmedabad,Gujarat
O02558,C4055,2025-09-06,Returned,COD,Patna,Bihar
O02559,C4314,2025-01-05,Completed,Credit Card,Bhubaneswar,Odisha
O02560,C4264,2024-11-25,Completed,UPI,Noida,Uttar Pradesh
O02561,C2828,2025-05-03,Completed,UPI,Pune,Maharashtra
O02562,C2241,2023-09-05,Completed,UPI,Kolkata,West Bengal
O02563,C1363,2023-05-12,Completed,Net Banking,Ahmedabad,Gujarat
O02564,C2839,2025-12-29,Returned,Net Banking,Pune,Maharashtra
O02565,C2503,2023-12-15,Completed,COD,Delhi,Delhi
O02566,C2241,2024-03-17,Completed,Credit Card,Kolkata,West Bengal
O02567,C0093,2023-09-13,Completed,COD,Pune,Maharashtra
O02568,C1239,2024-05-19,Completed,COD,Noida,Uttar Pradesh
O02569,C4609,2024-02-20,Completed,UPI,Bhubaneswar,Odisha
O02570,C3471,2023-11-15,Completed,Credit Card,Indore,Madhya Pradesh
O02571,C3236,2023-11-12,Completed,Net Banking,Surat,Gujarat
O02572,C4202,2025-09-12,Completed,UPI,Patna,Bihar
O02573,C2765,2025-09-24,Completed,Debit Card,Hyderabad,Telangana
O02574,C3605,2023-11-26,Returned,Debit Card,Chennai,Tamil Nadu
O02575,C2836,2025-12-22,Completed,Credit Card,Jaipur,Rajasthan
O02576,C3902,2025-03-11,Completed,Credit Card,Patna,Bihar
O02577,C3235,2023-05-03,Completed,Credit Card,Kolkata,West Bengal
O02578,C3629,2023-09-27,Completed,Credit Card,Chennai,Tamil Nadu
O02579,C1769,2023-01-08,Completed,UPI,Patna,Bihar
O02580,C3510,2024-12-30,Completed,COD,Pune,Maharashtra
O02581,C2902,2023-12-08,Completed,Debit Card,Pune,Maharashtra
O02582,C1542,2024-11-16,Completed,Net Banking,Delhi,Delhi
O02583,C2092,2025-04-07,Completed,UPI,Kochi,Kerala
O02584,C2651,2023-12-02,Completed,UPI,Gurugram,Haryana
O02585,C1732,2025-01-17,Cancelled,UPI,Bengaluru,Karnataka
O02586,C0092,2025-05-10,Completed,Credit Card,Jaipur,Rajasthan
O02587,C4855,2023-09-13,Completed,UPI,Nagpur,Maharashtra
O02588,C0731,2023-04-26,Completed,Credit Card,Bengaluru,Karnataka
O02589,C4433,2025-03-01,Completed,Debit Card,Bengaluru,Karnataka
O02590,C3815,2023-02-19,Completed,UPI,Gurugram,Haryana
O02591,C0700,2024-07-08,Completed,Debit Card,Hyderabad,Telangana
O02592,C3015,2024-05-20,Completed,Net Banking,Chandigarh,Chandigarh
O02593,C2312,2023-08-22,Completed,UPI,Bengaluru,Karnataka
O02594,C2017,2025-02-13,Completed,COD,Bengaluru,Karnataka
O02595,C3491,2023-07-08,Returned,Credit Card,Chennai,Tamil Nadu
O02596,C0978,2024-07-03,Completed,Debit Card,Ahmedabad,Gujarat
O02597,C4211,2024-06-07,Returned,Debit Card,Patna,Bihar
O02598,C1259,2025-03-31,Completed,UPI,Nagpur,Maharashtra
O02599,C3856,2023-01-14,Completed,COD,Ahmedabad,Gujarat
O02600,C1298,2025-08-24,Completed,UPI,Delhi,Delhi
O02601,C1979,2025-05-09,Completed,Net Banking,Pune,Maharashtra
O02602,C4130,2024-03-08,Completed,UPI,Bhopal,Madhya Pradesh
O02603,C1733,2024-09-03,Completed,UPI,Kolkata,West Bengal
O02604,C2943,2024-04-06,Completed,UPI,Mumbai,Maharashtra
O02605,C2510,2025-05-27,Completed,COD,Mumbai,Maharashtra
O02606,C0449,2023-10-11,Completed,Credit Card,Lucknow,Uttar Pradesh
O02607,C1238,2024-09-14,Completed,Net Banking,Noida,Uttar Pradesh
O02608,C4501,2025-03-10,Cancelled,Debit Card,Indore,Madhya Pradesh
O02609,C0333,2024-12-17,Completed,UPI,Mumbai,Maharashtra
O02610,C4324,2024-06-17,Completed,COD,Noida,Uttar Pradesh
O02611,C0166,2024-11-12,Completed,UPI,Mumbai,Maharashtra
O02612,C4681,2025-10-17,Completed,UPI,Chandigarh,Chandigarh
O02613,C4833,2025-01-03,Completed,UPI,Kochi,Kerala
O02614,C4694,2023-06-10,Completed,UPI,Indore,Madhya Pradesh
O02615,C4689,2023-06-23,Completed,UPI,Bengaluru,Karnataka
O02616,C4028,2025-06-23,Completed,UPI,Nagpur,Maharashtra
O02617,C2775,2023-01-26,Completed,UPI,Bhopal,Madhya Pradesh
O02618,C1700,2024-03-12,Completed,Credit Card,Lucknow,Uttar Pradesh
O02619,C1414,2025-01-28,Completed,UPI,Hyderabad,Telangana
O02620,C1447,2023-01-11,Completed,Debit Card,Lucknow,Uttar Pradesh
O02621,C3483,2024-09-10,Completed,UPI,Chennai,Tamil Nadu
O02622,C4745,2025-10-21,Completed,Net Banking,Hyderabad,Telangana
O02623,C1688,2024-06-06,Completed,UPI,Delhi,Delhi
O02624,C0447,2023-03-29,Completed,COD,Hyderabad,Telangana
O02625,C3475,2023-08-30,Completed,Credit Card,Nagpur,Maharashtra
O02626,C0097,2025-10-05,Completed,Debit Card,Mumbai,Maharashtra
O02627,C2427,2024-08-20,Completed,UPI,Nagpur,Maharashtra
O02628,C2718,2023-04-21,Completed,UPI,Jaipur,Rajasthan
O02629,C3258,2023-10-16,Completed,Net Banking,Chennai,Tamil Nadu
O02630,C4727,2023-03-15,Returned,Credit Card,Bengaluru,Karnataka
O02631,C0503,2023-04-18,Completed,Credit Card,Jaipur,Rajasthan
O02632,C4384,2025-03-11,Completed,Net Banking,Pune,Maharashtra
O02633,C4465,2025-01-06,Completed,UPI,Pune,Maharashtra
O02634,C0065,2023-03-18,Returned,UPI,Ahmedabad,Gujarat
O02635,C4258,2023-07-22,Completed,Credit Card,Bhopal,Madhya Pradesh
O02636,C0662,2025-04-30,Completed,Credit Card,Kolkata,West Bengal
O02637,C3490,2025-03-10,Completed,COD,Surat,Gujarat
O02638,C0481,2024-12-07,Completed,Net Banking,Bhubaneswar,Odisha
O02639,C4663,2024-02-16,Completed,UPI,Delhi,Delhi
O02640,C3262,2024-03-16,Cancelled,Debit Card,Surat,Gujarat
O02641,C0406,2023-02-22,Completed,Credit Card,Chandigarh,Chandigarh
O02642,C4861,2024-11-02,Completed,COD,Bhopal,Madhya Pradesh
O02643,C3561,2023-01-09,Returned,UPI,Surat,Gujarat
O02644,C3384,2024-11-21,Cancelled,Credit Card,Pune,Maharashtra
O02645,C3668,2023-03-24,Completed,UPI,Nagpur,Maharashtra
O02646,C4962,2025-11-14,Completed,Credit Card,Mumbai,Maharashtra
O02647,C1118,2023-08-13,Completed,UPI,Jaipur,Rajasthan
O02648,C2438,2024-03-05,Completed,Net Banking,Chennai,Tamil Nadu
O02649,C3483,2025-04-14,Completed,Credit Card,Chennai,Tamil Nadu
O02650,C3710,2025-06-13,Completed,Credit Card,Gurugram,Haryana
O02651,C3441,2025-01-29,Completed,Net Banking,Bhopal,Madhya Pradesh
O02652,C0742,2025-09-21,Completed,Credit Card,Bengaluru,Karnataka
O02653,C3240,2023-03-19,Completed,Debit Card,Nagpur,Maharashtra
O02654,C2922,2025-12-15,Completed,UPI,Kolkata,West Bengal
O02655,C1832,2023-12-23,Completed,Debit Card,Bengaluru,Karnataka
O02656,C4139,2024-06-18,Completed,UPI,Noida,Uttar Pradesh
O02657,C0911,2024-11-04,Returned,COD,Indore,Madhya Pradesh
O02658,C4013,2024-07-24,Completed,COD,Delhi,Delhi
O02659,C4703,2024-07-31,Completed,UPI,Chennai,Tamil Nadu
O02660,C1419,2024-02-10,Completed,COD,Pune,Maharashtra
O02661,C4815,2023-04-25,Completed,Credit Card,Bhopal,Madhya Pradesh
O02662,C4310,2024-04-18,Cancelled,Credit Card,Indore,Madhya Pradesh
O02663,C4039,2025-01-23,Returned,Credit Card,Delhi,Delhi
O02664,C3640,2023-11-27,Returned,Credit Card,Pune,Maharashtra
O02665,C3446,2024-12-25,Completed,COD,Bengaluru,Karnataka
O02666,C0132,2025-09-09,Completed,Net Banking,Pune,Maharashtra
O02667,C2057,2023-03-29,Completed,Credit Card,Chennai,Tamil Nadu
O02668,C0153,2025-06-26,Completed,Credit Card,Chennai,Tamil Nadu
O02669,C2479,2024-07-27,Completed,UPI,Noida,Uttar Pradesh
O02670,C0483,2023-01-03,Completed,UPI,Indore,Madhya Pradesh
O02671,C0305,2024-06-07,Completed,Credit Card,Noida,Uttar Pradesh
O02672,C2520,2024-05-20,Completed,UPI,Mumbai,Maharashtra
O02673,C0993,2024-10-07,Cancelled,Credit Card,Lucknow,Uttar Pradesh
O02674,C2238,2023-03-25,Completed,Debit Card,Chennai,Tamil Nadu
O02675,C2560,2023-07-03,Completed,Debit Card,Bhubaneswar,Odisha
O02676,C4439,2023-06-18,Completed,Credit Card,Bhubaneswar,Odisha
O02677,C0715,2023-04-18,Completed,COD,Bhopal,Madhya Pradesh
O02678,C1710,2023-07-12,Completed,UPI,Bhubaneswar,Odisha
O02679,C1058,2025-05-01,Completed,Credit Card,Ahmedabad,Gujarat
O02680,C0471,2023-09-29,Completed,UPI,Gurugram,Haryana
O02681,C3466,2024-07-09,Cancelled,Debit Card,Ahmedabad,Gujarat
O02682,C0741,2025-06-24,Completed,Credit Card,Pune,Maharashtra
O02683,C3567,2025-01-07,Completed,UPI,Bengaluru,Karnataka
O02684,C0513,2025-02-03,Completed,UPI,Jaipur,Rajasthan
O02685,C3394,2025-01-14,Completed,UPI,Indore,Madhya Pradesh
O02686,C3286,2025-02-09,Returned,COD,Delhi,Delhi
O02687,C3838,2025-03-09,Completed,Credit Card,Patna,Bihar
O02688,C2193,2023-04-26,Completed,Debit Card,Jaipur,Rajasthan
O02689,C4655,2025-08-18,Completed,Net Banking,Chandigarh,Chandigarh
O02690,C4888,2025-10-25,Completed,UPI,Indore,Madhya Pradesh
O02691,C0360,2025-02-11,Completed,Net Banking,Lucknow,Uttar Pradesh
O02692,C0285,2023-03-07,Completed,Credit Card,Nagpur,Maharashtra
O02693,C3317,2024-06-10,Completed,COD,Nagpur,Maharashtra
O02694,C3278,2024-03-24,Completed,UPI,Chandigarh,Chandigarh
O02695,C2632,2023-04-11,Completed,UPI,Noida,Uttar Pradesh
O02696,C1758,2024-12-30,Completed,UPI,Lucknow,Uttar Pradesh
O02697,C2775,2024-07-07,Cancelled,Debit Card,Bhopal,Madhya Pradesh
O02698,C1523,2023-03-07,Cancelled,UPI,Bhopal,Madhya Pradesh
O02699,C1246,2023-04-30,Cancelled,COD,Nagpur,Maharashtra
O02700,C1413,2023-09-02,Completed,UPI,Noida,Uttar Pradesh
O02701,C4839,2024-01-24,Completed,UPI,Bhubaneswar,Odisha
O02702,C1417,2023-10-14,Completed,UPI,Chandigarh,Chandigarh
O02703,C0358,2025-12-07,Completed,Debit Card,Chandigarh,Chandigarh
O02704,C3466,2025-03-10,Completed,Net Banking,Ahmedabad,Gujarat
O02705,C4136,2025-04-04,Completed,COD,Noida,Uttar Pradesh
O02706,C2950,2024-02-22,Completed,UPI,Indore,Madhya Pradesh
O02707,C3142,2025-08-27,Completed,UPI,Mumbai,Maharashtra
O02708,C2877,2023-12-17,Completed,Debit Card,Noida,Uttar Pradesh
O02709,C4554,2023-06-04,Completed,Debit Card,Jaipur,Rajasthan
O02710,C0197,2023-07-22,Completed,UPI,Bengaluru,Karnataka
O02711,C1875,2025-08-22,Completed,COD,Hyderabad,Telangana
O02712,C0938,2024-03-15,Completed,UPI,Bhopal,Madhya Pradesh
O02713,C2195,2024-01-14,Completed,Debit Card,Delhi,Delhi
O02714,C3531,2023-02-17,Returned,UPI,Nagpur,Maharashtra
O02715,C4126,2023-08-17,Completed,Credit Card,Chandigarh,Chandigarh
O02716,C0390,2025-09-16,Returned,Credit Card,Bhopal,Madhya Pradesh
O02717,C2927,2024-11-11,Completed,Net Banking,Chandigarh,Chandigarh
O02718,C0347,2025-11-11,Completed,Credit Card,Chennai,Tamil Nadu
O02719,C2845,2025-06-16,Completed,Net Banking,Gurugram,Haryana
O02720,C0119,2025-08-26,Completed,UPI,Chandigarh,Chandigarh
O02721,C4616,2025-08-12,Completed,COD,Kochi,Kerala
O02722,C1239,2024-10-07,Completed,Debit Card,Noida,Uttar Pradesh
O02723,C2781,2023-01-11,Completed,COD,Bhubaneswar,Odisha
O02724,C2128,2025-11-16,Returned,Debit Card,Jaipur,Rajasthan
O02725,C2467,2024-03-31,Returned,Debit Card,Lucknow,Uttar Pradesh
O02726,C0584,2025-11-20,Completed,Debit Card,Jaipur,Rajasthan
O02727,C2760,2024-08-25,Completed,Net Banking,Bengaluru,Karnataka
O02728,C1709,2025-08-22,Cancelled,UPI,Delhi,Delhi
O02729,C2705,2024-08-13,Completed,UPI,Kochi,Kerala
O02730,C4838,2024-05-28,Returned,Debit Card,Bengaluru,Karnataka
O02731,C0672,2024-02-03,Completed,UPI,Kolkata,West Bengal
O02732,C1772,2024-01-22,Completed,Debit Card,Noida,Uttar Pradesh
O02733,C1686,2024-09-09,Completed,UPI,Chennai,Tamil Nadu
O02734,C2078,2023-05-18,Completed,UPI,Bengaluru,Karnataka
O02735,C2486,2024-10-14,Cancelled,COD,Bhubaneswar,Odisha
O02736,C1697,2024-04-26,Completed,UPI,Kochi,Kerala
O02737,C3602,2023-10-27,Completed,UPI,Chennai,Tamil Nadu
O02738,C4159,2023-02-01,Completed,UPI,Chennai,Tamil Nadu
O02739,C1454,2024-04-01,Returned,UPI,Hyderabad,Telangana
O02740,C3207,2024-06-25,Completed,COD,Bhopal,Madhya Pradesh
O02741,C4253,2023-02-13,Completed,Debit Card,Pune,Maharashtra
O02742,C2991,2024-06-30,Completed,COD,Bengaluru,Karnataka
O02743,C4873,2025-09-10,Completed,Debit Card,Ahmedabad,Gujarat
O02744,C2302,2024-02-28,Completed,Net Banking,Indore,Madhya Pradesh
O02745,C3259,2023-02-14,Completed,Credit Card,Lucknow,Uttar Pradesh
O02746,C1351,2024-01-15,Returned,UPI,Chennai,Tamil Nadu
O02747,C4102,2024-05-11,Completed,UPI,Bhubaneswar,Odisha
O02748,C3950,2025-06-02,Completed,Credit Card,Gurugram,Haryana
O02749,C1280,2025-08-16,Cancelled,UPI,Bhopal,Madhya Pradesh
O02750,C0821,2023-05-18,Completed,UPI,Delhi,Delhi
O02751,C1344,2024-02-12,Completed,UPI,Bengaluru,Karnataka
O02752,C2296,2023-07-04,Completed,Credit Card,Bhopal,Madhya Pradesh
O02753,C0004,2024-05-03,Returned,Credit Card,Patna,Bihar
O02754,C2561,2023-01-18,Completed,Net Banking,Bengaluru,Karnataka
O02755,C2554,2024-09-26,Completed,UPI,Mumbai,Maharashtra
O02756,C0031,2023-06-20,Completed,UPI,Pune,Maharashtra
O02757,C1653,2024-02-04,Cancelled,Credit Card,Gurugram,Haryana
O02758,C1299,2025-06-28,Cancelled,UPI,Kochi,Kerala
O02759,C4805,2023-08-27,Completed,Debit Card,Kolkata,West Bengal
O02760,C0886,2023-11-16,Completed,Credit Card,Ahmedabad,Gujarat
O02761,C1201,2024-06-05,Completed,Credit Card,Mumbai,Maharashtra
O02762,C3359,2024-06-11,Completed,Debit Card,Patna,Bihar
O02763,C1980,2024-04-21,Cancelled,UPI,Hyderabad,Telangana
O02764,C4844,2025-01-28,Completed,UPI,Patna,Bihar
O02765,C4039,2023-02-11,Completed,UPI,Delhi,Delhi
O02766,C2127,2023-08-22,Cancelled,Credit Card,Gurugram,Haryana
O02767,C2291,2024-07-09,Returned,UPI,Ahmedabad,Gujarat
O02768,C3895,2024-03-12,Completed,UPI,Hyderabad,Telangana
O02769,C4597,2024-11-06,Cancelled,UPI,Bhopal,Madhya Pradesh
O02770,C0205,2025-01-12,Completed,UPI,Bhubaneswar,Odisha
O02771,C1484,2025-06-26,Completed,UPI,Nagpur,Maharashtra
O02772,C2771,2025-03-13,Completed,UPI,Chandigarh,Chandigarh
O02773,C4429,2025-04-30,Completed,Credit Card,Kolkata,West Bengal
O02774,C2651,2025-09-23,Completed,UPI,Gurugram,Haryana
O02775,C4262,2025-04-25,Completed,COD,Kochi,Kerala
O02776,C2209,2024-05-24,Completed,Credit Card,Chandigarh,Chandigarh
O02777,C0006,2023-01-22,Completed,Debit Card,Pune,Maharashtra
O02778,C0532,2025-10-04,Completed,UPI,Bhopal,Madhya Pradesh
O02779,C2093,2023-08-30,Returned,Credit Card,Surat,Gujarat
O02780,C4553,2025-04-22,Returned,Debit Card,Nagpur,Maharashtra
O02781,C0227,2024-07-31,Completed,UPI,Chennai,Tamil Nadu
O02782,C2100,2024-03-28,Completed,UPI,Chandigarh,Chandigarh
O02783,C4567,2024-05-21,Cancelled,COD,Bhopal,Madhya Pradesh
O02784,C0897,2023-08-01,Completed,COD,Kochi,Kerala
O02785,C1321,2025-09-19,Returned,Credit Card,Chandigarh,Chandigarh
O02786,C2662,2024-02-13,Completed,COD,Delhi,Delhi
O02787,C2560,2024-09-13,Completed,Debit Card,Bhubaneswar,Odisha
O02788,C1665,2024-07-12,Completed,UPI,Surat,Gujarat
O02789,C1526,2025-05-21,Completed,Credit Card,Jaipur,Rajasthan
O02790,C3751,2024-10-29,Completed,Debit Card,Nagpur,Maharashtra
O02791,C3655,2024-08-14,Completed,Credit Card,Nagpur,Maharashtra
O02792,C2568,2025-12-04,Returned,COD,Chennai,Tamil Nadu
O02793,C4770,2024-12-07,Completed,UPI,Kolkata,West Bengal
O02794,C1097,2024-12-23,Cancelled,UPI,Mumbai,Maharashtra
O02795,C3099,2025-02-18,Returned,Debit Card,Bengaluru,Karnataka
O02796,C3241,2024-05-21,Completed,Debit Card,Delhi,Delhi
O02797,C2823,2024-03-25,Completed,COD,Nagpur,Maharashtra
O02798,C2928,2025-01-19,Completed,UPI,Jaipur,Rajasthan
O02799,C4994,2024-06-21,Completed,Debit Card,Bengaluru,Karnataka
O02800,C3615,2024-05-12,Completed,UPI,Nagpur,Maharashtra
O02801,C0848,2024-12-16,Completed,COD,Chennai,Tamil Nadu
O02802,C3617,2024-02-04,Completed,Debit Card,Lucknow,Uttar Pradesh
O02803,C2705,2024-08-06,Completed,Credit Card,Kochi,Kerala
O02804,C3894,2025-07-09,Completed,Credit Card,Ahmedabad,Gujarat
O02805,C3382,2023-12-05,Completed,Debit Card,Nagpur,Maharashtra
O02806,C3072,2024-04-01,Completed,UPI,Indore,Madhya Pradesh
O02807,C2995,2024-10-06,Cancelled,COD,Jaipur,Rajasthan
O02808,C4743,2023-10-09,Completed,UPI,Indore,Madhya Pradesh
O02809,C4534,2024-02-18,Cancelled,Credit Card,Mumbai,Maharashtra
O02810,C1501,2023-06-12,Cancelled,Credit Card,Noida,Uttar Pradesh
O02811,C2443,2025-04-22,Returned,COD,Chennai,Tamil Nadu
O02812,C1726,2023-06-10,Completed,UPI,Kochi,Kerala
O02813,C1566,2023-09-12,Cancelled,UPI,Chandigarh,Chandigarh
O02814,C1744,2025-12-29,Completed,Debit Card,Patna,Bihar
O02815,C0326,2024-02-16,Completed,Credit Card,Ahmedabad,Gujarat
O02816,C4418,2024-12-14,Completed,UPI,Chandigarh,Chandigarh
O02817,C2231,2023-02-05,Completed,Debit Card,Indore,Madhya Pradesh
O02818,C2667,2024-12-30,Completed,UPI,Bengaluru,Karnataka
O02819,C1210,2024-04-14,Completed,COD,Indore,Madhya Pradesh
O02820,C4362,2023-11-05,Completed,Credit Card,Ahmedabad,Gujarat
O02821,C0842,2024-04-25,Cancelled,UPI,Mumbai,Maharashtra
O02822,C4425,2024-12-04,Completed,Credit Card,Surat,Gujarat
O02823,C3902,2025-02-27,Completed,UPI,Patna,Bihar
O02824,C3437,2023-10-18,Completed,Debit Card,Patna,Bihar
O02825,C4779,2024-03-05,Completed,Debit Card,Kolkata,West Bengal
O02826,C2072,2024-08-20,Completed,Credit Card,Surat,Gujarat
O02827,C1285,2024-03-07,Cancelled,UPI,Pune,Maharashtra
O02828,C1379,2024-10-07,Returned,COD,Nagpur,Maharashtra
O02829,C2659,2024-05-19,Completed,Credit Card,Patna,Bihar
O02830,C3562,2024-11-03,Returned,Debit Card,Pune,Maharashtra
O02831,C1888,2025-03-17,Completed,UPI,Chandigarh,Chandigarh
O02832,C4013,2023-02-10,Completed,Debit Card,Delhi,Delhi
O02833,C1979,2024-01-19,Completed,Credit Card,Pune,Maharashtra
O02834,C4728,2025-06-04,Cancelled,UPI,Surat,Gujarat
O02835,C4417,2023-07-02,Completed,Net Banking,Ahmedabad,Gujarat
O02836,C4299,2025-02-02,Completed,UPI,Surat,Gujarat
O02837,C3162,2025-11-29,Completed,UPI,Mumbai,Maharashtra
O02838,C2225,2023-05-18,Completed,UPI,Bhubaneswar,Odisha
O02839,C4723,2023-12-01,Completed,UPI,Bengaluru,Karnataka
O02840,C2080,2023-05-18,Completed,Credit Card,Mumbai,Maharashtra
O02841,C4823,2024-05-02,Completed,Credit Card,Gurugram,Haryana
O02842,C0954,2024-07-29,Completed,COD,Indore,Madhya Pradesh
O02843,C2868,2024-09-20,Completed,COD,Nagpur,Maharashtra
O02844,C2291,2025-06-16,Completed,COD,Ahmedabad,Gujarat
O02845,C0070,2024-02-13,Completed,UPI,Noida,Uttar Pradesh
O02846,C1095,2025-10-29,Cancelled,Credit Card,Patna,Bihar
O02847,C4254,2025-05-08,Completed,Debit Card,Hyderabad,Telangana
O02848,C0549,2023-08-07,Completed,UPI,Delhi,Delhi
O02849,C1840,2025-04-21,Completed,COD,Bengaluru,Karnataka
O02850,C1952,2023-12-16,Completed,Credit Card,Noida,Uttar Pradesh
O02851,C1059,2024-02-09,Completed,COD,Delhi,Delhi
O02852,C3552,2023-02-12,Completed,COD,Bhubaneswar,Odisha
O02853,C2508,2023-09-15,Completed,UPI,Delhi,Delhi
O02854,C3908,2025-05-01,Completed,UPI,Indore,Madhya Pradesh
O02855,C4982,2025-12-04,Cancelled,Net Banking,Pune,Maharashtra
O02856,C3491,2025-10-10,Completed,UPI,Chennai,Tamil Nadu
O02857,C4607,2024-03-10,Completed,UPI,Mumbai,Maharashtra
O02858,C4464,2024-06-13,Completed,COD,Chandigarh,Chandigarh
O02859,C2960,2023-03-10,Completed,COD,Nagpur,Maharashtra
O02860,C0883,2025-11-14,Cancelled,UPI,Ahmedabad,Gujarat
O02861,C2626,2024-07-21,Cancelled,UPI,Mumbai,Maharashtra
O02862,C4765,2024-05-27,Completed,UPI,Pune,Maharashtra
O02863,C2154,2023-07-02,Completed,Credit Card,Kochi,Kerala
O02864,C4762,2023-02-23,Cancelled,Credit Card,Pune,Maharashtra
O02865,C3567,2023-06-09,Completed,UPI,Bengaluru,Karnataka
O02866,C0260,2025-01-07,Completed,UPI,Surat,Gujarat
O02867,C1509,2023-09-21,Completed,UPI,Indore,Madhya Pradesh
O02868,C0313,2024-09-12,Completed,UPI,Jaipur,Rajasthan
O02869,C2679,2025-10-02,Completed,COD,Kolkata,West Bengal
O02870,C1845,2025-12-03,Completed,Debit Card,Bhopal,Madhya Pradesh
O02871,C2585,2023-07-20,Completed,COD,Lucknow,Uttar Pradesh
O02872,C4015,2023-05-27,Completed,COD,Surat,Gujarat
O02873,C3252,2024-12-11,Completed,Credit Card,Indore,Madhya Pradesh
O02874,C1534,2024-06-30,Completed,Credit Card,Ahmedabad,Gujarat
O02875,C4770,2025-05-21,Completed,Net Banking,Kolkata,West Bengal
O02876,C1424,2024-07-28,Completed,COD,Jaipur,Rajasthan
O02877,C2021,2023-03-23,Completed,COD,Ahmedabad,Gujarat
O02878,C1692,2023-09-20,Returned,Credit Card,Chandigarh,Chandigarh
O02879,C1729,2025-07-11,Completed,Credit Card,Chennai,Tamil Nadu
O02880,C0328,2025-11-28,Completed,COD,Surat,Gujarat
O02881,C1589,2023-10-13,Completed,COD,Bhopal,Madhya Pradesh
O02882,C3754,2023-01-23,Completed,Credit Card,Chennai,Tamil Nadu
O02883,C2895,2023-10-30,Completed,UPI,Patna,Bihar
O02884,C0098,2023-07-25,Completed,UPI,Delhi,Delhi
O02885,C4755,2023-04-05,Completed,Credit Card,Indore,Madhya Pradesh
O02886,C2348,2024-04-19,Completed,UPI,Kochi,Kerala
O02887,C1098,2023-05-17,Completed,UPI,Bengaluru,Karnataka
O02888,C4735,2023-05-31,Completed,UPI,Delhi,Delhi
O02889,C0085,2024-12-03,Returned,UPI,Ahmedabad,Gujarat
O02890,C1278,2023-07-21,Completed,COD,Bhubaneswar,Odisha
O02891,C2712,2025-07-31,Cancelled,UPI,Gurugram,Haryana
O02892,C0519,2023-03-15,Completed,COD,Gurugram,Haryana
O02893,C3524,2024-07-02,Completed,UPI,Bhubaneswar,Odisha
O02894,C0184,2024-09-28,Cancelled,Debit Card,Nagpur,Maharashtra
O02895,C0973,2025-09-26,Completed,COD,Lucknow,Uttar Pradesh
O02896,C3386,2025-09-24,Completed,COD,Lucknow,Uttar Pradesh
O02897,C2389,2025-10-21,Returned,COD,Chandigarh,Chandigarh
O02898,C4323,2023-10-18,Completed,UPI,Mumbai,Maharashtra
O02899,C4933,2023-03-12,Completed,Net Banking,Bhubaneswar,Odisha
O02900,C3828,2023-04-18,Completed,UPI,Noida,Uttar Pradesh
O02901,C2312,2024-08-20,Completed,Net Banking,Bengaluru,Karnataka
O02902,C2498,2025-11-14,Completed,Credit Card,Nagpur,Maharashtra
O02903,C3480,2023-07-22,Completed,UPI,Chennai,Tamil Nadu
O02904,C4266,2024-07-22,Completed,COD,Noida,Uttar Pradesh
O02905,C0566,2023-06-13,Completed,COD,Nagpur,Maharashtra
O02906,C1936,2025-07-18,Completed,UPI,Mumbai,Maharashtra
O02907,C0827,2023-06-29,Cancelled,COD,Kochi,Kerala
O02908,C4702,2024-08-20,Completed,UPI,Indore,Madhya Pradesh
O02909,C3118,2024-04-16,Completed,UPI,Noida,Uttar Pradesh
O02910,C0350,2025-12-04,Completed,COD,Kolkata,West Bengal
O02911,C0099,2024-06-15,Completed,UPI,Surat,Gujarat
O02912,C1770,2024-08-31,Completed,UPI,Lucknow,Uttar Pradesh
O02913,C1805,2024-03-06,Completed,Net Banking,Kochi,Kerala
O02914,C1061,2025-12-18,Completed,Credit Card,Ahmedabad,Gujarat
O02915,C3510,2025-09-01,Completed,Credit Card,Pune,Maharashtra
O02916,C3057,2025-09-01,Completed,Credit Card,Kochi,Kerala
O02917,C4171,2023-08-12,Returned,Debit Card,Noida,Uttar Pradesh
O02918,C2106,2025-03-20,Completed,COD,Hyderabad,Telangana
O02919,C3091,2023-07-08,Completed,Debit Card,Chandigarh,Chandigarh
O02920,C0402,2023-02-28,Returned,Debit Card,Lucknow,Uttar Pradesh
O02921,C0188,2025-10-28,Completed,UPI,Mumbai,Maharashtra
O02922,C3985,2025-04-04,Completed,Credit Card,Gurugram,Haryana
O02923,C0139,2024-02-10,Completed,Credit Card,Bhopal,Madhya Pradesh
O02924,C0143,2024-09-05,Completed,Debit Card,Delhi,Delhi
O02925,C4204,2025-11-10,Completed,UPI,Bengaluru,Karnataka
O02926,C0221,2024-01-19,Completed,Net Banking,Nagpur,Maharashtra
O02927,C4241,2024-02-16,Completed,UPI,Patna,Bihar
O02928,C4606,2024-12-28,Cancelled,UPI,Delhi,Delhi
O02929,C2424,2023-08-19,Completed,UPI,Bengaluru,Karnataka
O02930,C4101,2023-08-24,Completed,Debit Card,Pune,Maharashtra
O02931,C4029,2024-10-24,Completed,UPI,Pune,Maharashtra
O02932,C0388,2023-02-15,Completed,Net Banking,Bhubaneswar,Odisha
O02933,C3839,2023-08-10,Cancelled,Net Banking,Jaipur,Rajasthan
O02934,C3032,2025-01-21,Cancelled,UPI,Gurugram,Haryana
O02935,C0560,2023-06-05,Completed,Credit Card,Bengaluru,Karnataka
O02936,C1840,2025-03-28,Completed,UPI,Bengaluru,Karnataka
O02937,C3235,2024-07-28,Completed,Credit Card,Kolkata,West Bengal
O02938,C1772,2023-01-10,Completed,Credit Card,Noida,Uttar Pradesh
O02939,C0365,2023-03-30,Completed,COD,Jaipur,Rajasthan
O02940,C0417,2025-06-27,Completed,UPI,Delhi,Delhi
O02941,C1636,2023-11-22,Completed,Net Banking,Hyderabad,Telangana
O02942,C2069,2023-10-13,Completed,Net Banking,Kochi,Kerala
O02943,C0517,2023-08-03,Completed,Credit Card,Chennai,Tamil Nadu
O02944,C4032,2025-09-22,Completed,Credit Card,Nagpur,Maharashtra
O02945,C1221,2025-09-08,Completed,Credit Card,Bhopal,Madhya Pradesh
O02946,C0661,2024-02-06,Completed,UPI,Pune,Maharashtra
O02947,C3417,2024-09-03,Completed,Debit Card,Indore,Madhya Pradesh
O02948,C0330,2024-06-06,Completed,Credit Card,Bhopal,Madhya Pradesh
O02949,C0378,2023-12-06,Completed,UPI,Bengaluru,Karnataka
O02950,C3283,2025-04-08,Completed,Credit Card,Jaipur,Rajasthan
O02951,C0160,2025-06-24,Returned,UPI,Bhubaneswar,Odisha
O02952,C4754,2023-12-23,Completed,Debit Card,Ahmedabad,Gujarat
O02953,C1264,2024-01-13,Completed,Debit Card,Surat,Gujarat
O02954,C4175,2023-03-16,Completed,Credit Card,Ahmedabad,Gujarat
O02955,C2200,2023-09-22,Completed,UPI,Noida,Uttar Pradesh
O02956,C2565,2025-06-29,Completed,COD,Noida,Uttar Pradesh
O02957,C2431,2025-10-10,Completed,Debit Card,Chandigarh,Chandigarh
O02958,C4789,2023-08-16,Cancelled,Debit Card,Chennai,Tamil Nadu
O02959,C2038,2023-05-11,Completed,Debit Card,Kochi,Kerala
O02960,C2400,2025-10-30,Returned,UPI,Bhubaneswar,Odisha
O02961,C1225,2024-06-28,Cancelled,UPI,Indore,Madhya Pradesh
O02962,C1989,2023-09-01,Completed,Credit Card,Noida,Uttar Pradesh
O02963,C0866,2023-08-16,Completed,Net Banking,Bengaluru,Karnataka
O02964,C0391,2023-09-02,Completed,Credit Card,Surat,Gujarat
O02965,C1409,2024-03-19,Completed,COD,Lucknow,Uttar Pradesh
O02966,C4916,2024-09-06,Completed,UPI,Hyderabad,Telangana
O02967,C4031,2025-06-05,Completed,Debit Card,Nagpur,Maharashtra
O02968,C4436,2025-04-04,Completed,UPI,Chennai,Tamil Nadu
O02969,C1555,2025-07-24,Completed,Credit Card,Delhi,Delhi
O02970,C4048,2024-01-17,Completed,UPI,Gurugram,Haryana
O02971,C0132,2024-09-30,Completed,Debit Card,Pune,Maharashtra
O02972,C3680,2024-06-05,Completed,Credit Card,Kolkata,West Bengal
O02973,C3077,2025-04-21,Completed,Credit Card,Gurugram,Haryana
O02974,C4473,2023-06-07,Completed,UPI,Chandigarh,Chandigarh
O02975,C4736,2024-06-30,Completed,UPI,Bengaluru,Karnataka
O02976,C1522,2024-05-20,Completed,UPI,Nagpur,Maharashtra
O02977,C3270,2025-03-31,Completed,Credit Card,Bengaluru,Karnataka
O02978,C0441,2023-06-16,Cancelled,UPI,Jaipur,Rajasthan
O02979,C1742,2023-01-22,Completed,UPI,Bhubaneswar,Odisha
O02980,C1204,2023-03-08,Returned,Credit Card,Chennai,Tamil Nadu
O02981,C0241,2024-12-10,Completed,UPI,Hyderabad,Telangana
O02982,C3392,2024-09-03,Completed,Credit Card,Ahmedabad,Gujarat
O02983,C3722,2025-04-27,Completed,UPI,Nagpur,Maharashtra
O02984,C4119,2024-08-09,Completed,Net Banking,Lucknow,Uttar Pradesh
O02985,C1204,2025-06-06,Cancelled,Debit Card,Chennai,Tamil Nadu
O02986,C1888,2023-01-17,Completed,Credit Card,Chandigarh,Chandigarh
O02987,C4271,2024-10-20,Completed,Net Banking,Bhopal,Madhya Pradesh
O02988,C0198,2025-01-31,Completed,COD,Bhubaneswar,Odisha
O02989,C3526,2023-09-12,Completed,UPI,Patna,Bihar
O02990,C4195,2023-11-24,Completed,UPI,Surat,Gujarat
O02991,C0745,2023-12-12,Completed,UPI,Patna,Bihar
O02992,C0453,2023-08-28,Returned,UPI,Nagpur,Maharashtra
O02993,C3263,2023-11-03,Completed,Debit Card,Pune,Maharashtra
O02994,C3022,2023-06-25,Completed,Credit Card,Pune,Maharashtra
O02995,C0499,2023-11-09,Cancelled,COD,Patna,Bihar
O02996,C3688,2025-06-24,Completed,Credit Card,Kolkata,West Bengal
O02997,C3263,2024-06-27,Completed,COD,Pune,Maharashtra
O02998,C0141,2023-12-01,Completed,UPI,Patna,Bihar
O02999,C1715,2025-04-15,Returned,Debit Card,Bhopal,Madhya Pradesh
O03000,C2821,2025-06-18,Completed,Debit Card,Nagpur,Maharashtra
O03001,C2223,2024-12-01,Completed,Debit Card,Nagpur,Maharashtra
O03002,C2468,2023-09-26,Completed,COD,Chandigarh,Chandigarh
O03003,C0676,2025-03-16,Completed,UPI,Gurugram,Haryana
O03004,C3506,2023-07-05,Cancelled,Credit Card,Bhubaneswar,Odisha
O03005,C3603,2023-04-20,Completed,UPI,Chandigarh,Chandigarh
O03006,C0918,2025-02-05,Completed,Debit Card,Delhi,Delhi
O03007,C1823,2023-02-04,Completed,UPI,Indore,Madhya Pradesh
O03008,C3823,2025-03-08,Completed,Credit Card,Kolkata,West Bengal
O03009,C2604,2024-09-22,Completed,COD,Patna,Bihar
O03010,C4804,2023-01-10,Completed,UPI,Chennai,Tamil Nadu
O03011,C1731,2023-07-28,Completed,UPI,Delhi,Delhi
O03012,C3429,2023-02-07,Completed,Debit Card,Ahmedabad,Gujarat
O03013,C4657,2023-04-04,Cancelled,Net Banking,Jaipur,Rajasthan
O03014,C4155,2025-06-05,Completed,UPI,Indore,Madhya Pradesh
O03015,C3719,2025-04-18,Completed,COD,Patna,Bihar
O03016,C1625,2024-10-13,Completed,UPI,Bengaluru,Karnataka
O03017,C1807,2023-08-30,Completed,UPI,Kolkata,West Bengal
O03018,C4359,2024-11-12,Completed,Credit Card,Chennai,Tamil Nadu
O03019,C1455,2023-04-08,Completed,Debit Card,Bengaluru,Karnataka
O03020,C0354,2024-08-01,Completed,Net Banking,Bengaluru,Karnataka
O03021,C2934,2024-09-07,Cancelled,UPI,Bhopal,Madhya Pradesh
O03022,C0941,2023-05-21,Returned,Debit Card,Gurugram,Haryana
O03023,C3946,2023-07-22,Completed,UPI,Delhi,Delhi
O03024,C4143,2024-02-21,Completed,COD,Bengaluru,Karnataka
O03025,C4849,2025-03-12,Completed,UPI,Mumbai,Maharashtra
O03026,C0230,2025-08-03,Completed,Debit Card,Bengaluru,Karnataka
O03027,C3483,2023-05-17,Completed,UPI,Chennai,Tamil Nadu
O03028,C4853,2025-02-13,Completed,Net Banking,Patna,Bihar
O03029,C4858,2025-06-23,Completed,UPI,Bengaluru,Karnataka
O03030,C0238,2024-09-09,Completed,UPI,Patna,Bihar
O03031,C3773,2025-07-10,Returned,Debit Card,Pune,Maharashtra
O03032,C4174,2024-09-16,Completed,COD,Kochi,Kerala
O03033,C2782,2025-04-13,Completed,Net Banking,Ahmedabad,Gujarat
O03034,C2607,2023-05-18,Returned,UPI,Kolkata,West Bengal
O03035,C1985,2024-02-19,Completed,UPI,Bhopal,Madhya Pradesh
O03036,C3096,2024-09-11,Cancelled,COD,Ahmedabad,Gujarat
O03037,C1053,2023-09-05,Completed,UPI,Kochi,Kerala
O03038,C0351,2024-06-09,Completed,Debit Card,Chandigarh,Chandigarh
O03039,C0913,2023-08-13,Completed,Credit Card,Delhi,Delhi
O03040,C4446,2025-01-04,Completed,Debit Card,Nagpur,Maharashtra
O03041,C1305,2024-12-21,Cancelled,Credit Card,Bhopal,Madhya Pradesh
O03042,C2524,2024-04-07,Completed,Debit Card,Mumbai,Maharashtra
O03043,C0292,2025-07-04,Returned,Debit Card,Chennai,Tamil Nadu
O03044,C1213,2023-08-28,Completed,Debit Card,Gurugram,Haryana
O03045,C0468,2023-01-21,Completed,Debit Card,Bhubaneswar,Odisha
O03046,C3278,2024-03-23,Completed,Credit Card,Chandigarh,Chandigarh
O03047,C2526,2024-03-23,Completed,Debit Card,Mumbai,Maharashtra
O03048,C3576,2023-09-12,Completed,COD,Hyderabad,Telangana
O03049,C3200,2023-10-30,Completed,COD,Bhopal,Madhya Pradesh
O03050,C4326,2025-02-15,Completed,COD,Bhopal,Madhya Pradesh
O03051,C1065,2024-09-15,Completed,UPI,Gurugram,Haryana
O03052,C4889,2025-11-19,Completed,Debit Card,Bhopal,Madhya Pradesh
O03053,C3464,2025-06-05,Completed,Net Banking,Mumbai,Maharashtra
O03054,C4920,2024-01-23,Completed,UPI,Chandigarh,Chandigarh
O03055,C1694,2024-11-10,Completed,COD,Patna,Bihar
O03056,C4932,2024-04-24,Cancelled,UPI,Kolkata,West Bengal
O03057,C2395,2024-08-30,Completed,UPI,Chandigarh,Chandigarh
O03058,C2058,2023-05-15,Returned,Credit Card,Bhubaneswar,Odisha
O03059,C0087,2025-11-27,Completed,COD,Bengaluru,Karnataka
O03060,C2593,2023-10-15,Completed,UPI,Chandigarh,Chandigarh
O03061,C4043,2025-12-28,Cancelled,UPI,Bhopal,Madhya Pradesh
O03062,C2921,2025-01-15,Completed,UPI,Nagpur,Maharashtra
O03063,C0004,2025-12-26,Completed,UPI,Patna,Bihar
O03064,C3095,2023-07-11,Completed,Debit Card,Delhi,Delhi
O03065,C1522,2024-02-05,Completed,UPI,Nagpur,Maharashtra
O03066,C2949,2025-06-27,Completed,Net Banking,Delhi,Delhi
O03067,C3858,2024-10-19,Completed,UPI,Noida,Uttar Pradesh
O03068,C1978,2025-11-03,Completed,Credit Card,Jaipur,Rajasthan
O03069,C1475,2024-04-13,Completed,Credit Card,Indore,Madhya Pradesh
O03070,C1131,2025-06-11,Completed,Net Banking,Kolkata,West Bengal
O03071,C0881,2023-06-03,Completed,Credit Card,Lucknow,Uttar Pradesh
O03072,C1402,2025-08-14,Returned,Credit Card,Hyderabad,Telangana
O03073,C1976,2024-11-09,Completed,COD,Delhi,Delhi
O03074,C1751,2024-11-27,Completed,UPI,Bhopal,Madhya Pradesh
O03075,C0002,2023-11-02,Completed,UPI,Bhubaneswar,Odisha
O03076,C1145,2023-12-20,Completed,Credit Card,Mumbai,Maharashtra
O03077,C1639,2025-06-25,Completed,Credit Card,Noida,Uttar Pradesh
O03078,C0149,2025-03-08,Completed,UPI,Pune,Maharashtra
O03079,C4248,2024-11-24,Completed,Credit Card,Jaipur,Rajasthan
O03080,C2354,2025-05-03,Completed,Debit Card,Kolkata,West Bengal
O03081,C2044,2023-07-11,Completed,Net Banking,Jaipur,Rajasthan
O03082,C1703,2024-08-15,Completed,Debit Card,Delhi,Delhi
O03083,C2930,2025-06-23,Completed,Credit Card,Bhopal,Madhya Pradesh
O03084,C4571,2025-08-25,Completed,UPI,Hyderabad,Telangana
O03085,C1388,2025-10-16,Completed,UPI,Chandigarh,Chandigarh
O03086,C4903,2025-06-16,Cancelled,UPI,Bhubaneswar,Odisha
O03087,C1664,2025-03-26,Completed,Credit Card,Hyderabad,Telangana
O03088,C2081,2024-07-20,Completed,COD,Bengaluru,Karnataka
O03089,C1997,2025-12-26,Completed,COD,Kolkata,West Bengal
O03090,C3693,2024-09-18,Completed,COD,Gurugram,Haryana
O03091,C3231,2023-04-22,Completed,UPI,Gurugram,Haryana
O03092,C1251,2024-11-01,Completed,UPI,Mumbai,Maharashtra
O03093,C4463,2023-01-26,Completed,UPI,Indore,Madhya Pradesh
O03094,C2037,2025-09-27,Cancelled,COD,Mumbai,Maharashtra
O03095,C0538,2024-09-13,Completed,Debit Card,Chandigarh,Chandigarh
O03096,C1555,2025-12-25,Completed,UPI,Delhi,Delhi
O03097,C2153,2024-12-17,Completed,UPI,Pune,Maharashtra
O03098,C0791,2024-09-04,Completed,UPI,Hyderabad,Telangana
O03099,C1949,2025-10-21,Completed,Net Banking,Mumbai,Maharashtra
O03100,C4144,2024-08-04,Completed,UPI,Kolkata,West Bengal
O03101,C4756,2024-04-03,Completed,Credit Card,Patna,Bihar
O03102,C1436,2024-01-04,Cancelled,UPI,Mumbai,Maharashtra
O03103,C3250,2024-12-27,Returned,Credit Card,Nagpur,Maharashtra
O03104,C2849,2023-05-22,Completed,Net Banking,Chandigarh,Chandigarh
O03105,C0114,2023-01-14,Completed,UPI,Pune,Maharashtra
O03106,C2344,2024-12-11,Completed,UPI,Lucknow,Uttar Pradesh
O03107,C4534,2024-06-14,Completed,UPI,Mumbai,Maharashtra
O03108,C0162,2025-04-06,Completed,UPI,Nagpur,Maharashtra
O03109,C3913,2025-04-10,Completed,Debit Card,Noida,Uttar Pradesh
O03110,C0504,2024-03-13,Completed,UPI,Lucknow,Uttar Pradesh
O03111,C2635,2024-01-18,Completed,Credit Card,Bhopal,Madhya Pradesh
O03112,C2506,2025-07-03,Completed,Debit Card,Lucknow,Uttar Pradesh
O03113,C1395,2025-03-15,Completed,UPI,Delhi,Delhi
O03114,C1510,2025-08-30,Completed,Debit Card,Kochi,Kerala
O03115,C2320,2025-08-08,Completed,Credit Card,Lucknow,Uttar Pradesh
O03116,C3251,2024-02-09,Returned,UPI,Hyderabad,Telangana
O03117,C0480,2025-10-17,Completed,UPI,Kochi,Kerala
O03118,C4255,2025-06-04,Completed,Credit Card,Delhi,Delhi
O03119,C0755,2025-08-24,Completed,UPI,Pune,Maharashtra
O03120,C4000,2023-03-20,Completed,Credit Card,Delhi,Delhi
O03121,C1837,2023-11-05,Completed,Debit Card,Mumbai,Maharashtra
O03122,C0204,2024-12-27,Completed,UPI,Pune,Maharashtra
O03123,C2843,2025-11-22,Completed,Debit Card,Patna,Bihar
O03124,C3350,2025-06-08,Completed,COD,Surat,Gujarat
O03125,C3215,2024-12-13,Completed,UPI,Ahmedabad,Gujarat
O03126,C3592,2025-08-08,Completed,UPI,Bengaluru,Karnataka
O03127,C4608,2024-04-14,Cancelled,UPI,Bengaluru,Karnataka
O03128,C4212,2024-07-18,Returned,Credit Card,Bengaluru,Karnataka
O03129,C0392,2025-07-26,Returned,Debit Card,Surat,Gujarat
O03130,C3415,2023-05-01,Completed,UPI,Kolkata,West Bengal
O03131,C3445,2023-05-30,Completed,UPI,Hyderabad,Telangana
O03132,C2774,2023-06-02,Completed,Debit Card,Bhopal,Madhya Pradesh
O03133,C2417,2025-09-30,Completed,Debit Card,Pune,Maharashtra
O03134,C1239,2024-07-27,Cancelled,Credit Card,Noida,Uttar Pradesh
O03135,C2949,2025-12-22,Completed,Credit Card,Delhi,Delhi
O03136,C0741,2023-03-09,Completed,UPI,Pune,Maharashtra
O03137,C3884,2023-08-13,Completed,UPI,Patna,Bihar
O03138,C4133,2025-04-26,Completed,UPI,Surat,Gujarat
O03139,C2844,2024-07-11,Cancelled,Debit Card,Kochi,Kerala
O03140,C1536,2025-05-25,Completed,Credit Card,Noida,Uttar Pradesh
O03141,C0369,2023-09-04,Completed,Debit Card,Indore,Madhya Pradesh
O03142,C2272,2025-06-27,Returned,Credit Card,Noida,Uttar Pradesh
O03143,C1958,2023-10-19,Completed,Credit Card,Patna,Bihar
O03144,C4910,2023-08-02,Cancelled,UPI,Kolkata,West Bengal
O03145,C1099,2025-02-06,Completed,Credit Card,Bhopal,Madhya Pradesh
O03146,C2772,2024-08-27,Completed,COD,Indore,Madhya Pradesh
O03147,C1392,2025-08-28,Completed,Credit Card,Gurugram,Haryana
O03148,C1648,2025-10-07,Completed,Credit Card,Mumbai,Maharashtra
O03149,C2032,2023-03-15,Completed,UPI,Delhi,Delhi
O03150,C1679,2024-09-16,Completed,Debit Card,Bhubaneswar,Odisha
O03151,C2147,2024-10-25,Completed,Debit Card,Kolkata,West Bengal
O03152,C2825,2023-02-27,Completed,Debit Card,Patna,Bihar
O03153,C3297,2024-12-26,Completed,UPI,Bengaluru,Karnataka
O03154,C4171,2023-07-27,Completed,UPI,Noida,Uttar Pradesh
O03155,C3782,2024-02-17,Returned,UPI,Bengaluru,Karnataka
O03156,C2232,2025-12-11,Completed,COD,Gurugram,Haryana
O03157,C3365,2025-11-06,Completed,Net Banking,Ahmedabad,Gujarat
O03158,C3129,2024-12-30,Completed,Credit Card,Indore,Madhya Pradesh
O03159,C1273,2025-01-09,Completed,Credit Card,Chandigarh,Chandigarh
O03160,C1980,2025-03-14,Completed,UPI,Hyderabad,Telangana
O03161,C3698,2024-02-23,Completed,UPI,Bhubaneswar,Odisha
O03162,C2188,2025-07-07,Completed,UPI,Lucknow,Uttar Pradesh
O03163,C2407,2023-07-20,Completed,Debit Card,Kolkata,West Bengal
O03164,C1577,2023-03-21,Completed,UPI,Bhopal,Madhya Pradesh
O03165,C3480,2023-07-08,Completed,Debit Card,Chennai,Tamil Nadu
O03166,C3546,2025-04-07,Cancelled,Credit Card,Pune,Maharashtra
O03167,C1470,2025-01-23,Completed,COD,Nagpur,Maharashtra
O03168,C0980,2025-04-05,Completed,COD,Patna,Bihar
O03169,C1256,2025-12-03,Returned,COD,Bhopal,Madhya Pradesh
O03170,C3689,2024-05-24,Completed,Credit Card,Ahmedabad,Gujarat
O03171,C1642,2024-11-25,Completed,COD,Jaipur,Rajasthan
O03172,C0300,2023-01-21,Completed,Debit Card,Noida,Uttar Pradesh
O03173,C4522,2024-02-04,Completed,UPI,Kolkata,West Bengal
O03174,C3043,2024-07-13,Completed,Credit Card,Chennai,Tamil Nadu
O03175,C0401,2025-11-21,Completed,Net Banking,Bhubaneswar,Odisha
O03176,C1281,2024-05-03,Completed,COD,Surat,Gujarat
O03177,C4837,2023-10-15,Completed,UPI,Kochi,Kerala
O03178,C0862,2024-03-12,Returned,UPI,Jaipur,Rajasthan
O03179,C4590,2023-05-10,Completed,UPI,Bengaluru,Karnataka
O03180,C2574,2024-03-16,Completed,UPI,Jaipur,Rajasthan
O03181,C2785,2025-02-28,Cancelled,Net Banking,Bhubaneswar,Odisha
O03182,C4186,2025-09-23,Completed,Credit Card,Surat,Gujarat
O03183,C4160,2025-12-11,Completed,UPI,Bhubaneswar,Odisha
O03184,C1112,2024-12-21,Completed,UPI,Kochi,Kerala
O03185,C1057,2025-05-13,Cancelled,COD,Pune,Maharashtra
O03186,C1096,2023-08-18,Completed,Net Banking,Lucknow,Uttar Pradesh
O03187,C2301,2024-04-09,Completed,UPI,Mumbai,Maharashtra
O03188,C3992,2023-07-05,Cancelled,Debit Card,Pune,Maharashtra
O03189,C0514,2023-06-11,Completed,Net Banking,Noida,Uttar Pradesh
O03190,C4232,2024-02-05,Completed,Credit Card,Gurugram,Haryana
O03191,C2677,2025-03-01,Completed,Credit Card,Hyderabad,Telangana
O03192,C0121,2025-10-11,Completed,Credit Card,Pune,Maharashtra
O03193,C1502,2024-06-28,Completed,UPI,Indore,Madhya Pradesh
O03194,C2848,2024-02-17,Completed,UPI,Kochi,Kerala
O03195,C4920,2024-06-14,Completed,Debit Card,Chandigarh,Chandigarh
O03196,C1118,2023-03-10,Completed,Net Banking,Jaipur,Rajasthan
O03197,C0505,2023-10-20,Completed,Credit Card,Bhopal,Madhya Pradesh
O03198,C2992,2024-09-26,Completed,UPI,Kolkata,West Bengal
O03199,C1624,2024-07-19,Completed,Credit Card,Jaipur,Rajasthan
O03200,C2239,2024-06-16,Cancelled,Credit Card,Ahmedabad,Gujarat
O03201,C2434,2024-10-11,Completed,UPI,Lucknow,Uttar Pradesh
O03202,C0803,2024-07-07,Completed,UPI,Hyderabad,Telangana
O03203,C4374,2025-08-10,Completed,Credit Card,Surat,Gujarat
O03204,C1472,2025-01-27,Completed,UPI,Chandigarh,Chandigarh
O03205,C0827,2023-01-28,Completed,UPI,Kochi,Kerala
O03206,C1429,2024-07-23,Completed,UPI,Bengaluru,Karnataka
O03207,C2444,2024-09-30,Completed,Debit Card,Hyderabad,Telangana
O03208,C4875,2024-03-03,Cancelled,Credit Card,Indore,Madhya Pradesh
O03209,C4307,2025-02-13,Completed,Credit Card,Chennai,Tamil Nadu
O03210,C4986,2025-09-06,Completed,UPI,Bhopal,Madhya Pradesh
O03211,C3782,2023-02-04,Completed,UPI,Bengaluru,Karnataka
O03212,C2026,2024-06-09,Completed,UPI,Delhi,Delhi
O03213,C2318,2025-04-09,Completed,UPI,Indore,Madhya Pradesh
O03214,C1007,2024-01-11,Completed,UPI,Gurugram,Haryana
O03215,C1638,2025-04-13,Completed,UPI,Bhubaneswar,Odisha
O03216,C0845,2024-10-17,Completed,Debit Card,Mumbai,Maharashtra
O03217,C4494,2025-05-16,Completed,Debit Card,Delhi,Delhi
O03218,C3288,2025-10-03,Completed,UPI,Chandigarh,Chandigarh
O03219,C3504,2024-05-02,Completed,UPI,Bengaluru,Karnataka
O03220,C2862,2023-12-19,Cancelled,UPI,Pune,Maharashtra
O03221,C0639,2023-12-20,Completed,UPI,Delhi,Delhi
O03222,C0493,2025-09-05,Completed,UPI,Lucknow,Uttar Pradesh
O03223,C2999,2024-02-08,Completed,UPI,Bhubaneswar,Odisha
O03224,C3658,2024-02-07,Cancelled,Credit Card,Surat,Gujarat
O03225,C2176,2025-01-26,Completed,COD,Bhubaneswar,Odisha
O03226,C1486,2024-01-29,Completed,Credit Card,Indore,Madhya Pradesh
O03227,C4544,2024-08-05,Completed,UPI,Chennai,Tamil Nadu
O03228,C0559,2023-04-14,Completed,Credit Card,Hyderabad,Telangana
O03229,C3749,2023-01-11,Returned,Credit Card,Ahmedabad,Gujarat
O03230,C0970,2025-10-06,Completed,COD,Chennai,Tamil Nadu
O03231,C4010,2024-02-26,Completed,UPI,Mumbai,Maharashtra
O03232,C0086,2023-09-30,Completed,Debit Card,Bengaluru,Karnataka
O03233,C4973,2023-02-23,Cancelled,UPI,Indore,Madhya Pradesh
O03234,C3129,2023-09-04,Completed,Debit Card,Indore,Madhya Pradesh
O03235,C4302,2024-10-26,Completed,UPI,Surat,Gujarat
O03236,C2196,2024-09-09,Completed,UPI,Mumbai,Maharashtra
O03237,C4887,2023-10-22,Completed,Net Banking,Hyderabad,Telangana
O03238,C4054,2023-10-03,Completed,Debit Card,Bengaluru,Karnataka
O03239,C0947,2024-08-07,Completed,Net Banking,Bhubaneswar,Odisha
O03240,C3209,2025-12-02,Completed,Credit Card,Indore,Madhya Pradesh
O03241,C1994,2023-07-13,Completed,Debit Card,Mumbai,Maharashtra
O03242,C3441,2023-11-07,Completed,Credit Card,Bhopal,Madhya Pradesh
O03243,C1546,2024-09-11,Completed,Credit Card,Patna,Bihar
O03244,C4653,2024-10-06,Completed,Credit Card,Bhopal,Madhya Pradesh
O03245,C3508,2023-09-07,Completed,UPI,Bengaluru,Karnataka
O03246,C0030,2025-02-20,Completed,UPI,Gurugram,Haryana
O03247,C1472,2025-08-13,Completed,UPI,Chandigarh,Chandigarh
O03248,C1410,2023-10-23,Returned,Credit Card,Lucknow,Uttar Pradesh
O03249,C3761,2023-08-26,Returned,Credit Card,Nagpur,Maharashtra
O03250,C3680,2025-03-20,Completed,Debit Card,Kolkata,West Bengal
O03251,C0529,2023-10-16,Completed,UPI,Hyderabad,Telangana
O03252,C0126,2024-06-20,Returned,Credit Card,Pune,Maharashtra
O03253,C4909,2023-09-13,Completed,UPI,Bhubaneswar,Odisha
O03254,C3857,2024-06-04,Completed,Credit Card,Patna,Bihar
O03255,C3259,2023-04-29,Completed,Debit Card,Lucknow,Uttar Pradesh
O03256,C0654,2023-06-21,Completed,Credit Card,Indore,Madhya Pradesh
O03257,C4234,2024-12-23,Completed,UPI,Noida,Uttar Pradesh
O03258,C0741,2025-04-05,Completed,Debit Card,Pune,Maharashtra
O03259,C2262,2023-12-15,Completed,Debit Card,Ahmedabad,Gujarat
O03260,C0291,2024-07-20,Completed,Net Banking,Jaipur,Rajasthan
O03261,C2992,2024-04-20,Completed,Debit Card,Kolkata,West Bengal
O03262,C3642,2023-04-18,Cancelled,Debit Card,Delhi,Delhi
O03263,C2578,2024-08-11,Cancelled,COD,Jaipur,Rajasthan
O03264,C2740,2024-01-05,Completed,UPI,Jaipur,Rajasthan
O03265,C1694,2025-01-29,Completed,Debit Card,Patna,Bihar
O03266,C4645,2024-07-28,Completed,UPI,Jaipur,Rajasthan
O03267,C1320,2023-03-05,Completed,COD,Gurugram,Haryana
O03268,C2822,2023-07-31,Completed,Credit Card,Kochi,Kerala
O03269,C3663,2023-03-10,Completed,Credit Card,Bengaluru,Karnataka
O03270,C3230,2024-01-12,Returned,UPI,Indore,Madhya Pradesh
O03271,C1396,2024-06-08,Cancelled,Debit Card,Surat,Gujarat
O03272,C2968,2023-03-09,Completed,UPI,Kolkata,West Bengal
O03273,C3962,2025-12-21,Completed,Debit Card,Indore,Madhya Pradesh
O03274,C2615,2023-06-10,Cancelled,UPI,Delhi,Delhi
O03275,C1545,2025-11-15,Completed,UPI,Ahmedabad,Gujarat
O03276,C3902,2025-01-28,Completed,UPI,Patna,Bihar
O03277,C4498,2024-12-01,Completed,UPI,Mumbai,Maharashtra
O03278,C1781,2025-04-09,Completed,Credit Card,Hyderabad,Telangana
O03279,C2151,2025-04-28,Completed,UPI,Bhubaneswar,Odisha
O03280,C4883,2025-04-17,Completed,UPI,Hyderabad,Telangana
O03281,C4469,2023-09-06,Completed,COD,Mumbai,Maharashtra
O03282,C4434,2025-11-25,Completed,UPI,Bhopal,Madhya Pradesh
O03283,C1057,2025-10-27,Completed,Debit Card,Pune,Maharashtra
O03284,C1446,2023-07-21,Completed,UPI,Nagpur,Maharashtra
O03285,C1969,2025-04-24,Completed,COD,Ahmedabad,Gujarat
O03286,C1097,2024-06-27,Completed,Debit Card,Mumbai,Maharashtra
O03287,C1882,2023-06-10,Completed,Debit Card,Surat,Gujarat
O03288,C1205,2025-11-19,Completed,Credit Card,Bhopal,Madhya Pradesh
O03289,C1921,2023-09-19,Completed,COD,Gurugram,Haryana
O03290,C3584,2023-01-10,Completed,UPI,Kolkata,West Bengal
O03291,C3140,2024-12-15,Completed,Debit Card,Ahmedabad,Gujarat
O03292,C3975,2023-12-25,Completed,Debit Card,Bhopal,Madhya Pradesh
O03293,C3420,2023-05-04,Completed,Net Banking,Kolkata,West Bengal
O03294,C2039,2024-09-21,Completed,UPI,Hyderabad,Telangana
O03295,C1733,2023-09-25,Completed,UPI,Kolkata,West Bengal
O03296,C0032,2023-10-05,Completed,Credit Card,Jaipur,Rajasthan
O03297,C1969,2025-10-20,Completed,COD,Ahmedabad,Gujarat
O03298,C2975,2023-03-17,Completed,UPI,Bengaluru,Karnataka
O03299,C3331,2024-06-09,Completed,UPI,Delhi,Delhi
O03300,C3569,2024-09-09,Cancelled,UPI,Delhi,Delhi
O03301,C2926,2025-11-25,Completed,UPI,Bengaluru,Karnataka
O03302,C2223,2023-09-27,Completed,UPI,Nagpur,Maharashtra
O03303,C3439,2023-01-02,Cancelled,COD,Noida,Uttar Pradesh
O03304,C0015,2024-07-26,Completed,UPI,Kolkata,West Bengal
O03305,C3123,2024-06-18,Completed,Credit Card,Pune,Maharashtra
O03306,C0107,2023-12-17,Completed,UPI,Chennai,Tamil Nadu
O03307,C3794,2025-11-17,Completed,COD,Jaipur,Rajasthan
O03308,C4565,2024-06-20,Completed,Debit Card,Ahmedabad,Gujarat
O03309,C0202,2025-05-16,Completed,Debit Card,Gurugram,Haryana
O03310,C1795,2025-12-24,Completed,Debit Card,Jaipur,Rajasthan
O03311,C1409,2025-11-29,Completed,Net Banking,Lucknow,Uttar Pradesh
O03312,C0917,2024-04-08,Returned,Credit Card,Kolkata,West Bengal
O03313,C4432,2023-01-23,Cancelled,COD,Lucknow,Uttar Pradesh
O03314,C1685,2024-11-19,Returned,UPI,Bengaluru,Karnataka
O03315,C3167,2023-05-08,Completed,Credit Card,Mumbai,Maharashtra
O03316,C0065,2023-02-04,Returned,UPI,Ahmedabad,Gujarat
O03317,C4649,2024-05-01,Completed,UPI,Ahmedabad,Gujarat
O03318,C4320,2023-04-11,Completed,Credit Card,Gurugram,Haryana
O03319,C3651,2025-01-06,Completed,COD,Kolkata,West Bengal
O03320,C2016,2025-01-10,Completed,UPI,Bhubaneswar,Odisha
O03321,C1322,2024-09-02,Completed,Debit Card,Kochi,Kerala
O03322,C4025,2023-11-26,Completed,COD,Nagpur,Maharashtra
O03323,C0613,2023-07-15,Completed,UPI,Delhi,Delhi
O03324,C0652,2024-02-18,Completed,UPI,Nagpur,Maharashtra
O03325,C4814,2023-03-09,Completed,Credit Card,Jaipur,Rajasthan
O03326,C1388,2025-05-20,Completed,UPI,Chandigarh,Chandigarh
O03327,C2867,2025-05-20,Completed,Debit Card,Indore,Madhya Pradesh
O03328,C2121,2023-05-21,Cancelled,UPI,Lucknow,Uttar Pradesh
O03329,C4764,2023-07-04,Returned,UPI,Gurugram,Haryana
O03330,C3196,2025-11-08,Completed,Debit Card,Hyderabad,Telangana
O03331,C4110,2023-03-22,Returned,Net Banking,Kolkata,West Bengal
O03332,C3829,2024-05-12,Returned,UPI,Noida,Uttar Pradesh
O03333,C3129,2023-08-06,Completed,Debit Card,Indore,Madhya Pradesh
O03334,C4867,2024-06-08,Cancelled,Credit Card,Bhopal,Madhya Pradesh
O03335,C3106,2023-05-01,Completed,COD,Patna,Bihar
O03336,C0538,2024-04-13,Returned,Credit Card,Chandigarh,Chandigarh
O03337,C2419,2023-06-28,Completed,Net Banking,Surat,Gujarat
O03338,C2208,2023-04-21,Cancelled,UPI,Nagpur,Maharashtra
O03339,C3178,2023-01-09,Completed,Net Banking,Nagpur,Maharashtra
O03340,C2323,2023-08-10,Completed,COD,Delhi,Delhi
O03341,C2038,2025-03-07,Completed,COD,Kochi,Kerala
O03342,C4354,2025-05-10,Completed,COD,Noida,Uttar Pradesh
O03343,C0963,2024-09-13,Returned,COD,Ahmedabad,Gujarat
O03344,C1244,2023-07-23,Completed,COD,Lucknow,Uttar Pradesh
O03345,C0533,2024-06-10,Cancelled,COD,Pune,Maharashtra
O03346,C1870,2024-03-28,Completed,Credit Card,Hyderabad,Telangana
O03347,C3131,2025-08-03,Cancelled,Net Banking,Chandigarh,Chandigarh
O03348,C1654,2023-07-14,Completed,Credit Card,Gurugram,Haryana
O03349,C0113,2023-09-18,Completed,Debit Card,Kochi,Kerala
O03350,C1300,2025-05-15,Completed,Debit Card,Indore,Madhya Pradesh
O03351,C2305,2025-10-29,Completed,COD,Indore,Madhya Pradesh
O03352,C4425,2025-07-11,Cancelled,Debit Card,Surat,Gujarat
O03353,C3307,2023-12-06,Completed,UPI,Nagpur,Maharashtra
O03354,C4147,2023-02-16,Completed,Debit Card,Chandigarh,Chandigarh
O03355,C1702,2025-04-09,Completed,UPI,Jaipur,Rajasthan
O03356,C3815,2025-03-23,Completed,Credit Card,Gurugram,Haryana
O03357,C0221,2024-05-03,Completed,COD,Nagpur,Maharashtra
O03358,C2831,2025-03-01,Cancelled,COD,Patna,Bihar
O03359,C2644,2023-04-03,Completed,COD,Bhopal,Madhya Pradesh
O03360,C3881,2024-08-01,Completed,Debit Card,Nagpur,Maharashtra
O03361,C4318,2023-05-18,Completed,UPI,Nagpur,Maharashtra
O03362,C3782,2023-11-08,Completed,Credit Card,Bengaluru,Karnataka
O03363,C1959,2023-10-17,Completed,Credit Card,Pune,Maharashtra
O03364,C1297,2023-03-06,Completed,UPI,Surat,Gujarat
O03365,C1033,2024-12-03,Completed,Credit Card,Gurugram,Haryana
O03366,C4323,2025-08-18,Cancelled,COD,Mumbai,Maharashtra
O03367,C2606,2024-06-22,Completed,Credit Card,Hyderabad,Telangana
O03368,C3184,2023-04-27,Completed,Debit Card,Lucknow,Uttar Pradesh
O03369,C4951,2025-06-10,Completed,Credit Card,Lucknow,Uttar Pradesh
O03370,C3229,2024-07-20,Completed,Debit Card,Noida,Uttar Pradesh
O03371,C1476,2024-04-30,Completed,UPI,Patna,Bihar
O03372,C2366,2025-11-15,Completed,Net Banking,Pune,Maharashtra
O03373,C2408,2025-02-22,Completed,Credit Card,Hyderabad,Telangana
O03374,C0936,2025-10-08,Completed,Debit Card,Indore,Madhya Pradesh
O03375,C2968,2025-05-26,Completed,Debit Card,Kolkata,West Bengal
O03376,C2950,2024-09-11,Completed,COD,Indore,Madhya Pradesh
O03377,C2246,2024-02-18,Completed,UPI,Ahmedabad,Gujarat
O03378,C2638,2024-03-04,Completed,Net Banking,Indore,Madhya Pradesh
O03379,C4338,2023-08-31,Completed,COD,Ahmedabad,Gujarat
O03380,C3951,2023-09-09,Completed,COD,Chandigarh,Chandigarh
O03381,C2659,2023-04-22,Returned,Credit Card,Patna,Bihar
O03382,C1815,2025-02-20,Completed,COD,Chandigarh,Chandigarh
O03383,C3284,2025-08-27,Completed,Credit Card,Kolkata,West Bengal
O03384,C1297,2023-12-26,Completed,Credit Card,Surat,Gujarat
O03385,C3156,2025-02-05,Completed,COD,Gurugram,Haryana
O03386,C1648,2025-07-07,Completed,Debit Card,Mumbai,Maharashtra
O03387,C0360,2023-06-17,Completed,UPI,Lucknow,Uttar Pradesh
O03388,C3453,2025-01-27,Cancelled,UPI,Kolkata,West Bengal
O03389,C3612,2023-08-01,Completed,Debit Card,Pune,Maharashtra
O03390,C1165,2025-02-26,Returned,COD,Ahmedabad,Gujarat
O03391,C3245,2025-03-02,Completed,Net Banking,Chandigarh,Chandigarh
O03392,C4026,2023-02-15,Completed,COD,Bengaluru,Karnataka
O03393,C3701,2025-11-07,Returned,UPI,Mumbai,Maharashtra
O03394,C0503,2025-05-28,Completed,Credit Card,Jaipur,Rajasthan
O03395,C4205,2025-01-27,Completed,Credit Card,Kolkata,West Bengal
O03396,C4839,2024-11-18,Completed,Credit Card,Bhubaneswar,Odisha
O03397,C1344,2024-02-02,Completed,UPI,Bengaluru,Karnataka
O03398,C3380,2024-10-22,Completed,UPI,Indore,Madhya Pradesh
O03399,C3813,2023-04-08,Completed,UPI,Jaipur,Rajasthan
O03400,C0811,2025-10-25,Completed,Debit Card,Patna,Bihar
O03401,C0786,2023-06-08,Completed,Credit Card,Chennai,Tamil Nadu
O03402,C0228,2023-03-28,Completed,UPI,Jaipur,Rajasthan
O03403,C4948,2024-03-18,Completed,Credit Card,Chandigarh,Chandigarh
O03404,C0828,2023-06-21,Completed,UPI,Kolkata,West Bengal
O03405,C0379,2024-11-12,Completed,Debit Card,Bhopal,Madhya Pradesh
O03406,C3812,2023-08-23,Completed,UPI,Nagpur,Maharashtra
O03407,C2026,2023-05-01,Cancelled,UPI,Delhi,Delhi
O03408,C3365,2024-05-11,Completed,Debit Card,Ahmedabad,Gujarat
O03409,C3377,2024-09-03,Completed,UPI,Bhubaneswar,Odisha
O03410,C2339,2024-02-26,Returned,Debit Card,Surat,Gujarat
O03411,C1129,2023-05-15,Completed,UPI,Chennai,Tamil Nadu
O03412,C0291,2023-11-11,Completed,UPI,Jaipur,Rajasthan
O03413,C3549,2023-03-10,Completed,UPI,Kochi,Kerala
O03414,C2725,2023-07-17,Completed,UPI,Indore,Madhya Pradesh
O03415,C0060,2025-03-27,Completed,UPI,Lucknow,Uttar Pradesh
O03416,C4202,2023-01-11,Completed,Credit Card,Patna,Bihar
O03417,C2671,2025-05-18,Returned,Credit Card,Kolkata,West Bengal
O03418,C3340,2025-01-04,Completed,Debit Card,Jaipur,Rajasthan
O03419,C2790,2025-11-16,Completed,UPI,Bhopal,Madhya Pradesh
O03420,C3655,2023-01-16,Completed,Credit Card,Nagpur,Maharashtra
O03421,C3191,2025-08-05,Completed,Net Banking,Kochi,Kerala
O03422,C4996,2023-01-07,Completed,UPI,Bengaluru,Karnataka
O03423,C2493,2023-03-02,Completed,UPI,Chennai,Tamil Nadu
O03424,C4402,2025-07-13,Completed,COD,Surat,Gujarat
O03425,C2663,2024-04-29,Completed,Credit Card,Bhubaneswar,Odisha
O03426,C0202,2024-09-23,Returned,COD,Gurugram,Haryana
O03427,C3162,2025-07-24,Completed,Credit Card,Mumbai,Maharashtra
O03428,C0471,2025-11-20,Completed,UPI,Gurugram,Haryana
O03429,C3027,2024-07-13,Completed,UPI,Chandigarh,Chandigarh
O03430,C3357,2023-04-01,Completed,Debit Card,Gurugram,Haryana
O03431,C3755,2024-03-21,Cancelled,Credit Card,Jaipur,Rajasthan
O03432,C2357,2025-08-07,Completed,Credit Card,Hyderabad,Telangana
O03433,C3974,2023-11-26,Completed,Net Banking,Kolkata,West Bengal
O03434,C4829,2025-11-10,Completed,Credit Card,Chandigarh,Chandigarh
O03435,C2584,2025-08-12,Returned,Debit Card,Noida,Uttar Pradesh
O03436,C4472,2024-04-23,Completed,Debit Card,Pune,Maharashtra
O03437,C3786,2024-06-01,Cancelled,UPI,Bengaluru,Karnataka
O03438,C2547,2024-06-19,Cancelled,Credit Card,Ahmedabad,Gujarat
O03439,C2684,2023-08-13,Completed,Net Banking,Kochi,Kerala
O03440,C4238,2024-07-25,Completed,Debit Card,Bhubaneswar,Odisha
O03441,C3124,2024-01-03,Completed,UPI,Bengaluru,Karnataka
O03442,C3142,2025-10-19,Completed,UPI,Mumbai,Maharashtra
O03443,C2308,2025-11-25,Completed,UPI,Chandigarh,Chandigarh
O03444,C3791,2024-04-10,Returned,Debit Card,Delhi,Delhi
O03445,C3111,2024-07-25,Completed,UPI,Bhopal,Madhya Pradesh
O03446,C0348,2024-03-13,Completed,UPI,Pune,Maharashtra
O03447,C1602,2025-01-26,Completed,Credit Card,Jaipur,Rajasthan
O03448,C3597,2024-08-13,Completed,Credit Card,Kolkata,West Bengal
O03449,C3778,2025-05-30,Completed,Debit Card,Bhubaneswar,Odisha
O03450,C4924,2023-07-10,Completed,COD,Bhubaneswar,Odisha
O03451,C2554,2023-04-07,Completed,UPI,Mumbai,Maharashtra
O03452,C4521,2024-05-18,Completed,UPI,Noida,Uttar Pradesh
O03453,C3779,2025-06-06,Completed,COD,Bhopal,Madhya Pradesh
O03454,C0322,2023-05-30,Cancelled,COD,Hyderabad,Telangana
O03455,C3662,2023-02-12,Completed,COD,Nagpur,Maharashtra
O03456,C2298,2025-07-01,Completed,UPI,Patna,Bihar
O03457,C0180,2023-11-15,Completed,UPI,Bhopal,Madhya Pradesh
O03458,C3966,2023-08-06,Completed,Credit Card,Bhubaneswar,Odisha
O03459,C1713,2024-05-02,Completed,COD,Indore,Madhya Pradesh
O03460,C0029,2023-05-26,Completed,UPI,Chennai,Tamil Nadu
O03461,C3568,2023-11-24,Completed,COD,Chennai,Tamil Nadu
O03462,C2034,2023-09-16,Completed,UPI,Bhopal,Madhya Pradesh
O03463,C0738,2024-07-19,Completed,UPI,Chandigarh,Chandigarh
O03464,C3720,2023-04-29,Completed,UPI,Chennai,Tamil Nadu
O03465,C0055,2023-10-17,Completed,UPI,Lucknow,Uttar Pradesh
O03466,C2926,2023-08-13,Completed,COD,Bengaluru,Karnataka
O03467,C1434,2025-06-12,Completed,Credit Card,Lucknow,Uttar Pradesh
O03468,C2065,2025-01-22,Completed,UPI,Noida,Uttar Pradesh
O03469,C3643,2023-09-02,Completed,UPI,Indore,Madhya Pradesh
O03470,C4184,2023-06-25,Completed,Credit Card,Delhi,Delhi
O03471,C3295,2024-06-05,Completed,UPI,Hyderabad,Telangana
O03472,C3856,2023-04-29,Completed,UPI,Ahmedabad,Gujarat
O03473,C2752,2023-09-16,Completed,UPI,Bengaluru,Karnataka
O03474,C3634,2024-07-24,Completed,UPI,Hyderabad,Telangana
O03475,C0725,2025-07-31,Completed,Net Banking,Surat,Gujarat
O03476,C1254,2023-06-07,Completed,Credit Card,Patna,Bihar
O03477,C1178,2023-09-18,Completed,Debit Card,Nagpur,Maharashtra
O03478,C1297,2024-01-25,Completed,Debit Card,Surat,Gujarat
O03479,C0895,2024-10-06,Completed,COD,Indore,Madhya Pradesh
O03480,C2500,2023-05-12,Completed,UPI,Gurugram,Haryana
O03481,C1330,2024-02-12,Completed,Credit Card,Chennai,Tamil Nadu
O03482,C2475,2023-10-09,Completed,UPI,Bhubaneswar,Odisha
O03483,C2628,2024-07-20,Completed,Credit Card,Bengaluru,Karnataka
O03484,C4347,2025-02-06,Cancelled,UPI,Pune,Maharashtra
O03485,C2451,2023-02-15,Returned,UPI,Delhi,Delhi
O03486,C2969,2024-11-16,Completed,Debit Card,Delhi,Delhi
O03487,C1170,2023-01-21,Completed,UPI,Delhi,Delhi
O03488,C3440,2025-09-23,Completed,COD,Patna,Bihar
O03489,C2368,2023-09-25,Completed,UPI,Kolkata,West Bengal
O03490,C4295,2023-04-11,Completed,Debit Card,Surat,Gujarat
O03491,C1465,2024-10-22,Completed,Debit Card,Patna,Bihar
O03492,C2193,2024-10-14,Cancelled,UPI,Jaipur,Rajasthan
O03493,C1731,2023-02-02,Completed,COD,Delhi,Delhi
O03494,C3295,2023-08-24,Completed,UPI,Hyderabad,Telangana
O03495,C1124,2023-07-17,Completed,Net Banking,Patna,Bihar
O03496,C4622,2024-05-21,Completed,UPI,Nagpur,Maharashtra
O03497,C1489,2025-01-16,Completed,Debit Card,Bhubaneswar,Odisha
O03498,C0265,2023-11-28,Completed,UPI,Nagpur,Maharashtra
O03499,C2030,2024-04-30,Cancelled,Credit Card,Ahmedabad,Gujarat
O03500,C1244,2023-04-30,Completed,Credit Card,Lucknow,Uttar Pradesh
O03501,C3767,2023-06-07,Returned,Credit Card,Bengaluru,Karnataka
O03502,C0396,2025-11-26,Completed,UPI,Chennai,Tamil Nadu
O03503,C1481,2025-04-29,Completed,COD,Bhubaneswar,Odisha
O03504,C0108,2023-05-24,Completed,COD,Indore,Madhya Pradesh
O03505,C3564,2024-10-02,Completed,UPI,Kochi,Kerala
O03506,C2907,2024-11-23,Completed,Credit Card,Kolkata,West Bengal
O03507,C4732,2025-11-17,Completed,Credit Card,Pune,Maharashtra
O03508,C3439,2025-08-06,Completed,Credit Card,Noida,Uttar Pradesh
O03509,C3197,2025-01-23,Completed,UPI,Chandigarh,Chandigarh
O03510,C1186,2025-05-24,Completed,COD,Ahmedabad,Gujarat
O03511,C4132,2023-02-20,Completed,COD,Indore,Madhya Pradesh
O03512,C3076,2023-04-19,Cancelled,Credit Card,Nagpur,Maharashtra
O03513,C0413,2023-05-14,Completed,Debit Card,Bhopal,Madhya Pradesh
O03514,C3159,2023-03-21,Completed,Net Banking,Mumbai,Maharashtra
O03515,C0483,2025-10-03,Returned,Net Banking,Indore,Madhya Pradesh
O03516,C2960,2023-12-04,Completed,Debit Card,Nagpur,Maharashtra
O03517,C3848,2024-03-07,Completed,Credit Card,Bhubaneswar,Odisha
O03518,C0603,2025-06-06,Completed,Credit Card,Chandigarh,Chandigarh
O03519,C1082,2023-04-12,Completed,Credit Card,Lucknow,Uttar Pradesh
O03520,C4268,2023-11-27,Completed,Credit Card,Delhi,Delhi
O03521,C4356,2024-01-11,Returned,Debit Card,Mumbai,Maharashtra
O03522,C0025,2023-08-19,Completed,Net Banking,Gurugram,Haryana
O03523,C0198,2025-02-02,Completed,UPI,Bhubaneswar,Odisha
O03524,C2627,2024-02-28,Completed,UPI,Chennai,Tamil Nadu
O03525,C0423,2025-11-14,Returned,UPI,Delhi,Delhi
O03526,C1142,2024-07-22,Completed,COD,Lucknow,Uttar Pradesh
O03527,C2054,2024-02-20,Completed,Credit Card,Bengaluru,Karnataka
O03528,C1121,2023-10-29,Cancelled,Credit Card,Chandigarh,Chandigarh
O03529,C4168,2023-04-29,Cancelled,Credit Card,Indore,Madhya Pradesh
O03530,C4528,2023-11-27,Completed,COD,Nagpur,Maharashtra
O03531,C4476,2024-10-23,Completed,Credit Card,Noida,Uttar Pradesh
O03532,C1794,2023-12-25,Completed,Debit Card,Delhi,Delhi
O03533,C4904,2023-10-16,Completed,UPI,Gurugram,Haryana
O03534,C0056,2024-07-06,Cancelled,Debit Card,Hyderabad,Telangana
O03535,C2264,2024-03-15,Completed,UPI,Chandigarh,Chandigarh
O03536,C0021,2024-07-28,Completed,COD,Lucknow,Uttar Pradesh
O03537,C3699,2024-12-17,Completed,Debit Card,Hyderabad,Telangana
O03538,C0291,2023-12-12,Returned,UPI,Jaipur,Rajasthan
O03539,C1995,2025-10-11,Cancelled,UPI,Bhopal,Madhya Pradesh
O03540,C0835,2025-10-09,Completed,UPI,Delhi,Delhi
O03541,C4284,2025-04-12,Completed,UPI,Patna,Bihar
O03542,C4310,2023-04-15,Completed,Debit Card,Indore,Madhya Pradesh
O03543,C1915,2023-11-09,Completed,Net Banking,Ahmedabad,Gujarat
O03544,C2602,2023-03-27,Completed,Debit Card,Chennai,Tamil Nadu
O03545,C1502,2024-04-26,Completed,UPI,Indore,Madhya Pradesh
O03546,C3322,2025-04-29,Completed,Credit Card,Bengaluru,Karnataka
O03547,C4689,2025-10-24,Completed,COD,Bengaluru,Karnataka
O03548,C4137,2023-10-27,Completed,Net Banking,Bhopal,Madhya Pradesh
O03549,C0020,2024-06-11,Returned,UPI,Nagpur,Maharashtra
O03550,C1033,2024-08-28,Completed,Credit Card,Gurugram,Haryana
O03551,C0825,2025-07-15,Completed,Credit Card,Indore,Madhya Pradesh
O03552,C3275,2025-11-30,Cancelled,Credit Card,Chandigarh,Chandigarh
O03553,C3662,2024-10-10,Completed,Credit Card,Nagpur,Maharashtra
O03554,C3794,2024-07-08,Completed,Credit Card,Jaipur,Rajasthan
O03555,C0748,2025-12-25,Completed,UPI,Noida,Uttar Pradesh
O03556,C4082,2023-09-02,Completed,UPI,Kochi,Kerala
O03557,C2367,2024-08-11,Completed,Credit Card,Lucknow,Uttar Pradesh
O03558,C0968,2024-12-31,Completed,COD,Surat,Gujarat
O03559,C3548,2025-11-10,Completed,UPI,Chennai,Tamil Nadu
O03560,C4348,2023-05-27,Completed,Debit Card,Nagpur,Maharashtra
O03561,C4436,2023-11-09,Completed,UPI,Chennai,Tamil Nadu
O03562,C2799,2023-11-12,Completed,Credit Card,Kolkata,West Bengal
O03563,C3016,2024-02-07,Cancelled,Net Banking,Gurugram,Haryana
O03564,C1805,2023-05-06,Completed,Debit Card,Kochi,Kerala
O03565,C2679,2025-04-14,Completed,Debit Card,Kolkata,West Bengal
O03566,C2024,2024-05-10,Completed,Debit Card,Ahmedabad,Gujarat
O03567,C0401,2025-09-07,Completed,UPI,Bhubaneswar,Odisha
O03568,C2419,2025-01-13,Completed,Debit Card,Surat,Gujarat
O03569,C4433,2024-11-30,Completed,Credit Card,Bengaluru,Karnataka
O03570,C1924,2023-02-14,Completed,COD,Lucknow,Uttar Pradesh
O03571,C1369,2025-04-15,Completed,Credit Card,Ahmedabad,Gujarat
O03572,C2321,2025-08-21,Completed,COD,Surat,Gujarat
O03573,C3325,2025-06-29,Completed,COD,Nagpur,Maharashtra
O03574,C1878,2025-05-09,Completed,COD,Kochi,Kerala
O03575,C2688,2024-12-28,Completed,Credit Card,Pune,Maharashtra
O03576,C1398,2023-04-08,Completed,UPI,Chandigarh,Chandigarh
O03577,C3676,2023-04-27,Completed,COD,Kochi,Kerala
O03578,C1920,2025-09-21,Completed,UPI,Noida,Uttar Pradesh
O03579,C0006,2025-12-02,Completed,UPI,Pune,Maharashtra
O03580,C0586,2023-03-12,Completed,UPI,Nagpur,Maharashtra
O03581,C1522,2025-01-27,Completed,UPI,Nagpur,Maharashtra
O03582,C3879,2025-03-06,Completed,Debit Card,Kochi,Kerala
O03583,C3470,2025-04-18,Completed,COD,Hyderabad,Telangana
O03584,C0822,2024-12-26,Completed,UPI,Bhubaneswar,Odisha
O03585,C4334,2023-04-17,Completed,COD,Chennai,Tamil Nadu
O03586,C3094,2024-01-21,Completed,UPI,Nagpur,Maharashtra
O03587,C3113,2024-03-31,Cancelled,Debit Card,Jaipur,Rajasthan
O03588,C0858,2025-02-13,Completed,COD,Bhopal,Madhya Pradesh
O03589,C2306,2023-10-21,Completed,Debit Card,Gurugram,Haryana
O03590,C2551,2023-06-25,Completed,UPI,Jaipur,Rajasthan
O03591,C2187,2024-08-16,Completed,UPI,Lucknow,Uttar Pradesh
O03592,C1226,2023-11-25,Cancelled,Net Banking,Lucknow,Uttar Pradesh
O03593,C2557,2025-10-22,Returned,UPI,Bhopal,Madhya Pradesh
O03594,C0654,2023-02-11,Completed,UPI,Indore,Madhya Pradesh
O03595,C1340,2023-03-22,Cancelled,Credit Card,Noida,Uttar Pradesh
O03596,C4557,2024-05-02,Completed,COD,Gurugram,Haryana
O03597,C2718,2025-07-04,Completed,Debit Card,Jaipur,Rajasthan
O03598,C3393,2023-09-19,Completed,Credit Card,Hyderabad,Telangana
O03599,C1063,2024-12-09,Completed,Debit Card,Chennai,Tamil Nadu
O03600,C4529,2025-09-19,Completed,COD,Bengaluru,Karnataka
O03601,C2533,2025-03-18,Completed,UPI,Bhopal,Madhya Pradesh
O03602,C1609,2024-07-01,Completed,UPI,Chandigarh,Chandigarh
O03603,C1082,2024-09-06,Completed,UPI,Lucknow,Uttar Pradesh
O03604,C2649,2025-08-04,Completed,UPI,Mumbai,Maharashtra
O03605,C4751,2025-03-25,Completed,UPI,Chandigarh,Chandigarh
O03606,C2655,2023-04-08,Completed,Debit Card,Surat,Gujarat
O03607,C0156,2025-03-04,Completed,COD,Lucknow,Uttar Pradesh
O03608,C4297,2023-05-07,Completed,Debit Card,Patna,Bihar
O03609,C3070,2025-03-05,Completed,UPI,Patna,Bihar
O03610,C1964,2024-08-01,Completed,Debit Card,Lucknow,Uttar Pradesh
O03611,C4595,2025-04-19,Completed,Credit Card,Bhopal,Madhya Pradesh
O03612,C1235,2024-08-05,Completed,COD,Gurugram,Haryana
O03613,C1477,2024-07-01,Cancelled,Net Banking,Bhubaneswar,Odisha
O03614,C3756,2023-03-08,Completed,Debit Card,Chennai,Tamil Nadu
O03615,C0831,2024-11-12,Completed,Credit Card,Hyderabad,Telangana
O03616,C3729,2024-08-01,Completed,Credit Card,Noida,Uttar Pradesh
O03617,C1343,2025-04-16,Completed,COD,Bengaluru,Karnataka
O03618,C2165,2025-04-03,Completed,UPI,Chandigarh,Chandigarh
O03619,C2745,2024-07-28,Completed,UPI,Jaipur,Rajasthan
O03620,C4299,2023-01-30,Completed,UPI,Surat,Gujarat
O03621,C1845,2025-02-01,Completed,Debit Card,Bhopal,Madhya Pradesh
O03622,C0462,2025-04-10,Completed,UPI,Nagpur,Maharashtra
O03623,C2992,2024-12-31,Completed,UPI,Kolkata,West Bengal
O03624,C1579,2024-06-18,Completed,UPI,Ahmedabad,Gujarat
O03625,C0201,2024-01-04,Completed,Credit Card,Bengaluru,Karnataka
O03626,C0516,2023-10-29,Completed,Credit Card,Chennai,Tamil Nadu
O03627,C4840,2025-07-05,Completed,Debit Card,Surat,Gujarat
O03628,C4971,2023-11-03,Completed,Debit Card,Hyderabad,Telangana
O03629,C2397,2025-12-22,Cancelled,COD,Nagpur,Maharashtra
O03630,C3232,2025-04-16,Completed,UPI,Chandigarh,Chandigarh
O03631,C3697,2024-05-25,Completed,Credit Card,Lucknow,Uttar Pradesh
O03632,C1276,2025-10-14,Cancelled,Credit Card,Pune,Maharashtra
O03633,C3294,2025-06-05,Completed,UPI,Pune,Maharashtra
O03634,C1630,2025-07-26,Completed,UPI,Delhi,Delhi
O03635,C4019,2024-01-22,Returned,UPI,Nagpur,Maharashtra
O03636,C4490,2025-03-05,Completed,Debit Card,Delhi,Delhi
O03637,C2017,2025-05-08,Completed,UPI,Bengaluru,Karnataka
O03638,C0167,2024-04-02,Cancelled,UPI,Bengaluru,Karnataka
O03639,C0976,2023-10-04,Completed,Debit Card,Gurugram,Haryana
O03640,C4548,2023-08-18,Completed,Credit Card,Nagpur,Maharashtra
O03641,C0860,2023-01-13,Completed,UPI,Kochi,Kerala
O03642,C3945,2023-07-16,Completed,Net Banking,Surat,Gujarat
O03643,C0210,2024-09-06,Completed,UPI,Noida,Uttar Pradesh
O03644,C4864,2023-04-13,Completed,UPI,Indore,Madhya Pradesh
O03645,C1609,2023-04-19,Completed,UPI,Chandigarh,Chandigarh
O03646,C0214,2024-01-11,Completed,UPI,Noida,Uttar Pradesh
O03647,C3432,2023-05-06,Completed,UPI,Patna,Bihar
O03648,C0973,2025-01-16,Completed,Credit Card,Lucknow,Uttar Pradesh
O03649,C3800,2024-01-20,Cancelled,COD,Lucknow,Uttar Pradesh
O03650,C0304,2023-05-28,Completed,Credit Card,Kochi,Kerala
O03651,C1836,2024-11-13,Cancelled,UPI,Lucknow,Uttar Pradesh
O03652,C0861,2025-10-21,Cancelled,COD,Patna,Bihar
O03653,C4048,2025-09-21,Completed,UPI,Gurugram,Haryana
O03654,C1856,2024-07-05,Cancelled,Credit Card,Kolkata,West Bengal
O03655,C3462,2025-01-18,Completed,UPI,Patna,Bihar
O03656,C2168,2025-10-27,Completed,Credit Card,Noida,Uttar Pradesh
O03657,C1634,2024-03-11,Completed,Credit Card,Bhubaneswar,Odisha
O03658,C2475,2025-03-12,Completed,Credit Card,Bhubaneswar,Odisha
O03659,C2378,2023-11-21,Cancelled,Credit Card,Chennai,Tamil Nadu
O03660,C1751,2023-06-06,Completed,Net Banking,Bhopal,Madhya Pradesh
O03661,C2683,2023-04-22,Completed,UPI,Bhubaneswar,Odisha
O03662,C3412,2025-09-13,Completed,Debit Card,Patna,Bihar
O03663,C4660,2025-08-11,Completed,UPI,Mumbai,Maharashtra
O03664,C4276,2025-08-15,Completed,Credit Card,Chandigarh,Chandigarh
O03665,C4386,2025-01-05,Completed,UPI,Nagpur,Maharashtra
O03666,C4283,2025-05-22,Completed,Net Banking,Hyderabad,Telangana
O03667,C0486,2023-04-04,Completed,Debit Card,Bengaluru,Karnataka
O03668,C1361,2024-12-19,Completed,Credit Card,Jaipur,Rajasthan
O03669,C0773,2024-11-12,Completed,Net Banking,Ahmedabad,Gujarat
O03670,C3778,2024-10-29,Completed,Debit Card,Bhubaneswar,Odisha
O03671,C1833,2024-05-29,Completed,Net Banking,Ahmedabad,Gujarat
O03672,C1300,2025-10-25,Completed,Debit Card,Indore,Madhya Pradesh
O03673,C0182,2023-07-13,Completed,UPI,Hyderabad,Telangana
O03674,C1263,2023-02-23,Completed,Debit Card,Delhi,Delhi
O03675,C3906,2025-07-22,Completed,Net Banking,Patna,Bihar
O03676,C0146,2025-09-02,Returned,UPI,Chandigarh,Chandigarh
O03677,C3943,2025-03-22,Cancelled,COD,Lucknow,Uttar Pradesh
O03678,C1840,2025-10-28,Completed,UPI,Bengaluru,Karnataka
O03679,C4595,2023-04-01,Completed,Credit Card,Bhopal,Madhya Pradesh
O03680,C0803,2023-12-12,Completed,UPI,Hyderabad,Telangana
O03681,C1999,2025-10-18,Completed,UPI,Bengaluru,Karnataka
O03682,C3951,2023-12-17,Completed,COD,Chandigarh,Chandigarh
O03683,C1319,2023-07-29,Completed,UPI,Bhubaneswar,Odisha
O03684,C4627,2023-09-15,Returned,UPI,Hyderabad,Telangana
O03685,C3799,2025-11-30,Cancelled,Debit Card,Gurugram,Haryana
O03686,C2259,2024-12-27,Cancelled,Net Banking,Lucknow,Uttar Pradesh
O03687,C2941,2024-11-26,Completed,UPI,Delhi,Delhi
O03688,C4062,2023-10-31,Completed,UPI,Ahmedabad,Gujarat
O03689,C2053,2025-05-14,Completed,UPI,Kolkata,West Bengal
O03690,C3853,2023-09-02,Completed,UPI,Patna,Bihar
O03691,C0216,2025-02-24,Cancelled,Debit Card,Bengaluru,Karnataka
O03692,C0786,2024-08-13,Returned,Net Banking,Chennai,Tamil Nadu
O03693,C1636,2023-10-31,Completed,Credit Card,Hyderabad,Telangana
O03694,C2300,2023-04-21,Completed,UPI,Noida,Uttar Pradesh
O03695,C3753,2023-09-17,Completed,Debit Card,Kolkata,West Bengal
O03696,C3110,2024-10-27,Completed,UPI,Surat,Gujarat
O03697,C4324,2024-06-14,Completed,UPI,Noida,Uttar Pradesh
O03698,C0285,2024-07-14,Cancelled,Debit Card,Nagpur,Maharashtra
O03699,C3582,2023-02-22,Completed,UPI,Chennai,Tamil Nadu
O03700,C2011,2025-06-20,Returned,Credit Card,Bhopal,Madhya Pradesh
O03701,C2414,2023-07-09,Completed,UPI,Indore,Madhya Pradesh
O03702,C1644,2023-05-24,Completed,COD,Mumbai,Maharashtra
O03703,C1128,2025-01-29,Completed,UPI,Mumbai,Maharashtra
O03704,C3473,2025-03-13,Cancelled,Credit Card,Patna,Bihar
O03705,C1270,2024-12-18,Completed,UPI,Lucknow,Uttar Pradesh
O03706,C3779,2025-12-27,Cancelled,UPI,Bhopal,Madhya Pradesh
O03707,C0644,2025-05-22,Completed,Credit Card,Pune,Maharashtra
O03708,C2779,2024-10-16,Cancelled,COD,Jaipur,Rajasthan
O03709,C0026,2023-07-04,Completed,UPI,Bhopal,Madhya Pradesh
O03710,C3323,2024-08-12,Completed,COD,Indore,Madhya Pradesh
O03711,C2046,2025-01-28,Completed,UPI,Jaipur,Rajasthan
O03712,C3938,2023-04-12,Completed,UPI,Chennai,Tamil Nadu
O03713,C4808,2024-11-10,Completed,UPI,Bhubaneswar,Odisha
O03714,C1026,2024-05-03,Completed,Credit Card,Chandigarh,Chandigarh
O03715,C3831,2025-12-17,Completed,COD,Bhubaneswar,Odisha
O03716,C1069,2024-09-22,Completed,UPI,Mumbai,Maharashtra
O03717,C0939,2023-03-29,Completed,Debit Card,Chandigarh,Chandigarh
O03718,C4099,2025-09-20,Returned,COD,Surat,Gujarat
O03719,C1473,2025-12-26,Returned,UPI,Jaipur,Rajasthan
O03720,C3648,2023-10-21,Cancelled,UPI,Jaipur,Rajasthan
O03721,C2326,2025-05-04,Completed,UPI,Bengaluru,Karnataka
O03722,C0176,2023-02-09,Completed,UPI,Delhi,Delhi
O03723,C1144,2025-12-15,Completed,Debit Card,Ahmedabad,Gujarat
O03724,C3511,2024-12-12,Completed,COD,Kochi,Kerala
O03725,C4063,2023-10-18,Completed,Debit Card,Kolkata,West Bengal
O03726,C0951,2025-03-27,Completed,UPI,Kolkata,West Bengal
O03727,C4437,2024-12-07,Completed,UPI,Bhubaneswar,Odisha
O03728,C2745,2025-03-09,Completed,Debit Card,Jaipur,Rajasthan
O03729,C0121,2025-04-23,Completed,Net Banking,Pune,Maharashtra
O03730,C4671,2024-09-29,Completed,Debit Card,Indore,Madhya Pradesh
O03731,C1921,2025-07-02,Completed,UPI,Gurugram,Haryana
O03732,C1685,2023-12-10,Completed,UPI,Bengaluru,Karnataka
O03733,C0969,2025-10-23,Completed,COD,Hyderabad,Telangana
O03734,C3809,2025-11-19,Completed,UPI,Chandigarh,Chandigarh
O03735,C4781,2025-09-03,Cancelled,UPI,Bhopal,Madhya Pradesh
O03736,C3316,2023-02-14,Completed,Credit Card,Mumbai,Maharashtra
O03737,C4739,2023-05-02,Completed,UPI,Kolkata,West Bengal
O03738,C1105,2023-10-02,Cancelled,UPI,Mumbai,Maharashtra
O03739,C4390,2025-08-17,Completed,UPI,Noida,Uttar Pradesh
O03740,C2506,2025-06-19,Completed,Net Banking,Lucknow,Uttar Pradesh
O03741,C4843,2023-11-08,Completed,UPI,Bengaluru,Karnataka
O03742,C3885,2024-02-22,Completed,Net Banking,Pune,Maharashtra
O03743,C0733,2025-01-30,Completed,UPI,Indore,Madhya Pradesh
O03744,C1582,2024-11-18,Completed,COD,Kolkata,West Bengal
O03745,C3680,2023-10-09,Completed,Net Banking,Kolkata,West Bengal
O03746,C3853,2025-05-05,Completed,Credit Card,Patna,Bihar
O03747,C2428,2024-11-01,Completed,COD,Chandigarh,Chandigarh
O03748,C0324,2023-12-07,Cancelled,UPI,Bhubaneswar,Odisha
O03749,C3700,2023-01-22,Completed,Credit Card,Bhopal,Madhya Pradesh
O03750,C2993,2024-07-22,Completed,Credit Card,Hyderabad,Telangana
O03751,C0362,2024-10-31,Cancelled,COD,Nagpur,Maharashtra
O03752,C2101,2025-08-27,Completed,Debit Card,Mumbai,Maharashtra
O03753,C4498,2023-12-11,Completed,UPI,Mumbai,Maharashtra
O03754,C4777,2023-07-19,Completed,UPI,Chandigarh,Chandigarh
O03755,C1893,2023-01-05,Completed,COD,Lucknow,Uttar Pradesh
O03756,C2755,2023-10-27,Completed,UPI,Noida,Uttar Pradesh
O03757,C1473,2025-01-07,Completed,UPI,Jaipur,Rajasthan
O03758,C1107,2024-06-23,Completed,Credit Card,Bengaluru,Karnataka
O03759,C2427,2025-06-14,Returned,UPI,Nagpur,Maharashtra
O03760,C1804,2023-09-03,Completed,UPI,Kolkata,West Bengal
O03761,C2028,2025-10-25,Completed,COD,Kolkata,West Bengal
O03762,C0081,2023-01-13,Returned,COD,Ahmedabad,Gujarat
O03763,C2969,2025-09-04,Completed,Credit Card,Delhi,Delhi
O03764,C2542,2023-10-13,Completed,Debit Card,Bhubaneswar,Odisha
O03765,C3740,2023-12-05,Cancelled,Credit Card,Bhubaneswar,Odisha
O03766,C2989,2025-08-02,Completed,UPI,Lucknow,Uttar Pradesh
O03767,C4837,2023-04-23,Completed,Debit Card,Kochi,Kerala
O03768,C0325,2023-12-04,Completed,Net Banking,Delhi,Delhi
O03769,C2362,2023-03-31,Cancelled,UPI,Bengaluru,Karnataka
O03770,C1235,2025-02-21,Completed,Net Banking,Gurugram,Haryana
O03771,C0103,2025-01-28,Completed,Net Banking,Ahmedabad,Gujarat
O03772,C4913,2025-11-19,Completed,UPI,Surat,Gujarat
O03773,C0747,2023-12-23,Completed,Net Banking,Chandigarh,Chandigarh
O03774,C4909,2024-06-29,Completed,Debit Card,Bhubaneswar,Odisha
O03775,C3692,2024-04-03,Completed,Credit Card,Bengaluru,Karnataka
O03776,C3486,2024-04-15,Completed,UPI,Lucknow,Uttar Pradesh
O03777,C1248,2025-05-16,Completed,Debit Card,Bengaluru,Karnataka
O03778,C3065,2025-07-27,Completed,COD,Bhopal,Madhya Pradesh
O03779,C1720,2024-07-26,Completed,UPI,Indore,Madhya Pradesh
O03780,C2203,2025-10-22,Completed,Credit Card,Mumbai,Maharashtra
O03781,C3306,2023-11-04,Completed,Debit Card,Chandigarh,Chandigarh
O03782,C2537,2024-07-17,Cancelled,UPI,Lucknow,Uttar Pradesh
O03783,C3486,2025-11-04,Completed,COD,Lucknow,Uttar Pradesh
O03784,C1790,2024-02-28,Completed,Net Banking,Mumbai,Maharashtra
O03785,C1765,2024-09-01,Completed,Debit Card,Indore,Madhya Pradesh
O03786,C3358,2023-02-24,Completed,UPI,Jaipur,Rajasthan
O03787,C4683,2024-02-17,Returned,Net Banking,Kolkata,West Bengal
O03788,C2998,2025-09-08,Completed,COD,Indore,Madhya Pradesh
O03789,C0260,2023-02-07,Completed,UPI,Surat,Gujarat
O03790,C1919,2025-02-08,Completed,Credit Card,Hyderabad,Telangana
O03791,C1787,2023-07-02,Cancelled,UPI,Surat,Gujarat
O03792,C0100,2023-05-06,Completed,UPI,Chennai,Tamil Nadu
O03793,C3906,2023-05-20,Completed,UPI,Patna,Bihar
O03794,C2343,2024-09-12,Completed,Credit Card,Hyderabad,Telangana
O03795,C3234,2023-02-01,Completed,COD,Nagpur,Maharashtra
O03796,C3250,2023-08-23,Completed,UPI,Nagpur,Maharashtra
O03797,C0328,2023-03-14,Returned,Debit Card,Surat,Gujarat
O03798,C1352,2024-04-16,Completed,Net Banking,Mumbai,Maharashtra
O03799,C2812,2024-09-19,Completed,Debit Card,Ahmedabad,Gujarat
O03800,C2290,2024-10-29,Completed,COD,Chandigarh,Chandigarh
O03801,C1366,2024-08-16,Returned,COD,Mumbai,Maharashtra
O03802,C3163,2024-09-10,Completed,Debit Card,Lucknow,Uttar Pradesh
O03803,C3100,2023-10-19,Returned,Debit Card,Chennai,Tamil Nadu
O03804,C4555,2024-09-20,Completed,UPI,Hyderabad,Telangana
O03805,C3703,2023-08-01,Completed,Credit Card,Chennai,Tamil Nadu
O03806,C1409,2023-06-16,Completed,Credit Card,Lucknow,Uttar Pradesh
O03807,C1511,2025-12-08,Completed,Credit Card,Noida,Uttar Pradesh
O03808,C0220,2024-02-06,Completed,Credit Card,Bhubaneswar,Odisha
O03809,C4955,2025-03-01,Completed,COD,Lucknow,Uttar Pradesh
O03810,C2169,2025-08-26,Completed,COD,Chennai,Tamil Nadu
O03811,C3187,2023-06-28,Completed,UPI,Ahmedabad,Gujarat
O03812,C3240,2023-06-20,Completed,Credit Card,Nagpur,Maharashtra
O03813,C4531,2023-01-04,Completed,Net Banking,Patna,Bihar
O03814,C1270,2023-12-02,Completed,Credit Card,Lucknow,Uttar Pradesh
O03815,C4376,2023-07-14,Completed,COD,Gurugram,Haryana
O03816,C3818,2025-06-11,Returned,UPI,Hyderabad,Telangana
O03817,C0068,2025-02-08,Completed,UPI,Surat,Gujarat
O03818,C1672,2023-05-10,Completed,UPI,Chennai,Tamil Nadu
O03819,C0743,2025-10-21,Completed,UPI,Indore,Madhya Pradesh
O03820,C2013,2025-02-24,Completed,Net Banking,Surat,Gujarat
O03821,C1706,2024-05-01,Completed,UPI,Ahmedabad,Gujarat
O03822,C1447,2023-11-19,Completed,UPI,Lucknow,Uttar Pradesh
O03823,C3070,2023-01-24,Completed,Debit Card,Patna,Bihar
O03824,C0291,2024-01-12,Completed,Credit Card,Jaipur,Rajasthan
O03825,C3680,2025-02-17,Completed,UPI,Kolkata,West Bengal
O03826,C3911,2023-04-03,Completed,COD,Kochi,Kerala
O03827,C4652,2023-05-01,Completed,COD,Bhopal,Madhya Pradesh
O03828,C0353,2024-03-27,Completed,Net Banking,Indore,Madhya Pradesh
O03829,C1264,2024-08-24,Completed,Debit Card,Surat,Gujarat
O03830,C1827,2025-06-18,Completed,Debit Card,Nagpur,Maharashtra
O03831,C4379,2024-08-09,Completed,UPI,Nagpur,Maharashtra
O03832,C1606,2025-11-20,Completed,UPI,Noida,Uttar Pradesh
O03833,C3837,2025-08-09,Completed,UPI,Nagpur,Maharashtra
O03834,C3399,2024-12-07,Cancelled,Debit Card,Indore,Madhya Pradesh
O03835,C4552,2024-08-23,Completed,UPI,Bhubaneswar,Odisha
O03836,C3007,2024-09-01,Cancelled,COD,Nagpur,Maharashtra
O03837,C1005,2023-05-09,Completed,Debit Card,Patna,Bihar
O03838,C2079,2024-03-28,Cancelled,UPI,Mumbai,Maharashtra
O03839,C2496,2025-03-17,Completed,UPI,Bengaluru,Karnataka
O03840,C2262,2024-03-11,Completed,Debit Card,Ahmedabad,Gujarat
O03841,C3765,2024-05-21,Completed,COD,Lucknow,Uttar Pradesh
O03842,C1738,2024-10-13,Completed,COD,Gurugram,Haryana
O03843,C3097,2025-06-25,Completed,Debit Card,Gurugram,Haryana
O03844,C2445,2023-04-19,Completed,UPI,Kolkata,West Bengal
O03845,C0337,2024-06-09,Cancelled,COD,Bhubaneswar,Odisha
O03846,C2984,2025-08-07,Completed,COD,Kolkata,West Bengal
O03847,C0968,2024-01-27,Completed,COD,Surat,Gujarat
O03848,C4999,2024-11-03,Completed,UPI,Mumbai,Maharashtra
O03849,C0672,2025-05-01,Cancelled,Debit Card,Kolkata,West Bengal
O03850,C1304,2024-08-28,Cancelled,Net Banking,Hyderabad,Telangana
O03851,C4865,2023-12-13,Completed,UPI,Surat,Gujarat
O03852,C2671,2025-04-01,Completed,Debit Card,Kolkata,West Bengal
O03853,C2607,2024-12-18,Completed,UPI,Kolkata,West Bengal
O03854,C1715,2023-11-03,Completed,UPI,Bhopal,Madhya Pradesh
O03855,C2596,2025-06-28,Completed,Credit Card,Patna,Bihar
O03856,C2971,2025-11-23,Cancelled,COD,Nagpur,Maharashtra
O03857,C3270,2023-06-18,Completed,UPI,Bengaluru,Karnataka
O03858,C2602,2024-06-15,Completed,Net Banking,Chennai,Tamil Nadu
O03859,C0479,2024-06-21,Completed,COD,Pune,Maharashtra
O03860,C0844,2025-07-16,Cancelled,UPI,Ahmedabad,Gujarat
O03861,C1626,2024-11-20,Completed,UPI,Lucknow,Uttar Pradesh
O03862,C1881,2024-11-19,Completed,Credit Card,Ahmedabad,Gujarat
O03863,C3652,2024-12-05,Cancelled,COD,Bhubaneswar,Odisha
O03864,C2118,2023-07-10,Completed,UPI,Chennai,Tamil Nadu
O03865,C0505,2023-10-10,Completed,Credit Card,Bhopal,Madhya Pradesh
O03866,C0110,2025-08-28,Completed,UPI,Bengaluru,Karnataka
O03867,C1406,2024-05-03,Completed,UPI,Patna,Bihar
O03868,C4493,2025-11-24,Completed,Debit Card,Indore,Madhya Pradesh
O03869,C3481,2025-03-16,Completed,UPI,Lucknow,Uttar Pradesh
O03870,C0351,2023-02-11,Completed,UPI,Chandigarh,Chandigarh
O03871,C1558,2023-06-19,Completed,UPI,Noida,Uttar Pradesh
O03872,C3043,2025-10-03,Returned,UPI,Chennai,Tamil Nadu
O03873,C2837,2025-05-17,Cancelled,COD,Nagpur,Maharashtra
O03874,C3629,2024-07-19,Completed,Debit Card,Chennai,Tamil Nadu
O03875,C2042,2024-01-20,Returned,Debit Card,Chandigarh,Chandigarh
O03876,C0111,2024-08-20,Returned,UPI,Delhi,Delhi
O03877,C4305,2025-12-23,Completed,UPI,Gurugram,Haryana
O03878,C1766,2023-03-22,Completed,COD,Indore,Madhya Pradesh
O03879,C1202,2025-02-18,Cancelled,UPI,Bhopal,Madhya Pradesh
O03880,C2979,2024-04-05,Cancelled,Credit Card,Kochi,Kerala
O03881,C2473,2023-08-26,Completed,UPI,Hyderabad,Telangana
O03882,C2376,2023-10-26,Returned,UPI,Kochi,Kerala
O03883,C0011,2025-01-06,Completed,Debit Card,Ahmedabad,Gujarat
O03884,C4952,2025-04-19,Completed,UPI,Pune,Maharashtra
O03885,C2302,2024-06-12,Completed,Credit Card,Indore,Madhya Pradesh
O03886,C1590,2023-03-29,Completed,Debit Card,Ahmedabad,Gujarat
O03887,C1502,2023-01-24,Completed,COD,Indore,Madhya Pradesh
O03888,C0129,2023-11-28,Completed,UPI,Patna,Bihar
O03889,C3604,2025-12-17,Completed,UPI,Noida,Uttar Pradesh
O03890,C4196,2024-04-08,Completed,UPI,Chandigarh,Chandigarh
O03891,C0290,2025-09-28,Completed,Credit Card,Bengaluru,Karnataka
O03892,C1677,2023-07-08,Completed,UPI,Kochi,Kerala
O03893,C1845,2023-08-10,Returned,UPI,Bhopal,Madhya Pradesh
O03894,C3636,2025-08-20,Completed,UPI,Jaipur,Rajasthan
O03895,C2694,2023-12-19,Completed,COD,Gurugram,Haryana
O03896,C1828,2025-12-10,Completed,UPI,Bengaluru,Karnataka
O03897,C4761,2023-08-10,Returned,COD,Ahmedabad,Gujarat
O03898,C1371,2024-05-02,Completed,UPI,Surat,Gujarat
O03899,C4794,2025-05-09,Completed,Debit Card,Bengaluru,Karnataka
O03900,C3823,2025-05-28,Completed,Net Banking,Kolkata,West Bengal
O03901,C0183,2023-06-16,Completed,Net Banking,Patna,Bihar
O03902,C0351,2023-04-11,Completed,Credit Card,Chandigarh,Chandigarh
O03903,C3587,2024-06-08,Completed,UPI,Ahmedabad,Gujarat
O03904,C1402,2024-05-02,Completed,COD,Hyderabad,Telangana
O03905,C2756,2023-03-22,Completed,UPI,Chennai,Tamil Nadu
O03906,C4774,2024-08-02,Completed,Net Banking,Pune,Maharashtra
O03907,C2850,2025-04-01,Returned,Debit Card,Delhi,Delhi
O03908,C4436,2025-06-04,Returned,Net Banking,Chennai,Tamil Nadu
O03909,C3213,2024-08-24,Returned,Debit Card,Nagpur,Maharashtra
O03910,C4207,2023-03-13,Completed,Net Banking,Noida,Uttar Pradesh
O03911,C3968,2023-09-02,Completed,Credit Card,Surat,Gujarat
O03912,C3928,2024-08-01,Completed,UPI,Bengaluru,Karnataka
O03913,C3430,2024-10-03,Completed,Credit Card,Bhopal,Madhya Pradesh
O03914,C3489,2023-07-13,Completed,UPI,Ahmedabad,Gujarat
O03915,C1896,2024-06-21,Completed,Credit Card,Pune,Maharashtra
O03916,C2909,2023-11-28,Completed,COD,Surat,Gujarat
O03917,C1412,2023-10-20,Cancelled,Credit Card,Pune,Maharashtra
O03918,C3383,2024-12-30,Completed,Debit Card,Bhopal,Madhya Pradesh
O03919,C1944,2023-02-05,Completed,UPI,Patna,Bihar
O03920,C4000,2025-11-10,Completed,Net Banking,Delhi,Delhi
O03921,C3119,2023-09-02,Completed,UPI,Ahmedabad,Gujarat
O03922,C0656,2023-02-23,Completed,UPI,Chennai,Tamil Nadu
O03923,C0350,2023-06-25,Completed,COD,Kolkata,West Bengal
O03924,C3999,2023-07-09,Completed,COD,Indore,Madhya Pradesh
O03925,C1144,2025-03-17,Completed,Credit Card,Ahmedabad,Gujarat
O03926,C0398,2024-09-07,Returned,Credit Card,Chennai,Tamil Nadu
O03927,C0646,2023-03-09,Completed,Credit Card,Bengaluru,Karnataka
O03928,C4509,2023-11-20,Completed,UPI,Delhi,Delhi
O03929,C4133,2024-03-29,Cancelled,COD,Surat,Gujarat
O03930,C2235,2023-08-14,Completed,Debit Card,Gurugram,Haryana
O03931,C4516,2023-04-14,Completed,Credit Card,Patna,Bihar
O03932,C2773,2024-04-10,Completed,Credit Card,Ahmedabad,Gujarat
O03933,C1484,2024-03-03,Completed,UPI,Nagpur,Maharashtra
O03934,C2235,2025-09-19,Completed,Debit Card,Gurugram,Haryana
O03935,C1984,2024-03-17,Completed,Net Banking,Chennai,Tamil Nadu
O03936,C1963,2024-12-24,Completed,Debit Card,Kolkata,West Bengal
O03937,C0810,2025-11-25,Completed,Credit Card,Indore,Madhya Pradesh
O03938,C3197,2023-05-13,Completed,UPI,Chandigarh,Chandigarh
O03939,C4416,2025-06-10,Cancelled,Net Banking,Pune,Maharashtra
O03940,C0514,2024-01-31,Completed,UPI,Noida,Uttar Pradesh
O03941,C0334,2023-03-31,Completed,UPI,Mumbai,Maharashtra
O03942,C2513,2023-09-12,Completed,Credit Card,Pune,Maharashtra
O03943,C4096,2025-08-13,Cancelled,Credit Card,Ahmedabad,Gujarat
O03944,C4820,2023-03-24,Completed,Net Banking,Jaipur,Rajasthan
O03945,C0008,2024-10-12,Completed,UPI,Patna,Bihar
O03946,C2004,2024-06-15,Completed,Debit Card,Hyderabad,Telangana
O03947,C4260,2025-04-20,Completed,UPI,Indore,Madhya Pradesh
O03948,C4877,2023-01-27,Completed,UPI,Ahmedabad,Gujarat
O03949,C2129,2025-10-11,Completed,Debit Card,Bengaluru,Karnataka
O03950,C1299,2024-01-14,Completed,COD,Kochi,Kerala
O03951,C2947,2024-01-28,Completed,Credit Card,Chennai,Tamil Nadu
O03952,C1845,2023-08-05,Cancelled,COD,Bhopal,Madhya Pradesh
O03953,C3612,2024-01-16,Cancelled,Net Banking,Pune,Maharashtra
O03954,C3066,2024-09-28,Completed,Net Banking,Bhubaneswar,Odisha
O03955,C1103,2025-03-10,Returned,UPI,Kolkata,West Bengal
O03956,C0680,2024-05-22,Completed,UPI,Lucknow,Uttar Pradesh
O03957,C4534,2023-10-10,Completed,Debit Card,Mumbai,Maharashtra
O03958,C3370,2023-08-02,Returned,Debit Card,Chandigarh,Chandigarh
O03959,C4048,2024-06-13,Completed,Credit Card,Gurugram,Haryana
O03960,C2824,2025-05-04,Completed,UPI,Ahmedabad,Gujarat
O03961,C0010,2024-09-08,Completed,Debit Card,Hyderabad,Telangana
O03962,C4254,2023-02-10,Cancelled,Credit Card,Hyderabad,Telangana
O03963,C2832,2024-06-02,Cancelled,UPI,Jaipur,Rajasthan
O03964,C3948,2025-10-25,Completed,Debit Card,Jaipur,Rajasthan
O03965,C4217,2025-11-10,Completed,Debit Card,Gurugram,Haryana
O03966,C2187,2024-10-07,Returned,UPI,Lucknow,Uttar Pradesh
O03967,C0674,2025-07-29,Completed,COD,Indore,Madhya Pradesh
O03968,C2028,2023-08-30,Completed,UPI,Kolkata,West Bengal
O03969,C1457,2025-07-19,Completed,Credit Card,Bhopal,Madhya Pradesh
O03970,C0044,2023-04-16,Completed,Net Banking,Ahmedabad,Gujarat
O03971,C4912,2023-12-09,Returned,UPI,Mumbai,Maharashtra
O03972,C4194,2024-02-21,Completed,UPI,Indore,Madhya Pradesh
O03973,C3610,2023-02-07,Completed,UPI,Indore,Madhya Pradesh
O03974,C1895,2023-12-02,Completed,UPI,Chandigarh,Chandigarh
O03975,C3782,2024-04-17,Completed,UPI,Bengaluru,Karnataka
O03976,C2287,2023-04-23,Completed,Net Banking,Jaipur,Rajasthan
O03977,C4571,2023-09-08,Completed,UPI,Hyderabad,Telangana
O03978,C2572,2025-06-30,Cancelled,UPI,Lucknow,Uttar Pradesh
O03979,C1416,2025-12-30,Completed,COD,Kochi,Kerala
O03980,C0009,2023-09-21,Completed,Credit Card,Patna,Bihar
O03981,C1863,2025-06-17,Completed,Debit Card,Surat,Gujarat
O03982,C1234,2024-08-03,Completed,UPI,Jaipur,Rajasthan
O03983,C3126,2024-01-19,Completed,Net Banking,Hyderabad,Telangana
O03984,C4712,2025-02-25,Completed,UPI,Kochi,Kerala
O03985,C2458,2025-10-06,Completed,Debit Card,Hyderabad,Telangana
O03986,C0010,2024-07-15,Completed,COD,Hyderabad,Telangana
O03987,C3005,2024-04-17,Completed,UPI,Chennai,Tamil Nadu
O03988,C4648,2023-03-02,Completed,COD,Delhi,Delhi
O03989,C4976,2025-12-17,Completed,COD,Nagpur,Maharashtra
O03990,C0268,2025-07-06,Completed,Net Banking,Bhopal,Madhya Pradesh
O03991,C3862,2025-11-21,Completed,Net Banking,Surat,Gujarat
O03992,C2715,2024-10-18,Completed,Credit Card,Bengaluru,Karnataka
O03993,C4547,2023-06-18,Completed,Credit Card,Hyderabad,Telangana
O03994,C2642,2025-11-11,Completed,Net Banking,Mumbai,Maharashtra
O03995,C3807,2025-03-20,Completed,UPI,Delhi,Delhi
O03996,C1392,2023-10-29,Completed,Debit Card,Gurugram,Haryana
O03997,C1083,2024-11-18,Completed,UPI,Pune,Maharashtra
O03998,C0294,2024-01-22,Completed,Debit Card,Kochi,Kerala
O03999,C4080,2023-11-25,Completed,COD,Gurugram,Haryana
O04000,C2836,2024-04-04,Completed,Debit Card,Jaipur,Rajasthan
O04001,C4965,2023-06-02,Completed,Net Banking,Surat,Gujarat
O04002,C4206,2024-12-25,Cancelled,Credit Card,Kochi,Kerala
O04003,C2155,2025-03-17,Completed,Credit Card,Pune,Maharashtra
O04004,C2345,2024-05-01,Completed,Credit Card,Bhopal,Madhya Pradesh
O04005,C3924,2024-08-17,Completed,Net Banking,Chandigarh,Chandigarh
O04006,C1855,2025-09-24,Completed,Net Banking,Surat,Gujarat
O04007,C3869,2025-09-08,Completed,Net Banking,Hyderabad,Telangana
O04008,C3791,2024-10-02,Completed,Net Banking,Delhi,Delhi
O04009,C3033,2025-08-05,Completed,COD,Nagpur,Maharashtra
O04010,C0845,2023-07-10,Completed,Net Banking,Mumbai,Maharashtra
O04011,C1708,2023-02-21,Completed,UPI,Bhopal,Madhya Pradesh
O04012,C2008,2024-08-17,Completed,UPI,Surat,Gujarat
O04013,C1274,2023-12-07,Cancelled,COD,Noida,Uttar Pradesh
O04014,C4435,2024-06-08,Completed,Debit Card,Nagpur,Maharashtra
O04015,C2105,2023-01-17,Completed,COD,Indore,Madhya Pradesh
O04016,C2968,2023-08-30,Completed,COD,Kolkata,West Bengal
O04017,C4243,2024-10-12,Completed,UPI,Noida,Uttar Pradesh
O04018,C4842,2023-10-21,Completed,COD,Lucknow,Uttar Pradesh
O04019,C1213,2025-11-17,Completed,COD,Gurugram,Haryana
O04020,C2296,2023-12-25,Returned,Credit Card,Bhopal,Madhya Pradesh
O04021,C2198,2024-11-03,Completed,Credit Card,Delhi,Delhi
O04022,C4810,2025-10-16,Completed,Credit Card,Patna,Bihar
O04023,C3285,2023-07-01,Completed,Credit Card,Patna,Bihar
O04024,C2265,2025-07-09,Completed,COD,Surat,Gujarat
O04025,C1611,2025-03-02,Completed,COD,Gurugram,Haryana
O04026,C1419,2024-10-28,Completed,UPI,Pune,Maharashtra
O04027,C1787,2024-12-26,Completed,UPI,Surat,Gujarat
O04028,C4400,2023-12-19,Cancelled,UPI,Surat,Gujarat
O04029,C3483,2023-03-10,Completed,Debit Card,Chennai,Tamil Nadu
O04030,C1878,2024-04-21,Completed,COD,Kochi,Kerala
O04031,C2908,2023-11-21,Cancelled,UPI,Bengaluru,Karnataka
O04032,C0380,2023-10-14,Completed,UPI,Surat,Gujarat
O04033,C3301,2023-03-24,Completed,COD,Ahmedabad,Gujarat
O04034,C0694,2023-09-26,Completed,UPI,Gurugram,Haryana
O04035,C3577,2025-06-06,Completed,UPI,Bengaluru,Karnataka
O04036,C4146,2023-10-28,Completed,UPI,Delhi,Delhi
O04037,C1448,2025-10-18,Completed,COD,Delhi,Delhi
O04038,C2391,2023-03-31,Completed,UPI,Kolkata,West Bengal
O04039,C1756,2023-12-26,Completed,UPI,Surat,Gujarat
O04040,C3085,2025-10-22,Completed,Net Banking,Chandigarh,Chandigarh
O04041,C1880,2025-02-18,Completed,UPI,Bengaluru,Karnataka
O04042,C2810,2024-12-27,Completed,Debit Card,Nagpur,Maharashtra
O04043,C0848,2023-01-05,Completed,UPI,Chennai,Tamil Nadu
O04044,C2972,2023-04-27,Completed,Debit Card,Chandigarh,Chandigarh
O04045,C4062,2025-10-10,Completed,UPI,Ahmedabad,Gujarat
O04046,C1196,2024-03-06,Completed,Debit Card,Chennai,Tamil Nadu
O04047,C1513,2024-01-25,Completed,Credit Card,Pune,Maharashtra
O04048,C3903,2025-01-13,Completed,COD,Chandigarh,Chandigarh
O04049,C3321,2023-03-25,Completed,Debit Card,Bengaluru,Karnataka
O04050,C2458,2024-08-23,Completed,Net Banking,Hyderabad,Telangana
O04051,C3463,2024-03-28,Completed,UPI,Surat,Gujarat
O04052,C3451,2023-11-19,Completed,Debit Card,Noida,Uttar Pradesh
O04053,C0227,2025-08-21,Completed,Net Banking,Chennai,Tamil Nadu
O04054,C1808,2024-05-17,Returned,UPI,Gurugram,Haryana
O04055,C4309,2024-05-20,Completed,UPI,Nagpur,Maharashtra
O04056,C0419,2025-06-03,Completed,COD,Patna,Bihar
O04057,C1876,2024-05-10,Completed,Credit Card,Surat,Gujarat
O04058,C3156,2025-07-29,Completed,Credit Card,Gurugram,Haryana
O04059,C0919,2025-09-20,Cancelled,Credit Card,Chennai,Tamil Nadu
O04060,C4873,2024-01-21,Completed,Net Banking,Ahmedabad,Gujarat
O04061,C4055,2024-11-06,Completed,UPI,Patna,Bihar
O04062,C3819,2025-05-14,Completed,Credit Card,Jaipur,Rajasthan
O04063,C4272,2023-10-14,Completed,UPI,Ahmedabad,Gujarat
O04064,C2632,2025-07-11,Cancelled,COD,Noida,Uttar Pradesh
O04065,C3675,2023-07-20,Returned,UPI,Delhi,Delhi
O04066,C1346,2025-03-21,Completed,UPI,Chandigarh,Chandigarh
O04067,C4631,2025-06-01,Completed,Net Banking,Bengaluru,Karnataka
O04068,C1830,2024-05-27,Completed,Credit Card,Kolkata,West Bengal
O04069,C1664,2025-06-16,Completed,COD,Hyderabad,Telangana
O04070,C4420,2023-12-23,Completed,Credit Card,Kolkata,West Bengal
O04071,C0085,2025-06-26,Completed,Credit Card,Ahmedabad,Gujarat
O04072,C3813,2025-06-24,Completed,COD,Jaipur,Rajasthan
O04073,C0887,2025-12-24,Returned,Net Banking,Kochi,Kerala
O04074,C3340,2025-12-24,Completed,Debit Card,Jaipur,Rajasthan
O04075,C4208,2023-11-13,Completed,COD,Nagpur,Maharashtra
O04076,C2676,2023-04-05,Completed,COD,Bengaluru,Karnataka
O04077,C2798,2024-04-03,Completed,Credit Card,Ahmedabad,Gujarat
O04078,C4148,2024-01-30,Completed,Net Banking,Kochi,Kerala
O04079,C2132,2025-11-28,Completed,UPI,Gurugram,Haryana
O04080,C3695,2023-05-29,Completed,COD,Surat,Gujarat
O04081,C2760,2024-01-11,Cancelled,UPI,Bengaluru,Karnataka
O04082,C2779,2024-01-01,Completed,UPI,Jaipur,Rajasthan
O04083,C0741,2024-03-31,Cancelled,COD,Pune,Maharashtra
O04084,C2877,2023-10-03,Completed,Net Banking,Noida,Uttar Pradesh
O04085,C4521,2024-02-09,Completed,UPI,Noida,Uttar Pradesh
O04086,C1712,2023-06-12,Completed,Credit Card,Chennai,Tamil Nadu
O04087,C0056,2025-03-10,Completed,Debit Card,Hyderabad,Telangana
O04088,C3363,2025-03-14,Completed,UPI,Chandigarh,Chandigarh
O04089,C2860,2025-12-28,Completed,UPI,Delhi,Delhi
O04090,C0807,2023-06-29,Completed,Credit Card,Kolkata,West Bengal
O04091,C3057,2023-05-12,Completed,Credit Card,Kochi,Kerala
O04092,C4751,2025-05-01,Cancelled,Debit Card,Chandigarh,Chandigarh
O04093,C1007,2025-10-08,Cancelled,UPI,Gurugram,Haryana
O04094,C4104,2024-04-01,Completed,COD,Bengaluru,Karnataka
O04095,C1782,2025-07-03,Completed,Credit Card,Delhi,Delhi
O04096,C0990,2025-10-13,Completed,COD,Indore,Madhya Pradesh
O04097,C3934,2024-05-24,Completed,Credit Card,Lucknow,Uttar Pradesh
O04098,C3165,2023-09-02,Cancelled,Credit Card,Kolkata,West Bengal
O04099,C3370,2025-02-22,Completed,UPI,Chandigarh,Chandigarh
O04100,C2079,2025-11-27,Completed,UPI,Mumbai,Maharashtra
O04101,C0378,2024-05-12,Completed,UPI,Bengaluru,Karnataka
O04102,C2378,2024-04-03,Completed,Credit Card,Chennai,Tamil Nadu
O04103,C0282,2024-10-05,Completed,Credit Card,Gurugram,Haryana
O04104,C4735,2023-02-25,Completed,COD,Delhi,Delhi
O04105,C2920,2024-02-28,Completed,Credit Card,Chennai,Tamil Nadu
O04106,C4165,2023-02-19,Returned,UPI,Chennai,Tamil Nadu
O04107,C3595,2024-01-08,Cancelled,COD,Hyderabad,Telangana
O04108,C1839,2023-03-23,Completed,Debit Card,Jaipur,Rajasthan
O04109,C4433,2025-05-31,Completed,UPI,Bengaluru,Karnataka
O04110,C2893,2024-07-14,Completed,UPI,Mumbai,Maharashtra
O04111,C0215,2023-02-17,Cancelled,UPI,Lucknow,Uttar Pradesh
O04112,C4731,2023-08-26,Completed,UPI,Nagpur,Maharashtra
O04113,C4519,2025-09-18,Completed,COD,Ahmedabad,Gujarat
O04114,C2121,2024-01-24,Cancelled,Debit Card,Lucknow,Uttar Pradesh
O04115,C3794,2024-11-15,Completed,COD,Jaipur,Rajasthan
O04116,C2871,2023-07-06,Completed,COD,Noida,Uttar Pradesh
O04117,C0786,2024-11-26,Completed,UPI,Chennai,Tamil Nadu
O04118,C0938,2023-12-29,Completed,Credit Card,Bhopal,Madhya Pradesh
O04119,C1690,2023-01-08,Completed,Net Banking,Bhopal,Madhya Pradesh
O04120,C3712,2024-09-02,Completed,UPI,Noida,Uttar Pradesh
O04121,C1257,2023-01-27,Completed,UPI,Pune,Maharashtra
O04122,C3113,2025-08-31,Completed,UPI,Jaipur,Rajasthan
O04123,C4535,2025-06-05,Cancelled,Credit Card,Ahmedabad,Gujarat
O04124,C1338,2025-09-09,Completed,UPI,Lucknow,Uttar Pradesh
O04125,C0270,2023-10-03,Completed,Credit Card,Kochi,Kerala
O04126,C1491,2025-04-04,Completed,UPI,Gurugram,Haryana
O04127,C2122,2025-08-23,Completed,UPI,Mumbai,Maharashtra
O04128,C1681,2025-03-01,Completed,UPI,Pune,Maharashtra
O04129,C4770,2024-12-16,Completed,UPI,Kolkata,West Bengal
O04130,C3854,2024-04-21,Completed,UPI,Surat,Gujarat
O04131,C0410,2024-12-04,Completed,Credit Card,Mumbai,Maharashtra
O04132,C1442,2023-12-26,Completed,Net Banking,Noida,Uttar Pradesh
O04133,C2259,2025-11-22,Completed,COD,Lucknow,Uttar Pradesh
O04134,C0792,2024-06-28,Completed,COD,Patna,Bihar
O04135,C0360,2023-04-10,Completed,Debit Card,Lucknow,Uttar Pradesh
O04136,C4678,2024-10-18,Cancelled,Net Banking,Indore,Madhya Pradesh
O04137,C0423,2023-11-26,Completed,Net Banking,Delhi,Delhi
O04138,C0121,2025-12-24,Completed,COD,Pune,Maharashtra
O04139,C2221,2023-05-02,Completed,Debit Card,Gurugram,Haryana
O04140,C4130,2025-08-16,Completed,UPI,Bhopal,Madhya Pradesh
O04141,C2966,2025-09-28,Completed,UPI,Bhubaneswar,Odisha
O04142,C0071,2024-04-20,Completed,UPI,Indore,Madhya Pradesh
O04143,C4641,2025-01-11,Completed,Debit Card,Chennai,Tamil Nadu
O04144,C3693,2023-05-07,Completed,UPI,Gurugram,Haryana
O04145,C4631,2025-05-17,Completed,COD,Bengaluru,Karnataka
O04146,C3730,2023-04-01,Completed,UPI,Surat,Gujarat
O04147,C0014,2023-02-15,Completed,UPI,Bhopal,Madhya Pradesh
O04148,C3901,2023-01-25,Completed,Credit Card,Mumbai,Maharashtra
O04149,C3620,2023-12-15,Completed,Debit Card,Jaipur,Rajasthan
O04150,C0271,2025-09-29,Returned,UPI,Kolkata,West Bengal
O04151,C3125,2025-02-06,Returned,UPI,Delhi,Delhi
O04152,C1584,2025-05-22,Completed,Debit Card,Kolkata,West Bengal
O04153,C4559,2023-10-21,Completed,COD,Kochi,Kerala
O04154,C0523,2023-09-03,Completed,Credit Card,Delhi,Delhi
O04155,C2818,2023-09-14,Completed,Credit Card,Nagpur,Maharashtra
O04156,C4951,2025-04-01,Completed,Debit Card,Lucknow,Uttar Pradesh
O04157,C2840,2023-12-18,Completed,Debit Card,Jaipur,Rajasthan
O04158,C0443,2025-02-28,Completed,UPI,Hyderabad,Telangana
O04159,C2084,2025-10-19,Completed,UPI,Bhubaneswar,Odisha
O04160,C2928,2024-11-24,Completed,Net Banking,Jaipur,Rajasthan
O04161,C1222,2025-01-08,Returned,Net Banking,Indore,Madhya Pradesh
O04162,C3450,2025-11-23,Cancelled,Credit Card,Chennai,Tamil Nadu
O04163,C2441,2024-12-19,Completed,Credit Card,Nagpur,Maharashtra
O04164,C2363,2024-07-09,Completed,UPI,Chennai,Tamil Nadu
O04165,C4504,2024-05-13,Returned,Debit Card,Chandigarh,Chandigarh
O04166,C0895,2023-11-19,Completed,UPI,Indore,Madhya Pradesh
O04167,C3903,2023-04-24,Completed,UPI,Chandigarh,Chandigarh
O04168,C2254,2025-08-05,Cancelled,UPI,Hyderabad,Telangana
O04169,C2011,2024-04-29,Completed,Debit Card,Bhopal,Madhya Pradesh
O04170,C4994,2023-10-05,Completed,Credit Card,Bengaluru,Karnataka
O04171,C4191,2025-11-18,Completed,UPI,Bengaluru,Karnataka
O04172,C4636,2024-02-02,Completed,Debit Card,Nagpur,Maharashtra
O04173,C3216,2023-08-10,Returned,COD,Jaipur,Rajasthan
O04174,C4605,2023-11-14,Completed,COD,Surat,Gujarat
O04175,C2561,2023-09-28,Completed,Credit Card,Bengaluru,Karnataka
O04176,C2847,2024-02-02,Completed,Debit Card,Chandigarh,Chandigarh
O04177,C1046,2023-12-09,Returned,COD,Delhi,Delhi
O04178,C4834,2024-01-16,Completed,COD,Lucknow,Uttar Pradesh
O04179,C2935,2025-02-13,Completed,Credit Card,Indore,Madhya Pradesh
O04180,C0471,2023-12-06,Completed,UPI,Gurugram,Haryana
O04181,C4380,2023-01-07,Completed,COD,Indore,Madhya Pradesh
O04182,C0372,2023-10-15,Completed,UPI,Ahmedabad,Gujarat
O04183,C3404,2025-06-11,Completed,COD,Kochi,Kerala
O04184,C1404,2025-04-26,Completed,COD,Pune,Maharashtra
O04185,C4603,2024-12-17,Completed,Debit Card,Hyderabad,Telangana
O04186,C3947,2023-07-03,Completed,Debit Card,Nagpur,Maharashtra
O04187,C4076,2024-07-23,Cancelled,UPI,Indore,Madhya Pradesh
O04188,C4674,2024-09-14,Completed,UPI,Bengaluru,Karnataka
O04189,C2521,2023-07-05,Completed,Debit Card,Delhi,Delhi
O04190,C1008,2024-10-04,Completed,COD,Pune,Maharashtra
O04191,C3347,2024-04-24,Completed,UPI,Bhubaneswar,Odisha
O04192,C0668,2025-04-27,Completed,UPI,Indore,Madhya Pradesh
O04193,C1447,2024-09-21,Completed,UPI,Lucknow,Uttar Pradesh
O04194,C3967,2024-05-18,Completed,Debit Card,Indore,Madhya Pradesh
O04195,C1908,2023-04-20,Completed,Credit Card,Indore,Madhya Pradesh
O04196,C2368,2025-01-01,Completed,UPI,Kolkata,West Bengal
O04197,C2106,2023-08-02,Completed,UPI,Hyderabad,Telangana
O04198,C4369,2025-09-22,Completed,Debit Card,Lucknow,Uttar Pradesh
O04199,C3030,2024-07-21,Completed,UPI,Patna,Bihar
O04200,C0041,2025-09-27,Completed,UPI,Indore,Madhya Pradesh
O04201,C4834,2025-08-18,Cancelled,UPI,Lucknow,Uttar Pradesh
O04202,C4805,2025-04-03,Completed,COD,Kolkata,West Bengal
O04203,C0126,2025-04-26,Completed,Credit Card,Pune,Maharashtra
O04204,C0778,2024-10-19,Cancelled,Credit Card,Lucknow,Uttar Pradesh
O04205,C0836,2025-12-07,Completed,UPI,Kolkata,West Bengal
O04206,C0879,2025-09-02,Completed,Credit Card,Hyderabad,Telangana
O04207,C4490,2023-07-18,Completed,Debit Card,Delhi,Delhi
O04208,C4924,2024-05-22,Completed,UPI,Bhubaneswar,Odisha
O04209,C0837,2023-11-25,Completed,COD,Noida,Uttar Pradesh
O04210,C0525,2023-05-04,Completed,COD,Nagpur,Maharashtra
O04211,C1252,2023-07-19,Completed,COD,Bengaluru,Karnataka
O04212,C4242,2023-03-16,Completed,Credit Card,Patna,Bihar
O04213,C0735,2023-06-06,Completed,UPI,Kochi,Kerala
O04214,C0169,2023-11-08,Completed,Debit Card,Chennai,Tamil Nadu
O04215,C1149,2025-11-01,Returned,UPI,Lucknow,Uttar Pradesh
O04216,C0300,2023-03-24,Completed,UPI,Noida,Uttar Pradesh
O04217,C3322,2024-11-23,Completed,Credit Card,Bengaluru,Karnataka
O04218,C0522,2025-10-14,Completed,Credit Card,Chandigarh,Chandigarh
O04219,C0618,2023-07-05,Completed,UPI,Surat,Gujarat
O04220,C3585,2023-02-12,Returned,Credit Card,Chennai,Tamil Nadu
O04221,C1718,2023-03-14,Completed,Credit Card,Nagpur,Maharashtra
O04222,C4602,2025-11-08,Completed,COD,Bhopal,Madhya Pradesh
O04223,C0302,2023-06-14,Completed,Debit Card,Bengaluru,Karnataka
O04224,C0653,2023-09-24,Completed,UPI,Surat,Gujarat
O04225,C3302,2025-05-16,Completed,COD,Delhi,Delhi
O04226,C4160,2024-10-15,Completed,Net Banking,Bhubaneswar,Odisha
O04227,C2638,2023-02-03,Completed,Debit Card,Indore,Madhya Pradesh
O04228,C2280,2023-04-08,Cancelled,COD,Gurugram,Haryana
O04229,C1623,2023-11-12,Cancelled,UPI,Chennai,Tamil Nadu
O04230,C4415,2024-12-10,Completed,Net Banking,Hyderabad,Telangana
O04231,C1682,2024-02-09,Completed,UPI,Kolkata,West Bengal
O04232,C4925,2024-09-07,Completed,Debit Card,Indore,Madhya Pradesh
O04233,C0092,2025-05-31,Completed,Credit Card,Jaipur,Rajasthan
O04234,C3707,2025-04-13,Completed,UPI,Bengaluru,Karnataka
O04235,C0961,2025-05-04,Completed,UPI,Delhi,Delhi
O04236,C4160,2024-03-15,Cancelled,Credit Card,Bhubaneswar,Odisha
O04237,C0844,2024-06-15,Completed,COD,Ahmedabad,Gujarat
O04238,C0219,2025-02-15,Cancelled,Net Banking,Surat,Gujarat
O04239,C0704,2023-04-26,Completed,Credit Card,Bengaluru,Karnataka
O04240,C4715,2024-02-09,Completed,Debit Card,Bhopal,Madhya Pradesh
O04241,C0247,2023-10-24,Completed,COD,Bengaluru,Karnataka
O04242,C4038,2025-06-19,Completed,UPI,Jaipur,Rajasthan
O04243,C0057,2024-07-11,Returned,Net Banking,Noida,Uttar Pradesh
O04244,C3960,2023-11-30,Cancelled,UPI,Bengaluru,Karnataka
O04245,C4853,2025-12-30,Completed,COD,Patna,Bihar
O04246,C1859,2025-08-23,Completed,Net Banking,Bhopal,Madhya Pradesh
O04247,C1913,2023-02-28,Completed,UPI,Lucknow,Uttar Pradesh
O04248,C4222,2024-12-16,Completed,COD,Lucknow,Uttar Pradesh
O04249,C0267,2025-10-02,Completed,Debit Card,Surat,Gujarat
O04250,C3483,2025-12-10,Completed,COD,Chennai,Tamil Nadu
O04251,C1681,2023-01-16,Completed,UPI,Pune,Maharashtra
O04252,C3194,2023-02-20,Completed,COD,Bhubaneswar,Odisha
O04253,C1532,2025-09-15,Completed,Debit Card,Chandigarh,Chandigarh
O04254,C2007,2025-01-07,Completed,Credit Card,Indore,Madhya Pradesh
O04255,C4706,2025-06-24,Completed,Credit Card,Kolkata,West Bengal
O04256,C4565,2023-11-24,Completed,Debit Card,Ahmedabad,Gujarat
O04257,C4897,2025-07-20,Completed,UPI,Chennai,Tamil Nadu
O04258,C4229,2023-10-28,Returned,Net Banking,Mumbai,Maharashtra
O04259,C3451,2024-06-01,Completed,UPI,Noida,Uttar Pradesh
O04260,C1020,2023-09-19,Completed,COD,Nagpur,Maharashtra
O04261,C0318,2023-04-01,Cancelled,UPI,Bengaluru,Karnataka
O04262,C1601,2023-07-13,Completed,COD,Bengaluru,Karnataka
O04263,C0711,2025-12-23,Cancelled,COD,Kolkata,West Bengal
O04264,C3197,2023-08-14,Completed,UPI,Chandigarh,Chandigarh
O04265,C0451,2024-03-20,Completed,Debit Card,Jaipur,Rajasthan
O04266,C1882,2023-11-30,Completed,UPI,Surat,Gujarat
O04267,C1744,2025-12-22,Cancelled,Credit Card,Patna,Bihar
O04268,C1324,2024-05-11,Completed,UPI,Patna,Bihar
O04269,C3561,2025-10-11,Completed,UPI,Surat,Gujarat
O04270,C2681,2023-09-02,Completed,Net Banking,Bengaluru,Karnataka
O04271,C4238,2023-03-05,Completed,Credit Card,Bhubaneswar,Odisha
O04272,C3052,2025-03-15,Completed,UPI,Pune,Maharashtra
O04273,C4665,2025-07-20,Completed,Credit Card,Chennai,Tamil Nadu
O04274,C2352,2023-06-11,Returned,Net Banking,Surat,Gujarat
O04275,C2705,2025-12-04,Completed,UPI,Kochi,Kerala
O04276,C2641,2023-01-25,Completed,UPI,Jaipur,Rajasthan
O04277,C4126,2023-10-27,Completed,Debit Card,Chandigarh,Chandigarh
O04278,C3449,2023-03-15,Completed,COD,Patna,Bihar
O04279,C0695,2023-06-01,Completed,COD,Indore,Madhya Pradesh
O04280,C4254,2024-08-03,Completed,Debit Card,Hyderabad,Telangana
O04281,C2194,2023-04-02,Completed,UPI,Jaipur,Rajasthan
O04282,C0340,2025-05-21,Cancelled,COD,Indore,Madhya Pradesh
O04283,C1769,2025-01-16,Completed,COD,Patna,Bihar
O04284,C0092,2025-04-07,Cancelled,COD,Jaipur,Rajasthan
O04285,C4425,2024-11-15,Completed,Credit Card,Surat,Gujarat
O04286,C0172,2024-01-07,Completed,Credit Card,Nagpur,Maharashtra
O04287,C2750,2025-12-01,Completed,UPI,Surat,Gujarat
O04288,C3103,2025-03-10,Returned,COD,Kochi,Kerala
O04289,C0621,2024-12-25,Completed,Debit Card,Chennai,Tamil Nadu
O04290,C0989,2024-09-02,Completed,UPI,Indore,Madhya Pradesh
O04291,C0077,2023-04-30,Completed,UPI,Pune,Maharashtra
O04292,C2199,2024-06-24,Completed,Net Banking,Lucknow,Uttar Pradesh
O04293,C4238,2023-02-17,Completed,UPI,Bhubaneswar,Odisha
O04294,C0231,2025-03-11,Returned,Debit Card,Gurugram,Haryana
O04295,C2176,2025-10-05,Completed,Credit Card,Bhubaneswar,Odisha
O04296,C2908,2023-02-08,Completed,COD,Bengaluru,Karnataka
O04297,C2545,2024-04-17,Completed,UPI,Bhubaneswar,Odisha
O04298,C3613,2023-11-20,Cancelled,Debit Card,Surat,Gujarat
O04299,C2858,2023-02-21,Completed,Debit Card,Bhopal,Madhya Pradesh
O04300,C1554,2025-08-05,Completed,COD,Bhubaneswar,Odisha
O04301,C4365,2025-07-21,Completed,Credit Card,Bhopal,Madhya Pradesh
O04302,C2666,2023-05-16,Completed,Debit Card,Mumbai,Maharashtra
O04303,C3741,2023-06-18,Completed,Credit Card,Pune,Maharashtra
O04304,C0962,2024-05-31,Completed,Net Banking,Indore,Madhya Pradesh
O04305,C1628,2023-12-26,Completed,Credit Card,Bengaluru,Karnataka
O04306,C1968,2023-03-09,Cancelled,Debit Card,Hyderabad,Telangana
O04307,C3332,2024-04-25,Completed,UPI,Bhubaneswar,Odisha
O04308,C1075,2023-08-09,Completed,Credit Card,Hyderabad,Telangana
O04309,C3205,2023-09-18,Returned,UPI,Patna,Bihar
O04310,C1029,2023-09-23,Completed,UPI,Nagpur,Maharashtra
O04311,C0648,2024-11-07,Completed,Credit Card,Bhopal,Madhya Pradesh
O04312,C4834,2025-12-15,Completed,UPI,Lucknow,Uttar Pradesh
O04313,C3163,2025-05-03,Returned,Credit Card,Lucknow,Uttar Pradesh
O04314,C4916,2024-02-12,Completed,Credit Card,Hyderabad,Telangana
O04315,C0903,2024-04-13,Completed,UPI,Kolkata,West Bengal
O04316,C4068,2025-01-31,Completed,UPI,Indore,Madhya Pradesh
O04317,C1504,2023-08-31,Completed,COD,Surat,Gujarat
O04318,C2863,2024-05-28,Cancelled,COD,Chennai,Tamil Nadu
O04319,C4479,2024-07-28,Completed,Credit Card,Surat,Gujarat
O04320,C2898,2024-10-27,Completed,Debit Card,Kochi,Kerala
O04321,C1346,2025-02-05,Completed,Debit Card,Chandigarh,Chandigarh
O04322,C0490,2024-03-29,Completed,UPI,Surat,Gujarat
O04323,C0426,2023-07-07,Completed,Debit Card,Lucknow,Uttar Pradesh
O04324,C2732,2024-12-05,Completed,COD,Jaipur,Rajasthan
O04325,C3992,2024-11-22,Completed,Credit Card,Pune,Maharashtra
O04326,C1408,2024-08-24,Completed,Credit Card,Gurugram,Haryana
O04327,C0423,2023-12-01,Completed,Credit Card,Delhi,Delhi
O04328,C2956,2024-04-01,Returned,Credit Card,Patna,Bihar
O04329,C1215,2025-01-07,Completed,COD,Nagpur,Maharashtra
O04330,C3943,2023-12-03,Completed,Debit Card,Lucknow,Uttar Pradesh
O04331,C1801,2023-12-21,Completed,UPI,Patna,Bihar
O04332,C4951,2023-12-22,Completed,Credit Card,Lucknow,Uttar Pradesh
O04333,C4461,2023-08-20,Completed,Credit Card,Ahmedabad,Gujarat
O04334,C2070,2025-03-06,Completed,Credit Card,Kolkata,West Bengal
O04335,C4644,2023-07-09,Completed,UPI,Chennai,Tamil Nadu
O04336,C2378,2023-02-17,Completed,UPI,Chennai,Tamil Nadu
O04337,C2104,2025-03-24,Returned,UPI,Hyderabad,Telangana
O04338,C1272,2023-02-24,Completed,UPI,Chandigarh,Chandigarh
O04339,C4357,2023-04-29,Completed,Credit Card,Patna,Bihar
O04340,C3844,2025-10-22,Completed,Debit Card,Ahmedabad,Gujarat
O04341,C0435,2023-08-12,Completed,Net Banking,Bengaluru,Karnataka
O04342,C3599,2025-01-17,Completed,COD,Hyderabad,Telangana
O04343,C3550,2023-07-22,Completed,COD,Hyderabad,Telangana
O04344,C3772,2023-01-11,Completed,COD,Patna,Bihar
O04345,C0535,2023-09-16,Completed,Credit Card,Gurugram,Haryana
O04346,C0381,2023-10-25,Completed,UPI,Gurugram,Haryana
O04347,C2151,2024-10-30,Completed,Credit Card,Bhubaneswar,Odisha
O04348,C4125,2023-11-29,Completed,UPI,Ahmedabad,Gujarat
O04349,C3926,2023-06-02,Completed,Credit Card,Bhubaneswar,Odisha
O04350,C3129,2023-05-14,Completed,UPI,Indore,Madhya Pradesh
O04351,C4050,2025-08-13,Completed,UPI,Mumbai,Maharashtra
O04352,C0547,2023-04-26,Completed,Debit Card,Chandigarh,Chandigarh
O04353,C3617,2025-12-26,Completed,UPI,Lucknow,Uttar Pradesh
O04354,C4423,2024-10-23,Completed,Credit Card,Chandigarh,Chandigarh
O04355,C1752,2024-07-06,Completed,COD,Kolkata,West Bengal
O04356,C4825,2024-11-23,Completed,UPI,Chennai,Tamil Nadu
O04357,C3116,2023-07-07,Completed,UPI,Bengaluru,Karnataka
O04358,C0219,2023-02-08,Completed,UPI,Surat,Gujarat
O04359,C0126,2024-04-24,Completed,Debit Card,Pune,Maharashtra
O04360,C4978,2025-07-14,Completed,UPI,Patna,Bihar
O04361,C4415,2024-12-29,Completed,COD,Hyderabad,Telangana
O04362,C1329,2025-02-14,Completed,UPI,Kolkata,West Bengal
O04363,C1224,2023-03-04,Completed,UPI,Chandigarh,Chandigarh
O04364,C4181,2025-08-12,Cancelled,UPI,Mumbai,Maharashtra
O04365,C2771,2023-04-07,Completed,Credit Card,Chandigarh,Chandigarh
O04366,C1575,2024-06-13,Completed,COD,Mumbai,Maharashtra
O04367,C1943,2024-12-25,Cancelled,Credit Card,Pune,Maharashtra
O04368,C3341,2025-10-17,Completed,UPI,Mumbai,Maharashtra
O04369,C4458,2023-08-24,Completed,Credit Card,Noida,Uttar Pradesh
O04370,C2415,2023-12-21,Completed,COD,Kochi,Kerala
O04371,C1255,2025-07-13,Completed,UPI,Ahmedabad,Gujarat
O04372,C0988,2025-12-19,Completed,Debit Card,Ahmedabad,Gujarat
O04373,C1849,2023-06-13,Completed,UPI,Chennai,Tamil Nadu
O04374,C3902,2025-05-31,Completed,Debit Card,Patna,Bihar
O04375,C4927,2024-08-16,Completed,COD,Jaipur,Rajasthan
O04376,C3720,2025-10-14,Completed,Credit Card,Chennai,Tamil Nadu
O04377,C1318,2025-07-15,Completed,Net Banking,Ahmedabad,Gujarat
O04378,C1372,2025-05-23,Completed,Debit Card,Noida,Uttar Pradesh
O04379,C4972,2025-06-27,Completed,Net Banking,Pune,Maharashtra
O04380,C0361,2025-06-09,Completed,Debit Card,Gurugram,Haryana
O04381,C0358,2023-05-01,Completed,Debit Card,Chandigarh,Chandigarh
O04382,C3202,2025-08-23,Completed,COD,Mumbai,Maharashtra
O04383,C3891,2023-01-02,Completed,UPI,Mumbai,Maharashtra
O04384,C2784,2023-04-28,Completed,UPI,Kolkata,West Bengal
O04385,C0064,2024-09-30,Completed,UPI,Indore,Madhya Pradesh
O04386,C2229,2024-01-09,Completed,UPI,Patna,Bihar
O04387,C2635,2023-04-22,Completed,Net Banking,Bhopal,Madhya Pradesh
O04388,C3850,2024-05-14,Returned,UPI,Delhi,Delhi
O04389,C3939,2024-11-05,Completed,UPI,Hyderabad,Telangana
O04390,C1516,2025-11-08,Completed,UPI,Bengaluru,Karnataka
O04391,C0580,2025-11-09,Completed,Debit Card,Hyderabad,Telangana
O04392,C4418,2025-02-10,Completed,COD,Chandigarh,Chandigarh
O04393,C2332,2024-07-14,Completed,Debit Card,Mumbai,Maharashtra
O04394,C2414,2023-06-03,Completed,Debit Card,Indore,Madhya Pradesh
O04395,C2159,2025-03-30,Completed,Credit Card,Kolkata,West Bengal
O04396,C2126,2024-01-19,Completed,Net Banking,Jaipur,Rajasthan
O04397,C3770,2025-03-14,Completed,UPI,Lucknow,Uttar Pradesh
O04398,C2284,2024-11-11,Completed,Credit Card,Pune,Maharashtra
O04399,C3767,2023-06-28,Completed,COD,Bengaluru,Karnataka
O04400,C3106,2024-09-06,Completed,UPI,Patna,Bihar
O04401,C3553,2023-02-16,Completed,Debit Card,Indore,Madhya Pradesh
O04402,C3476,2024-07-11,Cancelled,UPI,Bhubaneswar,Odisha
O04403,C1839,2023-07-02,Cancelled,UPI,Jaipur,Rajasthan
O04404,C0222,2023-12-20,Completed,Credit Card,Mumbai,Maharashtra
O04405,C0896,2024-05-01,Completed,COD,Mumbai,Maharashtra
O04406,C3412,2023-08-04,Returned,UPI,Patna,Bihar
O04407,C3009,2025-06-10,Completed,Credit Card,Mumbai,Maharashtra
O04408,C0985,2025-05-01,Completed,Debit Card,Hyderabad,Telangana
O04409,C1633,2025-04-08,Cancelled,Debit Card,Nagpur,Maharashtra
O04410,C3671,2025-10-29,Completed,Credit Card,Bhubaneswar,Odisha
O04411,C2891,2025-10-05,Completed,Credit Card,Jaipur,Rajasthan
O04412,C2044,2025-10-04,Completed,COD,Jaipur,Rajasthan
O04413,C1409,2025-01-03,Completed,UPI,Lucknow,Uttar Pradesh
O04414,C3873,2023-11-17,Completed,Net Banking,Lucknow,Uttar Pradesh
O04415,C4678,2023-04-01,Completed,Credit Card,Indore,Madhya Pradesh
O04416,C1336,2023-11-11,Completed,UPI,Bhubaneswar,Odisha
O04417,C3638,2023-04-22,Cancelled,UPI,Ahmedabad,Gujarat
O04418,C3459,2024-01-09,Completed,UPI,Mumbai,Maharashtra
O04419,C4398,2024-01-03,Cancelled,Debit Card,Pune,Maharashtra
O04420,C3601,2024-01-13,Completed,Debit Card,Jaipur,Rajasthan
O04421,C4887,2025-04-08,Completed,UPI,Hyderabad,Telangana
O04422,C1376,2025-04-04,Completed,Net Banking,Chandigarh,Chandigarh
O04423,C1534,2024-11-04,Completed,COD,Ahmedabad,Gujarat
O04424,C1953,2024-07-10,Completed,UPI,Bengaluru,Karnataka
O04425,C3258,2025-12-04,Completed,UPI,Chennai,Tamil Nadu
O04426,C2992,2024-05-09,Completed,UPI,Kolkata,West Bengal
O04427,C4691,2024-12-22,Completed,Debit Card,Kochi,Kerala
O04428,C3497,2024-11-16,Completed,Debit Card,Hyderabad,Telangana
O04429,C4158,2023-09-04,Cancelled,Credit Card,Bhubaneswar,Odisha
O04430,C3473,2023-06-23,Completed,Debit Card,Patna,Bihar
O04431,C2918,2023-02-05,Completed,Net Banking,Chandigarh,Chandigarh
O04432,C1166,2023-10-29,Completed,Debit Card,Bengaluru,Karnataka
O04433,C4562,2025-06-04,Completed,Debit Card,Lucknow,Uttar Pradesh
O04434,C2359,2023-02-02,Returned,UPI,Hyderabad,Telangana
O04435,C3239,2024-01-17,Completed,UPI,Chennai,Tamil Nadu
O04436,C4912,2024-02-28,Completed,Net Banking,Mumbai,Maharashtra
O04437,C2151,2024-12-26,Completed,COD,Bhubaneswar,Odisha
O04438,C2076,2024-11-23,Completed,Debit Card,Jaipur,Rajasthan
O04439,C3668,2024-08-17,Completed,UPI,Nagpur,Maharashtra
O04440,C4604,2025-09-08,Completed,Debit Card,Surat,Gujarat
O04441,C2182,2024-02-19,Completed,Debit Card,Ahmedabad,Gujarat
O04442,C0059,2025-05-23,Completed,Credit Card,Mumbai,Maharashtra
O04443,C1959,2023-11-15,Completed,Debit Card,Pune,Maharashtra
O04444,C0185,2025-11-14,Returned,COD,Kolkata,West Bengal
O04445,C2620,2025-01-27,Completed,UPI,Kolkata,West Bengal
O04446,C1681,2023-02-28,Completed,UPI,Pune,Maharashtra
O04447,C0578,2023-06-26,Completed,COD,Bhopal,Madhya Pradesh
O04448,C3955,2025-12-04,Cancelled,UPI,Chennai,Tamil Nadu
O04449,C4278,2023-11-05,Returned,COD,Mumbai,Maharashtra
O04450,C0071,2023-06-03,Completed,UPI,Indore,Madhya Pradesh
O04451,C0556,2025-08-24,Completed,COD,Surat,Gujarat
O04452,C0852,2025-02-07,Completed,COD,Patna,Bihar
O04453,C1219,2024-01-20,Completed,Debit Card,Ahmedabad,Gujarat
O04454,C3641,2025-01-17,Completed,Debit Card,Kolkata,West Bengal
O04455,C1913,2024-09-15,Cancelled,UPI,Lucknow,Uttar Pradesh
O04456,C2731,2025-11-22,Completed,UPI,Nagpur,Maharashtra
O04457,C2366,2023-01-06,Cancelled,COD,Pune,Maharashtra
O04458,C4925,2024-11-21,Completed,COD,Indore,Madhya Pradesh
O04459,C0267,2025-03-05,Cancelled,UPI,Surat,Gujarat
O04460,C3917,2025-06-09,Completed,COD,Surat,Gujarat
O04461,C4710,2024-12-27,Completed,Credit Card,Nagpur,Maharashtra
O04462,C1401,2025-02-23,Cancelled,Credit Card,Lucknow,Uttar Pradesh
O04463,C4674,2024-09-08,Completed,UPI,Bengaluru,Karnataka
O04464,C3694,2025-06-04,Completed,Credit Card,Bhopal,Madhya Pradesh
O04465,C4728,2023-01-23,Completed,Credit Card,Surat,Gujarat
O04466,C2327,2025-03-17,Completed,Debit Card,Delhi,Delhi
O04467,C2802,2023-06-10,Completed,Debit Card,Nagpur,Maharashtra
O04468,C2035,2023-09-23,Completed,Credit Card,Kolkata,West Bengal
O04469,C2831,2023-03-24,Completed,UPI,Patna,Bihar
O04470,C0985,2023-06-17,Completed,UPI,Hyderabad,Telangana
O04471,C4100,2024-10-16,Completed,UPI,Chandigarh,Chandigarh
O04472,C1076,2024-07-08,Cancelled,COD,Bhubaneswar,Odisha
O04473,C1024,2023-12-10,Completed,COD,Pune,Maharashtra
O04474,C3898,2023-01-12,Completed,COD,Chennai,Tamil Nadu
O04475,C4875,2024-03-25,Cancelled,UPI,Indore,Madhya Pradesh
O04476,C0280,2024-07-27,Returned,COD,Chennai,Tamil Nadu
O04477,C1112,2024-08-13,Completed,UPI,Kochi,Kerala
O04478,C1184,2024-05-04,Completed,Credit Card,Jaipur,Rajasthan
O04479,C2076,2024-10-23,Completed,Debit Card,Jaipur,Rajasthan
O04480,C3600,2024-04-09,Completed,UPI,Indore,Madhya Pradesh
O04481,C4906,2025-06-28,Completed,Credit Card,Lucknow,Uttar Pradesh
O04482,C3943,2024-09-08,Completed,UPI,Lucknow,Uttar Pradesh
O04483,C0272,2023-01-07,Completed,Credit Card,Kolkata,West Bengal
O04484,C1124,2025-10-03,Completed,Credit Card,Patna,Bihar
O04485,C3980,2025-03-12,Returned,Debit Card,Lucknow,Uttar Pradesh
O04486,C1228,2023-11-15,Completed,Credit Card,Pune,Maharashtra
O04487,C0190,2023-05-10,Completed,UPI,Patna,Bihar
O04488,C0546,2023-04-19,Completed,COD,Bengaluru,Karnataka
O04489,C2342,2023-08-07,Returned,Net Banking,Bhubaneswar,Odisha
O04490,C3967,2024-05-20,Completed,COD,Indore,Madhya Pradesh
O04491,C4015,2024-03-04,Completed,Credit Card,Surat,Gujarat
O04492,C4944,2024-10-03,Completed,COD,Chennai,Tamil Nadu
O04493,C4867,2023-09-01,Completed,Debit Card,Bhopal,Madhya Pradesh
O04494,C0769,2024-03-13,Completed,UPI,Hyderabad,Telangana
O04495,C3776,2023-11-03,Completed,UPI,Bhubaneswar,Odisha
O04496,C2732,2025-06-19,Completed,Debit Card,Jaipur,Rajasthan
O04497,C1011,2024-02-13,Completed,Debit Card,Delhi,Delhi
O04498,C4799,2025-01-18,Completed,Net Banking,Hyderabad,Telangana
O04499,C0465,2023-01-01,Completed,COD,Jaipur,Rajasthan
O04500,C2601,2025-02-15,Completed,Debit Card,Ahmedabad,Gujarat
O04501,C0917,2023-07-13,Completed,UPI,Kolkata,West Bengal
O04502,C1453,2025-08-20,Completed,Credit Card,Bhopal,Madhya Pradesh
O04503,C3469,2023-05-02,Completed,Credit Card,Ahmedabad,Gujarat
O04504,C4290,2023-12-30,Completed,UPI,Ahmedabad,Gujarat
O04505,C0066,2025-10-24,Completed,COD,Kochi,Kerala
O04506,C2603,2023-05-29,Completed,UPI,Surat,Gujarat
O04507,C1726,2025-12-20,Completed,Debit Card,Kochi,Kerala
O04508,C4697,2025-03-04,Completed,Debit Card,Bengaluru,Karnataka
O04509,C1500,2025-04-25,Completed,UPI,Bhopal,Madhya Pradesh
O04510,C1905,2023-08-26,Completed,Credit Card,Bhopal,Madhya Pradesh
O04511,C4572,2024-12-30,Completed,UPI,Kolkata,West Bengal
O04512,C3965,2024-04-02,Cancelled,UPI,Kochi,Kerala
O04513,C2810,2024-04-29,Completed,UPI,Nagpur,Maharashtra
O04514,C4091,2025-04-28,Completed,UPI,Jaipur,Rajasthan
O04515,C0887,2024-12-14,Returned,COD,Kochi,Kerala
O04516,C3809,2025-12-06,Completed,Credit Card,Chandigarh,Chandigarh
O04517,C4178,2023-12-10,Completed,UPI,Chandigarh,Chandigarh
O04518,C1961,2023-08-24,Completed,COD,Gurugram,Haryana
O04519,C2748,2024-10-24,Completed,Credit Card,Surat,Gujarat
O04520,C0044,2024-01-11,Cancelled,UPI,Ahmedabad,Gujarat
O04521,C3843,2025-08-29,Returned,COD,Chandigarh,Chandigarh
O04522,C4706,2023-09-03,Completed,Credit Card,Kolkata,West Bengal
O04523,C1889,2024-07-19,Completed,Credit Card,Hyderabad,Telangana
O04524,C3899,2024-11-29,Completed,Debit Card,Indore,Madhya Pradesh
O04525,C3893,2025-07-03,Returned,UPI,Kolkata,West Bengal
O04526,C0720,2023-10-08,Cancelled,Net Banking,Chandigarh,Chandigarh
O04527,C0691,2023-03-08,Completed,UPI,Patna,Bihar
O04528,C1946,2023-06-24,Completed,Debit Card,Jaipur,Rajasthan
O04529,C0110,2023-10-12,Completed,COD,Bengaluru,Karnataka
O04530,C4315,2023-11-01,Completed,UPI,Pune,Maharashtra
O04531,C4559,2025-05-24,Completed,Debit Card,Kochi,Kerala
O04532,C0515,2025-03-03,Completed,Net Banking,Mumbai,Maharashtra
O04533,C0637,2024-02-11,Cancelled,COD,Chandigarh,Chandigarh
O04534,C3329,2023-11-28,Completed,COD,Hyderabad,Telangana
O04535,C0627,2023-11-01,Cancelled,Credit Card,Lucknow,Uttar Pradesh
O04536,C0070,2025-07-07,Returned,Credit Card,Noida,Uttar Pradesh
O04537,C2507,2024-10-30,Completed,Credit Card,Pune,Maharashtra
O04538,C3890,2025-02-11,Completed,Debit Card,Noida,Uttar Pradesh
O04539,C3800,2024-07-04,Completed,UPI,Lucknow,Uttar Pradesh
O04540,C1851,2025-09-21,Returned,COD,Bhopal,Madhya Pradesh
O04541,C4320,2025-11-19,Completed,UPI,Gurugram,Haryana
O04542,C2879,2024-03-15,Completed,UPI,Gurugram,Haryana
O04543,C3353,2023-09-15,Returned,Credit Card,Chandigarh,Chandigarh
O04544,C3978,2025-02-21,Completed,UPI,Nagpur,Maharashtra
O04545,C1635,2024-07-16,Completed,UPI,Chennai,Tamil Nadu
O04546,C3477,2023-08-22,Cancelled,UPI,Noida,Uttar Pradesh
O04547,C2544,2023-01-26,Completed,UPI,Kochi,Kerala
O04548,C0769,2024-06-06,Returned,Credit Card,Hyderabad,Telangana
O04549,C2604,2024-01-19,Completed,Credit Card,Patna,Bihar
O04550,C0992,2024-01-28,Completed,Credit Card,Jaipur,Rajasthan
O04551,C1729,2024-04-06,Completed,COD,Chennai,Tamil Nadu
O04552,C2029,2025-04-18,Completed,UPI,Noida,Uttar Pradesh
O04553,C1530,2025-01-06,Completed,UPI,Ahmedabad,Gujarat
O04554,C0489,2023-04-20,Completed,Credit Card,Hyderabad,Telangana
O04555,C4153,2023-07-25,Cancelled,UPI,Pune,Maharashtra
O04556,C0512,2025-12-30,Completed,UPI,Lucknow,Uttar Pradesh
O04557,C3320,2023-07-29,Completed,COD,Lucknow,Uttar Pradesh
O04558,C2152,2023-07-04,Completed,Credit Card,Bengaluru,Karnataka
O04559,C2605,2024-08-24,Completed,UPI,Chennai,Tamil Nadu
O04560,C2108,2025-01-28,Returned,Credit Card,Bhopal,Madhya Pradesh
O04561,C0735,2025-01-14,Completed,Credit Card,Kochi,Kerala
O04562,C3310,2025-06-09,Completed,UPI,Indore,Madhya Pradesh
O04563,C0371,2024-02-03,Completed,UPI,Surat,Gujarat
O04564,C2074,2024-06-28,Completed,UPI,Bhubaneswar,Odisha
O04565,C4702,2025-06-25,Completed,Credit Card,Indore,Madhya Pradesh
O04566,C4206,2024-11-12,Returned,Credit Card,Kochi,Kerala
O04567,C4869,2025-09-04,Completed,Debit Card,Hyderabad,Telangana
O04568,C2302,2023-11-10,Completed,Net Banking,Indore,Madhya Pradesh
O04569,C1831,2023-08-16,Cancelled,UPI,Patna,Bihar
O04570,C1860,2024-10-19,Completed,Credit Card,Patna,Bihar
O04571,C0917,2025-11-11,Completed,Credit Card,Kolkata,West Bengal
O04572,C3176,2024-11-22,Cancelled,Credit Card,Pune,Maharashtra
O04573,C2663,2023-10-27,Returned,Debit Card,Bhubaneswar,Odisha
O04574,C2635,2025-07-15,Completed,UPI,Bhopal,Madhya Pradesh
O04575,C4693,2025-12-09,Completed,Debit Card,Ahmedabad,Gujarat
O04576,C1238,2025-01-11,Completed,UPI,Noida,Uttar Pradesh
O04577,C2161,2023-03-02,Returned,UPI,Lucknow,Uttar Pradesh
O04578,C1336,2025-11-08,Completed,COD,Bhubaneswar,Odisha
O04579,C2617,2023-11-04,Completed,Credit Card,Chandigarh,Chandigarh
O04580,C2944,2024-06-20,Completed,Credit Card,Chennai,Tamil Nadu
O04581,C0762,2023-03-16,Completed,Net Banking,Hyderabad,Telangana
O04582,C3719,2024-08-16,Cancelled,Debit Card,Patna,Bihar
O04583,C2701,2024-08-31,Completed,Debit Card,Hyderabad,Telangana
O04584,C2132,2024-09-03,Completed,UPI,Gurugram,Haryana
O04585,C4815,2025-10-17,Completed,UPI,Bhopal,Madhya Pradesh
O04586,C1954,2025-02-23,Completed,Credit Card,Lucknow,Uttar Pradesh
O04587,C0949,2023-08-29,Completed,Debit Card,Lucknow,Uttar Pradesh
O04588,C0302,2023-01-05,Completed,Credit Card,Bengaluru,Karnataka
O04589,C4025,2024-05-01,Completed,UPI,Nagpur,Maharashtra
O04590,C2589,2023-12-23,Cancelled,Debit Card,Mumbai,Maharashtra
O04591,C3695,2024-01-29,Completed,COD,Surat,Gujarat
O04592,C2702,2024-01-04,Returned,Net Banking,Ahmedabad,Gujarat
O04593,C1476,2023-01-29,Completed,Credit Card,Patna,Bihar
O04594,C0614,2025-08-23,Completed,UPI,Mumbai,Maharashtra
O04595,C0669,2023-01-09,Completed,Net Banking,Gurugram,Haryana
O04596,C2129,2023-11-30,Completed,Debit Card,Bengaluru,Karnataka
O04597,C0218,2025-08-07,Completed,UPI,Surat,Gujarat
O04598,C2932,2023-08-18,Returned,Credit Card,Bengaluru,Karnataka
O04599,C0749,2024-01-28,Completed,UPI,Kolkata,West Bengal
O04600,C4221,2025-02-17,Completed,UPI,Mumbai,Maharashtra
O04601,C0201,2024-01-22,Completed,UPI,Bengaluru,Karnataka
O04602,C2622,2023-04-19,Completed,UPI,Bengaluru,Karnataka
O04603,C0722,2023-12-05,Cancelled,Credit Card,Indore,Madhya Pradesh
O04604,C0952,2024-07-18,Completed,UPI,Kolkata,West Bengal
O04605,C1882,2025-04-12,Completed,UPI,Surat,Gujarat
O04606,C2228,2025-11-29,Completed,Credit Card,Hyderabad,Telangana
O04607,C1433,2023-08-10,Completed,Debit Card,Pune,Maharashtra
O04608,C2321,2023-10-24,Completed,UPI,Surat,Gujarat
O04609,C1777,2025-11-18,Completed,COD,Nagpur,Maharashtra
O04610,C0699,2025-07-15,Completed,Debit Card,Ahmedabad,Gujarat
O04611,C2969,2025-09-21,Completed,Credit Card,Delhi,Delhi
O04612,C0622,2025-09-15,Completed,Credit Card,Chennai,Tamil Nadu
O04613,C2588,2024-04-29,Completed,Credit Card,Bhopal,Madhya Pradesh
O04614,C0460,2023-05-10,Completed,UPI,Chennai,Tamil Nadu
O04615,C1085,2023-02-17,Completed,UPI,Gurugram,Haryana
O04616,C0300,2025-04-06,Completed,UPI,Noida,Uttar Pradesh
O04617,C2545,2024-08-22,Completed,UPI,Bhubaneswar,Odisha
O04618,C1276,2025-02-08,Returned,Debit Card,Pune,Maharashtra
O04619,C1431,2024-07-24,Returned,UPI,Kolkata,West Bengal
O04620,C3453,2024-04-01,Completed,COD,Kolkata,West Bengal
O04621,C2389,2025-12-08,Cancelled,Credit Card,Chandigarh,Chandigarh
O04622,C1822,2024-12-28,Returned,Debit Card,Pune,Maharashtra
O04623,C0989,2023-10-17,Completed,Credit Card,Indore,Madhya Pradesh
O04624,C0214,2024-06-18,Returned,Credit Card,Noida,Uttar Pradesh
O04625,C0532,2024-03-11,Completed,UPI,Bhopal,Madhya Pradesh
O04626,C2918,2025-04-07,Completed,Credit Card,Chandigarh,Chandigarh
O04627,C3620,2023-09-08,Returned,UPI,Jaipur,Rajasthan
O04628,C1985,2023-08-29,Completed,Credit Card,Bhopal,Madhya Pradesh
O04629,C2259,2025-07-12,Completed,Credit Card,Lucknow,Uttar Pradesh
O04630,C2219,2023-11-01,Returned,Debit Card,Delhi,Delhi
O04631,C4634,2024-07-10,Completed,Credit Card,Lucknow,Uttar Pradesh
O04632,C4772,2025-10-14,Completed,Debit Card,Noida,Uttar Pradesh
O04633,C4486,2025-09-17,Completed,UPI,Bhubaneswar,Odisha
O04634,C2110,2023-05-12,Completed,UPI,Kochi,Kerala
O04635,C3061,2025-10-03,Completed,Credit Card,Gurugram,Haryana
O04636,C1609,2024-01-11,Cancelled,Credit Card,Chandigarh,Chandigarh
O04637,C2525,2024-11-17,Completed,Debit Card,Surat,Gujarat
O04638,C4416,2024-01-06,Completed,UPI,Pune,Maharashtra
O04639,C0690,2023-06-04,Completed,UPI,Patna,Bihar
O04640,C2100,2023-09-02,Completed,Debit Card,Chandigarh,Chandigarh
O04641,C4753,2024-06-25,Completed,Net Banking,Bengaluru,Karnataka
O04642,C4924,2024-11-12,Completed,Credit Card,Bhubaneswar,Odisha
O04643,C1101,2025-06-15,Completed,Debit Card,Chennai,Tamil Nadu
O04644,C0119,2025-05-20,Cancelled,Credit Card,Chandigarh,Chandigarh
O04645,C2769,2024-11-03,Cancelled,Credit Card,Delhi,Delhi
O04646,C0506,2023-03-29,Completed,COD,Nagpur,Maharashtra
O04647,C2201,2023-01-13,Completed,Debit Card,Ahmedabad,Gujarat
O04648,C1042,2025-05-30,Completed,COD,Noida,Uttar Pradesh
O04649,C3136,2025-09-20,Returned,UPI,Delhi,Delhi
O04650,C0497,2023-11-16,Returned,UPI,Bengaluru,Karnataka
O04651,C4175,2023-10-19,Completed,Debit Card,Ahmedabad,Gujarat
O04652,C0059,2024-09-14,Completed,Credit Card,Mumbai,Maharashtra
O04653,C3133,2025-02-11,Completed,COD,Ahmedabad,Gujarat
O04654,C3539,2025-04-19,Completed,UPI,Bengaluru,Karnataka
O04655,C1654,2025-07-12,Returned,Credit Card,Gurugram,Haryana
O04656,C1707,2024-02-06,Completed,Credit Card,Patna,Bihar
O04657,C0244,2023-06-07,Completed,COD,Bhubaneswar,Odisha
O04658,C2256,2024-01-19,Completed,UPI,Jaipur,Rajasthan
O04659,C1675,2024-02-02,Completed,UPI,Jaipur,Rajasthan
O04660,C2693,2023-02-25,Completed,UPI,Noida,Uttar Pradesh
O04661,C0039,2025-08-27,Completed,Credit Card,Mumbai,Maharashtra
O04662,C3248,2025-01-29,Completed,COD,Bhopal,Madhya Pradesh
O04663,C1616,2024-04-17,Completed,Debit Card,Ahmedabad,Gujarat
O04664,C0020,2023-07-13,Completed,Debit Card,Nagpur,Maharashtra
O04665,C0221,2025-03-07,Completed,UPI,Nagpur,Maharashtra
O04666,C3772,2025-01-29,Completed,Credit Card,Patna,Bihar
O04667,C0251,2025-03-05,Completed,COD,Mumbai,Maharashtra
O04668,C4308,2025-04-15,Completed,COD,Lucknow,Uttar Pradesh
O04669,C4515,2024-11-05,Returned,Net Banking,Pune,Maharashtra
O04670,C0507,2023-09-23,Cancelled,Credit Card,Kolkata,West Bengal
O04671,C4742,2025-03-04,Completed,UPI,Surat,Gujarat
O04672,C0869,2025-12-30,Completed,COD,Ahmedabad,Gujarat
O04673,C3991,2023-04-01,Cancelled,Net Banking,Kochi,Kerala
O04674,C4588,2024-03-20,Cancelled,Net Banking,Bengaluru,Karnataka
O04675,C1170,2023-03-18,Completed,COD,Delhi,Delhi
O04676,C0740,2023-11-18,Completed,UPI,Gurugram,Haryana
O04677,C1791,2024-02-25,Completed,UPI,Noida,Uttar Pradesh
O04678,C0424,2024-06-29,Completed,Debit Card,Delhi,Delhi
O04679,C3056,2023-12-12,Completed,UPI,Jaipur,Rajasthan
O04680,C4388,2024-12-15,Completed,Net Banking,Ahmedabad,Gujarat
O04681,C2204,2024-12-25,Completed,Credit Card,Ahmedabad,Gujarat
O04682,C1984,2024-10-11,Completed,UPI,Chennai,Tamil Nadu
O04683,C3923,2024-10-20,Completed,UPI,Bengaluru,Karnataka
O04684,C2398,2023-05-29,Completed,UPI,Delhi,Delhi
O04685,C1958,2024-02-22,Completed,Debit Card,Patna,Bihar
O04686,C4339,2025-11-18,Completed,Debit Card,Ahmedabad,Gujarat
O04687,C1790,2025-02-04,Completed,UPI,Mumbai,Maharashtra
O04688,C0585,2023-03-06,Completed,Debit Card,Hyderabad,Telangana
O04689,C3201,2024-11-06,Completed,UPI,Kochi,Kerala
O04690,C1343,2023-08-12,Completed,UPI,Bengaluru,Karnataka
O04691,C4191,2024-04-20,Completed,Credit Card,Bengaluru,Karnataka
O04692,C4397,2023-11-22,Completed,Debit Card,Gurugram,Haryana
O04693,C1209,2023-03-29,Completed,COD,Nagpur,Maharashtra
O04694,C2823,2023-06-07,Cancelled,Credit Card,Nagpur,Maharashtra
O04695,C3694,2025-07-28,Completed,UPI,Bhopal,Madhya Pradesh
O04696,C2448,2023-10-09,Completed,Net Banking,Pune,Maharashtra
O04697,C4786,2024-10-18,Completed,Credit Card,Indore,Madhya Pradesh
O04698,C1166,2023-06-12,Completed,Credit Card,Bengaluru,Karnataka
O04699,C4757,2025-06-19,Completed,COD,Jaipur,Rajasthan
O04700,C2306,2023-11-27,Completed,Credit Card,Gurugram,Haryana
O04701,C1063,2023-05-24,Completed,UPI,Chennai,Tamil Nadu
O04702,C4401,2025-12-17,Cancelled,Credit Card,Noida,Uttar Pradesh
O04703,C3355,2024-03-15,Completed,Debit Card,Hyderabad,Telangana
O04704,C1848,2024-05-02,Completed,COD,Surat,Gujarat
O04705,C0526,2025-11-09,Returned,UPI,Pune,Maharashtra
O04706,C4503,2024-06-19,Cancelled,Credit Card,Delhi,Delhi
O04707,C1383,2025-08-20,Completed,Net Banking,Gurugram,Haryana
O04708,C4982,2024-12-28,Completed,UPI,Pune,Maharashtra
O04709,C4969,2024-10-11,Completed,UPI,Delhi,Delhi
O04710,C4107,2024-10-26,Cancelled,UPI,Bhopal,Madhya Pradesh
O04711,C2723,2025-09-04,Completed,Debit Card,Jaipur,Rajasthan
O04712,C1988,2025-05-23,Completed,COD,Ahmedabad,Gujarat
O04713,C4068,2023-06-22,Completed,UPI,Indore,Madhya Pradesh
O04714,C4105,2025-08-31,Returned,UPI,Chennai,Tamil Nadu
O04715,C4124,2023-01-01,Cancelled,COD,Ahmedabad,Gujarat
O04716,C0686,2025-11-14,Completed,UPI,Mumbai,Maharashtra
O04717,C2550,2025-05-29,Completed,UPI,Kochi,Kerala
O04718,C4678,2025-07-26,Cancelled,Debit Card,Indore,Madhya Pradesh
O04719,C3867,2025-05-22,Completed,UPI,Kolkata,West Bengal
O04720,C2826,2024-02-13,Cancelled,COD,Bhubaneswar,Odisha
O04721,C3735,2025-01-13,Cancelled,Credit Card,Indore,Madhya Pradesh
O04722,C1242,2024-07-31,Cancelled,Credit Card,Bengaluru,Karnataka
O04723,C3501,2023-03-23,Completed,UPI,Delhi,Delhi
O04724,C1662,2024-08-25,Completed,Debit Card,Bengaluru,Karnataka
O04725,C2051,2024-06-30,Completed,COD,Hyderabad,Telangana
O04726,C4139,2023-06-26,Completed,Debit Card,Noida,Uttar Pradesh
O04727,C3262,2024-10-17,Completed,UPI,Surat,Gujarat
O04728,C4138,2025-09-14,Completed,Debit Card,Gurugram,Haryana
O04729,C3844,2023-05-21,Completed,Credit Card,Ahmedabad,Gujarat
O04730,C4826,2023-09-25,Returned,COD,Indore,Madhya Pradesh
O04731,C1982,2023-05-19,Completed,Credit Card,Nagpur,Maharashtra
O04732,C0648,2025-12-06,Completed,UPI,Bhopal,Madhya Pradesh
O04733,C3924,2025-12-19,Completed,UPI,Chandigarh,Chandigarh
O04734,C2705,2024-07-14,Completed,UPI,Kochi,Kerala
O04735,C1983,2025-12-20,Returned,Credit Card,Mumbai,Maharashtra
O04736,C1929,2024-12-31,Returned,UPI,Delhi,Delhi
O04737,C2558,2023-02-09,Completed,UPI,Delhi,Delhi
O04738,C4133,2024-03-12,Completed,Credit Card,Surat,Gujarat
O04739,C2020,2024-02-10,Completed,UPI,Gurugram,Haryana
O04740,C0823,2025-01-13,Completed,Credit Card,Nagpur,Maharashtra
O04741,C4675,2023-02-07,Completed,Credit Card,Chandigarh,Chandigarh
O04742,C2565,2024-04-12,Completed,COD,Noida,Uttar Pradesh
O04743,C2833,2023-11-13,Cancelled,Net Banking,Jaipur,Rajasthan
O04744,C1021,2024-09-21,Completed,UPI,Bhubaneswar,Odisha
O04745,C1082,2025-03-25,Completed,Net Banking,Lucknow,Uttar Pradesh
O04746,C2023,2024-06-22,Cancelled,UPI,Bhubaneswar,Odisha
O04747,C4209,2023-07-28,Completed,Debit Card,Hyderabad,Telangana
O04748,C3676,2024-05-06,Cancelled,Debit Card,Kochi,Kerala
O04749,C2884,2023-10-25,Completed,UPI,Delhi,Delhi
O04750,C1780,2024-08-06,Completed,Debit Card,Kochi,Kerala
O04751,C1820,2023-02-27,Completed,COD,Delhi,Delhi
O04752,C4697,2024-01-31,Returned,Net Banking,Bengaluru,Karnataka
O04753,C4538,2025-12-21,Completed,Debit Card,Nagpur,Maharashtra
O04754,C3762,2023-03-28,Completed,COD,Bhopal,Madhya Pradesh
O04755,C0228,2024-09-02,Completed,UPI,Jaipur,Rajasthan
O04756,C0874,2024-10-07,Completed,UPI,Bengaluru,Karnataka
O04757,C3651,2023-10-10,Completed,UPI,Kolkata,West Bengal
O04758,C4767,2024-05-28,Completed,Credit Card,Surat,Gujarat
O04759,C3429,2025-06-20,Completed,Credit Card,Ahmedabad,Gujarat
O04760,C1292,2025-04-08,Completed,Debit Card,Kochi,Kerala
O04761,C4791,2023-06-06,Completed,Credit Card,Bhubaneswar,Odisha
O04762,C2917,2023-08-14,Completed,COD,Delhi,Delhi
O04763,C1028,2025-04-12,Completed,Debit Card,Gurugram,Haryana
O04764,C3550,2023-09-23,Completed,Debit Card,Hyderabad,Telangana
O04765,C0121,2024-04-17,Completed,COD,Pune,Maharashtra
O04766,C0742,2024-02-03,Completed,COD,Bengaluru,Karnataka
O04767,C3882,2024-06-11,Completed,COD,Jaipur,Rajasthan
O04768,C1510,2023-06-23,Cancelled,UPI,Kochi,Kerala
O04769,C1243,2025-06-08,Completed,Debit Card,Noida,Uttar Pradesh
O04770,C4790,2023-10-18,Returned,UPI,Lucknow,Uttar Pradesh
O04771,C4353,2024-01-16,Completed,Debit Card,Hyderabad,Telangana
O04772,C2091,2024-07-16,Completed,UPI,Delhi,Delhi
O04773,C2918,2023-07-05,Completed,Net Banking,Chandigarh,Chandigarh
O04774,C3782,2025-10-25,Completed,Debit Card,Bengaluru,Karnataka
O04775,C1713,2023-06-28,Completed,UPI,Indore,Madhya Pradesh
O04776,C2636,2024-09-17,Completed,Credit Card,Patna,Bihar
O04777,C3765,2024-04-14,Completed,COD,Lucknow,Uttar Pradesh
O04778,C0594,2025-10-01,Cancelled,UPI,Bengaluru,Karnataka
O04779,C1034,2025-09-27,Completed,Credit Card,Noida,Uttar Pradesh
O04780,C2840,2025-12-27,Completed,UPI,Jaipur,Rajasthan
O04781,C0212,2023-04-17,Completed,COD,Delhi,Delhi
O04782,C1406,2024-07-24,Completed,UPI,Patna,Bihar
O04783,C3812,2025-11-20,Completed,Credit Card,Nagpur,Maharashtra
O04784,C3077,2024-06-04,Completed,Credit Card,Gurugram,Haryana
O04785,C0922,2024-10-16,Completed,UPI,Mumbai,Maharashtra
O04786,C2040,2023-02-11,Returned,Net Banking,Delhi,Delhi
O04787,C2200,2024-08-19,Completed,Credit Card,Noida,Uttar Pradesh
O04788,C4063,2025-05-13,Completed,UPI,Kolkata,West Bengal
O04789,C3239,2025-04-27,Completed,Debit Card,Chennai,Tamil Nadu
O04790,C1494,2023-09-18,Completed,COD,Delhi,Delhi
O04791,C4174,2024-11-01,Completed,COD,Kochi,Kerala
O04792,C4508,2024-11-26,Completed,Credit Card,Bhopal,Madhya Pradesh
O04793,C1578,2025-04-08,Completed,UPI,Nagpur,Maharashtra
O04794,C1598,2025-12-26,Completed,Net Banking,Surat,Gujarat
O04795,C2429,2023-08-08,Completed,UPI,Kolkata,West Bengal
O04796,C2996,2025-05-13,Completed,Debit Card,Nagpur,Maharashtra
O04797,C0313,2025-12-18,Completed,UPI,Jaipur,Rajasthan
O04798,C2443,2024-04-05,Completed,Credit Card,Chennai,Tamil Nadu
O04799,C3982,2023-10-17,Completed,Net Banking,Kochi,Kerala
O04800,C4076,2023-07-01,Completed,Credit Card,Indore,Madhya Pradesh
O04801,C0004,2024-04-10,Completed,Credit Card,Patna,Bihar
O04802,C4205,2023-08-12,Completed,UPI,Kolkata,West Bengal
O04803,C0886,2024-02-02,Completed,UPI,Ahmedabad,Gujarat
O04804,C4189,2024-03-29,Completed,UPI,Patna,Bihar
O04805,C0192,2023-12-29,Completed,COD,Surat,Gujarat
O04806,C2381,2025-02-14,Completed,Debit Card,Hyderabad,Telangana
O04807,C1236,2024-11-05,Completed,UPI,Surat,Gujarat
O04808,C3279,2023-01-03,Completed,UPI,Hyderabad,Telangana
O04809,C4723,2024-08-15,Completed,COD,Bengaluru,Karnataka
O04810,C3034,2024-11-21,Completed,UPI,Bengaluru,Karnataka
O04811,C4669,2025-04-28,Completed,UPI,Lucknow,Uttar Pradesh
O04812,C2404,2024-08-28,Completed,Credit Card,Chandigarh,Chandigarh
O04813,C4292,2024-12-29,Completed,UPI,Nagpur,Maharashtra
O04814,C0262,2023-01-22,Completed,Credit Card,Ahmedabad,Gujarat
O04815,C2370,2024-02-25,Cancelled,Net Banking,Hyderabad,Telangana
O04816,C2468,2023-09-25,Completed,Credit Card,Chandigarh,Chandigarh
O04817,C1935,2024-09-06,Completed,Debit Card,Bhopal,Madhya Pradesh
O04818,C4428,2024-07-21,Cancelled,Debit Card,Ahmedabad,Gujarat
O04819,C1260,2025-01-08,Completed,UPI,Hyderabad,Telangana
O04820,C4777,2024-10-17,Completed,COD,Chandigarh,Chandigarh
O04821,C2055,2024-06-28,Completed,UPI,Patna,Bihar
O04822,C0534,2023-06-20,Completed,Net Banking,Lucknow,Uttar Pradesh
O04823,C2120,2023-11-01,Completed,UPI,Mumbai,Maharashtra
O04824,C1524,2023-11-30,Cancelled,Net Banking,Bhubaneswar,Odisha
O04825,C2666,2025-11-07,Completed,COD,Mumbai,Maharashtra
O04826,C2187,2024-02-04,Completed,UPI,Lucknow,Uttar Pradesh
O04827,C3458,2025-08-20,Completed,UPI,Gurugram,Haryana
O04828,C2590,2025-05-24,Completed,UPI,Pune,Maharashtra
O04829,C4420,2025-08-15,Returned,UPI,Kolkata,West Bengal
O04830,C1941,2025-05-07,Completed,Debit Card,Indore,Madhya Pradesh
O04831,C3737,2023-12-01,Completed,Credit Card,Hyderabad,Telangana
O04832,C0073,2025-01-21,Completed,Debit Card,Jaipur,Rajasthan
O04833,C2888,2024-09-21,Completed,UPI,Jaipur,Rajasthan
O04834,C0988,2024-01-11,Returned,UPI,Ahmedabad,Gujarat
O04835,C1346,2023-03-22,Completed,Debit Card,Chandigarh,Chandigarh
O04836,C3413,2025-06-28,Completed,COD,Delhi,Delhi
O04837,C1787,2024-03-25,Completed,UPI,Surat,Gujarat
O04838,C1032,2025-10-19,Completed,UPI,Ahmedabad,Gujarat
O04839,C2007,2025-07-11,Completed,UPI,Indore,Madhya Pradesh
O04840,C1231,2024-11-10,Returned,Credit Card,Kochi,Kerala
O04841,C0411,2024-11-15,Completed,Debit Card,Nagpur,Maharashtra
O04842,C2306,2024-12-30,Completed,Credit Card,Gurugram,Haryana
O04843,C1820,2025-08-21,Returned,COD,Delhi,Delhi
O04844,C3093,2023-07-10,Completed,Credit Card,Nagpur,Maharashtra
O04845,C2592,2025-08-30,Completed,UPI,Bengaluru,Karnataka
O04846,C2503,2025-10-10,Completed,UPI,Delhi,Delhi
O04847,C0662,2024-11-10,Returned,Credit Card,Kolkata,West Bengal
O04848,C1230,2023-07-08,Completed,COD,Pune,Maharashtra
O04849,C1357,2024-05-27,Completed,COD,Bengaluru,Karnataka
O04850,C3093,2025-10-29,Cancelled,UPI,Nagpur,Maharashtra
O04851,C1674,2024-08-09,Completed,UPI,Chandigarh,Chandigarh
O04852,C1089,2025-04-27,Completed,COD,Noida,Uttar Pradesh
O04853,C3649,2025-05-10,Completed,UPI,Chandigarh,Chandigarh
O04854,C3551,2025-09-22,Completed,COD,Lucknow,Uttar Pradesh
O04855,C1961,2023-05-23,Completed,Credit Card,Gurugram,Haryana
O04856,C3446,2024-05-01,Completed,Credit Card,Bengaluru,Karnataka
O04857,C0500,2023-07-13,Completed,UPI,Noida,Uttar Pradesh
O04858,C0326,2024-06-05,Completed,Debit Card,Ahmedabad,Gujarat
O04859,C4649,2025-11-19,Completed,COD,Ahmedabad,Gujarat
O04860,C0888,2025-02-28,Completed,Credit Card,Gurugram,Haryana
O04861,C0996,2025-12-01,Completed,Credit Card,Bengaluru,Karnataka
O04862,C3674,2024-02-21,Completed,Debit Card,Kochi,Kerala
O04863,C3041,2024-11-20,Completed,Credit Card,Chennai,Tamil Nadu
O04864,C0929,2024-01-03,Completed,COD,Indore,Madhya Pradesh
O04865,C2969,2024-08-20,Completed,UPI,Delhi,Delhi
O04866,C4404,2024-07-13,Completed,COD,Hyderabad,Telangana
O04867,C1923,2025-03-15,Completed,UPI,Pune,Maharashtra
O04868,C4566,2024-12-18,Completed,UPI,Delhi,Delhi
O04869,C3256,2025-05-08,Cancelled,UPI,Gurugram,Haryana
O04870,C1655,2025-04-02,Completed,COD,Bhopal,Madhya Pradesh
O04871,C0625,2023-11-06,Cancelled,UPI,Chennai,Tamil Nadu
O04872,C4345,2024-12-03,Completed,Net Banking,Ahmedabad,Gujarat
O04873,C2372,2024-06-11,Completed,Credit Card,Bhubaneswar,Odisha
O04874,C4700,2024-10-01,Completed,Debit Card,Nagpur,Maharashtra
O04875,C0059,2024-11-27,Completed,Debit Card,Mumbai,Maharashtra
O04876,C2317,2024-08-27,Completed,UPI,Chennai,Tamil Nadu
O04877,C1278,2024-10-14,Completed,COD,Bhubaneswar,Odisha
O04878,C0687,2023-11-17,Completed,Net Banking,Kolkata,West Bengal
O04879,C4611,2023-10-31,Completed,UPI,Bhubaneswar,Odisha
O04880,C0533,2024-06-02,Completed,COD,Pune,Maharashtra
O04881,C3176,2025-07-15,Returned,COD,Pune,Maharashtra
O04882,C3905,2025-07-29,Completed,Credit Card,Pune,Maharashtra
O04883,C4498,2025-12-15,Completed,UPI,Mumbai,Maharashtra
O04884,C3853,2023-07-11,Returned,Credit Card,Patna,Bihar
O04885,C3405,2023-01-22,Completed,UPI,Noida,Uttar Pradesh
O04886,C2769,2025-04-10,Completed,Credit Card,Delhi,Delhi
O04887,C2925,2023-03-21,Completed,Net Banking,Hyderabad,Telangana
O04888,C2656,2024-03-03,Completed,UPI,Nagpur,Maharashtra
O04889,C2141,2023-04-13,Completed,Debit Card,Nagpur,Maharashtra
O04890,C0574,2024-12-29,Cancelled,UPI,Lucknow,Uttar Pradesh
O04891,C1566,2023-05-22,Completed,Credit Card,Chandigarh,Chandigarh
O04892,C1806,2025-10-06,Completed,UPI,Hyderabad,Telangana
O04893,C0437,2024-02-07,Completed,COD,Ahmedabad,Gujarat
O04894,C3082,2025-08-13,Completed,Debit Card,Indore,Madhya Pradesh
O04895,C2504,2025-02-08,Completed,UPI,Noida,Uttar Pradesh
O04896,C2463,2025-03-29,Completed,Credit Card,Kochi,Kerala
O04897,C3590,2025-01-09,Cancelled,COD,Kolkata,West Bengal
O04898,C1399,2023-06-11,Completed,UPI,Patna,Bihar
O04899,C1555,2024-08-16,Completed,Net Banking,Delhi,Delhi
O04900,C2752,2023-08-04,Returned,Credit Card,Bengaluru,Karnataka
O04901,C2930,2024-07-16,Completed,COD,Bhopal,Madhya Pradesh
O04902,C4858,2025-07-03,Completed,COD,Bengaluru,Karnataka
O04903,C3828,2023-09-08,Completed,UPI,Noida,Uttar Pradesh
O04904,C3922,2024-12-25,Completed,COD,Pune,Maharashtra
O04905,C3267,2024-11-05,Completed,Debit Card,Surat,Gujarat
O04906,C2694,2024-01-23,Completed,UPI,Gurugram,Haryana
O04907,C2945,2023-03-26,Completed,Net Banking,Pune,Maharashtra
O04908,C3498,2024-05-29,Completed,Debit Card,Jaipur,Rajasthan
O04909,C4072,2023-01-05,Completed,UPI,Noida,Uttar Pradesh
O04910,C4957,2023-08-23,Completed,UPI,Gurugram,Haryana
O04911,C1975,2024-01-10,Completed,Credit Card,Ahmedabad,Gujarat
O04912,C0867,2023-10-02,Completed,UPI,Delhi,Delhi
O04913,C1054,2025-07-01,Cancelled,UPI,Mumbai,Maharashtra
O04914,C2535,2025-07-12,Completed,Net Banking,Ahmedabad,Gujarat
O04915,C0028,2025-04-20,Completed,Debit Card,Bengaluru,Karnataka
O04916,C3218,2024-10-22,Returned,Debit Card,Chennai,Tamil Nadu
O04917,C2336,2024-09-19,Returned,UPI,Pune,Maharashtra
O04918,C4677,2023-01-04,Completed,UPI,Ahmedabad,Gujarat
O04919,C2998,2024-06-17,Completed,Credit Card,Indore,Madhya Pradesh
O04920,C2158,2024-02-10,Completed,Debit Card,Mumbai,Maharashtra
O04921,C2692,2023-11-13,Completed,UPI,Indore,Madhya Pradesh
O04922,C3343,2024-06-22,Completed,UPI,Kolkata,West Bengal
O04923,C1556,2023-12-06,Completed,COD,Lucknow,Uttar Pradesh
O04924,C0276,2024-06-02,Completed,COD,Mumbai,Maharashtra
O04925,C2737,2025-07-12,Returned,Debit Card,Bengaluru,Karnataka
O04926,C3683,2024-11-21,Completed,Credit Card,Ahmedabad,Gujarat
O04927,C1348,2025-08-29,Completed,UPI,Jaipur,Rajasthan
O04928,C3090,2025-08-30,Completed,UPI,Bhubaneswar,Odisha
O04929,C2173,2024-09-06,Completed,COD,Bengaluru,Karnataka
O04930,C3392,2025-12-13,Completed,Credit Card,Ahmedabad,Gujarat
O04931,C0153,2025-05-06,Completed,Debit Card,Chennai,Tamil Nadu
O04932,C1605,2023-07-30,Completed,Credit Card,Patna,Bihar
O04933,C2068,2024-03-22,Completed,Debit Card,Lucknow,Uttar Pradesh
O04934,C1827,2023-03-11,Completed,UPI,Nagpur,Maharashtra
O04935,C0247,2025-12-27,Completed,Credit Card,Bengaluru,Karnataka
O04936,C1371,2023-10-09,Completed,UPI,Surat,Gujarat
O04937,C3548,2024-04-06,Completed,UPI,Chennai,Tamil Nadu
O04938,C1692,2024-01-03,Completed,Credit Card,Chandigarh,Chandigarh
O04939,C2151,2024-01-21,Cancelled,Credit Card,Bhubaneswar,Odisha
O04940,C2645,2023-02-10,Completed,Credit Card,Surat,Gujarat
O04941,C3391,2024-11-15,Completed,Credit Card,Ahmedabad,Gujarat
O04942,C2399,2025-09-07,Completed,UPI,Noida,Uttar Pradesh
O04943,C2282,2025-02-20,Completed,UPI,Nagpur,Maharashtra
O04944,C1671,2024-11-07,Completed,UPI,Chennai,Tamil Nadu
O04945,C0037,2024-05-31,Completed,COD,Noida,Uttar Pradesh
O04946,C3417,2024-11-18,Completed,UPI,Indore,Madhya Pradesh
O04947,C1628,2025-11-11,Completed,UPI,Bengaluru,Karnataka
O04948,C2340,2023-02-10,Completed,COD,Chandigarh,Chandigarh
O04949,C1372,2023-06-02,Returned,UPI,Noida,Uttar Pradesh
O04950,C0677,2024-07-11,Completed,UPI,Nagpur,Maharashtra
O04951,C0253,2025-10-29,Completed,Debit Card,Surat,Gujarat
O04952,C2865,2025-12-06,Returned,UPI,Kochi,Kerala
O04953,C1617,2023-11-26,Completed,Credit Card,Gurugram,Haryana
O04954,C2017,2025-01-22,Completed,COD,Bengaluru,Karnataka
O04955,C2232,2023-01-03,Completed,Net Banking,Gurugram,Haryana
O04956,C0761,2025-02-14,Cancelled,UPI,Bhubaneswar,Odisha
O04957,C3287,2025-11-25,Completed,UPI,Hyderabad,Telangana
O04958,C0393,2025-03-21,Completed,Credit Card,Pune,Maharashtra
O04959,C3092,2023-08-31,Completed,UPI,Nagpur,Maharashtra
O04960,C3543,2023-08-07,Completed,UPI,Chandigarh,Chandigarh
O04961,C0431,2023-07-20,Completed,Credit Card,Kochi,Kerala
O04962,C3731,2024-01-29,Completed,UPI,Jaipur,Rajasthan
O04963,C0997,2024-08-23,Returned,COD,Bhubaneswar,Odisha
O04964,C1092,2023-09-26,Cancelled,UPI,Indore,Madhya Pradesh
O04965,C1101,2025-04-15,Completed,UPI,Chennai,Tamil Nadu
O04966,C0102,2023-05-04,Returned,COD,Bhopal,Madhya Pradesh
O04967,C2700,2024-02-04,Cancelled,UPI,Kochi,Kerala
O04968,C0893,2025-06-26,Completed,COD,Nagpur,Maharashtra
O04969,C2261,2023-10-08,Cancelled,UPI,Bhopal,Madhya Pradesh
O04970,C1789,2025-10-04,Completed,Credit Card,Jaipur,Rajasthan
O04971,C2181,2025-02-05,Completed,COD,Noida,Uttar Pradesh
O04972,C3097,2024-03-08,Completed,Credit Card,Gurugram,Haryana
O04973,C4568,2024-02-04,Completed,UPI,Ahmedabad,Gujarat
O04974,C3685,2025-05-20,Completed,Debit Card,Delhi,Delhi
O04975,C1781,2025-10-22,Completed,Credit Card,Hyderabad,Telangana
O04976,C3615,2023-11-25,Completed,UPI,Nagpur,Maharashtra
O04977,C4014,2024-09-26,Completed,Net Banking,Mumbai,Maharashtra
O04978,C1280,2024-01-18,Returned,COD,Bhopal,Madhya Pradesh
O04979,C4009,2023-03-19,Completed,UPI,Noida,Uttar Pradesh
O04980,C3287,2023-11-28,Completed,Credit Card,Hyderabad,Telangana
O04981,C2682,2023-06-12,Completed,UPI,Kochi,Kerala
O04982,C4518,2023-05-30,Completed,UPI,Delhi,Delhi
O04983,C2629,2024-07-13,Completed,UPI,Jaipur,Rajasthan
O04984,C0539,2024-09-17,Completed,Credit Card,Chandigarh,Chandigarh
O04985,C1781,2024-07-29,Completed,UPI,Hyderabad,Telangana
O04986,C3527,2025-08-20,Completed,Debit Card,Jaipur,Rajasthan
O04987,C2349,2023-05-30,Completed,Credit Card,Mumbai,Maharashtra
O04988,C1961,2025-12-06,Completed,COD,Gurugram,Haryana
O04989,C3092,2023-12-28,Completed,COD,Nagpur,Maharashtra
O04990,C3563,2024-01-09,Completed,Debit Card,Kochi,Kerala
O04991,C4902,2025-02-09,Completed,Credit Card,Kochi,Kerala
O04992,C2305,2023-04-05,Completed,Net Banking,Indore,Madhya Pradesh
O04993,C2501,2025-08-11,Cancelled,UPI,Bhopal,Madhya Pradesh
O04994,C2486,2023-03-23,Returned,Credit Card,Bhubaneswar,Odisha
O04995,C2446,2024-09-24,Completed,Credit Card,Hyderabad,Telangana
O04996,C0649,2025-06-21,Completed,Credit Card,Delhi,Delhi
O04997,C2270,2025-09-22,Completed,UPI,Nagpur,Maharashtra
O04998,C3816,2024-02-17,Completed,UPI,Delhi,Delhi
O04999,C1552,2023-01-03,Completed,UPI,Indore,Madhya Pradesh
O05000,C4722,2023-01-13,Completed,COD,Nagpur,Maharashtra
O05001,C4872,2023-06-13,Completed,Debit Card,Indore,Madhya Pradesh
O05002,C1303,2024-09-08,Cancelled,UPI,Nagpur,Maharashtra
O05003,C2633,2023-06-15,Completed,Credit Card,Kolkata,West Bengal
O05004,C2533,2023-03-01,Returned,COD,Bhopal,Madhya Pradesh
O05005,C1269,2024-01-17,Completed,Net Banking,Bengaluru,Karnataka
O05006,C1774,2025-02-28,Completed,UPI,Ahmedabad,Gujarat
O05007,C3090,2024-10-22,Completed,COD,Bhubaneswar,Odisha
O05008,C3628,2024-04-11,Cancelled,Net Banking,Indore,Madhya Pradesh
O05009,C1167,2024-05-30,Completed,Credit Card,Mumbai,Maharashtra
O05010,C2549,2024-04-25,Completed,Net Banking,Bhubaneswar,Odisha
O05011,C1551,2023-08-25,Cancelled,Net Banking,Kochi,Kerala
O05012,C2141,2024-12-20,Completed,Debit Card,Nagpur,Maharashtra
O05013,C3521,2023-06-21,Completed,COD,Delhi,Delhi
O05014,C3655,2023-07-26,Completed,UPI,Nagpur,Maharashtra
O05015,C0621,2024-07-24,Completed,COD,Chennai,Tamil Nadu
O05016,C2524,2025-03-15,Completed,Credit Card,Mumbai,Maharashtra
O05017,C4768,2023-04-23,Completed,Credit Card,Bengaluru,Karnataka
O05018,C4897,2024-05-02,Cancelled,COD,Chennai,Tamil Nadu
O05019,C0171,2024-01-18,Cancelled,COD,Nagpur,Maharashtra
O05020,C2420,2025-08-15,Completed,Debit Card,Chennai,Tamil Nadu
O05021,C2780,2024-11-28,Completed,UPI,Gurugram,Haryana
O05022,C1417,2024-09-15,Completed,Credit Card,Chandigarh,Chandigarh
O05023,C0939,2024-12-07,Returned,COD,Chandigarh,Chandigarh
O05024,C4931,2023-05-05,Completed,Credit Card,Kolkata,West Bengal
O05025,C2032,2023-12-22,Completed,Net Banking,Delhi,Delhi
O05026,C3178,2023-08-27,Completed,COD,Nagpur,Maharashtra
O05027,C2772,2025-10-02,Completed,Credit Card,Indore,Madhya Pradesh
O05028,C3797,2024-05-27,Returned,Credit Card,Hyderabad,Telangana
O05029,C2885,2024-09-24,Completed,UPI,Bhopal,Madhya Pradesh
O05030,C1732,2024-08-23,Completed,Debit Card,Bengaluru,Karnataka
O05031,C1273,2025-10-20,Completed,UPI,Chandigarh,Chandigarh
O05032,C1753,2023-04-24,Cancelled,Debit Card,Bhubaneswar,Odisha
O05033,C1957,2025-07-17,Completed,COD,Nagpur,Maharashtra
O05034,C3488,2023-01-27,Returned,Credit Card,Mumbai,Maharashtra
O05035,C1692,2024-08-21,Completed,UPI,Chandigarh,Chandigarh
O05036,C4166,2024-08-14,Completed,COD,Kolkata,West Bengal
O05037,C1258,2023-06-29,Completed,Credit Card,Indore,Madhya Pradesh
O05038,C0432,2024-07-20,Completed,UPI,Mumbai,Maharashtra
O05039,C4266,2023-09-04,Completed,Debit Card,Noida,Uttar Pradesh
O05040,C2084,2023-11-13,Completed,Debit Card,Bhubaneswar,Odisha
O05041,C3906,2025-08-16,Completed,UPI,Patna,Bihar
O05042,C4355,2025-02-20,Returned,Debit Card,Kolkata,West Bengal
O05043,C2299,2025-09-12,Returned,UPI,Chandigarh,Chandigarh
O05044,C2105,2025-06-08,Completed,COD,Indore,Madhya Pradesh
O05045,C1185,2025-12-27,Completed,Net Banking,Jaipur,Rajasthan
O05046,C0437,2025-02-15,Completed,UPI,Ahmedabad,Gujarat
O05047,C4326,2025-01-16,Completed,COD,Bhopal,Madhya Pradesh
O05048,C4927,2023-12-11,Completed,COD,Jaipur,Rajasthan
O05049,C4937,2023-02-21,Completed,UPI,Jaipur,Rajasthan
O05050,C4716,2025-03-15,Completed,UPI,Indore,Madhya Pradesh
O05051,C2400,2024-08-14,Completed,Debit Card,Bhubaneswar,Odisha
O05052,C0622,2024-11-23,Completed,UPI,Chennai,Tamil Nadu
O05053,C3714,2024-02-13,Completed,UPI,Surat,Gujarat
O05054,C0635,2023-12-01,Cancelled,UPI,Gurugram,Haryana
O05055,C3013,2024-02-09,Cancelled,UPI,Lucknow,Uttar Pradesh
O05056,C1994,2023-05-02,Completed,UPI,Mumbai,Maharashtra
O05057,C2676,2024-10-08,Completed,COD,Bengaluru,Karnataka
O05058,C2341,2024-11-19,Completed,COD,Jaipur,Rajasthan
O05059,C1410,2025-11-28,Completed,Credit Card,Lucknow,Uttar Pradesh
O05060,C3817,2023-03-16,Completed,Credit Card,Lucknow,Uttar Pradesh
O05061,C0829,2025-05-14,Completed,COD,Chennai,Tamil Nadu
O05062,C2282,2023-08-05,Cancelled,COD,Nagpur,Maharashtra
O05063,C0537,2025-01-12,Completed,COD,Bengaluru,Karnataka
O05064,C1403,2024-02-22,Completed,UPI,Kolkata,West Bengal
O05065,C0805,2024-10-17,Completed,UPI,Kolkata,West Bengal
O05066,C3282,2025-05-13,Returned,COD,Jaipur,Rajasthan
O05067,C0852,2025-03-18,Completed,Net Banking,Patna,Bihar
O05068,C2226,2023-10-23,Completed,COD,Ahmedabad,Gujarat
O05069,C0556,2024-03-25,Completed,Debit Card,Surat,Gujarat
O05070,C3144,2023-04-13,Completed,Credit Card,Kochi,Kerala
O05071,C4324,2025-02-28,Completed,UPI,Noida,Uttar Pradesh
O05072,C1865,2025-06-19,Cancelled,UPI,Indore,Madhya Pradesh
O05073,C4350,2023-05-26,Completed,UPI,Chandigarh,Chandigarh
O05074,C2095,2023-04-29,Completed,Debit Card,Bhubaneswar,Odisha
O05075,C3479,2023-09-21,Cancelled,COD,Jaipur,Rajasthan
O05076,C2931,2025-12-18,Completed,UPI,Mumbai,Maharashtra
O05077,C2628,2025-09-15,Completed,UPI,Bengaluru,Karnataka
O05078,C0254,2024-10-26,Completed,Net Banking,Jaipur,Rajasthan
O05079,C3521,2023-07-05,Completed,Credit Card,Delhi,Delhi
O05080,C0059,2025-02-25,Completed,Net Banking,Mumbai,Maharashtra
O05081,C3703,2025-06-11,Completed,Debit Card,Chennai,Tamil Nadu
O05082,C1722,2023-12-28,Completed,UPI,Kolkata,West Bengal
O05083,C2608,2025-09-25,Completed,UPI,Kochi,Kerala
O05084,C0265,2023-08-24,Completed,Debit Card,Nagpur,Maharashtra
O05085,C1708,2025-12-10,Cancelled,Debit Card,Bhopal,Madhya Pradesh
O05086,C3215,2023-12-17,Returned,UPI,Ahmedabad,Gujarat
O05087,C2294,2024-02-21,Cancelled,UPI,Kochi,Kerala
O05088,C3288,2025-04-22,Completed,UPI,Chandigarh,Chandigarh
O05089,C2485,2025-01-13,Completed,COD,Patna,Bihar
O05090,C2736,2025-10-02,Completed,UPI,Patna,Bihar
O05091,C2524,2023-01-13,Completed,Debit Card,Mumbai,Maharashtra
O05092,C3456,2025-05-30,Completed,COD,Hyderabad,Telangana
O05093,C0938,2025-03-16,Completed,Credit Card,Bhopal,Madhya Pradesh
O05094,C0878,2023-08-01,Returned,UPI,Kochi,Kerala
O05095,C2705,2023-09-27,Completed,UPI,Kochi,Kerala
O05096,C0547,2025-09-10,Completed,UPI,Chandigarh,Chandigarh
O05097,C2463,2025-11-29,Completed,UPI,Kochi,Kerala
O05098,C3204,2025-02-12,Completed,UPI,Mumbai,Maharashtra
O05099,C4494,2023-06-30,Completed,Credit Card,Delhi,Delhi
O05100,C3579,2025-10-13,Completed,UPI,Nagpur,Maharashtra
O05101,C3632,2023-04-16,Returned,UPI,Delhi,Delhi
O05102,C2216,2025-04-12,Returned,COD,Chandigarh,Chandigarh
O05103,C3847,2024-05-01,Completed,Credit Card,Indore,Madhya Pradesh
O05104,C0230,2024-02-08,Completed,Net Banking,Bengaluru,Karnataka
O05105,C4799,2024-01-25,Completed,UPI,Hyderabad,Telangana
O05106,C1428,2024-08-30,Completed,UPI,Chandigarh,Chandigarh
O05107,C1700,2025-09-26,Completed,Debit Card,Lucknow,Uttar Pradesh
O05108,C3970,2023-05-03,Completed,Credit Card,Nagpur,Maharashtra
O05109,C3066,2025-02-27,Completed,COD,Bhubaneswar,Odisha
O05110,C2146,2023-02-06,Completed,COD,Hyderabad,Telangana
O05111,C0007,2024-12-10,Cancelled,Credit Card,Gurugram,Haryana
O05112,C4273,2025-02-05,Completed,Credit Card,Bhubaneswar,Odisha
O05113,C1230,2024-05-17,Completed,COD,Pune,Maharashtra
O05114,C4395,2025-07-05,Completed,COD,Bhopal,Madhya Pradesh
O05115,C1824,2024-08-19,Returned,UPI,Gurugram,Haryana
O05116,C3985,2023-04-02,Completed,Debit Card,Gurugram,Haryana
O05117,C2277,2023-04-10,Completed,Debit Card,Bhubaneswar,Odisha
O05118,C2944,2025-09-03,Completed,COD,Chennai,Tamil Nadu
O05119,C0631,2024-11-16,Returned,COD,Kochi,Kerala
O05120,C0270,2024-01-29,Cancelled,UPI,Kochi,Kerala
O05121,C4177,2024-08-16,Completed,COD,Ahmedabad,Gujarat
O05122,C3772,2025-04-13,Completed,Net Banking,Patna,Bihar
O05123,C4916,2025-06-04,Completed,UPI,Hyderabad,Telangana
O05124,C0501,2025-10-01,Completed,Credit Card,Indore,Madhya Pradesh
O05125,C2751,2024-05-19,Completed,Credit Card,Bhopal,Madhya Pradesh
O05126,C1313,2025-02-28,Completed,Credit Card,Chandigarh,Chandigarh
O05127,C2154,2024-05-05,Completed,Debit Card,Kochi,Kerala
O05128,C4737,2023-12-08,Completed,UPI,Hyderabad,Telangana
O05129,C0609,2024-04-14,Completed,COD,Nagpur,Maharashtra
O05130,C3044,2023-05-14,Cancelled,UPI,Hyderabad,Telangana
O05131,C1664,2025-05-27,Completed,Credit Card,Hyderabad,Telangana
O05132,C3295,2024-11-07,Completed,UPI,Hyderabad,Telangana
O05133,C1998,2023-07-31,Cancelled,Debit Card,Nagpur,Maharashtra
O05134,C2430,2024-08-07,Completed,Credit Card,Nagpur,Maharashtra
O05135,C4200,2023-12-23,Completed,Net Banking,Patna,Bihar
O05136,C2712,2024-03-28,Completed,COD,Gurugram,Haryana
O05137,C3186,2024-06-20,Completed,UPI,Hyderabad,Telangana
O05138,C1532,2024-02-25,Returned,Credit Card,Chandigarh,Chandigarh
O05139,C4217,2023-05-31,Completed,UPI,Gurugram,Haryana
O05140,C3707,2024-05-17,Completed,Debit Card,Bengaluru,Karnataka
O05141,C3075,2025-06-06,Completed,Credit Card,Noida,Uttar Pradesh
O05142,C4503,2025-08-05,Completed,UPI,Delhi,Delhi
O05143,C0676,2025-01-12,Completed,Debit Card,Gurugram,Haryana
O05144,C1655,2024-05-29,Completed,UPI,Bhopal,Madhya Pradesh
O05145,C4528,2023-12-01,Cancelled,UPI,Nagpur,Maharashtra
O05146,C4157,2024-08-06,Completed,COD,Kolkata,West Bengal
O05147,C3545,2023-07-27,Completed,UPI,Indore,Madhya Pradesh
O05148,C3819,2025-05-01,Completed,Credit Card,Jaipur,Rajasthan
O05149,C3444,2024-07-30,Completed,COD,Surat,Gujarat
O05150,C1048,2024-12-08,Completed,COD,Pune,Maharashtra
O05151,C2454,2024-11-08,Completed,Credit Card,Jaipur,Rajasthan
O05152,C1332,2023-08-20,Completed,UPI,Indore,Madhya Pradesh
O05153,C4083,2025-09-15,Completed,Net Banking,Ahmedabad,Gujarat
O05154,C2661,2025-05-30,Completed,Debit Card,Bengaluru,Karnataka
O05155,C2263,2024-08-26,Completed,Credit Card,Mumbai,Maharashtra
O05156,C4358,2023-11-28,Cancelled,UPI,Kochi,Kerala
O05157,C0764,2025-03-22,Completed,UPI,Bengaluru,Karnataka
O05158,C2368,2023-07-26,Completed,UPI,Kolkata,West Bengal
O05159,C3409,2023-12-27,Completed,COD,Bhubaneswar,Odisha
O05160,C1685,2024-01-08,Completed,UPI,Bengaluru,Karnataka
O05161,C4465,2024-06-27,Completed,UPI,Pune,Maharashtra
O05162,C0870,2023-05-11,Completed,UPI,Patna,Bihar
O05163,C2734,2024-06-12,Returned,Credit Card,Bhubaneswar,Odisha
O05164,C0914,2023-03-19,Completed,UPI,Bhubaneswar,Odisha
O05165,C3132,2023-02-10,Completed,COD,Ahmedabad,Gujarat
O05166,C1631,2023-09-15,Completed,UPI,Pune,Maharashtra
O05167,C0543,2023-10-17,Returned,COD,Jaipur,Rajasthan
O05168,C2204,2024-09-15,Completed,Net Banking,Ahmedabad,Gujarat
O05169,C2936,2024-12-14,Completed,Debit Card,Jaipur,Rajasthan
O05170,C0752,2024-07-05,Completed,UPI,Indore,Madhya Pradesh
O05171,C2112,2024-12-11,Completed,UPI,Noida,Uttar Pradesh
O05172,C0421,2025-08-18,Completed,UPI,Bhopal,Madhya Pradesh
O05173,C2371,2025-04-02,Completed,Credit Card,Chandigarh,Chandigarh
O05174,C1487,2023-03-15,Completed,UPI,Surat,Gujarat
O05175,C0547,2023-01-05,Completed,UPI,Chandigarh,Chandigarh
O05176,C4962,2025-04-03,Returned,UPI,Mumbai,Maharashtra
O05177,C2558,2023-04-28,Completed,UPI,Delhi,Delhi
O05178,C1572,2025-01-13,Completed,UPI,Kochi,Kerala
O05179,C0454,2024-10-22,Cancelled,UPI,Bengaluru,Karnataka
O05180,C2692,2025-01-18,Completed,UPI,Indore,Madhya Pradesh
O05181,C1758,2024-03-05,Completed,COD,Lucknow,Uttar Pradesh
O05182,C4775,2024-10-28,Completed,UPI,Mumbai,Maharashtra
O05183,C4370,2023-06-08,Completed,COD,Lucknow,Uttar Pradesh
O05184,C0060,2024-11-11,Completed,Credit Card,Lucknow,Uttar Pradesh
O05185,C4438,2025-12-21,Cancelled,Debit Card,Jaipur,Rajasthan
O05186,C1418,2025-10-12,Completed,Credit Card,Bhopal,Madhya Pradesh
O05187,C2161,2024-10-22,Returned,COD,Lucknow,Uttar Pradesh
O05188,C1339,2025-11-02,Completed,UPI,Bengaluru,Karnataka
O05189,C0467,2024-02-21,Completed,COD,Nagpur,Maharashtra
O05190,C2311,2025-05-19,Completed,UPI,Delhi,Delhi
O05191,C2472,2025-10-15,Completed,COD,Chandigarh,Chandigarh
O05192,C0720,2024-09-07,Completed,UPI,Chandigarh,Chandigarh
O05193,C1236,2025-12-08,Completed,Credit Card,Surat,Gujarat
O05194,C0563,2025-10-23,Completed,Credit Card,Noida,Uttar Pradesh
O05195,C0983,2025-07-22,Completed,Debit Card,Chennai,Tamil Nadu
O05196,C2967,2025-10-19,Completed,Credit Card,Bhopal,Madhya Pradesh
O05197,C2336,2025-01-31,Completed,Credit Card,Pune,Maharashtra
O05198,C4521,2024-08-05,Completed,COD,Noida,Uttar Pradesh
O05199,C4650,2023-09-28,Completed,UPI,Gurugram,Haryana
O05200,C4855,2024-12-27,Returned,UPI,Nagpur,Maharashtra
O05201,C1731,2024-03-09,Completed,COD,Delhi,Delhi
O05202,C4340,2024-06-05,Completed,UPI,Ahmedabad,Gujarat
O05203,C3048,2024-09-03,Completed,COD,Chandigarh,Chandigarh
O05204,C1358,2025-05-18,Completed,Credit Card,Mumbai,Maharashtra
O05205,C2376,2025-08-03,Completed,UPI,Kochi,Kerala
O05206,C2763,2024-05-04,Completed,UPI,Jaipur,Rajasthan
O05207,C1786,2025-03-20,Completed,COD,Kochi,Kerala
O05208,C1963,2025-01-15,Completed,COD,Kolkata,West Bengal
O05209,C1189,2024-03-11,Completed,UPI,Patna,Bihar
O05210,C2679,2024-11-16,Completed,UPI,Kolkata,West Bengal
O05211,C3008,2023-08-05,Completed,Net Banking,Chandigarh,Chandigarh
O05212,C3124,2023-02-09,Completed,Debit Card,Bengaluru,Karnataka
O05213,C3144,2024-11-28,Completed,UPI,Kochi,Kerala
O05214,C2801,2025-03-02,Cancelled,Credit Card,Noida,Uttar Pradesh
O05215,C0324,2024-11-10,Completed,COD,Bhubaneswar,Odisha
O05216,C3684,2024-02-08,Completed,Debit Card,Gurugram,Haryana
O05217,C2203,2025-11-18,Completed,Credit Card,Mumbai,Maharashtra
O05218,C1795,2023-02-06,Completed,UPI,Jaipur,Rajasthan
O05219,C2249,2024-05-21,Completed,Debit Card,Indore,Madhya Pradesh
O05220,C2343,2023-09-17,Cancelled,UPI,Hyderabad,Telangana
O05221,C3394,2025-08-17,Completed,Credit Card,Indore,Madhya Pradesh
O05222,C3401,2024-09-25,Completed,Debit Card,Kolkata,West Bengal
O05223,C1976,2024-02-16,Cancelled,Credit Card,Delhi,Delhi
O05224,C3046,2024-02-26,Completed,UPI,Mumbai,Maharashtra
O05225,C1308,2025-08-16,Completed,Debit Card,Patna,Bihar
O05226,C1456,2024-10-24,Completed,Credit Card,Bhubaneswar,Odisha
O05227,C0963,2025-10-11,Completed,Credit Card,Ahmedabad,Gujarat
O05228,C1718,2024-08-17,Completed,UPI,Nagpur,Maharashtra
O05229,C2430,2023-06-19,Completed,UPI,Nagpur,Maharashtra
O05230,C2540,2025-02-20,Completed,UPI,Nagpur,Maharashtra
O05231,C3619,2023-08-16,Completed,COD,Mumbai,Maharashtra
O05232,C2379,2023-01-05,Completed,Credit Card,Surat,Gujarat
O05233,C0875,2023-06-01,Completed,Net Banking,Chennai,Tamil Nadu
O05234,C3671,2023-08-09,Completed,Debit Card,Bhubaneswar,Odisha
O05235,C2206,2023-06-06,Completed,Credit Card,Nagpur,Maharashtra
O05236,C4528,2025-10-26,Completed,UPI,Nagpur,Maharashtra
O05237,C1140,2023-10-17,Completed,UPI,Kolkata,West Bengal
O05238,C3592,2023-10-05,Completed,UPI,Bengaluru,Karnataka
O05239,C4715,2025-10-01,Returned,Credit Card,Bhopal,Madhya Pradesh
O05240,C4715,2025-05-30,Completed,Debit Card,Bhopal,Madhya Pradesh
O05241,C2674,2025-09-09,Completed,Debit Card,Delhi,Delhi
O05242,C4531,2025-09-21,Completed,UPI,Patna,Bihar
O05243,C1546,2023-12-12,Completed,Credit Card,Patna,Bihar
O05244,C2844,2024-08-02,Completed,Credit Card,Kochi,Kerala
O05245,C4668,2024-09-04,Completed,Credit Card,Delhi,Delhi
O05246,C0266,2024-11-04,Completed,UPI,Delhi,Delhi
O05247,C0102,2023-11-09,Completed,Credit Card,Bhopal,Madhya Pradesh
O05248,C2757,2023-06-22,Completed,Credit Card,Surat,Gujarat
O05249,C3974,2023-08-16,Completed,Credit Card,Kolkata,West Bengal
O05250,C1535,2023-07-12,Completed,UPI,Noida,Uttar Pradesh
O05251,C2270,2024-06-04,Completed,Net Banking,Nagpur,Maharashtra
O05252,C2963,2024-03-01,Completed,UPI,Ahmedabad,Gujarat
O05253,C2484,2025-07-30,Completed,COD,Noida,Uttar Pradesh
O05254,C1214,2023-03-15,Completed,COD,Ahmedabad,Gujarat
O05255,C4736,2023-12-09,Completed,Credit Card,Bengaluru,Karnataka
O05256,C2993,2024-01-06,Cancelled,Credit Card,Hyderabad,Telangana
O05257,C4430,2024-02-05,Returned,COD,Kochi,Kerala
O05258,C0907,2025-06-02,Completed,Credit Card,Gurugram,Haryana
O05259,C1582,2023-08-10,Cancelled,Debit Card,Kolkata,West Bengal
O05260,C1605,2024-10-01,Completed,COD,Patna,Bihar
O05261,C0570,2025-05-08,Completed,COD,Bengaluru,Karnataka
O05262,C1546,2024-01-09,Cancelled,UPI,Patna,Bihar
O05263,C0909,2025-10-27,Cancelled,Net Banking,Lucknow,Uttar Pradesh
O05264,C4463,2025-01-06,Completed,Net Banking,Indore,Madhya Pradesh
O05265,C4084,2024-03-11,Completed,UPI,Hyderabad,Telangana
O05266,C3341,2025-01-07,Cancelled,Debit Card,Mumbai,Maharashtra
O05267,C2426,2024-07-18,Completed,UPI,Patna,Bihar
O05268,C3219,2025-10-23,Completed,UPI,Bhopal,Madhya Pradesh
O05269,C2166,2024-06-27,Returned,Credit Card,Noida,Uttar Pradesh
O05270,C1014,2024-09-27,Completed,Debit Card,Noida,Uttar Pradesh
O05271,C3207,2025-04-28,Completed,Credit Card,Bhopal,Madhya Pradesh
O05272,C1873,2025-03-31,Completed,Debit Card,Mumbai,Maharashtra
O05273,C4910,2024-01-31,Completed,COD,Kolkata,West Bengal
O05274,C0206,2025-06-10,Completed,UPI,Jaipur,Rajasthan
O05275,C0816,2024-01-24,Completed,Debit Card,Chennai,Tamil Nadu
O05276,C0066,2024-03-23,Completed,Credit Card,Kochi,Kerala
O05277,C4046,2023-02-14,Completed,UPI,Pune,Maharashtra
O05278,C2052,2024-02-08,Completed,UPI,Noida,Uttar Pradesh
O05279,C0003,2023-11-05,Completed,Credit Card,Indore,Madhya Pradesh
O05280,C0325,2023-08-15,Completed,COD,Delhi,Delhi
O05281,C0605,2023-12-15,Completed,UPI,Delhi,Delhi
O05282,C4892,2023-04-23,Returned,UPI,Kochi,Kerala
O05283,C2583,2025-11-19,Completed,Debit Card,Ahmedabad,Gujarat
O05284,C2647,2023-10-03,Completed,Net Banking,Bengaluru,Karnataka
O05285,C3123,2024-12-26,Completed,Credit Card,Pune,Maharashtra
O05286,C3115,2023-03-28,Completed,UPI,Indore,Madhya Pradesh
O05287,C3276,2025-03-14,Completed,UPI,Noida,Uttar Pradesh
O05288,C0347,2023-01-22,Cancelled,UPI,Chennai,Tamil Nadu
O05289,C4155,2024-01-20,Completed,UPI,Indore,Madhya Pradesh
O05290,C2728,2025-11-10,Completed,UPI,Kolkata,West Bengal
O05291,C2559,2024-05-05,Cancelled,Credit Card,Lucknow,Uttar Pradesh
O05292,C3390,2025-02-11,Returned,Net Banking,Chandigarh,Chandigarh
O05293,C3444,2025-10-11,Completed,COD,Surat,Gujarat
O05294,C2255,2025-06-06,Completed,Debit Card,Kochi,Kerala
O05295,C0111,2023-08-09,Completed,Credit Card,Delhi,Delhi
O05296,C0023,2024-08-13,Completed,Debit Card,Indore,Madhya Pradesh
O05297,C3817,2025-03-23,Completed,UPI,Lucknow,Uttar Pradesh
O05298,C1964,2023-05-23,Completed,UPI,Lucknow,Uttar Pradesh
O05299,C4883,2023-02-14,Completed,Credit Card,Hyderabad,Telangana
O05300,C1708,2024-03-26,Completed,Credit Card,Bhopal,Madhya Pradesh
O05301,C3083,2025-09-30,Cancelled,Net Banking,Hyderabad,Telangana
O05302,C3816,2024-11-12,Completed,Debit Card,Delhi,Delhi
O05303,C0747,2023-05-27,Completed,COD,Chandigarh,Chandigarh
O05304,C0515,2025-03-03,Completed,UPI,Mumbai,Maharashtra
O05305,C3040,2025-09-19,Completed,COD,Ahmedabad,Gujarat
O05306,C2857,2025-09-11,Completed,Net Banking,Chandigarh,Chandigarh
O05307,C2342,2025-12-08,Completed,Debit Card,Bhubaneswar,Odisha
O05308,C0325,2023-01-17,Returned,Debit Card,Delhi,Delhi
O05309,C3363,2023-05-29,Completed,Net Banking,Chandigarh,Chandigarh
O05310,C3491,2025-10-12,Completed,Credit Card,Chennai,Tamil Nadu
O05311,C2508,2024-12-17,Completed,COD,Delhi,Delhi
O05312,C3179,2025-04-29,Completed,Credit Card,Jaipur,Rajasthan
O05313,C3325,2025-07-06,Completed,Credit Card,Nagpur,Maharashtra
O05314,C1563,2025-12-22,Cancelled,Debit Card,Jaipur,Rajasthan
O05315,C1545,2024-04-24,Completed,UPI,Ahmedabad,Gujarat
O05316,C3230,2023-02-13,Completed,Net Banking,Indore,Madhya Pradesh
O05317,C0526,2025-05-24,Completed,UPI,Pune,Maharashtra
O05318,C4634,2023-12-21,Completed,UPI,Lucknow,Uttar Pradesh
O05319,C1750,2025-11-01,Completed,UPI,Noida,Uttar Pradesh
O05320,C4723,2023-12-22,Completed,COD,Bengaluru,Karnataka
O05321,C0841,2025-06-13,Completed,UPI,Bhopal,Madhya Pradesh
O05322,C2266,2024-04-18,Completed,Debit Card,Mumbai,Maharashtra
O05323,C4689,2023-02-22,Cancelled,Net Banking,Bengaluru,Karnataka
O05324,C0713,2023-04-23,Completed,UPI,Chennai,Tamil Nadu
O05325,C0067,2025-03-25,Completed,UPI,Ahmedabad,Gujarat
O05326,C0761,2025-12-26,Completed,UPI,Bhubaneswar,Odisha
O05327,C0465,2023-11-16,Completed,Credit Card,Jaipur,Rajasthan
O05328,C4192,2024-09-25,Completed,UPI,Chandigarh,Chandigarh
O05329,C4504,2024-02-05,Returned,Credit Card,Chandigarh,Chandigarh
O05330,C3190,2023-01-05,Completed,COD,Noida,Uttar Pradesh
O05331,C4900,2024-03-22,Completed,COD,Hyderabad,Telangana
O05332,C1468,2023-02-08,Completed,Credit Card,Mumbai,Maharashtra
O05333,C4853,2023-07-19,Cancelled,COD,Patna,Bihar
O05334,C2761,2023-01-21,Completed,UPI,Bhopal,Madhya Pradesh
O05335,C4457,2025-03-06,Completed,Debit Card,Ahmedabad,Gujarat
O05336,C1394,2023-05-29,Completed,UPI,Ahmedabad,Gujarat
O05337,C3694,2024-09-16,Returned,Credit Card,Bhopal,Madhya Pradesh
O05338,C4308,2023-03-27,Completed,Credit Card,Lucknow,Uttar Pradesh
O05339,C1700,2024-06-14,Completed,UPI,Lucknow,Uttar Pradesh
O05340,C1121,2023-03-04,Completed,COD,Chandigarh,Chandigarh
O05341,C1572,2024-11-22,Completed,UPI,Kochi,Kerala
O05342,C4874,2024-07-03,Completed,Credit Card,Pune,Maharashtra
O05343,C0729,2025-03-24,Completed,Credit Card,Ahmedabad,Gujarat
O05344,C3505,2024-02-12,Completed,Credit Card,Bhubaneswar,Odisha
O05345,C0616,2024-06-04,Returned,UPI,Bengaluru,Karnataka
O05346,C0371,2024-06-16,Returned,Debit Card,Surat,Gujarat
O05347,C3465,2023-01-24,Completed,UPI,Mumbai,Maharashtra
O05348,C4728,2023-04-05,Completed,COD,Surat,Gujarat
O05349,C4857,2023-10-23,Completed,UPI,Noida,Uttar Pradesh
O05350,C4943,2025-08-27,Completed,UPI,Patna,Bihar
O05351,C0948,2024-06-16,Completed,Credit Card,Patna,Bihar
O05352,C1120,2025-10-28,Completed,Credit Card,Mumbai,Maharashtra
O05353,C1456,2025-06-06,Returned,UPI,Bhubaneswar,Odisha
O05354,C2549,2025-05-27,Completed,UPI,Bhubaneswar,Odisha
O05355,C2423,2024-01-20,Completed,UPI,Noida,Uttar Pradesh
O05356,C3612,2024-07-01,Completed,Debit Card,Pune,Maharashtra
O05357,C2547,2024-01-08,Completed,COD,Ahmedabad,Gujarat
O05358,C1341,2024-07-10,Completed,UPI,Noida,Uttar Pradesh
O05359,C3846,2024-10-17,Completed,UPI,Nagpur,Maharashtra
O05360,C1519,2024-06-06,Cancelled,UPI,Indore,Madhya Pradesh
O05361,C1960,2025-04-14,Returned,COD,Kochi,Kerala
O05362,C0711,2024-05-25,Completed,Credit Card,Kolkata,West Bengal
O05363,C4571,2025-05-07,Completed,Net Banking,Hyderabad,Telangana
O05364,C0574,2025-08-20,Completed,Credit Card,Lucknow,Uttar Pradesh
O05365,C2844,2023-07-31,Completed,COD,Kochi,Kerala
O05366,C0508,2025-07-15,Completed,Net Banking,Pune,Maharashtra
O05367,C2223,2024-09-16,Completed,UPI,Nagpur,Maharashtra
O05368,C4788,2023-12-11,Completed,Debit Card,Jaipur,Rajasthan
O05369,C1295,2025-10-31,Completed,Debit Card,Noida,Uttar Pradesh
O05370,C1698,2023-12-02,Returned,UPI,Surat,Gujarat
O05371,C0788,2023-02-23,Completed,Credit Card,Kolkata,West Bengal
O05372,C3790,2024-08-27,Completed,COD,Jaipur,Rajasthan
O05373,C4668,2023-10-23,Cancelled,Net Banking,Delhi,Delhi
O05374,C2234,2024-12-01,Completed,COD,Gurugram,Haryana
O05375,C0587,2024-01-23,Completed,Net Banking,Jaipur,Rajasthan
O05376,C3166,2025-10-28,Completed,Debit Card,Mumbai,Maharashtra
O05377,C3651,2023-02-06,Returned,UPI,Kolkata,West Bengal
O05378,C4610,2023-07-02,Completed,Credit Card,Nagpur,Maharashtra
O05379,C3250,2023-10-19,Completed,Credit Card,Nagpur,Maharashtra
O05380,C2702,2023-03-11,Completed,UPI,Ahmedabad,Gujarat
O05381,C4037,2023-08-25,Completed,COD,Surat,Gujarat
O05382,C0556,2024-04-08,Completed,Debit Card,Surat,Gujarat
O05383,C1710,2023-07-10,Completed,COD,Bhubaneswar,Odisha
O05384,C3976,2025-07-18,Completed,UPI,Noida,Uttar Pradesh
O05385,C4391,2024-02-05,Completed,COD,Chandigarh,Chandigarh
O05386,C3308,2023-11-13,Returned,UPI,Lucknow,Uttar Pradesh
O05387,C1511,2024-12-18,Completed,Debit Card,Noida,Uttar Pradesh
O05388,C2587,2023-08-10,Completed,UPI,Kolkata,West Bengal
O05389,C3547,2024-10-19,Completed,Credit Card,Ahmedabad,Gujarat
O05390,C4077,2023-10-19,Completed,UPI,Bhubaneswar,Odisha
O05391,C3507,2025-08-06,Completed,UPI,Bengaluru,Karnataka
O05392,C4344,2023-08-11,Completed,COD,Kochi,Kerala
O05393,C3634,2025-01-27,Completed,COD,Hyderabad,Telangana
O05394,C2407,2025-01-28,Completed,COD,Kolkata,West Bengal
O05395,C1462,2023-02-07,Completed,UPI,Indore,Madhya Pradesh
O05396,C2172,2025-07-14,Completed,Credit Card,Nagpur,Maharashtra
O05397,C0403,2024-02-04,Completed,UPI,Gurugram,Haryana
O05398,C0284,2025-10-26,Completed,Debit Card,Bengaluru,Karnataka
O05399,C0241,2025-09-24,Returned,UPI,Hyderabad,Telangana
O05400,C4263,2024-05-27,Completed,UPI,Kochi,Kerala
O05401,C4657,2025-02-20,Completed,Credit Card,Jaipur,Rajasthan
O05402,C2196,2023-03-24,Completed,UPI,Mumbai,Maharashtra
O05403,C0701,2023-12-01,Completed,Debit Card,Ahmedabad,Gujarat
O05404,C2671,2024-10-20,Completed,UPI,Kolkata,West Bengal
O05405,C1920,2023-04-12,Completed,Credit Card,Noida,Uttar Pradesh
O05406,C4361,2025-04-04,Completed,Credit Card,Lucknow,Uttar Pradesh
O05407,C2549,2025-11-20,Completed,Credit Card,Bhubaneswar,Odisha
O05408,C2327,2025-09-23,Cancelled,UPI,Delhi,Delhi
O05409,C2797,2023-06-03,Completed,UPI,Delhi,Delhi
O05410,C2207,2024-07-13,Cancelled,UPI,Indore,Madhya Pradesh
O05411,C4595,2025-07-31,Completed,COD,Bhopal,Madhya Pradesh
O05412,C1611,2024-11-24,Completed,UPI,Gurugram,Haryana
O05413,C0488,2023-08-20,Returned,UPI,Bhubaneswar,Odisha
O05414,C0465,2024-01-23,Returned,Credit Card,Jaipur,Rajasthan
O05415,C4324,2024-09-23,Cancelled,UPI,Noida,Uttar Pradesh
O05416,C0666,2025-05-13,Completed,Credit Card,Mumbai,Maharashtra
O05417,C1490,2025-03-19,Completed,Credit Card,Kolkata,West Bengal
O05418,C0799,2025-11-15,Cancelled,UPI,Kolkata,West Bengal
O05419,C2801,2025-11-08,Completed,Debit Card,Noida,Uttar Pradesh
O05420,C3299,2025-05-04,Completed,UPI,Bhopal,Madhya Pradesh
O05421,C3241,2024-06-20,Completed,UPI,Delhi,Delhi
O05422,C3356,2024-07-12,Completed,Debit Card,Indore,Madhya Pradesh
O05423,C3930,2024-12-11,Completed,Debit Card,Chennai,Tamil Nadu
O05424,C4358,2023-08-27,Completed,UPI,Kochi,Kerala
O05425,C3874,2023-10-16,Cancelled,Debit Card,Kolkata,West Bengal
O05426,C0860,2024-01-03,Completed,Credit Card,Kochi,Kerala
O05427,C0364,2024-02-16,Completed,Credit Card,Chennai,Tamil Nadu
O05428,C3933,2025-11-11,Completed,UPI,Bhopal,Madhya Pradesh
O05429,C2146,2023-12-20,Completed,Net Banking,Hyderabad,Telangana
O05430,C2832,2024-02-24,Completed,Debit Card,Jaipur,Rajasthan
O05431,C4679,2025-02-20,Completed,UPI,Nagpur,Maharashtra
O05432,C3573,2023-11-25,Completed,UPI,Hyderabad,Telangana
O05433,C0916,2025-05-22,Completed,COD,Hyderabad,Telangana
O05434,C1775,2025-02-20,Cancelled,Credit Card,Indore,Madhya Pradesh
O05435,C3366,2025-01-07,Completed,UPI,Bengaluru,Karnataka
O05436,C0151,2025-01-18,Cancelled,UPI,Ahmedabad,Gujarat
O05437,C4964,2025-01-17,Completed,Credit Card,Surat,Gujarat
O05438,C3221,2023-05-28,Completed,Credit Card,Delhi,Delhi
O05439,C3022,2024-09-12,Completed,Debit Card,Pune,Maharashtra
O05440,C4238,2023-05-23,Completed,Credit Card,Bhubaneswar,Odisha
O05441,C3818,2025-09-02,Returned,COD,Hyderabad,Telangana
O05442,C1071,2023-03-12,Completed,UPI,Kochi,Kerala
O05443,C3444,2023-11-07,Completed,Debit Card,Surat,Gujarat
O05444,C4190,2024-09-29,Cancelled,COD,Lucknow,Uttar Pradesh
O05445,C0761,2024-04-11,Completed,UPI,Bhubaneswar,Odisha
O05446,C4452,2024-08-16,Returned,Debit Card,Delhi,Delhi
O05447,C4628,2023-02-10,Completed,Debit Card,Noida,Uttar Pradesh
O05448,C2740,2025-06-17,Completed,COD,Jaipur,Rajasthan
O05449,C2018,2025-02-09,Completed,UPI,Surat,Gujarat
O05450,C0917,2023-12-22,Completed,Credit Card,Kolkata,West Bengal
O05451,C3944,2023-10-06,Completed,UPI,Pune,Maharashtra
O05452,C3461,2024-10-16,Completed,UPI,Patna,Bihar
O05453,C1493,2025-08-26,Completed,Net Banking,Bengaluru,Karnataka
O05454,C3622,2023-02-27,Completed,Credit Card,Patna,Bihar
O05455,C0727,2023-06-17,Completed,COD,Hyderabad,Telangana
O05456,C4862,2024-01-08,Returned,COD,Patna,Bihar
O05457,C1610,2023-03-23,Completed,Credit Card,Chandigarh,Chandigarh
O05458,C4749,2023-05-14,Cancelled,Net Banking,Hyderabad,Telangana
O05459,C4842,2023-12-30,Returned,COD,Lucknow,Uttar Pradesh
O05460,C0940,2025-12-05,Completed,Credit Card,Mumbai,Maharashtra
O05461,C0088,2023-09-19,Completed,UPI,Delhi,Delhi
O05462,C0563,2024-04-13,Completed,UPI,Noida,Uttar Pradesh
O05463,C1269,2023-04-02,Completed,Credit Card,Bengaluru,Karnataka
O05464,C1491,2023-01-19,Completed,UPI,Gurugram,Haryana
O05465,C4538,2023-09-27,Completed,Debit Card,Nagpur,Maharashtra
O05466,C3080,2024-07-30,Completed,UPI,Gurugram,Haryana
O05467,C1573,2025-05-13,Completed,COD,Noida,Uttar Pradesh
O05468,C4655,2024-10-30,Returned,Credit Card,Chandigarh,Chandigarh
O05469,C3172,2024-02-19,Cancelled,Credit Card,Bengaluru,Karnataka
O05470,C2801,2023-01-16,Completed,UPI,Noida,Uttar Pradesh
O05471,C3414,2024-09-11,Completed,Net Banking,Noida,Uttar Pradesh
O05472,C1258,2024-05-17,Completed,Credit Card,Indore,Madhya Pradesh
O05473,C4889,2024-11-26,Cancelled,COD,Bhopal,Madhya Pradesh
O05474,C4786,2025-09-28,Completed,UPI,Indore,Madhya Pradesh
O05475,C4573,2023-07-03,Returned,UPI,Bhopal,Madhya Pradesh
O05476,C4781,2024-03-16,Completed,Debit Card,Bhopal,Madhya Pradesh
O05477,C2420,2024-08-03,Completed,Net Banking,Chennai,Tamil Nadu
O05478,C1144,2024-01-11,Completed,Debit Card,Ahmedabad,Gujarat
O05479,C4638,2023-12-12,Completed,Debit Card,Patna,Bihar
O05480,C4275,2024-12-29,Cancelled,Credit Card,Bengaluru,Karnataka
O05481,C3166,2024-01-25,Completed,UPI,Mumbai,Maharashtra
O05482,C2615,2023-06-29,Returned,Credit Card,Delhi,Delhi
O05483,C0748,2024-09-28,Cancelled,UPI,Noida,Uttar Pradesh
O05484,C3490,2024-01-11,Cancelled,UPI,Surat,Gujarat
O05485,C2634,2023-07-02,Completed,Credit Card,Gurugram,Haryana
O05486,C3489,2025-04-23,Completed,UPI,Ahmedabad,Gujarat
O05487,C1848,2023-11-25,Completed,COD,Surat,Gujarat
O05488,C4026,2024-05-04,Returned,UPI,Bengaluru,Karnataka
O05489,C1146,2023-07-19,Completed,UPI,Bhopal,Madhya Pradesh
O05490,C2105,2024-11-26,Completed,Credit Card,Indore,Madhya Pradesh
O05491,C3857,2024-04-23,Returned,Net Banking,Patna,Bihar
O05492,C2769,2025-03-19,Completed,Credit Card,Delhi,Delhi
O05493,C4060,2025-09-18,Completed,UPI,Surat,Gujarat
O05494,C1809,2025-10-13,Completed,UPI,Kolkata,West Bengal
O05495,C0410,2024-05-13,Cancelled,UPI,Mumbai,Maharashtra
O05496,C0646,2024-09-21,Completed,UPI,Bengaluru,Karnataka
O05497,C3921,2023-07-02,Returned,UPI,Noida,Uttar Pradesh
O05498,C1552,2024-03-11,Completed,Credit Card,Indore,Madhya Pradesh
O05499,C1114,2023-02-15,Completed,UPI,Noida,Uttar Pradesh
O05500,C3588,2025-05-25,Completed,UPI,Pune,Maharashtra
O05501,C0062,2023-09-01,Completed,UPI,Kochi,Kerala
O05502,C1236,2023-06-05,Completed,Credit Card,Surat,Gujarat
O05503,C4344,2025-08-19,Completed,UPI,Kochi,Kerala
O05504,C1728,2023-09-06,Completed,UPI,Jaipur,Rajasthan
O05505,C4593,2025-08-02,Completed,Debit Card,Indore,Madhya Pradesh
O05506,C4555,2025-03-29,Completed,Debit Card,Hyderabad,Telangana
O05507,C2967,2024-10-07,Completed,UPI,Bhopal,Madhya Pradesh
O05508,C3361,2024-01-12,Completed,Credit Card,Delhi,Delhi
O05509,C1413,2023-06-02,Completed,COD,Noida,Uttar Pradesh
O05510,C3585,2025-02-10,Completed,Debit Card,Chennai,Tamil Nadu
O05511,C1734,2023-08-28,Completed,UPI,Chennai,Tamil Nadu
O05512,C3631,2024-08-25,Cancelled,UPI,Nagpur,Maharashtra
O05513,C3870,2023-08-28,Completed,Debit Card,Chandigarh,Chandigarh
O05514,C2492,2023-11-06,Completed,UPI,Kochi,Kerala
O05515,C2040,2023-09-16,Completed,UPI,Delhi,Delhi
O05516,C4888,2024-03-06,Completed,Debit Card,Indore,Madhya Pradesh
O05517,C1308,2024-05-14,Cancelled,UPI,Patna,Bihar
O05518,C4013,2023-03-17,Completed,UPI,Delhi,Delhi
O05519,C1725,2023-10-24,Completed,Credit Card,Noida,Uttar Pradesh
O05520,C4691,2023-07-02,Completed,Debit Card,Kochi,Kerala
O05521,C2456,2025-12-18,Completed,Credit Card,Bhopal,Madhya Pradesh
O05522,C0942,2024-06-10,Completed,COD,Gurugram,Haryana
O05523,C2037,2025-11-14,Completed,UPI,Mumbai,Maharashtra
O05524,C1814,2023-10-26,Completed,Debit Card,Gurugram,Haryana
O05525,C3062,2024-11-21,Completed,Credit Card,Gurugram,Haryana
O05526,C2395,2024-07-26,Completed,COD,Chandigarh,Chandigarh
O05527,C4368,2024-11-06,Completed,UPI,Delhi,Delhi
O05528,C1285,2025-09-17,Completed,Credit Card,Pune,Maharashtra
O05529,C0396,2024-05-18,Completed,COD,Chennai,Tamil Nadu
O05530,C3764,2023-08-26,Completed,COD,Bengaluru,Karnataka
O05531,C4250,2023-07-11,Completed,UPI,Lucknow,Uttar Pradesh
O05532,C1091,2025-11-17,Completed,COD,Delhi,Delhi
O05533,C2889,2024-03-04,Completed,Debit Card,Pune,Maharashtra
O05534,C1723,2023-03-25,Completed,Credit Card,Bhopal,Madhya Pradesh
O05535,C4444,2024-05-12,Completed,Net Banking,Lucknow,Uttar Pradesh
O05536,C4007,2023-08-25,Returned,UPI,Lucknow,Uttar Pradesh
O05537,C1087,2023-05-29,Cancelled,Credit Card,Gurugram,Haryana
O05538,C1305,2025-04-30,Completed,UPI,Bhopal,Madhya Pradesh
O05539,C3113,2024-09-03,Completed,Net Banking,Jaipur,Rajasthan
O05540,C1015,2025-04-23,Completed,UPI,Nagpur,Maharashtra
O05541,C4373,2025-11-24,Returned,Debit Card,Chandigarh,Chandigarh
O05542,C0221,2025-08-01,Cancelled,Debit Card,Nagpur,Maharashtra
O05543,C3806,2023-04-07,Completed,UPI,Chandigarh,Chandigarh
O05544,C1127,2024-02-11,Completed,UPI,Chandigarh,Chandigarh
O05545,C3257,2025-08-17,Completed,UPI,Bhopal,Madhya Pradesh
O05546,C1931,2024-06-08,Completed,UPI,Chennai,Tamil Nadu
O05547,C2123,2025-07-14,Completed,COD,Patna,Bihar
O05548,C0473,2024-05-03,Completed,Net Banking,Hyderabad,Telangana
O05549,C0416,2024-02-08,Returned,COD,Delhi,Delhi
O05550,C1869,2025-02-12,Completed,UPI,Indore,Madhya Pradesh
O05551,C4113,2024-02-07,Completed,Debit Card,Bengaluru,Karnataka
O05552,C1534,2024-03-26,Completed,COD,Ahmedabad,Gujarat
O05553,C1463,2023-07-03,Returned,COD,Indore,Madhya Pradesh
O05554,C1866,2023-10-04,Completed,UPI,Hyderabad,Telangana
O05555,C4010,2025-06-13,Completed,UPI,Mumbai,Maharashtra
O05556,C3131,2023-03-02,Completed,Net Banking,Chandigarh,Chandigarh
O05557,C1737,2025-09-16,Completed,Debit Card,Nagpur,Maharashtra
O05558,C3187,2023-05-26,Completed,COD,Ahmedabad,Gujarat
O05559,C0472,2023-07-02,Completed,Credit Card,Nagpur,Maharashtra
O05560,C3178,2023-11-11,Completed,Credit Card,Nagpur,Maharashtra
O05561,C2927,2024-10-20,Completed,Debit Card,Chandigarh,Chandigarh
O05562,C2866,2025-01-13,Completed,Credit Card,Chandigarh,Chandigarh
O05563,C3198,2025-09-22,Completed,UPI,Ahmedabad,Gujarat
O05564,C2462,2025-03-19,Completed,UPI,Bengaluru,Karnataka
O05565,C3582,2024-10-13,Completed,UPI,Chennai,Tamil Nadu
O05566,C0501,2025-07-18,Completed,Credit Card,Indore,Madhya Pradesh
O05567,C0121,2025-06-11,Completed,Credit Card,Pune,Maharashtra
O05568,C1776,2023-02-05,Completed,Credit Card,Ahmedabad,Gujarat
O05569,C0607,2025-02-27,Completed,UPI,Noida,Uttar Pradesh
O05570,C4446,2025-12-15,Completed,COD,Nagpur,Maharashtra
O05571,C0820,2025-11-30,Completed,Debit Card,Bhubaneswar,Odisha
O05572,C3265,2024-01-18,Completed,UPI,Bengaluru,Karnataka
O05573,C0784,2023-06-18,Completed,UPI,Chandigarh,Chandigarh
O05574,C1847,2023-06-20,Returned,Debit Card,Mumbai,Maharashtra
O05575,C4593,2025-01-08,Completed,UPI,Indore,Madhya Pradesh
O05576,C0392,2024-08-20,Completed,UPI,Surat,Gujarat
O05577,C3746,2023-09-04,Returned,COD,Noida,Uttar Pradesh
O05578,C1133,2023-05-28,Completed,UPI,Lucknow,Uttar Pradesh
O05579,C2977,2024-03-16,Completed,Debit Card,Chandigarh,Chandigarh
O05580,C2518,2023-12-28,Completed,Credit Card,Kochi,Kerala
O05581,C4446,2023-08-10,Completed,UPI,Nagpur,Maharashtra
O05582,C4871,2024-10-19,Completed,UPI,Mumbai,Maharashtra
O05583,C2197,2023-04-18,Completed,Net Banking,Surat,Gujarat
O05584,C3461,2024-07-29,Completed,UPI,Patna,Bihar
O05585,C4440,2023-10-27,Cancelled,COD,Pune,Maharashtra
O05586,C0677,2023-08-12,Completed,COD,Nagpur,Maharashtra
O05587,C0595,2024-07-30,Completed,UPI,Kolkata,West Bengal
O05588,C3885,2025-06-10,Completed,Debit Card,Pune,Maharashtra
O05589,C3152,2024-11-24,Completed,Debit Card,Chandigarh,Chandigarh
O05590,C3325,2025-10-05,Completed,Credit Card,Nagpur,Maharashtra
O05591,C2935,2024-02-27,Completed,Credit Card,Indore,Madhya Pradesh
O05592,C4334,2023-03-17,Cancelled,UPI,Chennai,Tamil Nadu
O05593,C2986,2023-09-07,Cancelled,UPI,Lucknow,Uttar Pradesh
O05594,C2364,2023-08-29,Completed,Debit Card,Kolkata,West Bengal
O05595,C0840,2025-03-27,Completed,Debit Card,Lucknow,Uttar Pradesh
O05596,C2511,2023-01-15,Completed,UPI,Patna,Bihar
O05597,C3770,2023-12-07,Completed,Net Banking,Lucknow,Uttar Pradesh
O05598,C4688,2024-10-26,Completed,Net Banking,Kolkata,West Bengal
O05599,C2888,2024-05-10,Completed,UPI,Jaipur,Rajasthan
O05600,C3044,2024-07-03,Completed,COD,Hyderabad,Telangana
O05601,C1632,2023-02-06,Completed,UPI,Bhopal,Madhya Pradesh
O05602,C1406,2025-02-07,Completed,Credit Card,Patna,Bihar
O05603,C4246,2024-03-11,Completed,COD,Bhopal,Madhya Pradesh
O05604,C2490,2023-10-20,Completed,UPI,Lucknow,Uttar Pradesh
O05605,C4491,2023-10-28,Returned,Credit Card,Bhubaneswar,Odisha
O05606,C3437,2025-08-10,Completed,Credit Card,Patna,Bihar
O05607,C0006,2025-09-05,Completed,COD,Pune,Maharashtra
O05608,C2582,2025-11-12,Completed,Credit Card,Kochi,Kerala
O05609,C0220,2023-12-16,Completed,Credit Card,Bhubaneswar,Odisha
O05610,C2919,2025-04-28,Completed,COD,Indore,Madhya Pradesh
O05611,C0012,2025-12-25,Completed,Debit Card,Bengaluru,Karnataka
O05612,C2843,2024-03-08,Completed,Credit Card,Patna,Bihar
O05613,C0458,2025-08-31,Completed,Credit Card,Nagpur,Maharashtra
O05614,C2273,2025-09-27,Completed,UPI,Jaipur,Rajasthan
O05615,C0167,2024-07-23,Completed,UPI,Bengaluru,Karnataka
O05616,C1974,2025-10-13,Completed,Net Banking,Jaipur,Rajasthan
O05617,C1945,2023-01-29,Completed,UPI,Lucknow,Uttar Pradesh
O05618,C2196,2024-10-02,Completed,UPI,Mumbai,Maharashtra
O05619,C4132,2023-04-25,Completed,Debit Card,Indore,Madhya Pradesh
O05620,C3829,2025-11-23,Completed,COD,Noida,Uttar Pradesh
O05621,C4738,2024-09-28,Completed,COD,Chandigarh,Chandigarh
O05622,C0240,2023-10-02,Completed,COD,Ahmedabad,Gujarat
O05623,C0917,2023-12-10,Completed,Net Banking,Kolkata,West Bengal
O05624,C2953,2024-11-10,Cancelled,UPI,Lucknow,Uttar Pradesh
O05625,C3439,2023-03-22,Completed,Credit Card,Noida,Uttar Pradesh
O05626,C0856,2024-08-29,Completed,COD,Nagpur,Maharashtra
O05627,C2665,2024-12-21,Completed,Credit Card,Mumbai,Maharashtra
O05628,C3239,2023-03-13,Completed,COD,Chennai,Tamil Nadu
O05629,C0554,2025-11-27,Completed,UPI,Chandigarh,Chandigarh
O05630,C2814,2024-04-18,Completed,Credit Card,Bengaluru,Karnataka
O05631,C1886,2025-10-17,Completed,Net Banking,Mumbai,Maharashtra
O05632,C2946,2023-06-20,Completed,UPI,Hyderabad,Telangana
O05633,C1229,2023-02-09,Completed,Net Banking,Nagpur,Maharashtra
O05634,C0195,2024-02-28,Completed,UPI,Kolkata,West Bengal
O05635,C3688,2025-06-06,Completed,UPI,Kolkata,West Bengal
O05636,C1426,2025-03-08,Completed,Credit Card,Ahmedabad,Gujarat
O05637,C3820,2024-03-25,Completed,UPI,Chandigarh,Chandigarh
O05638,C2694,2024-10-06,Returned,UPI,Gurugram,Haryana
O05639,C3754,2024-03-07,Completed,UPI,Chennai,Tamil Nadu
O05640,C1972,2023-11-18,Completed,Credit Card,Hyderabad,Telangana
O05641,C0500,2025-12-04,Completed,Credit Card,Noida,Uttar Pradesh
O05642,C4115,2025-10-16,Completed,Net Banking,Lucknow,Uttar Pradesh
O05643,C3774,2023-11-20,Completed,COD,Indore,Madhya Pradesh
O05644,C3648,2024-02-16,Completed,Debit Card,Jaipur,Rajasthan
O05645,C2867,2024-09-11,Completed,Debit Card,Indore,Madhya Pradesh
O05646,C0687,2023-02-16,Completed,UPI,Kolkata,West Bengal
O05647,C2068,2024-10-06,Completed,Debit Card,Lucknow,Uttar Pradesh
O05648,C3922,2024-09-24,Completed,UPI,Pune,Maharashtra
O05649,C0448,2025-04-20,Completed,Credit Card,Hyderabad,Telangana
O05650,C1767,2023-10-30,Returned,Credit Card,Mumbai,Maharashtra
O05651,C1125,2025-02-10,Cancelled,Debit Card,Kochi,Kerala
O05652,C0294,2025-09-10,Cancelled,COD,Kochi,Kerala
O05653,C4161,2025-05-08,Completed,UPI,Bhopal,Madhya Pradesh
O05654,C2547,2024-07-30,Returned,UPI,Ahmedabad,Gujarat
O05655,C0076,2025-05-13,Completed,UPI,Delhi,Delhi
O05656,C3776,2023-12-02,Cancelled,COD,Bhubaneswar,Odisha
O05657,C2683,2024-10-21,Completed,Credit Card,Bhubaneswar,Odisha
O05658,C3197,2024-09-03,Completed,UPI,Chandigarh,Chandigarh
O05659,C2075,2025-06-22,Completed,UPI,Kochi,Kerala
O05660,C1300,2023-03-23,Cancelled,Credit Card,Indore,Madhya Pradesh
O05661,C2728,2025-11-02,Completed,UPI,Kolkata,West Bengal
O05662,C4179,2025-08-26,Cancelled,Credit Card,Kolkata,West Bengal
O05663,C3535,2024-04-22,Completed,Credit Card,Hyderabad,Telangana
O05664,C2054,2023-10-26,Completed,UPI,Bengaluru,Karnataka
O05665,C1700,2023-04-02,Completed,UPI,Lucknow,Uttar Pradesh
O05666,C4464,2025-01-19,Completed,UPI,Chandigarh,Chandigarh
O05667,C2519,2024-11-26,Completed,Credit Card,Kolkata,West Bengal
O05668,C1738,2024-12-22,Cancelled,UPI,Gurugram,Haryana
O05669,C1931,2023-10-31,Cancelled,COD,Chennai,Tamil Nadu
O05670,C0370,2025-05-17,Completed,Debit Card,Mumbai,Maharashtra
O05671,C3740,2025-02-25,Cancelled,Credit Card,Bhubaneswar,Odisha
O05672,C4374,2023-02-05,Completed,Credit Card,Surat,Gujarat
O05673,C0340,2024-02-26,Completed,UPI,Indore,Madhya Pradesh
O05674,C2863,2023-12-04,Completed,Net Banking,Chennai,Tamil Nadu
O05675,C0614,2024-08-04,Completed,Net Banking,Mumbai,Maharashtra
O05676,C1104,2024-09-19,Completed,UPI,Jaipur,Rajasthan
O05677,C3778,2024-04-07,Completed,COD,Bhubaneswar,Odisha
O05678,C0793,2023-03-22,Completed,UPI,Jaipur,Rajasthan
O05679,C0067,2024-02-24,Completed,COD,Ahmedabad,Gujarat
O05680,C4311,2023-02-04,Completed,UPI,Ahmedabad,Gujarat
O05681,C4512,2025-06-13,Completed,UPI,Lucknow,Uttar Pradesh
O05682,C4648,2025-03-05,Completed,Credit Card,Delhi,Delhi
O05683,C3796,2024-05-15,Completed,Credit Card,Mumbai,Maharashtra
O05684,C0571,2023-07-03,Completed,UPI,Surat,Gujarat
O05685,C0540,2024-07-11,Completed,Credit Card,Noida,Uttar Pradesh
O05686,C0117,2025-04-19,Completed,UPI,Indore,Madhya Pradesh
O05687,C2199,2023-10-09,Cancelled,Credit Card,Lucknow,Uttar Pradesh
O05688,C3032,2024-09-06,Completed,UPI,Gurugram,Haryana
O05689,C3457,2023-07-21,Completed,COD,Bhopal,Madhya Pradesh
O05690,C3052,2024-07-27,Completed,UPI,Pune,Maharashtra
O05691,C2482,2024-02-21,Completed,COD,Kolkata,West Bengal
O05692,C2368,2023-11-13,Completed,UPI,Kolkata,West Bengal
O05693,C1635,2025-07-04,Completed,UPI,Chennai,Tamil Nadu
O05694,C0242,2025-12-27,Completed,Credit Card,Kolkata,West Bengal
O05695,C0465,2025-09-09,Completed,Credit Card,Jaipur,Rajasthan
O05696,C2251,2025-03-07,Completed,Debit Card,Bengaluru,Karnataka
O05697,C4645,2024-11-07,Completed,UPI,Jaipur,Rajasthan
O05698,C4954,2023-08-31,Completed,UPI,Gurugram,Haryana
O05699,C1879,2025-06-19,Completed,UPI,Indore,Madhya Pradesh
O05700,C4882,2023-05-07,Cancelled,Net Banking,Nagpur,Maharashtra
O05701,C4637,2024-09-10,Completed,Debit Card,Ahmedabad,Gujarat
O05702,C2535,2025-04-13,Cancelled,Debit Card,Ahmedabad,Gujarat
O05703,C1906,2025-09-26,Completed,UPI,Chandigarh,Chandigarh
O05704,C3810,2025-01-25,Completed,Debit Card,Hyderabad,Telangana
O05705,C0572,2025-02-14,Completed,COD,Patna,Bihar
O05706,C2709,2023-09-10,Cancelled,UPI,Kochi,Kerala
O05707,C3642,2023-03-14,Completed,UPI,Delhi,Delhi
O05708,C3505,2024-01-14,Completed,Debit Card,Bhubaneswar,Odisha
O05709,C3620,2023-10-26,Completed,Debit Card,Jaipur,Rajasthan
O05710,C0657,2025-08-02,Completed,Credit Card,Kochi,Kerala
O05711,C3152,2024-05-06,Completed,UPI,Chandigarh,Chandigarh
O05712,C0949,2024-11-14,Completed,UPI,Lucknow,Uttar Pradesh
O05713,C4111,2023-10-31,Completed,Debit Card,Nagpur,Maharashtra
O05714,C3023,2025-10-27,Completed,Debit Card,Hyderabad,Telangana
O05715,C0307,2023-09-13,Completed,Credit Card,Mumbai,Maharashtra
O05716,C0705,2023-08-22,Returned,COD,Noida,Uttar Pradesh
O05717,C4493,2025-05-22,Completed,COD,Indore,Madhya Pradesh
O05718,C0678,2024-05-07,Completed,UPI,Chennai,Tamil Nadu
O05719,C2913,2023-08-17,Completed,UPI,Jaipur,Rajasthan
O05720,C3994,2023-12-11,Completed,UPI,Gurugram,Haryana
O05721,C0211,2023-03-18,Completed,UPI,Ahmedabad,Gujarat
O05722,C4495,2023-09-22,Completed,Net Banking,Bhopal,Madhya Pradesh
O05723,C1397,2025-01-13,Completed,UPI,Jaipur,Rajasthan
O05724,C3461,2023-09-02,Completed,COD,Patna,Bihar
O05725,C4354,2024-03-04,Cancelled,UPI,Noida,Uttar Pradesh
O05726,C2163,2024-03-20,Completed,UPI,Chennai,Tamil Nadu
O05727,C4430,2025-05-12,Completed,UPI,Kochi,Kerala
O05728,C4445,2024-03-29,Returned,UPI,Noida,Uttar Pradesh
O05729,C2281,2023-12-15,Completed,UPI,Kochi,Kerala
O05730,C4545,2024-02-26,Completed,UPI,Gurugram,Haryana
O05731,C3149,2024-12-15,Completed,Credit Card,Ahmedabad,Gujarat
O05732,C4081,2024-05-04,Cancelled,UPI,Bengaluru,Karnataka
O05733,C0828,2024-11-16,Completed,Net Banking,Kolkata,West Bengal
O05734,C2656,2024-08-04,Returned,Credit Card,Nagpur,Maharashtra
O05735,C2146,2024-09-06,Completed,COD,Hyderabad,Telangana
O05736,C3702,2025-12-23,Completed,UPI,Gurugram,Haryana
O05737,C4558,2023-06-12,Completed,UPI,Bengaluru,Karnataka
O05738,C0500,2025-02-18,Completed,COD,Noida,Uttar Pradesh
O05739,C2679,2023-10-31,Returned,Credit Card,Kolkata,West Bengal
O05740,C1062,2023-11-15,Completed,Net Banking,Indore,Madhya Pradesh
O05741,C3497,2024-11-15,Completed,UPI,Hyderabad,Telangana
O05742,C4223,2025-10-26,Completed,UPI,Patna,Bihar
O05743,C1127,2023-04-11,Completed,COD,Chandigarh,Chandigarh
O05744,C1990,2024-02-20,Completed,Debit Card,Bengaluru,Karnataka
O05745,C2525,2025-08-21,Completed,COD,Surat,Gujarat
O05746,C3301,2025-06-13,Completed,UPI,Ahmedabad,Gujarat
O05747,C2771,2024-01-21,Completed,UPI,Chandigarh,Chandigarh
O05748,C4181,2025-11-09,Completed,Credit Card,Mumbai,Maharashtra
O05749,C1383,2023-10-22,Completed,Net Banking,Gurugram,Haryana
O05750,C4882,2024-01-31,Completed,COD,Nagpur,Maharashtra
O05751,C4168,2023-10-19,Completed,UPI,Indore,Madhya Pradesh
O05752,C3167,2023-12-14,Cancelled,UPI,Mumbai,Maharashtra
O05753,C2636,2025-02-03,Cancelled,UPI,Patna,Bihar
O05754,C1030,2023-02-13,Completed,COD,Chandigarh,Chandigarh
O05755,C1619,2023-03-16,Completed,COD,Noida,Uttar Pradesh
O05756,C4248,2023-02-22,Completed,UPI,Jaipur,Rajasthan
O05757,C3629,2023-03-07,Completed,Credit Card,Chennai,Tamil Nadu
O05758,C1236,2023-02-07,Completed,Credit Card,Surat,Gujarat
O05759,C2631,2025-02-04,Completed,Credit Card,Kolkata,West Bengal
O05760,C3984,2024-02-21,Completed,Credit Card,Indore,Madhya Pradesh
O05761,C1406,2024-12-11,Returned,UPI,Patna,Bihar
O05762,C4238,2025-01-17,Completed,Credit Card,Bhubaneswar,Odisha
O05763,C1548,2025-12-14,Completed,Debit Card,Jaipur,Rajasthan
O05764,C1885,2025-04-23,Completed,UPI,Noida,Uttar Pradesh
O05765,C2185,2023-04-26,Completed,Net Banking,Bhubaneswar,Odisha
O05766,C0219,2023-10-06,Completed,UPI,Surat,Gujarat
O05767,C4351,2024-03-29,Completed,UPI,Hyderabad,Telangana
O05768,C0812,2024-08-30,Completed,Credit Card,Ahmedabad,Gujarat
O05769,C0270,2025-12-08,Completed,UPI,Kochi,Kerala
O05770,C4979,2024-01-04,Completed,Credit Card,Delhi,Delhi
O05771,C4700,2024-01-05,Completed,COD,Nagpur,Maharashtra
O05772,C3206,2023-10-28,Returned,COD,Jaipur,Rajasthan
O05773,C1187,2024-12-17,Cancelled,UPI,Nagpur,Maharashtra
O05774,C1734,2025-08-28,Completed,Credit Card,Chennai,Tamil Nadu
O05775,C4797,2023-07-14,Cancelled,COD,Patna,Bihar
O05776,C2968,2023-09-07,Completed,UPI,Kolkata,West Bengal
O05777,C0073,2023-09-15,Completed,Credit Card,Jaipur,Rajasthan
O05778,C4994,2025-09-16,Completed,UPI,Bengaluru,Karnataka
O05779,C4639,2023-02-28,Returned,UPI,Chennai,Tamil Nadu
O05780,C4062,2025-07-30,Cancelled,UPI,Ahmedabad,Gujarat
O05781,C0631,2025-12-12,Completed,Credit Card,Kochi,Kerala
O05782,C2843,2025-02-25,Completed,UPI,Patna,Bihar
O05783,C0878,2024-07-14,Completed,UPI,Kochi,Kerala
O05784,C0757,2025-09-02,Completed,UPI,Pune,Maharashtra
O05785,C2666,2024-06-12,Completed,Credit Card,Mumbai,Maharashtra
O05786,C4294,2024-05-12,Cancelled,COD,Bhubaneswar,Odisha
O05787,C1451,2024-09-30,Completed,Debit Card,Kochi,Kerala
O05788,C2541,2025-10-17,Completed,Net Banking,Pune,Maharashtra
O05789,C0082,2023-06-04,Completed,Credit Card,Patna,Bihar
O05790,C1332,2025-09-29,Completed,COD,Indore,Madhya Pradesh
O05791,C1723,2025-03-08,Completed,COD,Bhopal,Madhya Pradesh
O05792,C0357,2023-03-19,Completed,Debit Card,Surat,Gujarat
O05793,C1320,2023-11-16,Completed,Debit Card,Gurugram,Haryana
O05794,C0580,2025-11-21,Completed,Credit Card,Hyderabad,Telangana
O05795,C4396,2024-06-05,Completed,Credit Card,Kolkata,West Bengal
O05796,C0646,2024-09-05,Completed,UPI,Bengaluru,Karnataka
O05797,C2234,2024-09-21,Completed,Debit Card,Gurugram,Haryana
O05798,C2632,2024-10-30,Completed,Credit Card,Noida,Uttar Pradesh
O05799,C3300,2023-09-02,Completed,COD,Bhopal,Madhya Pradesh
O05800,C0308,2024-08-13,Completed,COD,Lucknow,Uttar Pradesh
O05801,C0234,2024-11-02,Completed,UPI,Bengaluru,Karnataka
O05802,C1035,2025-05-19,Cancelled,Debit Card,Delhi,Delhi
O05803,C2223,2024-10-02,Completed,Net Banking,Nagpur,Maharashtra
O05804,C2821,2023-01-14,Completed,COD,Nagpur,Maharashtra
O05805,C4739,2025-06-17,Completed,COD,Kolkata,West Bengal
O05806,C1736,2023-10-13,Completed,UPI,Delhi,Delhi
O05807,C4278,2024-11-01,Completed,UPI,Mumbai,Maharashtra
O05808,C0942,2024-10-02,Completed,UPI,Gurugram,Haryana
O05809,C0350,2024-11-16,Completed,Net Banking,Kolkata,West Bengal
O05810,C2687,2025-07-20,Completed,Debit Card,Nagpur,Maharashtra
O05811,C1406,2025-07-20,Completed,Credit Card,Patna,Bihar
O05812,C3628,2025-10-08,Completed,Net Banking,Indore,Madhya Pradesh
O05813,C1546,2023-02-12,Completed,UPI,Patna,Bihar
O05814,C4321,2025-06-29,Completed,Debit Card,Kochi,Kerala
O05815,C1752,2025-03-22,Completed,Debit Card,Kolkata,West Bengal
O05816,C1747,2025-10-16,Cancelled,UPI,Pune,Maharashtra
O05817,C4382,2024-09-12,Completed,Credit Card,Indore,Madhya Pradesh
O05818,C1355,2025-12-14,Completed,UPI,Bengaluru,Karnataka
O05819,C3633,2024-07-20,Completed,Debit Card,Gurugram,Haryana
O05820,C4289,2023-04-17,Completed,Credit Card,Bhubaneswar,Odisha
O05821,C1169,2024-09-27,Returned,UPI,Chennai,Tamil Nadu
O05822,C4767,2024-02-22,Completed,Net Banking,Surat,Gujarat
O05823,C4045,2023-02-18,Completed,Credit Card,Jaipur,Rajasthan
O05824,C2586,2023-11-16,Completed,Debit Card,Bhubaneswar,Odisha
O05825,C4708,2023-09-10,Completed,UPI,Noida,Uttar Pradesh
O05826,C0901,2025-12-28,Cancelled,UPI,Pune,Maharashtra
O05827,C3342,2024-04-21,Completed,COD,Chennai,Tamil Nadu
O05828,C4147,2025-04-09,Completed,Credit Card,Chandigarh,Chandigarh
O05829,C0128,2024-07-17,Completed,Credit Card,Indore,Madhya Pradesh
O05830,C1676,2025-01-10,Completed,Credit Card,Indore,Madhya Pradesh
O05831,C1778,2023-07-06,Cancelled,UPI,Bhopal,Madhya Pradesh
O05832,C0234,2024-11-30,Completed,COD,Bengaluru,Karnataka
O05833,C2496,2024-12-03,Completed,UPI,Bengaluru,Karnataka
O05834,C0584,2023-04-22,Completed,UPI,Jaipur,Rajasthan
O05835,C1467,2023-10-20,Completed,Net Banking,Kochi,Kerala
O05836,C0503,2025-08-13,Completed,UPI,Jaipur,Rajasthan
O05837,C4381,2025-05-23,Completed,COD,Lucknow,Uttar Pradesh
O05838,C1156,2023-12-27,Completed,COD,Gurugram,Haryana
O05839,C1500,2024-05-16,Completed,Credit Card,Bhopal,Madhya Pradesh
O05840,C0936,2025-09-10,Completed,UPI,Indore,Madhya Pradesh
O05841,C2592,2024-10-10,Cancelled,Debit Card,Bengaluru,Karnataka
O05842,C0356,2023-03-27,Completed,Credit Card,Bhubaneswar,Odisha
O05843,C1995,2025-09-06,Completed,UPI,Bhopal,Madhya Pradesh
O05844,C1446,2023-10-23,Completed,COD,Nagpur,Maharashtra
O05845,C2660,2023-10-06,Completed,Debit Card,Indore,Madhya Pradesh
O05846,C3281,2023-09-09,Completed,COD,Surat,Gujarat
O05847,C3975,2025-10-28,Completed,Credit Card,Bhopal,Madhya Pradesh
O05848,C2505,2024-08-08,Completed,UPI,Hyderabad,Telangana
O05849,C2147,2024-08-27,Completed,Net Banking,Kolkata,West Bengal
O05850,C1211,2024-01-11,Completed,Debit Card,Bhopal,Madhya Pradesh
O05851,C0630,2024-08-30,Completed,Debit Card,Nagpur,Maharashtra
O05852,C2718,2024-03-15,Returned,Credit Card,Jaipur,Rajasthan
O05853,C4883,2023-05-22,Completed,Credit Card,Hyderabad,Telangana
O05854,C1495,2024-08-14,Completed,UPI,Kolkata,West Bengal
O05855,C1108,2023-01-20,Completed,Debit Card,Bhubaneswar,Odisha
O05856,C3078,2023-01-12,Completed,Debit Card,Kochi,Kerala
O05857,C4987,2024-09-27,Completed,COD,Gurugram,Haryana
O05858,C3435,2023-05-02,Completed,UPI,Nagpur,Maharashtra
O05859,C3055,2024-02-29,Completed,UPI,Bhubaneswar,Odisha
O05860,C2816,2023-08-17,Completed,COD,Chandigarh,Chandigarh
O05861,C3782,2024-08-19,Returned,COD,Bengaluru,Karnataka
O05862,C2036,2025-07-21,Completed,UPI,Bhubaneswar,Odisha
O05863,C0170,2025-05-27,Completed,UPI,Nagpur,Maharashtra
O05864,C3832,2025-02-24,Completed,UPI,Indore,Madhya Pradesh
O05865,C2297,2023-01-29,Completed,UPI,Patna,Bihar
O05866,C4758,2023-05-15,Completed,Debit Card,Pune,Maharashtra
O05867,C2788,2023-04-11,Returned,Debit Card,Pune,Maharashtra
O05868,C3316,2024-01-11,Completed,COD,Mumbai,Maharashtra
O05869,C0632,2024-10-07,Returned,Credit Card,Jaipur,Rajasthan
O05870,C0805,2024-11-23,Completed,Debit Card,Kolkata,West Bengal
O05871,C3035,2023-07-19,Completed,Net Banking,Noida,Uttar Pradesh
O05872,C3088,2024-12-21,Completed,Net Banking,Jaipur,Rajasthan
O05873,C4481,2024-04-15,Completed,UPI,Ahmedabad,Gujarat
O05874,C3413,2025-11-11,Completed,UPI,Delhi,Delhi
O05875,C4989,2023-02-19,Cancelled,Net Banking,Ahmedabad,Gujarat
O05876,C3870,2024-12-26,Completed,Credit Card,Chandigarh,Chandigarh
O05877,C0792,2023-03-07,Completed,Debit Card,Patna,Bihar
O05878,C4142,2023-10-29,Completed,COD,Indore,Madhya Pradesh
O05879,C2552,2024-01-19,Completed,Credit Card,Ahmedabad,Gujarat
O05880,C3842,2024-06-21,Completed,Credit Card,Bhubaneswar,Odisha
O05881,C3215,2024-12-03,Completed,UPI,Ahmedabad,Gujarat
O05882,C3357,2023-02-18,Completed,COD,Gurugram,Haryana
O05883,C4926,2023-11-15,Cancelled,Debit Card,Hyderabad,Telangana
O05884,C2573,2023-01-21,Completed,UPI,Ahmedabad,Gujarat
O05885,C3905,2024-08-13,Completed,Credit Card,Pune,Maharashtra
O05886,C2095,2024-08-14,Completed,UPI,Bhubaneswar,Odisha
O05887,C4624,2023-01-09,Completed,UPI,Surat,Gujarat
O05888,C0616,2023-05-29,Completed,UPI,Bengaluru,Karnataka
O05889,C3994,2024-05-13,Completed,Credit Card,Gurugram,Haryana
O05890,C4297,2025-12-14,Completed,Credit Card,Patna,Bihar
O05891,C2302,2023-10-24,Completed,COD,Indore,Madhya Pradesh
O05892,C2231,2024-06-01,Completed,UPI,Indore,Madhya Pradesh
O05893,C1573,2025-02-07,Completed,COD,Noida,Uttar Pradesh
O05894,C3029,2024-12-04,Completed,Credit Card,Mumbai,Maharashtra
O05895,C2538,2025-06-19,Completed,UPI,Bengaluru,Karnataka
O05896,C0505,2025-10-19,Completed,Credit Card,Bhopal,Madhya Pradesh
O05897,C1946,2023-10-09,Completed,Net Banking,Jaipur,Rajasthan
O05898,C1862,2025-02-07,Completed,Credit Card,Patna,Bihar
O05899,C3723,2023-09-14,Returned,COD,Kolkata,West Bengal
O05900,C3684,2023-08-02,Completed,UPI,Gurugram,Haryana
O05901,C0404,2024-07-06,Completed,COD,Delhi,Delhi
O05902,C4332,2023-05-13,Completed,Credit Card,Bhubaneswar,Odisha
O05903,C1620,2025-07-05,Completed,Net Banking,Kolkata,West Bengal
O05904,C2907,2023-03-27,Completed,COD,Kolkata,West Bengal
O05905,C3014,2025-06-20,Completed,Debit Card,Mumbai,Maharashtra
O05906,C3617,2025-05-26,Completed,Debit Card,Lucknow,Uttar Pradesh
O05907,C4729,2025-01-29,Completed,UPI,Bhopal,Madhya Pradesh
O05908,C1570,2025-05-21,Completed,Debit Card,Kolkata,West Bengal
O05909,C3717,2025-08-14,Completed,Credit Card,Nagpur,Maharashtra
O05910,C0140,2023-09-06,Returned,UPI,Bhubaneswar,Odisha
O05911,C4684,2024-07-17,Completed,Credit Card,Nagpur,Maharashtra
O05912,C1844,2023-10-16,Returned,Net Banking,Kolkata,West Bengal
O05913,C3379,2024-02-13,Completed,UPI,Patna,Bihar
O05914,C2965,2025-01-02,Completed,Credit Card,Surat,Gujarat
O05915,C4666,2023-11-05,Returned,UPI,Indore,Madhya Pradesh
O05916,C3170,2023-03-02,Completed,Net Banking,Mumbai,Maharashtra
O05917,C2173,2025-02-19,Completed,Net Banking,Bengaluru,Karnataka
O05918,C3421,2024-06-10,Completed,Credit Card,Kolkata,West Bengal
O05919,C3044,2023-07-19,Completed,Credit Card,Hyderabad,Telangana
O05920,C1250,2025-03-25,Returned,COD,Chandigarh,Chandigarh
O05921,C2698,2025-01-25,Completed,UPI,Kochi,Kerala
O05922,C2754,2025-11-10,Returned,Credit Card,Kochi,Kerala
O05923,C4435,2025-11-25,Completed,UPI,Nagpur,Maharashtra
O05924,C4935,2023-07-17,Completed,Net Banking,Indore,Madhya Pradesh
O05925,C3885,2023-02-13,Completed,UPI,Pune,Maharashtra
O05926,C0095,2024-10-02,Completed,Credit Card,Ahmedabad,Gujarat
O05927,C4292,2024-07-07,Completed,Credit Card,Nagpur,Maharashtra
O05928,C4288,2025-08-12,Completed,COD,Patna,Bihar
O05929,C4618,2025-05-20,Completed,Net Banking,Indore,Madhya Pradesh
O05930,C4849,2024-05-24,Cancelled,UPI,Mumbai,Maharashtra
O05931,C1676,2024-02-20,Cancelled,Debit Card,Indore,Madhya Pradesh
O05932,C0013,2024-02-13,Completed,UPI,Mumbai,Maharashtra
O05933,C2302,2023-10-23,Completed,UPI,Indore,Madhya Pradesh
O05934,C4084,2025-08-11,Cancelled,Credit Card,Hyderabad,Telangana
O05935,C0373,2024-09-18,Completed,Net Banking,Chandigarh,Chandigarh
O05936,C4490,2023-07-22,Completed,UPI,Delhi,Delhi
O05937,C0418,2024-07-29,Completed,UPI,Gurugram,Haryana
O05938,C0817,2025-07-03,Completed,COD,Kolkata,West Bengal
O05939,C4870,2025-09-11,Completed,COD,Pune,Maharashtra
O05940,C1804,2025-03-06,Completed,UPI,Kolkata,West Bengal
O05941,C3613,2025-04-27,Completed,UPI,Surat,Gujarat
O05942,C3405,2025-08-03,Completed,Debit Card,Noida,Uttar Pradesh
O05943,C2940,2025-01-08,Completed,UPI,Hyderabad,Telangana
O05944,C1333,2023-12-28,Completed,Credit Card,Nagpur,Maharashtra
O05945,C3247,2024-04-20,Completed,UPI,Delhi,Delhi
O05946,C0756,2023-10-31,Completed,UPI,Nagpur,Maharashtra
O05947,C3526,2023-07-04,Completed,UPI,Patna,Bihar
O05948,C1797,2023-09-22,Completed,Debit Card,Chandigarh,Chandigarh
O05949,C3970,2024-02-06,Cancelled,UPI,Nagpur,Maharashtra
O05950,C3060,2023-06-22,Completed,COD,Nagpur,Maharashtra
O05951,C2178,2025-05-27,Completed,Net Banking,Mumbai,Maharashtra
O05952,C3557,2025-06-25,Completed,UPI,Ahmedabad,Gujarat
O05953,C2051,2023-12-12,Cancelled,Credit Card,Hyderabad,Telangana
O05954,C1990,2025-03-18,Completed,UPI,Bengaluru,Karnataka
O05955,C0555,2023-07-27,Completed,UPI,Indore,Madhya Pradesh
O05956,C0266,2025-11-22,Completed,UPI,Delhi,Delhi
O05957,C0923,2025-09-15,Completed,Credit Card,Lucknow,Uttar Pradesh
O05958,C2072,2025-05-27,Completed,UPI,Surat,Gujarat
O05959,C0534,2023-06-11,Completed,UPI,Lucknow,Uttar Pradesh
O05960,C3984,2023-01-16,Completed,Debit Card,Indore,Madhya Pradesh
O05961,C1694,2025-11-03,Completed,UPI,Patna,Bihar
O05962,C4976,2025-01-12,Completed,UPI,Nagpur,Maharashtra
O05963,C2052,2023-09-03,Completed,UPI,Noida,Uttar Pradesh
O05964,C3691,2025-12-05,Completed,UPI,Surat,Gujarat
O05965,C4904,2024-07-08,Completed,Debit Card,Gurugram,Haryana
O05966,C2832,2025-12-07,Completed,UPI,Jaipur,Rajasthan
O05967,C4328,2024-12-14,Completed,Credit Card,Bhubaneswar,Odisha
O05968,C2921,2023-05-22,Completed,Net Banking,Nagpur,Maharashtra
O05969,C4846,2024-03-25,Completed,Credit Card,Chandigarh,Chandigarh
O05970,C4168,2025-08-30,Returned,Credit Card,Indore,Madhya Pradesh
O05971,C4624,2025-04-02,Completed,Credit Card,Surat,Gujarat
O05972,C0886,2023-04-26,Completed,Credit Card,Ahmedabad,Gujarat
O05973,C1459,2025-05-25,Completed,Net Banking,Patna,Bihar
O05974,C3796,2024-05-28,Cancelled,UPI,Mumbai,Maharashtra
O05975,C3156,2025-06-17,Returned,Net Banking,Gurugram,Haryana
O05976,C3411,2023-01-13,Completed,UPI,Jaipur,Rajasthan
O05977,C4025,2023-10-04,Completed,UPI,Nagpur,Maharashtra
O05978,C0563,2025-07-04,Cancelled,Debit Card,Noida,Uttar Pradesh
O05979,C4027,2025-06-11,Completed,UPI,Pune,Maharashtra
O05980,C2972,2023-08-16,Completed,Credit Card,Chandigarh,Chandigarh
O05981,C0345,2023-08-05,Completed,Debit Card,Bhopal,Madhya Pradesh
O05982,C2717,2025-01-18,Cancelled,Credit Card,Gurugram,Haryana
O05983,C2679,2023-10-21,Completed,UPI,Kolkata,West Bengal
O05984,C1673,2025-02-06,Completed,UPI,Kolkata,West Bengal
O05985,C3128,2023-10-08,Cancelled,UPI,Delhi,Delhi
O05986,C4894,2024-05-12,Completed,Net Banking,Pune,Maharashtra
O05987,C3954,2025-09-03,Completed,COD,Jaipur,Rajasthan
O05988,C1120,2025-01-19,Completed,Net Banking,Mumbai,Maharashtra
O05989,C1913,2024-12-04,Completed,COD,Lucknow,Uttar Pradesh
O05990,C3003,2025-08-25,Completed,Credit Card,Hyderabad,Telangana
O05991,C2263,2023-09-26,Cancelled,COD,Mumbai,Maharashtra
O05992,C0743,2023-07-28,Returned,Debit Card,Indore,Madhya Pradesh
O05993,C4154,2025-09-07,Completed,Credit Card,Indore,Madhya Pradesh
O05994,C2453,2025-04-25,Completed,UPI,Kolkata,West Bengal
O05995,C2769,2023-11-01,Completed,Debit Card,Delhi,Delhi
O05996,C0783,2025-10-08,Completed,Credit Card,Mumbai,Maharashtra
O05997,C0097,2023-03-29,Completed,Debit Card,Mumbai,Maharashtra
O05998,C0587,2025-02-01,Completed,Credit Card,Jaipur,Rajasthan
O05999,C4637,2025-07-12,Completed,Debit Card,Ahmedabad,Gujarat
O06000,C4912,2024-12-23,Completed,UPI,Mumbai,Maharashtra
O06001,C2239,2023-01-11,Completed,Debit Card,Ahmedabad,Gujarat
O06002,C0917,2024-03-14,Completed,Debit Card,Kolkata,West Bengal
O06003,C3350,2025-10-30,Completed,Credit Card,Surat,Gujarat
O06004,C2587,2023-11-11,Cancelled,UPI,Kolkata,West Bengal
O06005,C4181,2023-03-06,Completed,Credit Card,Mumbai,Maharashtra
O06006,C2489,2025-06-19,Completed,UPI,Pune,Maharashtra
O06007,C3794,2024-08-14,Completed,UPI,Jaipur,Rajasthan
O06008,C2838,2025-07-04,Completed,Credit Card,Gurugram,Haryana
O06009,C2387,2024-10-06,Returned,Debit Card,Kochi,Kerala
O06010,C1842,2023-07-14,Completed,UPI,Surat,Gujarat
O06011,C1203,2023-01-01,Completed,UPI,Gurugram,Haryana
O06012,C4770,2024-01-03,Cancelled,Debit Card,Kolkata,West Bengal
O06013,C0730,2024-09-22,Completed,Debit Card,Nagpur,Maharashtra
O06014,C0317,2024-01-11,Completed,UPI,Lucknow,Uttar Pradesh
O06015,C0076,2023-10-17,Completed,UPI,Delhi,Delhi
O06016,C3047,2025-05-12,Completed,UPI,Patna,Bihar
O06017,C0204,2025-03-10,Completed,COD,Pune,Maharashtra
O06018,C4289,2024-09-19,Completed,Debit Card,Bhubaneswar,Odisha
O06019,C3776,2023-08-23,Completed,Net Banking,Bhubaneswar,Odisha
O06020,C2945,2023-07-15,Completed,Debit Card,Pune,Maharashtra
O06021,C4356,2024-03-16,Returned,Net Banking,Mumbai,Maharashtra
O06022,C3052,2025-02-28,Completed,Credit Card,Pune,Maharashtra
O06023,C2664,2023-06-06,Completed,Credit Card,Surat,Gujarat
O06024,C0432,2025-10-16,Completed,Debit Card,Mumbai,Maharashtra
O06025,C2764,2023-12-20,Completed,UPI,Jaipur,Rajasthan
O06026,C4792,2025-03-23,Completed,UPI,Kolkata,West Bengal
O06027,C3163,2025-04-14,Completed,UPI,Lucknow,Uttar Pradesh
O06028,C0198,2024-06-16,Completed,Credit Card,Bhubaneswar,Odisha
O06029,C0039,2024-02-09,Completed,Credit Card,Mumbai,Maharashtra
O06030,C2519,2024-11-30,Returned,Credit Card,Kolkata,West Bengal
O06031,C2127,2025-03-07,Completed,COD,Gurugram,Haryana
O06032,C0729,2023-10-16,Completed,COD,Ahmedabad,Gujarat
O06033,C3900,2023-03-31,Completed,Net Banking,Noida,Uttar Pradesh
O06034,C3166,2025-08-24,Completed,Credit Card,Mumbai,Maharashtra
O06035,C4780,2024-08-07,Completed,UPI,Kochi,Kerala
O06036,C4228,2025-09-08,Completed,UPI,Kochi,Kerala
O06037,C2125,2025-01-22,Cancelled,UPI,Indore,Madhya Pradesh
O06038,C4135,2024-12-16,Cancelled,UPI,Mumbai,Maharashtra
O06039,C3772,2025-04-07,Completed,Credit Card,Patna,Bihar
O06040,C3258,2024-01-29,Completed,UPI,Chennai,Tamil Nadu
O06041,C3207,2024-04-19,Completed,Debit Card,Bhopal,Madhya Pradesh
O06042,C2599,2025-02-12,Completed,Credit Card,Delhi,Delhi
O06043,C4436,2024-03-17,Returned,Credit Card,Chennai,Tamil Nadu
O06044,C3314,2023-01-08,Completed,UPI,Chennai,Tamil Nadu
O06045,C1245,2023-03-11,Completed,UPI,Pune,Maharashtra
O06046,C4088,2024-12-03,Completed,Credit Card,Patna,Bihar
O06047,C0658,2023-02-09,Completed,UPI,Mumbai,Maharashtra
O06048,C2966,2025-05-03,Completed,Debit Card,Bhubaneswar,Odisha
O06049,C1700,2025-11-18,Completed,Net Banking,Lucknow,Uttar Pradesh
O06050,C4457,2023-10-04,Completed,Credit Card,Ahmedabad,Gujarat
O06051,C3044,2023-07-02,Cancelled,Debit Card,Hyderabad,Telangana
O06052,C4425,2025-07-27,Completed,Credit Card,Surat,Gujarat
O06053,C1800,2024-06-05,Cancelled,Debit Card,Jaipur,Rajasthan
O06054,C4536,2024-11-19,Cancelled,Debit Card,Gurugram,Haryana
O06055,C3627,2023-03-25,Completed,COD,Bhubaneswar,Odisha
O06056,C3978,2023-03-27,Completed,Debit Card,Nagpur,Maharashtra
O06057,C1977,2024-06-27,Completed,Debit Card,Kolkata,West Bengal
O06058,C4929,2025-07-29,Completed,Credit Card,Gurugram,Haryana
O06059,C3670,2025-11-02,Cancelled,Credit Card,Patna,Bihar
O06060,C4193,2024-12-25,Cancelled,Credit Card,Bengaluru,Karnataka
O06061,C0938,2025-08-21,Completed,Credit Card,Bhopal,Madhya Pradesh
O06062,C1290,2024-09-09,Completed,UPI,Bengaluru,Karnataka
O06063,C4671,2023-01-15,Cancelled,UPI,Indore,Madhya Pradesh
O06064,C2151,2024-12-25,Completed,Debit Card,Bhubaneswar,Odisha
O06065,C4925,2023-07-07,Returned,COD,Indore,Madhya Pradesh
O06066,C0513,2023-08-22,Completed,Net Banking,Jaipur,Rajasthan
O06067,C4762,2025-01-04,Returned,Credit Card,Pune,Maharashtra
O06068,C1517,2024-04-02,Completed,UPI,Bhubaneswar,Odisha
O06069,C2083,2024-12-25,Completed,COD,Kochi,Kerala
O06070,C1405,2023-05-25,Completed,Debit Card,Chennai,Tamil Nadu
O06071,C4493,2024-05-31,Cancelled,UPI,Indore,Madhya Pradesh
O06072,C1932,2024-06-16,Completed,COD,Indore,Madhya Pradesh
O06073,C1886,2025-06-10,Completed,Credit Card,Mumbai,Maharashtra
O06074,C2354,2025-12-03,Completed,COD,Kolkata,West Bengal
O06075,C3808,2023-07-23,Returned,UPI,Nagpur,Maharashtra
O06076,C2747,2023-12-27,Completed,COD,Jaipur,Rajasthan
O06077,C0581,2023-08-02,Completed,Debit Card,Ahmedabad,Gujarat
O06078,C2213,2024-10-03,Completed,UPI,Delhi,Delhi
O06079,C3330,2024-08-28,Completed,Credit Card,Kolkata,West Bengal
O06080,C0102,2025-12-24,Completed,Debit Card,Bhopal,Madhya Pradesh
O06081,C4551,2024-01-01,Completed,UPI,Chandigarh,Chandigarh
O06082,C4289,2025-06-17,Cancelled,Credit Card,Bhubaneswar,Odisha
O06083,C3843,2023-07-06,Completed,UPI,Chandigarh,Chandigarh
O06084,C2964,2024-12-24,Completed,Debit Card,Mumbai,Maharashtra
O06085,C4994,2025-10-13,Completed,Credit Card,Bengaluru,Karnataka
O06086,C4906,2024-12-03,Completed,Debit Card,Lucknow,Uttar Pradesh
O06087,C0299,2025-04-13,Completed,UPI,Bengaluru,Karnataka
O06088,C4117,2023-03-31,Completed,UPI,Lucknow,Uttar Pradesh
O06089,C0045,2025-01-26,Completed,Credit Card,Indore,Madhya Pradesh
O06090,C2544,2025-09-15,Completed,UPI,Kochi,Kerala
O06091,C3860,2025-07-02,Completed,Credit Card,Delhi,Delhi
O06092,C4779,2024-01-28,Completed,Debit Card,Kolkata,West Bengal
O06093,C4395,2024-02-16,Cancelled,COD,Bhopal,Madhya Pradesh
O06094,C3553,2023-10-20,Completed,UPI,Indore,Madhya Pradesh
O06095,C3156,2024-09-22,Completed,Debit Card,Gurugram,Haryana
O06096,C3132,2023-06-19,Completed,UPI,Ahmedabad,Gujarat
O06097,C0288,2025-06-08,Cancelled,Debit Card,Kochi,Kerala
O06098,C3706,2025-12-26,Completed,UPI,Kochi,Kerala
O06099,C0517,2023-02-25,Returned,Credit Card,Chennai,Tamil Nadu
O06100,C2202,2024-07-21,Completed,COD,Patna,Bihar
O06101,C4438,2023-05-31,Completed,UPI,Jaipur,Rajasthan
O06102,C4182,2023-11-14,Completed,COD,Ahmedabad,Gujarat
O06103,C3659,2025-09-10,Completed,Credit Card,Indore,Madhya Pradesh
O06104,C4287,2025-09-03,Completed,COD,Ahmedabad,Gujarat
O06105,C3324,2023-01-06,Completed,Net Banking,Kolkata,West Bengal
O06106,C4077,2023-07-08,Completed,UPI,Bhubaneswar,Odisha
O06107,C3937,2023-11-13,Completed,Debit Card,Kochi,Kerala
O06108,C1170,2024-12-31,Completed,UPI,Delhi,Delhi
O06109,C0991,2024-06-07,Completed,UPI,Jaipur,Rajasthan
O06110,C4972,2024-05-31,Completed,Debit Card,Pune,Maharashtra
O06111,C3706,2025-12-25,Completed,UPI,Kochi,Kerala
O06112,C1852,2024-12-15,Completed,Credit Card,Hyderabad,Telangana
O06113,C2710,2024-07-31,Completed,Debit Card,Kolkata,West Bengal
O06114,C4008,2024-10-28,Completed,Credit Card,Delhi,Delhi
O06115,C2622,2024-08-10,Completed,Debit Card,Bengaluru,Karnataka
O06116,C2179,2025-02-11,Completed,COD,Bhubaneswar,Odisha
O06117,C0839,2025-05-03,Completed,COD,Chennai,Tamil Nadu
O06118,C1556,2023-12-02,Completed,Credit Card,Lucknow,Uttar Pradesh
O06119,C1223,2025-05-07,Completed,UPI,Jaipur,Rajasthan
O06120,C4935,2024-05-13,Completed,Credit Card,Indore,Madhya Pradesh
O06121,C2044,2024-10-10,Completed,Credit Card,Jaipur,Rajasthan
O06122,C1434,2023-06-25,Cancelled,UPI,Lucknow,Uttar Pradesh
O06123,C1169,2025-03-10,Completed,Credit Card,Chennai,Tamil Nadu
O06124,C0948,2025-04-30,Completed,UPI,Patna,Bihar
O06125,C0161,2025-11-25,Returned,Debit Card,Nagpur,Maharashtra
O06126,C4560,2025-09-14,Completed,COD,Ahmedabad,Gujarat
O06127,C3132,2023-05-23,Completed,Net Banking,Ahmedabad,Gujarat
O06128,C2628,2024-10-10,Completed,Net Banking,Bengaluru,Karnataka
O06129,C2536,2024-06-11,Completed,UPI,Kolkata,West Bengal
O06130,C2273,2023-01-06,Completed,UPI,Jaipur,Rajasthan
O06131,C3464,2024-08-06,Completed,UPI,Mumbai,Maharashtra
O06132,C4805,2024-11-03,Completed,Credit Card,Kolkata,West Bengal
O06133,C0161,2023-08-12,Completed,UPI,Nagpur,Maharashtra
O06134,C1785,2023-12-22,Completed,Net Banking,Surat,Gujarat
O06135,C1945,2025-07-26,Completed,UPI,Lucknow,Uttar Pradesh
O06136,C3183,2025-10-04,Completed,Credit Card,Nagpur,Maharashtra
O06137,C3975,2025-11-25,Completed,COD,Bhopal,Madhya Pradesh
O06138,C3625,2024-06-29,Completed,Net Banking,Hyderabad,Telangana
O06139,C3745,2024-06-08,Completed,Credit Card,Bhubaneswar,Odisha
O06140,C0767,2025-12-16,Cancelled,Credit Card,Noida,Uttar Pradesh
O06141,C2028,2025-10-27,Completed,Debit Card,Kolkata,West Bengal
O06142,C4007,2023-04-21,Completed,Credit Card,Lucknow,Uttar Pradesh
O06143,C0185,2025-02-09,Completed,UPI,Kolkata,West Bengal
O06144,C1897,2023-11-06,Completed,Debit Card,Nagpur,Maharashtra
O06145,C3296,2023-04-04,Completed,Credit Card,Noida,Uttar Pradesh
O06146,C2405,2025-03-12,Completed,Credit Card,Delhi,Delhi
O06147,C2540,2024-07-13,Completed,UPI,Nagpur,Maharashtra
O06148,C0733,2025-12-14,Completed,UPI,Indore,Madhya Pradesh
O06149,C1622,2023-01-17,Completed,Credit Card,Gurugram,Haryana
O06150,C0578,2025-12-21,Completed,Debit Card,Bhopal,Madhya Pradesh
O06151,C2162,2024-09-28,Completed,Debit Card,Pune,Maharashtra
O06152,C0378,2025-01-18,Cancelled,COD,Bengaluru,Karnataka
O06153,C3849,2024-07-09,Completed,COD,Indore,Madhya Pradesh
O06154,C1309,2025-10-08,Completed,UPI,Kolkata,West Bengal
O06155,C4193,2023-09-16,Completed,COD,Bengaluru,Karnataka
O06156,C0842,2024-12-13,Completed,Debit Card,Mumbai,Maharashtra
O06157,C2172,2025-04-14,Completed,COD,Nagpur,Maharashtra
O06158,C0156,2025-10-08,Completed,COD,Lucknow,Uttar Pradesh
O06159,C4149,2025-05-16,Completed,UPI,Chandigarh,Chandigarh
O06160,C1703,2025-06-22,Completed,UPI,Delhi,Delhi
O06161,C2636,2024-02-14,Completed,Credit Card,Patna,Bihar
O06162,C3386,2025-06-06,Completed,UPI,Lucknow,Uttar Pradesh
O06163,C4822,2023-05-23,Completed,UPI,Lucknow,Uttar Pradesh
O06164,C1414,2024-02-01,Completed,UPI,Hyderabad,Telangana
O06165,C0045,2025-01-08,Completed,Net Banking,Indore,Madhya Pradesh
O06166,C1687,2024-10-09,Completed,UPI,Chennai,Tamil Nadu
O06167,C2170,2025-08-27,Completed,COD,Chandigarh,Chandigarh
O06168,C3242,2025-03-12,Completed,Net Banking,Lucknow,Uttar Pradesh
O06169,C2726,2024-12-12,Cancelled,Net Banking,Bhubaneswar,Odisha
O06170,C1424,2023-01-19,Completed,Debit Card,Jaipur,Rajasthan
O06171,C4015,2024-10-06,Completed,Credit Card,Surat,Gujarat
O06172,C4596,2025-02-22,Returned,UPI,Jaipur,Rajasthan
O06173,C0074,2024-01-04,Completed,COD,Indore,Madhya Pradesh
O06174,C3019,2024-04-02,Completed,UPI,Bhopal,Madhya Pradesh
O06175,C1561,2023-01-19,Completed,UPI,Delhi,Delhi
O06176,C0892,2025-11-24,Completed,UPI,Delhi,Delhi
O06177,C3133,2024-11-09,Returned,UPI,Ahmedabad,Gujarat
O06178,C1890,2024-10-06,Completed,Debit Card,Patna,Bihar
O06179,C1247,2024-09-18,Completed,UPI,Kochi,Kerala
O06180,C3803,2024-09-13,Completed,UPI,Surat,Gujarat
O06181,C0473,2024-12-28,Completed,UPI,Hyderabad,Telangana
O06182,C2218,2023-04-07,Completed,COD,Patna,Bihar
O06183,C0701,2025-06-18,Completed,Debit Card,Ahmedabad,Gujarat
O06184,C2080,2024-12-29,Completed,Credit Card,Mumbai,Maharashtra
O06185,C0053,2024-11-28,Completed,Credit Card,Mumbai,Maharashtra
O06186,C2988,2025-06-01,Completed,UPI,Chennai,Tamil Nadu
O06187,C0139,2025-12-23,Completed,Credit Card,Bhopal,Madhya Pradesh
O06188,C1398,2023-04-06,Cancelled,COD,Chandigarh,Chandigarh
O06189,C2138,2025-09-29,Cancelled,UPI,Hyderabad,Telangana
O06190,C0828,2024-03-17,Completed,COD,Kolkata,West Bengal
O06191,C2084,2024-03-26,Completed,UPI,Bhubaneswar,Odisha
O06192,C2977,2023-08-22,Completed,UPI,Chandigarh,Chandigarh
O06193,C1249,2025-03-03,Completed,COD,Bhopal,Madhya Pradesh
O06194,C4650,2023-01-28,Completed,Credit Card,Gurugram,Haryana
O06195,C4836,2025-07-11,Completed,Debit Card,Jaipur,Rajasthan
O06196,C4365,2025-04-23,Completed,UPI,Bhopal,Madhya Pradesh
O06197,C0186,2025-01-11,Completed,Debit Card,Chennai,Tamil Nadu
O06198,C3443,2025-06-22,Completed,COD,Jaipur,Rajasthan
O06199,C4965,2024-01-10,Cancelled,COD,Surat,Gujarat
O06200,C3194,2025-05-11,Completed,Credit Card,Bhubaneswar,Odisha
O06201,C4929,2024-09-15,Completed,COD,Gurugram,Haryana
O06202,C1413,2023-10-26,Completed,Credit Card,Noida,Uttar Pradesh
O06203,C3189,2025-11-14,Completed,COD,Bhubaneswar,Odisha
O06204,C2917,2024-08-28,Completed,UPI,Delhi,Delhi
O06205,C1016,2023-03-07,Completed,UPI,Pune,Maharashtra
O06206,C4538,2024-06-12,Completed,Debit Card,Nagpur,Maharashtra
O06207,C4135,2023-10-05,Completed,Debit Card,Mumbai,Maharashtra
O06208,C4262,2023-01-10,Completed,Debit Card,Kochi,Kerala
O06209,C1936,2023-01-28,Completed,UPI,Mumbai,Maharashtra
O06210,C1469,2024-01-28,Completed,Credit Card,Hyderabad,Telangana
O06211,C4539,2024-12-20,Completed,UPI,Kolkata,West Bengal
O06212,C4427,2025-04-28,Cancelled,UPI,Ahmedabad,Gujarat
O06213,C1359,2023-09-18,Completed,UPI,Bhopal,Madhya Pradesh
O06214,C1770,2025-12-28,Completed,Net Banking,Lucknow,Uttar Pradesh
O06215,C2762,2023-02-07,Returned,UPI,Delhi,Delhi
O06216,C2883,2025-12-25,Cancelled,UPI,Nagpur,Maharashtra
O06217,C1190,2024-04-11,Completed,Debit Card,Ahmedabad,Gujarat
O06218,C1193,2023-03-05,Completed,Debit Card,Bengaluru,Karnataka
O06219,C2817,2025-01-16,Completed,Debit Card,Bhubaneswar,Odisha
O06220,C3622,2024-11-08,Completed,Debit Card,Patna,Bihar
O06221,C4857,2025-04-24,Completed,UPI,Noida,Uttar Pradesh
O06222,C1043,2023-04-09,Completed,Credit Card,Kolkata,West Bengal
O06223,C0226,2023-10-31,Completed,UPI,Chennai,Tamil Nadu
O06224,C1979,2025-08-04,Cancelled,UPI,Pune,Maharashtra
O06225,C3978,2023-08-02,Completed,Net Banking,Nagpur,Maharashtra
O06226,C3832,2023-11-01,Completed,Debit Card,Indore,Madhya Pradesh
O06227,C2645,2023-12-11,Cancelled,COD,Surat,Gujarat
O06228,C1884,2025-01-13,Completed,UPI,Hyderabad,Telangana
O06229,C0541,2024-05-08,Cancelled,Credit Card,Bhubaneswar,Odisha
O06230,C0646,2025-04-20,Completed,Credit Card,Bengaluru,Karnataka
O06231,C4802,2024-02-12,Cancelled,UPI,Jaipur,Rajasthan
O06232,C4727,2025-09-18,Completed,COD,Bengaluru,Karnataka
O06233,C4287,2024-10-18,Completed,UPI,Ahmedabad,Gujarat
O06234,C1689,2024-09-08,Completed,Debit Card,Ahmedabad,Gujarat
O06235,C0855,2023-12-10,Cancelled,Credit Card,Bengaluru,Karnataka
O06236,C0405,2025-02-14,Completed,COD,Chennai,Tamil Nadu
O06237,C3344,2023-03-05,Completed,UPI,Pune,Maharashtra
O06238,C2478,2024-05-16,Completed,UPI,Hyderabad,Telangana
O06239,C0520,2025-10-31,Cancelled,COD,Ahmedabad,Gujarat
O06240,C2941,2024-08-29,Completed,UPI,Delhi,Delhi
O06241,C1408,2024-03-05,Completed,Debit Card,Gurugram,Haryana
O06242,C0821,2025-10-01,Completed,UPI,Delhi,Delhi
O06243,C3675,2023-04-04,Completed,COD,Delhi,Delhi
O06244,C4531,2023-11-11,Completed,COD,Patna,Bihar
O06245,C3836,2023-06-02,Completed,COD,Gurugram,Haryana
O06246,C4068,2023-05-20,Completed,Credit Card,Indore,Madhya Pradesh
O06247,C3288,2023-08-04,Completed,UPI,Chandigarh,Chandigarh
O06248,C2182,2025-03-04,Completed,UPI,Ahmedabad,Gujarat
O06249,C4715,2024-01-05,Completed,Credit Card,Bhopal,Madhya Pradesh
O06250,C3233,2025-08-29,Completed,UPI,Gurugram,Haryana
O06251,C0425,2023-08-29,Completed,UPI,Ahmedabad,Gujarat
O06252,C1552,2025-09-07,Cancelled,UPI,Indore,Madhya Pradesh
O06253,C0358,2023-11-17,Completed,UPI,Chandigarh,Chandigarh
O06254,C3447,2023-02-14,Completed,Debit Card,Surat,Gujarat
O06255,C1595,2024-09-05,Completed,UPI,Pune,Maharashtra
O06256,C1011,2023-10-11,Completed,Net Banking,Delhi,Delhi
O06257,C0197,2024-11-02,Returned,UPI,Bengaluru,Karnataka
O06258,C1034,2023-03-28,Completed,UPI,Noida,Uttar Pradesh
O06259,C0862,2025-10-27,Completed,UPI,Jaipur,Rajasthan
O06260,C0349,2023-07-02,Completed,Debit Card,Hyderabad,Telangana
O06261,C3778,2023-10-26,Completed,UPI,Bhubaneswar,Odisha
O06262,C1659,2024-02-02,Completed,UPI,Ahmedabad,Gujarat
O06263,C0575,2023-01-14,Completed,UPI,Surat,Gujarat
O06264,C1820,2023-04-10,Completed,Debit Card,Delhi,Delhi
O06265,C0931,2025-01-25,Completed,UPI,Chandigarh,Chandigarh
O06266,C4009,2023-06-18,Completed,Credit Card,Noida,Uttar Pradesh
O06267,C4683,2023-08-20,Completed,Net Banking,Kolkata,West Bengal
O06268,C0484,2024-09-05,Completed,UPI,Surat,Gujarat
O06269,C3913,2024-12-29,Cancelled,UPI,Noida,Uttar Pradesh
O06270,C0358,2023-08-28,Completed,Credit Card,Chandigarh,Chandigarh
O06271,C4481,2023-08-28,Completed,UPI,Ahmedabad,Gujarat
O06272,C0254,2025-01-02,Completed,UPI,Jaipur,Rajasthan
O06273,C3995,2023-09-27,Completed,Credit Card,Indore,Madhya Pradesh
O06274,C0835,2024-06-23,Returned,Debit Card,Delhi,Delhi
O06275,C1191,2023-12-01,Completed,UPI,Lucknow,Uttar Pradesh
O06276,C1704,2024-03-18,Returned,COD,Chennai,Tamil Nadu
O06277,C4892,2024-12-25,Completed,UPI,Kochi,Kerala
O06278,C4565,2025-06-26,Completed,Net Banking,Ahmedabad,Gujarat
O06279,C0493,2024-01-05,Completed,Credit Card,Lucknow,Uttar Pradesh
O06280,C3410,2023-03-16,Completed,Debit Card,Bhubaneswar,Odisha
O06281,C4147,2024-02-27,Cancelled,COD,Chandigarh,Chandigarh
O06282,C3128,2023-03-11,Completed,Credit Card,Delhi,Delhi
O06283,C2121,2025-04-14,Completed,COD,Lucknow,Uttar Pradesh
O06284,C3866,2025-01-14,Completed,UPI,Noida,Uttar Pradesh
O06285,C0052,2023-09-28,Completed,UPI,Hyderabad,Telangana
O06286,C0262,2023-05-12,Completed,COD,Ahmedabad,Gujarat
O06287,C3003,2023-04-12,Cancelled,UPI,Hyderabad,Telangana
O06288,C1909,2024-08-20,Completed,Debit Card,Chandigarh,Chandigarh
O06289,C3647,2024-11-02,Completed,UPI,Jaipur,Rajasthan
O06290,C2378,2024-09-26,Returned,Debit Card,Chennai,Tamil Nadu
O06291,C3395,2025-07-12,Completed,Net Banking,Patna,Bihar
O06292,C4337,2025-05-01,Cancelled,Credit Card,Chennai,Tamil Nadu
O06293,C1626,2024-02-24,Completed,Credit Card,Lucknow,Uttar Pradesh
O06294,C1229,2023-09-18,Completed,Credit Card,Nagpur,Maharashtra
O06295,C4387,2025-09-03,Completed,Debit Card,Jaipur,Rajasthan
O06296,C1390,2024-02-20,Completed,UPI,Delhi,Delhi
O06297,C1488,2024-12-01,Completed,UPI,Chennai,Tamil Nadu
O06298,C0917,2024-06-26,Completed,Credit Card,Kolkata,West Bengal
O06299,C2142,2025-09-09,Completed,Credit Card,Chennai,Tamil Nadu
O06300,C0711,2025-07-18,Completed,Credit Card,Kolkata,West Bengal
O06301,C1887,2025-03-26,Cancelled,Debit Card,Nagpur,Maharashtra
O06302,C2217,2023-02-18,Completed,UPI,Ahmedabad,Gujarat
O06303,C1321,2024-03-19,Completed,Credit Card,Chandigarh,Chandigarh
O06304,C2564,2025-06-03,Completed,UPI,Bhubaneswar,Odisha
O06305,C4446,2023-06-21,Completed,Credit Card,Nagpur,Maharashtra
O06306,C4832,2025-07-18,Completed,UPI,Lucknow,Uttar Pradesh
O06307,C2627,2025-09-16,Completed,UPI,Chennai,Tamil Nadu
O06308,C0401,2023-01-06,Completed,Credit Card,Bhubaneswar,Odisha
O06309,C0751,2024-01-04,Completed,Debit Card,Gurugram,Haryana
O06310,C4917,2025-06-12,Completed,UPI,Chandigarh,Chandigarh
O06311,C1888,2024-12-22,Completed,COD,Chandigarh,Chandigarh
O06312,C3686,2025-07-19,Returned,UPI,Chennai,Tamil Nadu
O06313,C1419,2023-10-08,Completed,Debit Card,Pune,Maharashtra
O06314,C2604,2025-12-14,Completed,UPI,Patna,Bihar
O06315,C3772,2025-07-06,Completed,Credit Card,Patna,Bihar
O06316,C2019,2024-03-03,Completed,Debit Card,Chandigarh,Chandigarh
O06317,C2037,2024-02-17,Completed,UPI,Mumbai,Maharashtra
O06318,C1646,2025-04-18,Completed,COD,Mumbai,Maharashtra
O06319,C3488,2023-02-17,Completed,Debit Card,Mumbai,Maharashtra
O06320,C0814,2025-10-23,Completed,Credit Card,Chandigarh,Chandigarh
O06321,C4734,2024-11-15,Completed,UPI,Noida,Uttar Pradesh
O06322,C3170,2025-02-26,Completed,COD,Mumbai,Maharashtra
O06323,C1024,2023-11-25,Completed,UPI,Pune,Maharashtra
O06324,C1510,2023-08-21,Completed,UPI,Kochi,Kerala
O06325,C2039,2023-03-01,Completed,Debit Card,Hyderabad,Telangana
O06326,C1394,2024-08-12,Completed,UPI,Ahmedabad,Gujarat
O06327,C2347,2024-06-13,Completed,Credit Card,Kochi,Kerala
O06328,C0856,2025-12-25,Completed,Credit Card,Nagpur,Maharashtra
O06329,C1167,2025-11-20,Completed,Credit Card,Mumbai,Maharashtra
O06330,C2755,2025-09-08,Completed,UPI,Noida,Uttar Pradesh
O06331,C1666,2025-02-15,Completed,Debit Card,Lucknow,Uttar Pradesh
O06332,C4039,2023-05-28,Completed,UPI,Delhi,Delhi
O06333,C1973,2023-02-16,Completed,Debit Card,Bengaluru,Karnataka
O06334,C3688,2023-12-22,Completed,COD,Kolkata,West Bengal
O06335,C1117,2024-10-15,Completed,Credit Card,Kochi,Kerala
O06336,C3369,2024-03-28,Completed,Debit Card,Mumbai,Maharashtra
O06337,C4543,2024-06-05,Completed,UPI,Kolkata,West Bengal
O06338,C0734,2023-06-26,Completed,UPI,Indore,Madhya Pradesh
O06339,C3784,2025-08-13,Completed,UPI,Mumbai,Maharashtra
O06340,C2922,2023-07-29,Completed,UPI,Kolkata,West Bengal
O06341,C3330,2025-12-01,Completed,UPI,Kolkata,West Bengal
O06342,C4618,2023-07-06,Completed,Debit Card,Indore,Madhya Pradesh
O06343,C1707,2025-11-14,Completed,UPI,Patna,Bihar
O06344,C3499,2025-10-02,Completed,COD,Mumbai,Maharashtra
O06345,C1125,2023-02-04,Cancelled,Credit Card,Kochi,Kerala
O06346,C4718,2024-04-19,Completed,UPI,Patna,Bihar
O06347,C4855,2025-01-28,Completed,COD,Nagpur,Maharashtra
O06348,C1859,2024-04-14,Completed,COD,Bhopal,Madhya Pradesh
O06349,C2292,2025-06-25,Cancelled,COD,Kochi,Kerala
O06350,C2514,2024-06-05,Cancelled,Debit Card,Nagpur,Maharashtra
O06351,C4961,2023-09-21,Completed,Debit Card,Mumbai,Maharashtra
O06352,C3516,2025-02-05,Completed,UPI,Bhubaneswar,Odisha
O06353,C2001,2024-02-11,Completed,Credit Card,Bhubaneswar,Odisha
O06354,C1798,2024-10-07,Completed,Debit Card,Jaipur,Rajasthan
O06355,C2317,2024-09-27,Completed,UPI,Chennai,Tamil Nadu
O06356,C2581,2023-03-05,Completed,COD,Surat,Gujarat
O06357,C2015,2025-08-26,Completed,Net Banking,Ahmedabad,Gujarat
O06358,C2168,2025-03-24,Returned,UPI,Noida,Uttar Pradesh
O06359,C3029,2025-05-21,Completed,UPI,Mumbai,Maharashtra
O06360,C1948,2023-02-07,Completed,UPI,Chandigarh,Chandigarh
O06361,C1144,2025-01-29,Completed,Debit Card,Ahmedabad,Gujarat
O06362,C4806,2024-10-26,Completed,UPI,Bengaluru,Karnataka
O06363,C4232,2023-08-10,Completed,UPI,Gurugram,Haryana
O06364,C3149,2025-02-08,Returned,UPI,Ahmedabad,Gujarat
O06365,C0936,2024-04-17,Cancelled,Credit Card,Indore,Madhya Pradesh
O06366,C3158,2023-12-23,Completed,Debit Card,Surat,Gujarat
O06367,C0001,2024-08-01,Completed,Debit Card,Pune,Maharashtra
O06368,C0077,2023-08-23,Completed,Credit Card,Pune,Maharashtra
O06369,C2629,2024-08-24,Completed,Net Banking,Jaipur,Rajasthan
O06370,C2196,2023-04-04,Completed,Credit Card,Mumbai,Maharashtra
O06371,C0574,2025-05-10,Completed,COD,Lucknow,Uttar Pradesh
O06372,C1549,2025-04-18,Completed,Net Banking,Nagpur,Maharashtra
O06373,C0186,2023-07-08,Completed,UPI,Chennai,Tamil Nadu
O06374,C4618,2024-10-10,Completed,UPI,Indore,Madhya Pradesh
O06375,C3843,2023-01-16,Completed,Credit Card,Chandigarh,Chandigarh
O06376,C3493,2023-12-30,Completed,UPI,Bhopal,Madhya Pradesh
O06377,C2244,2025-01-13,Completed,Credit Card,Nagpur,Maharashtra
O06378,C0034,2024-02-14,Completed,Debit Card,Noida,Uttar Pradesh
O06379,C1621,2023-06-23,Completed,UPI,Noida,Uttar Pradesh
O06380,C1897,2023-07-05,Cancelled,Debit Card,Nagpur,Maharashtra
O06381,C2456,2025-11-19,Completed,UPI,Bhopal,Madhya Pradesh
O06382,C1801,2024-04-14,Completed,UPI,Patna,Bihar
O06383,C4633,2023-11-08,Completed,Debit Card,Noida,Uttar Pradesh
O06384,C2084,2025-03-10,Returned,UPI,Bhubaneswar,Odisha
O06385,C1406,2024-06-18,Completed,Credit Card,Patna,Bihar
O06386,C3689,2024-06-12,Completed,Credit Card,Ahmedabad,Gujarat
O06387,C2653,2023-05-02,Completed,UPI,Noida,Uttar Pradesh
O06388,C4539,2023-08-16,Completed,UPI,Kolkata,West Bengal
O06389,C1187,2025-09-15,Completed,Debit Card,Nagpur,Maharashtra
O06390,C4134,2024-07-06,Cancelled,Credit Card,Nagpur,Maharashtra
O06391,C2140,2023-01-15,Completed,Debit Card,Ahmedabad,Gujarat
O06392,C2679,2023-08-02,Returned,COD,Kolkata,West Bengal
O06393,C3795,2024-08-25,Completed,UPI,Hyderabad,Telangana
O06394,C2720,2023-02-21,Completed,UPI,Chandigarh,Chandigarh
O06395,C4603,2025-07-18,Cancelled,Debit Card,Hyderabad,Telangana
O06396,C2227,2023-02-26,Completed,COD,Kochi,Kerala
O06397,C2332,2024-02-12,Completed,Credit Card,Mumbai,Maharashtra
O06398,C4024,2024-06-15,Cancelled,Credit Card,Chennai,Tamil Nadu
O06399,C4451,2023-12-23,Completed,Credit Card,Hyderabad,Telangana
O06400,C3369,2024-11-30,Completed,Credit Card,Mumbai,Maharashtra
O06401,C3958,2025-11-22,Completed,Credit Card,Bhopal,Madhya Pradesh
O06402,C0488,2024-11-04,Completed,COD,Bhubaneswar,Odisha
O06403,C0279,2025-05-23,Completed,UPI,Delhi,Delhi
O06404,C2592,2024-05-31,Completed,Debit Card,Bengaluru,Karnataka
O06405,C0650,2024-11-11,Completed,Debit Card,Bhopal,Madhya Pradesh
O06406,C2979,2024-12-27,Cancelled,COD,Kochi,Kerala
O06407,C0355,2023-04-27,Completed,Net Banking,Ahmedabad,Gujarat
O06408,C2243,2025-02-05,Completed,Credit Card,Surat,Gujarat
O06409,C4900,2023-09-26,Completed,Credit Card,Hyderabad,Telangana
O06410,C2481,2024-12-18,Completed,Credit Card,Pune,Maharashtra
O06411,C0558,2024-12-21,Returned,Debit Card,Chennai,Tamil Nadu
O06412,C3487,2023-05-20,Completed,UPI,Ahmedabad,Gujarat
O06413,C0162,2023-05-24,Cancelled,UPI,Nagpur,Maharashtra
O06414,C0699,2023-08-10,Completed,COD,Ahmedabad,Gujarat
O06415,C1974,2025-02-19,Completed,UPI,Jaipur,Rajasthan
O06416,C3545,2025-06-10,Completed,UPI,Indore,Madhya Pradesh
O06417,C3778,2024-08-10,Completed,Net Banking,Bhubaneswar,Odisha
O06418,C2206,2024-09-21,Completed,UPI,Nagpur,Maharashtra
O06419,C0492,2024-03-10,Completed,UPI,Chandigarh,Chandigarh
O06420,C1993,2025-12-26,Completed,Net Banking,Kolkata,West Bengal
O06421,C1033,2025-10-26,Completed,UPI,Gurugram,Haryana
O06422,C3284,2025-12-14,Completed,Credit Card,Kolkata,West Bengal
O06423,C3511,2024-01-18,Completed,Credit Card,Kochi,Kerala
O06424,C4920,2024-03-09,Cancelled,COD,Chandigarh,Chandigarh
O06425,C4775,2025-12-30,Returned,UPI,Mumbai,Maharashtra
O06426,C0786,2024-04-24,Completed,UPI,Chennai,Tamil Nadu
O06427,C1834,2023-01-22,Completed,Credit Card,Kochi,Kerala
O06428,C0992,2024-07-14,Completed,Credit Card,Jaipur,Rajasthan
O06429,C4207,2024-10-09,Completed,UPI,Noida,Uttar Pradesh
O06430,C1784,2024-09-03,Completed,Credit Card,Gurugram,Haryana
O06431,C1185,2024-04-12,Completed,Net Banking,Jaipur,Rajasthan
O06432,C2462,2024-12-12,Completed,UPI,Bengaluru,Karnataka
O06433,C1669,2025-04-25,Completed,UPI,Kochi,Kerala
O06434,C2314,2023-05-01,Completed,UPI,Pune,Maharashtra
O06435,C0572,2025-01-08,Completed,Credit Card,Patna,Bihar
O06436,C4301,2025-01-20,Cancelled,UPI,Indore,Madhya Pradesh
O06437,C3739,2025-02-27,Completed,Credit Card,Chandigarh,Chandigarh
O06438,C0584,2025-06-13,Completed,COD,Jaipur,Rajasthan
O06439,C2221,2025-10-03,Completed,UPI,Gurugram,Haryana
O06440,C0308,2023-07-06,Completed,UPI,Lucknow,Uttar Pradesh
O06441,C4546,2024-06-01,Completed,UPI,Bhubaneswar,Odisha
O06442,C0062,2024-11-12,Completed,UPI,Kochi,Kerala
O06443,C4571,2025-09-27,Completed,Debit Card,Hyderabad,Telangana
O06444,C3789,2024-10-01,Completed,UPI,Lucknow,Uttar Pradesh
O06445,C2134,2024-12-30,Completed,COD,Surat,Gujarat
O06446,C1960,2024-10-14,Completed,COD,Kochi,Kerala
O06447,C2033,2024-03-08,Cancelled,Credit Card,Surat,Gujarat
O06448,C3763,2024-10-05,Completed,COD,Pune,Maharashtra
O06449,C2787,2025-02-01,Returned,Credit Card,Hyderabad,Telangana
O06450,C1543,2025-06-08,Completed,Debit Card,Kolkata,West Bengal
O06451,C1676,2023-04-11,Completed,Credit Card,Indore,Madhya Pradesh
O06452,C4622,2023-11-16,Completed,UPI,Nagpur,Maharashtra
O06453,C0034,2025-04-27,Completed,UPI,Noida,Uttar Pradesh
O06454,C3962,2023-10-06,Cancelled,Credit Card,Indore,Madhya Pradesh
O06455,C2800,2024-11-28,Completed,Net Banking,Kolkata,West Bengal
O06456,C1856,2023-12-22,Completed,UPI,Kolkata,West Bengal
O06457,C3681,2025-06-13,Completed,COD,Delhi,Delhi
O06458,C2686,2025-05-18,Completed,COD,Bhopal,Madhya Pradesh
O06459,C1058,2024-03-05,Completed,Credit Card,Ahmedabad,Gujarat
O06460,C4502,2025-11-28,Cancelled,Credit Card,Bhopal,Madhya Pradesh
O06461,C2962,2024-02-29,Completed,Credit Card,Chennai,Tamil Nadu
O06462,C4389,2024-03-04,Cancelled,COD,Bhubaneswar,Odisha
O06463,C2628,2024-03-30,Completed,UPI,Bengaluru,Karnataka
O06464,C3821,2024-06-02,Completed,UPI,Kochi,Kerala
O06465,C3158,2023-07-29,Completed,UPI,Surat,Gujarat
O06466,C3644,2024-08-13,Completed,COD,Pune,Maharashtra
O06467,C3763,2025-06-12,Completed,UPI,Pune,Maharashtra
O06468,C2132,2025-05-16,Completed,Debit Card,Gurugram,Haryana
O06469,C0607,2024-03-19,Completed,Credit Card,Noida,Uttar Pradesh
O06470,C2356,2023-06-25,Cancelled,Debit Card,Chennai,Tamil Nadu
O06471,C2300,2025-01-30,Completed,COD,Noida,Uttar Pradesh
O06472,C3917,2023-08-05,Completed,UPI,Surat,Gujarat
O06473,C4276,2025-05-12,Completed,UPI,Chandigarh,Chandigarh
O06474,C1334,2024-08-26,Completed,Debit Card,Jaipur,Rajasthan
O06475,C4009,2025-03-30,Completed,Net Banking,Noida,Uttar Pradesh
O06476,C2474,2025-11-27,Completed,Debit Card,Patna,Bihar
O06477,C3558,2024-02-28,Completed,COD,Jaipur,Rajasthan
O06478,C3734,2025-05-30,Completed,Debit Card,Mumbai,Maharashtra
O06479,C2087,2025-08-22,Completed,UPI,Mumbai,Maharashtra
O06480,C3351,2025-06-26,Completed,Debit Card,Patna,Bihar
O06481,C4912,2024-08-01,Completed,UPI,Mumbai,Maharashtra
O06482,C0376,2023-07-04,Completed,Credit Card,Pune,Maharashtra
O06483,C1953,2023-10-02,Completed,Credit Card,Bengaluru,Karnataka
O06484,C3711,2024-08-24,Returned,COD,Gurugram,Haryana
O06485,C2089,2024-12-19,Completed,COD,Hyderabad,Telangana
O06486,C1694,2024-06-13,Completed,UPI,Patna,Bihar
O06487,C3556,2025-10-09,Completed,Debit Card,Chandigarh,Chandigarh
O06488,C4281,2025-01-25,Completed,COD,Kolkata,West Bengal
O06489,C0072,2023-01-07,Completed,Credit Card,Chandigarh,Chandigarh
O06490,C1775,2023-07-07,Completed,UPI,Indore,Madhya Pradesh
O06491,C0574,2024-05-13,Completed,UPI,Lucknow,Uttar Pradesh
O06492,C4665,2023-03-04,Completed,UPI,Chennai,Tamil Nadu
O06493,C4067,2024-03-16,Completed,Debit Card,Hyderabad,Telangana
O06494,C3708,2024-08-09,Completed,UPI,Noida,Uttar Pradesh
O06495,C0153,2024-01-14,Completed,Credit Card,Chennai,Tamil Nadu
O06496,C0729,2023-10-22,Completed,UPI,Ahmedabad,Gujarat
O06497,C2280,2024-03-15,Completed,Credit Card,Gurugram,Haryana
O06498,C1553,2024-01-29,Completed,Credit Card,Surat,Gujarat
O06499,C3664,2025-01-06,Completed,Credit Card,Indore,Madhya Pradesh
O06500,C3568,2025-05-23,Cancelled,Debit Card,Chennai,Tamil Nadu
O06501,C4272,2024-12-04,Completed,UPI,Ahmedabad,Gujarat
O06502,C4345,2023-04-09,Completed,UPI,Ahmedabad,Gujarat
O06503,C3107,2025-06-01,Cancelled,Debit Card,Bengaluru,Karnataka
O06504,C4897,2024-02-16,Completed,Net Banking,Chennai,Tamil Nadu
O06505,C1000,2024-02-18,Completed,Debit Card,Mumbai,Maharashtra
O06506,C1135,2023-11-10,Completed,COD,Jaipur,Rajasthan
O06507,C4743,2023-11-22,Completed,Net Banking,Indore,Madhya Pradesh
O06508,C3146,2025-12-21,Cancelled,COD,Kolkata,West Bengal
O06509,C2716,2023-05-09,Completed,Net Banking,Lucknow,Uttar Pradesh
O06510,C0354,2024-02-27,Completed,COD,Bengaluru,Karnataka
O06511,C1303,2024-10-12,Returned,COD,Nagpur,Maharashtra
O06512,C4083,2023-08-18,Completed,Credit Card,Ahmedabad,Gujarat
O06513,C3732,2024-11-07,Completed,UPI,Gurugram,Haryana
O06514,C4622,2024-12-16,Cancelled,Net Banking,Nagpur,Maharashtra
O06515,C0510,2024-09-01,Completed,UPI,Chandigarh,Chandigarh
O06516,C1538,2023-12-04,Completed,Net Banking,Indore,Madhya Pradesh
O06517,C0178,2023-09-03,Completed,Credit Card,Gurugram,Haryana
O06518,C2377,2024-07-11,Completed,UPI,Bengaluru,Karnataka
O06519,C0801,2023-07-23,Completed,COD,Bhubaneswar,Odisha
O06520,C3244,2025-06-23,Completed,Credit Card,Patna,Bihar
O06521,C3667,2024-11-04,Completed,COD,Noida,Uttar Pradesh
O06522,C0938,2025-01-05,Completed,UPI,Bhopal,Madhya Pradesh
O06523,C3028,2023-10-11,Completed,Net Banking,Indore,Madhya Pradesh
O06524,C2021,2023-08-06,Completed,Debit Card,Ahmedabad,Gujarat
O06525,C2783,2024-07-26,Completed,UPI,Gurugram,Haryana
O06526,C3541,2023-07-01,Completed,UPI,Gurugram,Haryana
O06527,C1975,2025-08-31,Completed,Credit Card,Ahmedabad,Gujarat
O06528,C1519,2025-07-29,Completed,Net Banking,Indore,Madhya Pradesh
O06529,C2670,2023-07-27,Completed,Credit Card,Pune,Maharashtra
O06530,C1259,2024-02-27,Completed,UPI,Nagpur,Maharashtra
O06531,C3111,2023-05-19,Completed,Net Banking,Bhopal,Madhya Pradesh
O06532,C1243,2023-07-22,Completed,Net Banking,Noida,Uttar Pradesh
O06533,C2754,2023-09-11,Cancelled,COD,Kochi,Kerala
O06534,C2676,2024-07-22,Completed,Debit Card,Bengaluru,Karnataka
O06535,C3673,2024-03-01,Returned,UPI,Ahmedabad,Gujarat
O06536,C0420,2025-07-22,Returned,UPI,Chennai,Tamil Nadu
O06537,C0653,2025-08-26,Completed,Net Banking,Surat,Gujarat
O06538,C2872,2025-01-31,Completed,UPI,Noida,Uttar Pradesh
O06539,C3246,2024-07-22,Completed,UPI,Chennai,Tamil Nadu
O06540,C4910,2024-08-01,Cancelled,Credit Card,Kolkata,West Bengal
O06541,C0868,2023-08-19,Completed,Credit Card,Ahmedabad,Gujarat
O06542,C4209,2025-09-21,Completed,COD,Hyderabad,Telangana
O06543,C2988,2023-10-13,Completed,UPI,Chennai,Tamil Nadu
O06544,C0174,2025-07-10,Completed,Debit Card,Mumbai,Maharashtra
O06545,C4733,2023-02-23,Completed,Debit Card,Patna,Bihar
O06546,C1560,2025-02-28,Completed,COD,Mumbai,Maharashtra
O06547,C4128,2024-07-31,Completed,Credit Card,Bhopal,Madhya Pradesh
O06548,C4593,2024-01-24,Completed,UPI,Indore,Madhya Pradesh
O06549,C2243,2025-11-02,Completed,Debit Card,Surat,Gujarat
O06550,C4624,2023-12-09,Completed,Debit Card,Surat,Gujarat
O06551,C2489,2023-12-05,Completed,UPI,Pune,Maharashtra
O06552,C1513,2023-01-24,Completed,UPI,Pune,Maharashtra
O06553,C2772,2025-11-24,Completed,UPI,Indore,Madhya Pradesh
O06554,C1644,2024-08-08,Completed,UPI,Mumbai,Maharashtra
O06555,C0024,2024-02-26,Completed,Debit Card,Indore,Madhya Pradesh
O06556,C2338,2025-11-08,Completed,Credit Card,Jaipur,Rajasthan
O06557,C2944,2024-01-13,Completed,Credit Card,Chennai,Tamil Nadu
O06558,C4400,2023-05-08,Completed,UPI,Surat,Gujarat
O06559,C4727,2024-03-08,Completed,Net Banking,Bengaluru,Karnataka
O06560,C1717,2025-02-15,Cancelled,COD,Nagpur,Maharashtra
O06561,C4134,2025-03-24,Completed,Credit Card,Nagpur,Maharashtra
O06562,C0745,2024-05-29,Completed,UPI,Patna,Bihar
O06563,C4178,2024-05-16,Completed,Debit Card,Chandigarh,Chandigarh
O06564,C0050,2025-09-15,Completed,Credit Card,Noida,Uttar Pradesh
O06565,C3050,2024-02-21,Completed,Debit Card,Bhopal,Madhya Pradesh
O06566,C2743,2023-04-10,Completed,Debit Card,Ahmedabad,Gujarat
O06567,C3890,2025-05-28,Completed,UPI,Noida,Uttar Pradesh
O06568,C1623,2025-12-12,Completed,UPI,Chennai,Tamil Nadu
O06569,C3398,2024-03-03,Completed,UPI,Nagpur,Maharashtra
O06570,C1788,2024-11-08,Completed,Net Banking,Chennai,Tamil Nadu
O06571,C3356,2023-05-29,Completed,COD,Indore,Madhya Pradesh
O06572,C1014,2024-11-05,Completed,Net Banking,Noida,Uttar Pradesh
O06573,C0154,2024-03-26,Completed,UPI,Delhi,Delhi
O06574,C2902,2024-06-17,Completed,Credit Card,Pune,Maharashtra
O06575,C2315,2024-06-15,Completed,Debit Card,Bhopal,Madhya Pradesh
O06576,C3457,2025-05-17,Completed,UPI,Bhopal,Madhya Pradesh
O06577,C2303,2024-12-23,Returned,COD,Bhubaneswar,Odisha
O06578,C4267,2025-05-13,Completed,Debit Card,Surat,Gujarat
O06579,C4014,2025-03-29,Completed,Net Banking,Mumbai,Maharashtra
O06580,C0617,2023-09-03,Completed,UPI,Delhi,Delhi
O06581,C3050,2023-06-03,Completed,Debit Card,Bhopal,Madhya Pradesh
O06582,C4644,2023-09-03,Completed,Net Banking,Chennai,Tamil Nadu
O06583,C1926,2025-03-25,Cancelled,Debit Card,Gurugram,Haryana
O06584,C2458,2025-12-02,Completed,UPI,Hyderabad,Telangana
O06585,C1612,2024-01-28,Completed,UPI,Gurugram,Haryana
O06586,C4242,2023-06-12,Completed,Net Banking,Patna,Bihar
O06587,C3110,2024-04-10,Completed,UPI,Surat,Gujarat
O06588,C2538,2024-05-26,Completed,Net Banking,Bengaluru,Karnataka
O06589,C4358,2025-04-27,Cancelled,UPI,Kochi,Kerala
O06590,C1628,2024-05-29,Completed,COD,Bengaluru,Karnataka
O06591,C4441,2023-05-26,Completed,Credit Card,Hyderabad,Telangana
O06592,C1999,2023-10-23,Completed,COD,Bengaluru,Karnataka
O06593,C2927,2025-03-17,Completed,Credit Card,Chandigarh,Chandigarh
O06594,C1132,2023-11-10,Completed,COD,Noida,Uttar Pradesh
O06595,C1993,2024-07-22,Completed,UPI,Kolkata,West Bengal
O06596,C0514,2023-10-07,Completed,Credit Card,Noida,Uttar Pradesh
O06597,C0713,2024-04-21,Completed,COD,Chennai,Tamil Nadu
O06598,C3162,2024-06-17,Returned,UPI,Mumbai,Maharashtra
O06599,C0215,2024-04-18,Completed,Debit Card,Lucknow,Uttar Pradesh
O06600,C0604,2023-07-31,Completed,Credit Card,Chennai,Tamil Nadu
O06601,C3770,2024-12-28,Returned,Credit Card,Lucknow,Uttar Pradesh
O06602,C4868,2024-08-10,Completed,Credit Card,Chandigarh,Chandigarh
O06603,C0670,2024-04-24,Cancelled,UPI,Mumbai,Maharashtra
O06604,C1081,2023-03-02,Completed,UPI,Pune,Maharashtra
O06605,C4655,2025-02-10,Completed,UPI,Chandigarh,Chandigarh
O06606,C1426,2024-08-10,Completed,Credit Card,Ahmedabad,Gujarat
O06607,C2270,2023-07-28,Completed,UPI,Nagpur,Maharashtra
O06608,C0475,2023-02-06,Completed,Debit Card,Jaipur,Rajasthan
O06609,C1132,2024-08-27,Completed,Debit Card,Noida,Uttar Pradesh
O06610,C0863,2024-02-16,Cancelled,Credit Card,Mumbai,Maharashtra
O06611,C0812,2024-10-09,Completed,Debit Card,Ahmedabad,Gujarat
O06612,C4273,2025-01-04,Returned,Credit Card,Bhubaneswar,Odisha
O06613,C0487,2025-06-30,Completed,UPI,Bhopal,Madhya Pradesh
O06614,C0692,2024-05-21,Completed,COD,Surat,Gujarat
O06615,C3109,2025-04-09,Completed,UPI,Lucknow,Uttar Pradesh
O06616,C2623,2025-08-30,Returned,Credit Card,Delhi,Delhi
O06617,C0268,2024-03-25,Completed,UPI,Bhopal,Madhya Pradesh
O06618,C0785,2023-04-30,Completed,Debit Card,Kolkata,West Bengal
O06619,C3874,2024-09-25,Cancelled,UPI,Kolkata,West Bengal
O06620,C2972,2023-07-31,Returned,UPI,Chandigarh,Chandigarh
O06621,C2402,2023-10-11,Completed,UPI,Indore,Madhya Pradesh
O06622,C4910,2023-10-04,Completed,UPI,Kolkata,West Bengal
O06623,C3342,2025-11-30,Completed,Debit Card,Chennai,Tamil Nadu
O06624,C3072,2025-08-26,Completed,Debit Card,Indore,Madhya Pradesh
O06625,C2317,2025-06-24,Completed,UPI,Chennai,Tamil Nadu
O06626,C1202,2024-06-26,Completed,UPI,Bhopal,Madhya Pradesh
O06627,C0277,2024-04-05,Completed,Credit Card,Delhi,Delhi
O06628,C0307,2024-03-28,Completed,Net Banking,Mumbai,Maharashtra
O06629,C0631,2023-12-26,Completed,Credit Card,Kochi,Kerala
O06630,C2586,2025-07-22,Completed,Debit Card,Bhubaneswar,Odisha
O06631,C1138,2025-12-02,Cancelled,Credit Card,Nagpur,Maharashtra
O06632,C2182,2024-10-07,Completed,UPI,Ahmedabad,Gujarat
O06633,C1714,2024-10-30,Completed,Net Banking,Chennai,Tamil Nadu
O06634,C1049,2023-07-25,Completed,UPI,Bengaluru,Karnataka
O06635,C1584,2023-03-30,Completed,Debit Card,Kolkata,West Bengal
O06636,C3352,2025-07-24,Completed,Net Banking,Hyderabad,Telangana
O06637,C4909,2025-11-26,Completed,UPI,Bhubaneswar,Odisha
O06638,C1835,2024-01-09,Completed,UPI,Kochi,Kerala
O06639,C0952,2024-01-27,Completed,Credit Card,Kolkata,West Bengal
O06640,C2033,2024-12-11,Returned,COD,Surat,Gujarat
O06641,C1225,2025-09-20,Completed,Net Banking,Indore,Madhya Pradesh
O06642,C0033,2023-02-24,Completed,Debit Card,Pune,Maharashtra
O06643,C0097,2025-08-01,Completed,UPI,Mumbai,Maharashtra
O06644,C4359,2025-01-24,Returned,Credit Card,Chennai,Tamil Nadu
O06645,C3142,2024-08-08,Completed,COD,Mumbai,Maharashtra
O06646,C2778,2023-11-10,Completed,COD,Indore,Madhya Pradesh
O06647,C3279,2023-01-16,Completed,UPI,Hyderabad,Telangana
O06648,C0172,2023-01-29,Cancelled,Debit Card,Nagpur,Maharashtra
O06649,C4854,2025-02-14,Completed,Net Banking,Surat,Gujarat
O06650,C0901,2023-12-22,Completed,COD,Pune,Maharashtra
O06651,C4367,2024-11-25,Completed,UPI,Nagpur,Maharashtra
O06652,C0742,2024-07-17,Completed,UPI,Bengaluru,Karnataka
O06653,C2615,2024-05-25,Completed,Credit Card,Delhi,Delhi
O06654,C1923,2023-12-13,Completed,Debit Card,Pune,Maharashtra
O06655,C2698,2025-04-24,Completed,Credit Card,Kochi,Kerala
O06656,C0391,2025-07-10,Completed,UPI,Surat,Gujarat
O06657,C0959,2023-01-25,Completed,Debit Card,Ahmedabad,Gujarat
O06658,C4671,2023-04-02,Completed,COD,Indore,Madhya Pradesh
O06659,C0344,2023-11-25,Completed,UPI,Ahmedabad,Gujarat
O06660,C3482,2025-08-29,Cancelled,UPI,Hyderabad,Telangana
O06661,C1570,2024-08-24,Completed,COD,Kolkata,West Bengal
O06662,C0456,2023-12-08,Completed,Debit Card,Hyderabad,Telangana
O06663,C0444,2025-06-15,Completed,COD,Noida,Uttar Pradesh
O06664,C4293,2024-01-31,Completed,Credit Card,Bhubaneswar,Odisha
O06665,C2916,2024-06-25,Completed,Credit Card,Patna,Bihar
O06666,C2411,2024-06-09,Completed,Net Banking,Indore,Madhya Pradesh
O06667,C3482,2024-02-13,Completed,COD,Hyderabad,Telangana
O06668,C1418,2025-06-01,Completed,Credit Card,Bhopal,Madhya Pradesh
O06669,C0671,2023-03-12,Completed,COD,Bhubaneswar,Odisha
O06670,C2285,2024-06-28,Completed,Net Banking,Nagpur,Maharashtra
O06671,C4557,2025-03-29,Completed,UPI,Gurugram,Haryana
O06672,C0100,2024-08-24,Completed,COD,Chennai,Tamil Nadu
O06673,C2788,2025-06-03,Completed,UPI,Pune,Maharashtra
O06674,C0408,2025-04-26,Completed,UPI,Surat,Gujarat
O06675,C0978,2025-02-25,Completed,UPI,Ahmedabad,Gujarat
O06676,C2799,2025-08-09,Completed,UPI,Kolkata,West Bengal
O06677,C0143,2023-01-01,Completed,Credit Card,Delhi,Delhi
O06678,C3077,2024-07-02,Returned,Debit Card,Gurugram,Haryana
O06679,C0720,2025-08-25,Completed,COD,Chandigarh,Chandigarh
O06680,C1460,2024-08-13,Completed,UPI,Delhi,Delhi
O06681,C0418,2023-05-14,Completed,Credit Card,Gurugram,Haryana
O06682,C1105,2025-05-18,Completed,Credit Card,Mumbai,Maharashtra
O06683,C0545,2025-11-11,Completed,Credit Card,Delhi,Delhi
O06684,C3289,2024-12-30,Completed,Debit Card,Chandigarh,Chandigarh
O06685,C0773,2024-06-04,Cancelled,Credit Card,Ahmedabad,Gujarat
O06686,C1694,2025-06-27,Completed,Credit Card,Patna,Bihar
O06687,C1069,2025-03-06,Cancelled,COD,Mumbai,Maharashtra
O06688,C3704,2024-05-15,Completed,COD,Ahmedabad,Gujarat
O06689,C4224,2023-09-08,Completed,Credit Card,Bhubaneswar,Odisha
O06690,C1574,2025-06-23,Completed,UPI,Indore,Madhya Pradesh
O06691,C4973,2023-01-08,Completed,Net Banking,Indore,Madhya Pradesh
O06692,C3794,2023-04-18,Completed,Debit Card,Jaipur,Rajasthan
O06693,C2654,2025-03-27,Completed,COD,Patna,Bihar
O06694,C0541,2024-06-06,Completed,UPI,Bhubaneswar,Odisha
O06695,C2212,2024-01-21,Completed,COD,Bhopal,Madhya Pradesh
O06696,C2697,2023-07-02,Returned,Debit Card,Mumbai,Maharashtra
O06697,C1559,2025-07-10,Returned,Debit Card,Delhi,Delhi
O06698,C0131,2025-10-11,Completed,UPI,Chandigarh,Chandigarh
O06699,C2744,2025-11-01,Completed,Debit Card,Mumbai,Maharashtra
O06700,C4600,2023-07-17,Completed,UPI,Noida,Uttar Pradesh
O06701,C3821,2023-02-06,Cancelled,UPI,Kochi,Kerala
O06702,C2232,2025-06-11,Completed,UPI,Gurugram,Haryana
O06703,C0826,2024-02-25,Completed,UPI,Delhi,Delhi
O06704,C2719,2025-10-28,Completed,UPI,Bhubaneswar,Odisha
O06705,C1023,2023-06-14,Completed,Debit Card,Nagpur,Maharashtra
O06706,C2602,2023-04-30,Returned,COD,Chennai,Tamil Nadu
O06707,C4227,2025-01-13,Completed,UPI,Patna,Bihar
O06708,C0697,2024-01-07,Returned,COD,Patna,Bihar
O06709,C1038,2023-08-21,Completed,Credit Card,Indore,Madhya Pradesh
O06710,C0814,2023-10-14,Cancelled,Net Banking,Chandigarh,Chandigarh
O06711,C3838,2025-01-07,Completed,UPI,Patna,Bihar
O06712,C0659,2024-03-27,Completed,UPI,Patna,Bihar
O06713,C2428,2024-10-18,Returned,COD,Chandigarh,Chandigarh
O06714,C1084,2025-11-28,Completed,UPI,Delhi,Delhi
O06715,C2975,2025-08-22,Completed,Credit Card,Bengaluru,Karnataka
O06716,C1184,2024-01-07,Returned,Credit Card,Jaipur,Rajasthan
O06717,C2625,2024-07-02,Completed,COD,Bhubaneswar,Odisha
O06718,C2733,2025-09-29,Completed,UPI,Delhi,Delhi
O06719,C1998,2024-04-20,Cancelled,Credit Card,Nagpur,Maharashtra
O06720,C2012,2023-07-30,Completed,Credit Card,Nagpur,Maharashtra
O06721,C1249,2024-02-09,Cancelled,UPI,Bhopal,Madhya Pradesh
O06722,C3737,2024-08-26,Completed,UPI,Hyderabad,Telangana
O06723,C2414,2024-09-03,Completed,Net Banking,Indore,Madhya Pradesh
O06724,C4344,2024-08-03,Completed,UPI,Kochi,Kerala
O06725,C0012,2023-01-25,Completed,Credit Card,Bengaluru,Karnataka
O06726,C2011,2024-09-18,Completed,Credit Card,Bhopal,Madhya Pradesh
O06727,C3608,2023-12-07,Completed,Debit Card,Kochi,Kerala
O06728,C0737,2023-07-31,Completed,Credit Card,Mumbai,Maharashtra
O06729,C0510,2025-07-02,Returned,Debit Card,Chandigarh,Chandigarh
O06730,C1269,2024-08-10,Completed,Credit Card,Bengaluru,Karnataka
O06731,C4267,2023-10-23,Completed,Debit Card,Surat,Gujarat
O06732,C4817,2025-10-06,Completed,Credit Card,Delhi,Delhi
O06733,C3043,2024-03-02,Completed,UPI,Chennai,Tamil Nadu
O06734,C4911,2025-08-23,Returned,COD,Hyderabad,Telangana
O06735,C1059,2025-07-01,Completed,COD,Delhi,Delhi
O06736,C4301,2023-02-24,Completed,Debit Card,Indore,Madhya Pradesh
O06737,C0890,2025-02-03,Completed,Credit Card,Delhi,Delhi
O06738,C2953,2025-05-30,Cancelled,UPI,Lucknow,Uttar Pradesh
O06739,C3338,2025-04-16,Completed,COD,Lucknow,Uttar Pradesh
O06740,C3682,2024-07-15,Completed,UPI,Nagpur,Maharashtra
O06741,C2745,2024-12-25,Completed,Credit Card,Jaipur,Rajasthan
O06742,C4846,2023-01-04,Completed,COD,Chandigarh,Chandigarh
O06743,C1509,2023-12-30,Returned,Credit Card,Indore,Madhya Pradesh
O06744,C3338,2025-01-22,Completed,Credit Card,Lucknow,Uttar Pradesh
O06745,C3034,2025-10-19,Completed,COD,Bengaluru,Karnataka
O06746,C1768,2024-03-01,Completed,Net Banking,Delhi,Delhi
O06747,C1133,2024-02-03,Completed,UPI,Lucknow,Uttar Pradesh
O06748,C1202,2025-08-11,Completed,UPI,Bhopal,Madhya Pradesh
O06749,C0249,2023-10-31,Completed,Credit Card,Kochi,Kerala
O06750,C1896,2025-04-19,Completed,UPI,Pune,Maharashtra
O06751,C0230,2023-04-14,Cancelled,Debit Card,Bengaluru,Karnataka
O06752,C2676,2023-12-30,Returned,Credit Card,Bengaluru,Karnataka
O06753,C1285,2024-07-20,Completed,Credit Card,Pune,Maharashtra
O06754,C2876,2025-03-10,Completed,UPI,Hyderabad,Telangana
O06755,C0321,2024-11-06,Completed,UPI,Pune,Maharashtra
O06756,C0028,2024-01-03,Completed,UPI,Bengaluru,Karnataka
O06757,C2899,2024-12-25,Completed,Credit Card,Noida,Uttar Pradesh
O06758,C0510,2024-12-15,Completed,Debit Card,Chandigarh,Chandigarh
O06759,C0641,2025-04-04,Completed,UPI,Ahmedabad,Gujarat
O06760,C4637,2023-04-02,Completed,UPI,Ahmedabad,Gujarat
O06761,C3251,2024-09-15,Returned,Credit Card,Hyderabad,Telangana
O06762,C3748,2023-06-18,Completed,Net Banking,Jaipur,Rajasthan
O06763,C2720,2024-01-22,Completed,UPI,Chandigarh,Chandigarh
O06764,C3904,2023-04-11,Completed,UPI,Hyderabad,Telangana
O06765,C1312,2025-10-05,Completed,UPI,Patna,Bihar
O06766,C3337,2023-07-12,Completed,Net Banking,Bhopal,Madhya Pradesh
O06767,C1491,2025-05-19,Completed,Credit Card,Gurugram,Haryana
O06768,C1419,2024-12-19,Completed,Credit Card,Pune,Maharashtra
O06769,C1459,2025-08-20,Returned,UPI,Patna,Bihar
O06770,C3460,2025-09-01,Completed,UPI,Nagpur,Maharashtra
O06771,C4905,2023-08-16,Cancelled,UPI,Chandigarh,Chandigarh
O06772,C2568,2023-12-27,Completed,Debit Card,Chennai,Tamil Nadu
O06773,C1338,2023-02-12,Completed,Debit Card,Lucknow,Uttar Pradesh
O06774,C3693,2023-06-30,Completed,Debit Card,Gurugram,Haryana
O06775,C4610,2024-05-25,Completed,COD,Nagpur,Maharashtra
O06776,C3082,2024-04-06,Completed,UPI,Indore,Madhya Pradesh
O06777,C0347,2023-10-13,Returned,UPI,Chennai,Tamil Nadu
O06778,C0117,2025-11-26,Cancelled,COD,Indore,Madhya Pradesh
O06779,C2459,2025-07-21,Completed,Credit Card,Bhopal,Madhya Pradesh
O06780,C1421,2023-09-14,Cancelled,Net Banking,Chandigarh,Chandigarh
O06781,C1855,2024-06-05,Completed,Net Banking,Surat,Gujarat
O06782,C3083,2025-01-19,Completed,UPI,Hyderabad,Telangana
O06783,C1632,2025-11-15,Completed,Debit Card,Bhopal,Madhya Pradesh
O06784,C2000,2024-10-18,Completed,UPI,Mumbai,Maharashtra
O06785,C2146,2023-11-16,Completed,Credit Card,Hyderabad,Telangana
O06786,C4378,2025-01-03,Completed,COD,Ahmedabad,Gujarat
O06787,C0807,2024-02-15,Completed,Credit Card,Kolkata,West Bengal
O06788,C1692,2024-04-03,Completed,UPI,Chandigarh,Chandigarh
O06789,C2705,2023-12-05,Completed,UPI,Kochi,Kerala
O06790,C3436,2023-08-16,Completed,UPI,Surat,Gujarat
O06791,C0211,2024-01-01,Completed,Credit Card,Ahmedabad,Gujarat
O06792,C1691,2024-03-09,Completed,Debit Card,Hyderabad,Telangana
O06793,C1778,2025-05-07,Completed,Debit Card,Bhopal,Madhya Pradesh
O06794,C3148,2024-03-24,Completed,Debit Card,Bengaluru,Karnataka
O06795,C2500,2024-05-21,Completed,Credit Card,Gurugram,Haryana
O06796,C0687,2023-03-03,Completed,UPI,Kolkata,West Bengal
O06797,C2671,2023-07-06,Cancelled,UPI,Kolkata,West Bengal
O06798,C0930,2025-06-10,Completed,Net Banking,Hyderabad,Telangana
O06799,C4114,2025-04-30,Completed,UPI,Hyderabad,Telangana
O06800,C1315,2024-08-30,Completed,UPI,Pune,Maharashtra
O06801,C2834,2023-09-11,Completed,UPI,Chennai,Tamil Nadu
O06802,C1774,2024-08-01,Returned,UPI,Ahmedabad,Gujarat
O06803,C2246,2023-11-10,Completed,COD,Ahmedabad,Gujarat
O06804,C1186,2025-10-02,Completed,UPI,Ahmedabad,Gujarat
O06805,C2465,2024-03-06,Completed,Debit Card,Surat,Gujarat
O06806,C0384,2023-08-10,Completed,Net Banking,Chennai,Tamil Nadu
O06807,C4991,2023-11-14,Returned,COD,Patna,Bihar
O06808,C3924,2025-01-29,Completed,UPI,Chandigarh,Chandigarh
O06809,C1522,2025-02-04,Completed,UPI,Nagpur,Maharashtra
O06810,C0980,2024-12-27,Completed,Debit Card,Patna,Bihar
O06811,C4178,2023-03-13,Completed,Net Banking,Chandigarh,Chandigarh
O06812,C3611,2025-09-16,Completed,Debit Card,Hyderabad,Telangana
O06813,C3271,2024-03-31,Completed,UPI,Bhopal,Madhya Pradesh
O06814,C1954,2024-09-01,Completed,UPI,Lucknow,Uttar Pradesh
O06815,C1485,2024-08-19,Completed,Credit Card,Bhopal,Madhya Pradesh
O06816,C0884,2025-04-16,Completed,UPI,Ahmedabad,Gujarat
O06817,C2528,2025-07-27,Completed,UPI,Mumbai,Maharashtra
O06818,C4824,2025-06-08,Completed,Debit Card,Indore,Madhya Pradesh
O06819,C0124,2025-02-23,Completed,Credit Card,Hyderabad,Telangana
O06820,C0526,2024-06-01,Completed,UPI,Pune,Maharashtra
O06821,C2087,2025-04-22,Completed,UPI,Mumbai,Maharashtra
O06822,C2156,2023-02-07,Cancelled,UPI,Chennai,Tamil Nadu
O06823,C1377,2023-11-15,Completed,UPI,Chennai,Tamil Nadu
O06824,C4407,2024-10-01,Completed,COD,Chandigarh,Chandigarh
O06825,C3462,2023-05-20,Returned,COD,Patna,Bihar
O06826,C4136,2025-07-06,Completed,Credit Card,Noida,Uttar Pradesh
O06827,C4877,2024-03-02,Completed,Debit Card,Ahmedabad,Gujarat
O06828,C0581,2025-05-04,Completed,Credit Card,Ahmedabad,Gujarat
O06829,C1994,2023-08-03,Completed,COD,Mumbai,Maharashtra
O06830,C4526,2024-10-06,Completed,UPI,Ahmedabad,Gujarat
O06831,C3936,2024-06-24,Cancelled,UPI,Chandigarh,Chandigarh
O06832,C0457,2025-05-25,Completed,UPI,Noida,Uttar Pradesh
O06833,C2801,2024-01-24,Completed,UPI,Noida,Uttar Pradesh
O06834,C1452,2023-06-01,Completed,UPI,Indore,Madhya Pradesh
O06835,C0204,2025-01-16,Completed,COD,Pune,Maharashtra
O06836,C2827,2023-05-13,Completed,UPI,Delhi,Delhi
O06837,C4214,2025-01-11,Completed,Credit Card,Surat,Gujarat
O06838,C1853,2025-11-24,Completed,Debit Card,Indore,Madhya Pradesh
O06839,C3466,2024-08-14,Completed,Debit Card,Ahmedabad,Gujarat
O06840,C4046,2025-05-16,Completed,UPI,Pune,Maharashtra
O06841,C4993,2025-01-23,Completed,UPI,Chandigarh,Chandigarh
O06842,C2444,2023-12-10,Completed,COD,Hyderabad,Telangana
O06843,C2053,2024-04-28,Completed,Debit Card,Kolkata,West Bengal
O06844,C4604,2024-01-23,Completed,Debit Card,Surat,Gujarat
O06845,C2193,2024-06-28,Completed,Credit Card,Jaipur,Rajasthan
O06846,C2710,2025-05-08,Completed,UPI,Kolkata,West Bengal
O06847,C1183,2025-07-06,Completed,Credit Card,Mumbai,Maharashtra
O06848,C2829,2024-11-29,Completed,UPI,Nagpur,Maharashtra
O06849,C0959,2025-10-31,Completed,COD,Ahmedabad,Gujarat
O06850,C4075,2024-08-03,Returned,Debit Card,Chandigarh,Chandigarh
O06851,C2059,2023-05-11,Completed,COD,Lucknow,Uttar Pradesh
O06852,C0069,2024-01-01,Completed,Credit Card,Chandigarh,Chandigarh
O06853,C1638,2024-02-25,Cancelled,Credit Card,Bhubaneswar,Odisha
O06854,C0202,2024-02-28,Completed,Debit Card,Gurugram,Haryana
O06855,C0266,2023-06-11,Returned,COD,Delhi,Delhi
O06856,C3126,2023-04-05,Completed,UPI,Hyderabad,Telangana
O06857,C0239,2025-04-14,Cancelled,Debit Card,Nagpur,Maharashtra
O06858,C0291,2023-08-09,Completed,Credit Card,Jaipur,Rajasthan
O06859,C3395,2024-04-07,Returned,Credit Card,Patna,Bihar
O06860,C1809,2025-07-19,Completed,Credit Card,Kolkata,West Bengal
O06861,C2090,2024-11-11,Completed,UPI,Kochi,Kerala
O06862,C0955,2024-10-18,Cancelled,UPI,Kochi,Kerala
O06863,C4729,2023-10-13,Completed,Debit Card,Bhopal,Madhya Pradesh
O06864,C1931,2025-03-30,Completed,COD,Chennai,Tamil Nadu
O06865,C4081,2024-03-31,Completed,Credit Card,Bengaluru,Karnataka
O06866,C0284,2025-07-07,Completed,COD,Bengaluru,Karnataka
O06867,C0807,2023-10-02,Completed,Credit Card,Kolkata,West Bengal
O06868,C1907,2023-02-06,Returned,Net Banking,Lucknow,Uttar Pradesh
O06869,C2677,2024-03-18,Completed,Credit Card,Hyderabad,Telangana
O06870,C3572,2025-05-24,Completed,UPI,Ahmedabad,Gujarat
O06871,C4672,2025-11-25,Completed,COD,Nagpur,Maharashtra
O06872,C3760,2023-03-09,Completed,COD,Nagpur,Maharashtra
O06873,C4070,2023-12-26,Cancelled,Credit Card,Nagpur,Maharashtra
O06874,C1619,2024-12-17,Completed,COD,Noida,Uttar Pradesh
O06875,C4907,2025-08-05,Completed,UPI,Chennai,Tamil Nadu
O06876,C0809,2024-04-26,Completed,COD,Mumbai,Maharashtra
O06877,C3787,2023-10-16,Completed,Debit Card,Kolkata,West Bengal
O06878,C0942,2023-03-31,Completed,UPI,Gurugram,Haryana
O06879,C0040,2023-07-31,Completed,COD,Bhubaneswar,Odisha
O06880,C1339,2024-07-28,Completed,UPI,Bengaluru,Karnataka
O06881,C4653,2025-04-27,Completed,UPI,Bhopal,Madhya Pradesh
O06882,C1322,2023-10-17,Completed,Credit Card,Kochi,Kerala
O06883,C1655,2024-01-02,Completed,COD,Bhopal,Madhya Pradesh
O06884,C3069,2023-01-27,Completed,UPI,Kolkata,West Bengal
O06885,C4739,2024-02-24,Completed,Credit Card,Kolkata,West Bengal
O06886,C0395,2025-06-18,Completed,Debit Card,Delhi,Delhi
O06887,C0792,2025-03-15,Completed,Debit Card,Patna,Bihar
O06888,C3634,2024-09-03,Completed,Debit Card,Hyderabad,Telangana
O06889,C1945,2024-04-16,Cancelled,Net Banking,Lucknow,Uttar Pradesh
O06890,C0744,2024-01-04,Completed,Credit Card,Kochi,Kerala
O06891,C4373,2024-02-14,Returned,COD,Chandigarh,Chandigarh
O06892,C0194,2025-11-14,Returned,Debit Card,Jaipur,Rajasthan
O06893,C4275,2023-06-10,Completed,Debit Card,Bengaluru,Karnataka
O06894,C3898,2024-11-08,Cancelled,Credit Card,Chennai,Tamil Nadu
O06895,C0218,2023-01-13,Completed,UPI,Surat,Gujarat
O06896,C3583,2023-03-29,Completed,UPI,Jaipur,Rajasthan
O06897,C4653,2024-03-14,Completed,Debit Card,Bhopal,Madhya Pradesh
O06898,C3491,2024-02-25,Completed,UPI,Chennai,Tamil Nadu
O06899,C2816,2025-10-27,Completed,Credit Card,Chandigarh,Chandigarh
O06900,C3904,2024-05-14,Returned,Debit Card,Hyderabad,Telangana
O06901,C3924,2023-09-03,Completed,COD,Chandigarh,Chandigarh
O06902,C1786,2023-12-12,Completed,Credit Card,Kochi,Kerala
O06903,C4173,2024-04-24,Cancelled,UPI,Kolkata,West Bengal
O06904,C4695,2025-06-16,Completed,COD,Chandigarh,Chandigarh
O06905,C3834,2024-06-03,Completed,Credit Card,Hyderabad,Telangana
O06906,C1183,2024-03-05,Cancelled,Net Banking,Mumbai,Maharashtra
O06907,C0524,2023-06-19,Completed,COD,Bhubaneswar,Odisha
O06908,C3297,2023-04-29,Completed,Debit Card,Bengaluru,Karnataka
O06909,C4480,2025-01-27,Completed,UPI,Nagpur,Maharashtra
O06910,C0369,2023-03-04,Completed,UPI,Indore,Madhya Pradesh
O06911,C4384,2023-04-19,Completed,COD,Pune,Maharashtra
O06912,C0399,2025-01-15,Completed,UPI,Hyderabad,Telangana
O06913,C2152,2024-12-17,Completed,COD,Bengaluru,Karnataka
O06914,C3881,2024-02-21,Cancelled,Credit Card,Nagpur,Maharashtra
O06915,C0127,2025-06-10,Completed,COD,Chandigarh,Chandigarh
O06916,C2088,2024-12-10,Completed,Credit Card,Delhi,Delhi
O06917,C3144,2024-09-09,Completed,Credit Card,Kochi,Kerala
O06918,C1771,2023-09-09,Completed,Debit Card,Noida,Uttar Pradesh
O06919,C4054,2025-01-07,Completed,COD,Bengaluru,Karnataka
O06920,C0247,2024-05-18,Completed,Debit Card,Bengaluru,Karnataka
O06921,C3319,2023-06-03,Completed,Credit Card,Kochi,Kerala
O06922,C2082,2023-08-12,Completed,UPI,Noida,Uttar Pradesh
O06923,C2058,2024-08-20,Cancelled,COD,Bhubaneswar,Odisha
O06924,C2990,2025-04-25,Cancelled,Credit Card,Chennai,Tamil Nadu
O06925,C3598,2024-11-14,Completed,COD,Gurugram,Haryana
O06926,C0340,2023-06-09,Completed,Net Banking,Indore,Madhya Pradesh
O06927,C2729,2025-12-10,Completed,Debit Card,Hyderabad,Telangana
O06928,C1592,2023-06-21,Completed,UPI,Noida,Uttar Pradesh
O06929,C3162,2025-09-07,Completed,COD,Mumbai,Maharashtra
O06930,C1309,2023-11-28,Completed,UPI,Kolkata,West Bengal
O06931,C4630,2023-03-07,Completed,UPI,Ahmedabad,Gujarat
O06932,C3339,2023-09-28,Completed,UPI,Indore,Madhya Pradesh
O06933,C4905,2025-12-20,Completed,UPI,Chandigarh,Chandigarh
O06934,C2699,2024-11-19,Completed,COD,Kolkata,West Bengal
O06935,C3124,2024-09-20,Completed,UPI,Bengaluru,Karnataka
O06936,C2298,2025-09-28,Completed,UPI,Patna,Bihar
O06937,C2054,2023-09-16,Completed,UPI,Bengaluru,Karnataka
O06938,C4945,2023-11-27,Completed,Debit Card,Hyderabad,Telangana
O06939,C1510,2025-02-21,Completed,UPI,Kochi,Kerala
O06940,C3808,2023-09-24,Completed,UPI,Nagpur,Maharashtra
O06941,C0013,2025-03-04,Completed,Credit Card,Mumbai,Maharashtra
O06942,C4035,2025-10-27,Returned,UPI,Indore,Madhya Pradesh
O06943,C1581,2025-05-09,Completed,Credit Card,Bengaluru,Karnataka
O06944,C3434,2024-03-14,Completed,Net Banking,Delhi,Delhi
O06945,C4634,2024-07-04,Completed,COD,Lucknow,Uttar Pradesh
O06946,C2052,2023-01-04,Completed,UPI,Noida,Uttar Pradesh
O06947,C3877,2024-11-08,Completed,Debit Card,Ahmedabad,Gujarat
O06948,C4818,2023-11-03,Completed,Credit Card,Noida,Uttar Pradesh
O06949,C1824,2024-04-06,Completed,COD,Gurugram,Haryana
O06950,C3431,2023-04-27,Returned,UPI,Chandigarh,Chandigarh
O06951,C2741,2024-07-16,Completed,UPI,Hyderabad,Telangana
O06952,C1789,2025-08-29,Cancelled,COD,Jaipur,Rajasthan
O06953,C1953,2025-11-04,Completed,COD,Bengaluru,Karnataka
O06954,C2705,2023-07-20,Completed,Credit Card,Kochi,Kerala
O06955,C0952,2023-05-04,Completed,UPI,Kolkata,West Bengal
O06956,C4724,2023-06-05,Cancelled,COD,Gurugram,Haryana
O06957,C3421,2024-02-13,Completed,Credit Card,Kolkata,West Bengal
O06958,C3028,2024-04-10,Returned,UPI,Indore,Madhya Pradesh
O06959,C3102,2025-01-23,Completed,COD,Indore,Madhya Pradesh
O06960,C3961,2025-02-10,Cancelled,Credit Card,Jaipur,Rajasthan
O06961,C3589,2025-04-16,Completed,UPI,Pune,Maharashtra
O06962,C3846,2025-09-30,Completed,COD,Nagpur,Maharashtra
O06963,C1148,2025-01-19,Returned,Credit Card,Pune,Maharashtra
O06964,C3518,2024-01-29,Cancelled,Debit Card,Hyderabad,Telangana
O06965,C3059,2023-02-19,Cancelled,COD,Kolkata,West Bengal
O06966,C1418,2024-12-25,Completed,Credit Card,Bhopal,Madhya Pradesh
O06967,C3910,2023-05-24,Returned,UPI,Bengaluru,Karnataka
O06968,C4746,2023-06-15,Completed,Net Banking,Ahmedabad,Gujarat
O06969,C3690,2025-12-26,Completed,UPI,Chandigarh,Chandigarh
O06970,C2773,2025-11-09,Completed,Net Banking,Ahmedabad,Gujarat
O06971,C4908,2024-09-14,Completed,UPI,Bhubaneswar,Odisha
O06972,C2829,2023-03-10,Completed,Credit Card,Nagpur,Maharashtra
O06973,C2170,2024-03-29,Completed,Debit Card,Chandigarh,Chandigarh
O06974,C2250,2023-01-25,Completed,COD,Noida,Uttar Pradesh
O06975,C3859,2023-11-06,Completed,COD,Bengaluru,Karnataka
O06976,C1626,2023-01-12,Completed,UPI,Lucknow,Uttar Pradesh
O06977,C2750,2024-07-30,Completed,UPI,Surat,Gujarat
O06978,C2606,2024-11-24,Completed,UPI,Hyderabad,Telangana
O06979,C1848,2023-08-22,Cancelled,UPI,Surat,Gujarat
O06980,C0579,2025-04-14,Completed,Debit Card,Ahmedabad,Gujarat
O06981,C1137,2025-07-05,Completed,Net Banking,Mumbai,Maharashtra
O06982,C3411,2024-08-13,Completed,Debit Card,Jaipur,Rajasthan
O06983,C3134,2025-04-28,Cancelled,Credit Card,Chennai,Tamil Nadu
O06984,C2275,2024-09-04,Completed,Credit Card,Kochi,Kerala
O06985,C2222,2023-06-01,Cancelled,Credit Card,Bengaluru,Karnataka
O06986,C1158,2023-08-04,Completed,Debit Card,Gurugram,Haryana
O06987,C3859,2024-10-20,Completed,COD,Bengaluru,Karnataka
O06988,C1650,2023-11-06,Cancelled,Debit Card,Kolkata,West Bengal
O06989,C4665,2023-05-29,Completed,Debit Card,Chennai,Tamil Nadu
O06990,C4373,2023-12-03,Completed,Net Banking,Chandigarh,Chandigarh
O06991,C1587,2024-05-21,Completed,COD,Jaipur,Rajasthan
O06992,C1959,2025-08-28,Returned,COD,Pune,Maharashtra
O06993,C2324,2025-10-02,Completed,UPI,Bhopal,Madhya Pradesh
O06994,C0234,2024-03-09,Cancelled,Debit Card,Bengaluru,Karnataka
O06995,C1266,2023-07-23,Completed,Credit Card,Lucknow,Uttar Pradesh
O06996,C0032,2024-04-08,Completed,Debit Card,Jaipur,Rajasthan
O06997,C3439,2025-08-31,Completed,Debit Card,Noida,Uttar Pradesh
O06998,C1372,2023-11-23,Completed,Debit Card,Noida,Uttar Pradesh
O06999,C0760,2023-05-29,Completed,COD,Chandigarh,Chandigarh
O07000,C3204,2023-02-04,Completed,COD,Mumbai,Maharashtra
O07001,C1795,2023-01-01,Completed,Debit Card,Jaipur,Rajasthan
O07002,C4889,2024-04-12,Completed,COD,Bhopal,Madhya Pradesh
O07003,C0762,2024-08-26,Completed,COD,Hyderabad,Telangana
O07004,C4361,2024-04-10,Completed,UPI,Lucknow,Uttar Pradesh
O07005,C4081,2024-03-26,Returned,UPI,Bengaluru,Karnataka
O07006,C0282,2024-08-25,Returned,UPI,Gurugram,Haryana
O07007,C4072,2023-03-11,Completed,Credit Card,Noida,Uttar Pradesh
O07008,C3904,2023-09-14,Completed,Credit Card,Hyderabad,Telangana
O07009,C4626,2025-05-16,Completed,Debit Card,Indore,Madhya Pradesh
O07010,C4056,2025-10-17,Completed,COD,Kochi,Kerala
O07011,C0816,2023-04-02,Completed,UPI,Chennai,Tamil Nadu
O07012,C4560,2024-08-16,Cancelled,COD,Ahmedabad,Gujarat
O07013,C1471,2024-01-07,Cancelled,UPI,Bengaluru,Karnataka
O07014,C3288,2025-06-11,Completed,COD,Chandigarh,Chandigarh
O07015,C4260,2023-04-09,Returned,COD,Indore,Madhya Pradesh
O07016,C2586,2024-05-24,Completed,Debit Card,Bhubaneswar,Odisha
O07017,C0511,2025-09-12,Cancelled,UPI,Ahmedabad,Gujarat
O07018,C0555,2025-08-26,Completed,UPI,Indore,Madhya Pradesh
O07019,C3706,2025-08-19,Completed,COD,Kochi,Kerala
O07020,C1307,2023-09-03,Completed,UPI,Chennai,Tamil Nadu
O07021,C3143,2025-03-11,Cancelled,Credit Card,Kochi,Kerala
O07022,C0259,2023-10-06,Completed,Credit Card,Kochi,Kerala
O07023,C1225,2025-02-12,Cancelled,Debit Card,Indore,Madhya Pradesh
O07024,C1666,2025-05-02,Completed,Credit Card,Lucknow,Uttar Pradesh
O07025,C1404,2024-03-06,Cancelled,Debit Card,Pune,Maharashtra
O07026,C1866,2024-03-17,Returned,COD,Hyderabad,Telangana
O07027,C0766,2023-09-22,Completed,Debit Card,Chandigarh,Chandigarh
O07028,C0065,2024-05-29,Returned,UPI,Ahmedabad,Gujarat
O07029,C3450,2024-03-20,Completed,COD,Chennai,Tamil Nadu
O07030,C2706,2023-08-11,Cancelled,Credit Card,Bhubaneswar,Odisha
O07031,C4975,2025-01-31,Completed,Credit Card,Bhopal,Madhya Pradesh
O07032,C0196,2023-07-11,Completed,Credit Card,Surat,Gujarat
O07033,C1384,2024-07-11,Completed,Credit Card,Bengaluru,Karnataka
O07034,C2436,2025-03-17,Completed,Debit Card,Kochi,Kerala
O07035,C4161,2023-09-26,Completed,Credit Card,Bhopal,Madhya Pradesh
O07036,C1451,2025-11-30,Completed,COD,Kochi,Kerala
O07037,C0223,2024-10-12,Returned,COD,Delhi,Delhi
O07038,C0442,2023-02-10,Completed,UPI,Pune,Maharashtra
O07039,C1438,2024-03-08,Completed,UPI,Chennai,Tamil Nadu
O07040,C3188,2025-03-13,Cancelled,COD,Bhubaneswar,Odisha
O07041,C4999,2025-07-19,Cancelled,UPI,Mumbai,Maharashtra
O07042,C2368,2023-11-19,Completed,UPI,Kolkata,West Bengal
O07043,C4866,2025-06-18,Completed,Credit Card,Lucknow,Uttar Pradesh
O07044,C0883,2025-05-13,Completed,UPI,Ahmedabad,Gujarat
O07045,C0451,2025-05-30,Completed,UPI,Jaipur,Rajasthan
O07046,C0743,2023-12-06,Completed,UPI,Indore,Madhya Pradesh
O07047,C1545,2024-02-24,Completed,Debit Card,Ahmedabad,Gujarat
O07048,C3351,2024-07-21,Completed,COD,Patna,Bihar
O07049,C2830,2025-01-12,Completed,UPI,Lucknow,Uttar Pradesh
O07050,C2614,2023-09-17,Completed,Credit Card,Surat,Gujarat
O07051,C1916,2025-01-01,Completed,UPI,Surat,Gujarat
O07052,C1249,2024-11-10,Completed,Credit Card,Bhopal,Madhya Pradesh
O07053,C0528,2024-11-13,Cancelled,UPI,Hyderabad,Telangana
O07054,C4820,2025-10-07,Cancelled,UPI,Jaipur,Rajasthan
O07055,C0241,2025-06-14,Completed,Net Banking,Hyderabad,Telangana
O07056,C2143,2025-07-20,Completed,Net Banking,Pune,Maharashtra
O07057,C0365,2024-04-25,Completed,Credit Card,Jaipur,Rajasthan
O07058,C1209,2023-10-18,Completed,UPI,Nagpur,Maharashtra
O07059,C4121,2025-03-11,Completed,Credit Card,Patna,Bihar
O07060,C2366,2024-10-08,Completed,Net Banking,Pune,Maharashtra
O07061,C2962,2023-04-15,Completed,UPI,Chennai,Tamil Nadu
O07062,C4658,2023-07-09,Completed,UPI,Pune,Maharashtra
O07063,C4777,2024-01-12,Completed,Debit Card,Chandigarh,Chandigarh
O07064,C2148,2024-11-13,Completed,Debit Card,Pune,Maharashtra
O07065,C2418,2025-11-07,Completed,UPI,Jaipur,Rajasthan
O07066,C1617,2023-09-16,Completed,COD,Gurugram,Haryana
O07067,C1036,2025-04-06,Completed,Debit Card,Kochi,Kerala
O07068,C0720,2024-01-07,Completed,UPI,Chandigarh,Chandigarh
O07069,C4683,2025-09-13,Completed,UPI,Kolkata,West Bengal
O07070,C0974,2025-04-11,Completed,Net Banking,Nagpur,Maharashtra
O07071,C1847,2025-08-26,Completed,Debit Card,Mumbai,Maharashtra
O07072,C1372,2024-08-15,Completed,UPI,Noida,Uttar Pradesh
O07073,C1467,2023-03-01,Completed,Credit Card,Kochi,Kerala
O07074,C0691,2023-04-15,Completed,Credit Card,Patna,Bihar
O07075,C0088,2025-05-26,Completed,Debit Card,Delhi,Delhi
O07076,C2513,2025-12-05,Completed,UPI,Pune,Maharashtra
O07077,C3849,2024-10-05,Completed,UPI,Indore,Madhya Pradesh
O07078,C0494,2023-09-24,Completed,UPI,Pune,Maharashtra
O07079,C1246,2025-08-13,Completed,Net Banking,Nagpur,Maharashtra
O07080,C1142,2023-10-07,Completed,COD,Lucknow,Uttar Pradesh
O07081,C4232,2024-06-08,Completed,Credit Card,Gurugram,Haryana
O07082,C0978,2025-05-13,Completed,Credit Card,Ahmedabad,Gujarat
O07083,C2235,2023-01-26,Completed,UPI,Gurugram,Haryana
O07084,C0542,2024-07-05,Completed,Credit Card,Ahmedabad,Gujarat
O07085,C1403,2025-03-08,Completed,Debit Card,Kolkata,West Bengal
O07086,C0811,2025-12-23,Completed,Debit Card,Patna,Bihar
O07087,C4508,2023-04-21,Completed,UPI,Bhopal,Madhya Pradesh
O07088,C3493,2024-02-26,Cancelled,Debit Card,Bhopal,Madhya Pradesh
O07089,C4313,2025-06-23,Cancelled,COD,Kochi,Kerala
O07090,C4926,2024-12-26,Returned,UPI,Hyderabad,Telangana
O07091,C1134,2023-10-21,Cancelled,Debit Card,Hyderabad,Telangana
O07092,C4381,2025-03-14,Returned,COD,Lucknow,Uttar Pradesh
O07093,C4866,2024-01-19,Cancelled,UPI,Lucknow,Uttar Pradesh
O07094,C0569,2023-10-10,Completed,Debit Card,Delhi,Delhi
O07095,C3001,2025-02-02,Completed,UPI,Chandigarh,Chandigarh
O07096,C1322,2025-08-24,Completed,Debit Card,Kochi,Kerala
O07097,C2745,2023-07-13,Completed,Credit Card,Jaipur,Rajasthan
O07098,C4626,2025-04-21,Completed,COD,Indore,Madhya Pradesh
O07099,C3579,2024-09-10,Returned,Credit Card,Nagpur,Maharashtra
O07100,C1768,2025-10-16,Returned,Credit Card,Delhi,Delhi
O07101,C2075,2023-07-25,Completed,Net Banking,Kochi,Kerala
O07102,C2044,2024-09-30,Completed,Net Banking,Jaipur,Rajasthan
O07103,C1142,2023-03-05,Completed,UPI,Lucknow,Uttar Pradesh
O07104,C1078,2025-11-06,Completed,Credit Card,Kochi,Kerala
O07105,C4600,2023-08-16,Completed,UPI,Noida,Uttar Pradesh
O07106,C0152,2024-12-02,Cancelled,UPI,Jaipur,Rajasthan
O07107,C4833,2024-01-30,Cancelled,Debit Card,Kochi,Kerala
O07108,C0479,2025-01-02,Completed,UPI,Pune,Maharashtra
O07109,C3234,2023-10-25,Completed,UPI,Nagpur,Maharashtra
O07110,C1686,2025-10-17,Completed,Debit Card,Chennai,Tamil Nadu
O07111,C3492,2025-01-30,Completed,Debit Card,Bengaluru,Karnataka
O07112,C1372,2024-12-02,Completed,COD,Noida,Uttar Pradesh
O07113,C3901,2024-06-07,Returned,Credit Card,Mumbai,Maharashtra
O07114,C4946,2024-07-06,Completed,Net Banking,Bhopal,Madhya Pradesh
O07115,C2602,2023-05-06,Completed,Debit Card,Chennai,Tamil Nadu
O07116,C3424,2023-08-14,Returned,Credit Card,Lucknow,Uttar Pradesh
O07117,C1697,2024-12-22,Completed,Debit Card,Kochi,Kerala
O07118,C3658,2023-11-29,Completed,Debit Card,Surat,Gujarat
O07119,C3977,2023-11-26,Completed,UPI,Delhi,Delhi
O07120,C1399,2025-06-28,Completed,UPI,Patna,Bihar
O07121,C3981,2023-06-20,Completed,Debit Card,Gurugram,Haryana
O07122,C1402,2025-07-04,Completed,Credit Card,Hyderabad,Telangana
O07123,C1709,2023-01-01,Completed,Credit Card,Delhi,Delhi
O07124,C1413,2025-05-25,Cancelled,Net Banking,Noida,Uttar Pradesh
O07125,C3231,2025-05-10,Completed,UPI,Gurugram,Haryana
O07126,C2503,2023-08-29,Completed,Debit Card,Delhi,Delhi
O07127,C4723,2024-08-06,Completed,Net Banking,Bengaluru,Karnataka
O07128,C1265,2024-08-23,Completed,UPI,Chandigarh,Chandigarh
O07129,C2260,2023-01-20,Returned,UPI,Hyderabad,Telangana
O07130,C0363,2024-04-17,Cancelled,UPI,Gurugram,Haryana
O07131,C2646,2023-05-21,Completed,UPI,Delhi,Delhi
O07132,C1533,2024-11-17,Completed,Credit Card,Nagpur,Maharashtra
O07133,C4753,2023-02-19,Completed,Debit Card,Bengaluru,Karnataka
O07134,C1384,2024-01-26,Cancelled,COD,Bengaluru,Karnataka
O07135,C0667,2025-12-14,Completed,UPI,Noida,Uttar Pradesh
O07136,C2813,2025-12-10,Completed,Credit Card,Kochi,Kerala
O07137,C2476,2024-05-04,Completed,COD,Noida,Uttar Pradesh
O07138,C3101,2023-09-27,Completed,COD,Chandigarh,Chandigarh
O07139,C3402,2023-12-28,Completed,UPI,Indore,Madhya Pradesh
O07140,C3106,2023-05-25,Cancelled,UPI,Patna,Bihar
O07141,C2552,2024-08-11,Completed,COD,Ahmedabad,Gujarat
O07142,C3900,2024-01-10,Completed,UPI,Noida,Uttar Pradesh
O07143,C2152,2025-10-21,Completed,Credit Card,Bengaluru,Karnataka
O07144,C0388,2024-06-21,Returned,UPI,Bhubaneswar,Odisha
O07145,C3162,2025-11-23,Completed,UPI,Mumbai,Maharashtra
O07146,C2381,2023-11-14,Completed,UPI,Hyderabad,Telangana
O07147,C0377,2024-08-07,Completed,Debit Card,Chennai,Tamil Nadu
O07148,C4336,2024-07-16,Cancelled,Debit Card,Bengaluru,Karnataka
O07149,C4278,2024-07-06,Completed,UPI,Mumbai,Maharashtra
O07150,C1281,2023-11-07,Completed,UPI,Surat,Gujarat
O07151,C0744,2025-07-12,Completed,Credit Card,Kochi,Kerala
O07152,C4937,2023-04-04,Completed,UPI,Jaipur,Rajasthan
O07153,C3487,2023-07-08,Completed,UPI,Ahmedabad,Gujarat
O07154,C1069,2024-10-08,Completed,UPI,Mumbai,Maharashtra
O07155,C1009,2023-07-23,Completed,UPI,Bhubaneswar,Odisha
O07156,C4694,2023-02-23,Completed,Debit Card,Indore,Madhya Pradesh
O07157,C4297,2025-08-29,Completed,COD,Patna,Bihar
O07158,C0343,2023-04-04,Completed,UPI,Delhi,Delhi
O07159,C3284,2023-11-10,Completed,UPI,Kolkata,West Bengal
O07160,C0631,2023-12-26,Completed,Credit Card,Kochi,Kerala
O07161,C0298,2023-06-17,Completed,UPI,Delhi,Delhi
O07162,C0698,2025-09-08,Completed,Net Banking,Surat,Gujarat
O07163,C1506,2024-02-02,Returned,UPI,Kochi,Kerala
O07164,C2761,2024-06-20,Completed,UPI,Bhopal,Madhya Pradesh
O07165,C2826,2024-01-29,Completed,Credit Card,Bhubaneswar,Odisha
O07166,C0379,2023-02-17,Completed,Credit Card,Bhopal,Madhya Pradesh
O07167,C2796,2024-12-01,Returned,Debit Card,Jaipur,Rajasthan
O07168,C0706,2023-02-22,Cancelled,Net Banking,Gurugram,Haryana
O07169,C2415,2023-08-29,Completed,UPI,Kochi,Kerala
O07170,C0771,2025-06-23,Completed,UPI,Mumbai,Maharashtra
O07171,C4002,2025-11-16,Completed,UPI,Gurugram,Haryana
O07172,C1095,2025-12-18,Completed,Debit Card,Patna,Bihar
O07173,C3465,2025-08-18,Returned,Debit Card,Mumbai,Maharashtra
O07174,C3595,2025-12-16,Completed,Credit Card,Hyderabad,Telangana
O07175,C4445,2024-03-25,Completed,UPI,Noida,Uttar Pradesh
O07176,C1232,2024-03-08,Completed,Credit Card,Indore,Madhya Pradesh
O07177,C1447,2025-04-26,Completed,COD,Lucknow,Uttar Pradesh
O07178,C4189,2025-08-23,Completed,Debit Card,Patna,Bihar
O07179,C2403,2025-05-15,Completed,Debit Card,Patna,Bihar
O07180,C1827,2023-07-01,Completed,UPI,Nagpur,Maharashtra
O07181,C3848,2023-07-02,Completed,COD,Bhubaneswar,Odisha
O07182,C1093,2023-06-05,Completed,UPI,Chennai,Tamil Nadu
O07183,C4678,2023-04-07,Cancelled,Credit Card,Indore,Madhya Pradesh
O07184,C1721,2025-07-25,Completed,COD,Indore,Madhya Pradesh
O07185,C0883,2025-02-27,Completed,COD,Ahmedabad,Gujarat
O07186,C0124,2023-08-26,Completed,UPI,Hyderabad,Telangana
O07187,C3491,2023-01-13,Completed,Credit Card,Chennai,Tamil Nadu
O07188,C3595,2025-05-07,Completed,UPI,Hyderabad,Telangana
O07189,C0603,2023-07-01,Completed,COD,Chandigarh,Chandigarh
O07190,C3832,2025-02-01,Completed,UPI,Indore,Madhya Pradesh
O07191,C0305,2025-03-03,Completed,Credit Card,Noida,Uttar Pradesh
O07192,C3229,2023-06-26,Completed,Net Banking,Noida,Uttar Pradesh
O07193,C3160,2025-05-21,Returned,COD,Ahmedabad,Gujarat
O07194,C1252,2025-07-20,Completed,UPI,Bengaluru,Karnataka
O07195,C0937,2024-08-05,Completed,UPI,Hyderabad,Telangana
O07196,C3718,2025-06-05,Completed,UPI,Bhopal,Madhya Pradesh
O07197,C2314,2025-05-30,Completed,Debit Card,Pune,Maharashtra
O07198,C2132,2023-03-10,Completed,Debit Card,Gurugram,Haryana
O07199,C3284,2023-11-04,Returned,UPI,Kolkata,West Bengal
O07200,C3290,2025-09-17,Completed,UPI,Chandigarh,Chandigarh
O07201,C4845,2024-11-21,Completed,UPI,Patna,Bihar
O07202,C2199,2023-02-22,Completed,Credit Card,Lucknow,Uttar Pradesh
O07203,C0686,2023-08-04,Completed,COD,Mumbai,Maharashtra
O07204,C4236,2024-12-14,Completed,UPI,Nagpur,Maharashtra
O07205,C0055,2023-02-07,Completed,Debit Card,Lucknow,Uttar Pradesh
O07206,C3213,2025-10-05,Completed,COD,Nagpur,Maharashtra
O07207,C4170,2023-01-31,Completed,Debit Card,Kochi,Kerala
O07208,C3207,2024-01-28,Completed,UPI,Bhopal,Madhya Pradesh
O07209,C2956,2025-03-10,Completed,Credit Card,Patna,Bihar
O07210,C1945,2024-02-29,Completed,COD,Lucknow,Uttar Pradesh
O07211,C0642,2025-10-25,Completed,UPI,Mumbai,Maharashtra
O07212,C4840,2024-11-21,Completed,Net Banking,Surat,Gujarat
O07213,C0062,2025-12-13,Completed,UPI,Kochi,Kerala
O07214,C1224,2025-02-18,Completed,UPI,Chandigarh,Chandigarh
O07215,C2538,2023-07-19,Completed,COD,Bengaluru,Karnataka
O07216,C0493,2025-02-14,Completed,COD,Lucknow,Uttar Pradesh
O07217,C1140,2023-08-14,Completed,UPI,Kolkata,West Bengal
O07218,C1256,2024-04-15,Completed,UPI,Bhopal,Madhya Pradesh
O07219,C2496,2023-01-18,Returned,Net Banking,Bengaluru,Karnataka
O07220,C3286,2024-09-20,Completed,UPI,Delhi,Delhi
O07221,C2256,2023-01-10,Completed,UPI,Jaipur,Rajasthan
O07222,C1002,2025-11-28,Completed,UPI,Noida,Uttar Pradesh
O07223,C1126,2023-02-10,Completed,Debit Card,Hyderabad,Telangana
O07224,C3882,2024-09-11,Completed,COD,Jaipur,Rajasthan
O07225,C4106,2023-02-13,Completed,UPI,Gurugram,Haryana
O07226,C3545,2023-07-16,Cancelled,UPI,Indore,Madhya Pradesh
O07227,C1147,2023-10-26,Completed,Credit Card,Chandigarh,Chandigarh
O07228,C0787,2023-07-28,Completed,Debit Card,Delhi,Delhi
O07229,C2052,2024-04-03,Completed,Debit Card,Noida,Uttar Pradesh
O07230,C0259,2025-05-28,Completed,UPI,Kochi,Kerala
O07231,C3850,2025-02-27,Completed,UPI,Delhi,Delhi
O07232,C4617,2024-05-29,Completed,UPI,Bhubaneswar,Odisha
O07233,C0716,2024-01-18,Completed,UPI,Kochi,Kerala
O07234,C1644,2024-07-01,Completed,UPI,Mumbai,Maharashtra
O07235,C0124,2024-05-21,Completed,Net Banking,Hyderabad,Telangana
O07236,C1774,2023-11-26,Completed,UPI,Ahmedabad,Gujarat
O07237,C0922,2025-10-03,Returned,COD,Mumbai,Maharashtra
O07238,C2178,2024-05-02,Completed,Credit Card,Mumbai,Maharashtra
O07239,C1504,2025-03-24,Returned,Net Banking,Surat,Gujarat
O07240,C1853,2024-04-26,Completed,UPI,Indore,Madhya Pradesh
O07241,C2125,2024-04-16,Completed,UPI,Indore,Madhya Pradesh
O07242,C3255,2025-10-16,Completed,UPI,Gurugram,Haryana
O07243,C2414,2025-10-19,Completed,Debit Card,Indore,Madhya Pradesh
O07244,C4388,2024-03-09,Completed,UPI,Ahmedabad,Gujarat
O07245,C0157,2023-01-16,Completed,COD,Bhopal,Madhya Pradesh
O07246,C1124,2025-09-09,Completed,Debit Card,Patna,Bihar
O07247,C0918,2024-09-11,Completed,Credit Card,Delhi,Delhi
O07248,C1703,2024-11-19,Completed,Credit Card,Delhi,Delhi
O07249,C1666,2023-03-06,Completed,UPI,Lucknow,Uttar Pradesh
O07250,C4234,2024-07-28,Completed,UPI,Noida,Uttar Pradesh
O07251,C2112,2025-03-30,Completed,Credit Card,Noida,Uttar Pradesh
O07252,C3715,2023-03-14,Completed,UPI,Ahmedabad,Gujarat
O07253,C2555,2023-07-23,Completed,COD,Bengaluru,Karnataka
O07254,C3025,2023-09-11,Completed,COD,Delhi,Delhi
O07255,C4036,2024-09-04,Returned,Debit Card,Patna,Bihar
O07256,C2837,2023-07-14,Returned,Credit Card,Nagpur,Maharashtra
O07257,C2398,2023-09-08,Completed,Credit Card,Delhi,Delhi
O07258,C2195,2024-07-03,Cancelled,Credit Card,Delhi,Delhi
O07259,C1556,2025-08-12,Cancelled,Debit Card,Lucknow,Uttar Pradesh
O07260,C3626,2023-11-06,Completed,UPI,Surat,Gujarat
O07261,C2910,2024-10-14,Completed,Credit Card,Ahmedabad,Gujarat
O07262,C4503,2024-03-16,Cancelled,COD,Delhi,Delhi
O07263,C0344,2023-10-02,Completed,Credit Card,Ahmedabad,Gujarat
O07264,C4748,2024-06-22,Completed,UPI,Surat,Gujarat
O07265,C1545,2025-01-12,Completed,UPI,Ahmedabad,Gujarat
O07266,C3997,2023-01-13,Completed,Debit Card,Patna,Bihar
O07267,C2819,2024-09-01,Completed,Net Banking,Chandigarh,Chandigarh
O07268,C0039,2023-07-11,Cancelled,COD,Mumbai,Maharashtra
O07269,C4383,2024-11-28,Completed,COD,Indore,Madhya Pradesh
O07270,C4987,2023-01-19,Completed,Net Banking,Gurugram,Haryana
O07271,C4758,2023-12-05,Completed,UPI,Pune,Maharashtra
O07272,C3424,2025-02-09,Completed,UPI,Lucknow,Uttar Pradesh
O07273,C1029,2024-08-01,Completed,UPI,Nagpur,Maharashtra
O07274,C0236,2023-01-26,Completed,Credit Card,Delhi,Delhi
O07275,C0969,2025-10-26,Cancelled,UPI,Hyderabad,Telangana
O07276,C1231,2025-11-16,Completed,UPI,Kochi,Kerala
O07277,C0239,2023-04-15,Completed,Credit Card,Nagpur,Maharashtra
O07278,C1855,2025-02-22,Completed,UPI,Surat,Gujarat
O07279,C4925,2023-10-30,Completed,Debit Card,Indore,Madhya Pradesh
O07280,C0052,2025-11-01,Completed,UPI,Hyderabad,Telangana
O07281,C2156,2025-11-07,Completed,Net Banking,Chennai,Tamil Nadu
O07282,C1381,2024-10-03,Completed,COD,Ahmedabad,Gujarat
O07283,C1057,2023-06-23,Completed,COD,Pune,Maharashtra
O07284,C0022,2024-03-24,Completed,COD,Surat,Gujarat
O07285,C0307,2023-02-23,Completed,Debit Card,Mumbai,Maharashtra
O07286,C4107,2023-03-19,Completed,UPI,Bhopal,Madhya Pradesh
O07287,C2610,2024-03-14,Completed,Debit Card,Jaipur,Rajasthan
O07288,C4294,2025-02-20,Completed,Debit Card,Bhubaneswar,Odisha
O07289,C3601,2023-06-21,Completed,UPI,Jaipur,Rajasthan
O07290,C1966,2024-07-03,Completed,Debit Card,Chandigarh,Chandigarh
O07291,C4647,2023-12-27,Completed,Credit Card,Mumbai,Maharashtra
O07292,C3579,2023-08-24,Completed,Credit Card,Nagpur,Maharashtra
O07293,C2544,2024-03-08,Completed,UPI,Kochi,Kerala
O07294,C0505,2025-11-05,Cancelled,Debit Card,Bhopal,Madhya Pradesh
O07295,C0137,2025-01-07,Completed,Net Banking,Kolkata,West Bengal
O07296,C1303,2025-04-29,Completed,COD,Nagpur,Maharashtra
O07297,C4015,2024-09-18,Completed,UPI,Surat,Gujarat
O07298,C3615,2023-09-04,Completed,Net Banking,Nagpur,Maharashtra
O07299,C4948,2024-07-02,Completed,UPI,Chandigarh,Chandigarh
O07300,C4807,2025-08-22,Completed,UPI,Delhi,Delhi
O07301,C0507,2023-06-16,Completed,Net Banking,Kolkata,West Bengal
O07302,C4782,2023-12-19,Completed,COD,Hyderabad,Telangana
O07303,C1534,2024-12-03,Cancelled,COD,Ahmedabad,Gujarat
O07304,C3642,2023-12-19,Completed,UPI,Delhi,Delhi
O07305,C4004,2024-07-27,Completed,UPI,Lucknow,Uttar Pradesh
O07306,C0708,2025-11-28,Completed,UPI,Chennai,Tamil Nadu
O07307,C1624,2023-11-19,Completed,COD,Jaipur,Rajasthan
O07308,C4238,2025-08-15,Completed,UPI,Bhubaneswar,Odisha
O07309,C2329,2023-01-29,Returned,UPI,Ahmedabad,Gujarat
O07310,C3015,2025-01-08,Completed,UPI,Chandigarh,Chandigarh
O07311,C1708,2024-06-26,Completed,Debit Card,Bhopal,Madhya Pradesh
O07312,C0302,2024-07-21,Completed,Credit Card,Bengaluru,Karnataka
O07313,C2445,2025-05-18,Completed,Net Banking,Kolkata,West Bengal
O07314,C0318,2024-11-28,Completed,UPI,Bengaluru,Karnataka
O07315,C2956,2023-07-18,Completed,COD,Patna,Bihar
O07316,C2928,2024-11-13,Completed,Credit Card,Jaipur,Rajasthan
O07317,C0858,2023-07-01,Completed,Debit Card,Bhopal,Madhya Pradesh
O07318,C2721,2023-05-10,Returned,UPI,Pune,Maharashtra
O07319,C3023,2023-05-11,Completed,Debit Card,Hyderabad,Telangana
O07320,C0677,2024-10-15,Completed,UPI,Nagpur,Maharashtra
O07321,C0379,2025-10-25,Returned,Debit Card,Bhopal,Madhya Pradesh
O07322,C0217,2025-04-28,Completed,Credit Card,Pune,Maharashtra
O07323,C3701,2023-06-16,Completed,UPI,Mumbai,Maharashtra
O07324,C2897,2024-01-20,Completed,Credit Card,Lucknow,Uttar Pradesh
O07325,C4964,2025-01-11,Completed,COD,Surat,Gujarat
O07326,C4530,2023-07-06,Returned,UPI,Gurugram,Haryana
O07327,C4852,2024-07-11,Completed,UPI,Noida,Uttar Pradesh
O07328,C2990,2023-04-25,Completed,Credit Card,Chennai,Tamil Nadu
O07329,C3831,2025-10-15,Completed,Debit Card,Bhubaneswar,Odisha
O07330,C3657,2025-05-07,Completed,Credit Card,Bhopal,Madhya Pradesh
O07331,C1507,2025-08-31,Completed,UPI,Nagpur,Maharashtra
O07332,C1291,2023-08-27,Completed,UPI,Chandigarh,Chandigarh
O07333,C1940,2023-11-05,Completed,UPI,Chennai,Tamil Nadu
O07334,C4695,2023-01-16,Completed,UPI,Chandigarh,Chandigarh
O07335,C0236,2023-03-03,Completed,COD,Delhi,Delhi
O07336,C1784,2024-12-06,Completed,UPI,Gurugram,Haryana
O07337,C4196,2023-10-19,Completed,UPI,Chandigarh,Chandigarh
O07338,C2787,2025-01-16,Cancelled,Net Banking,Hyderabad,Telangana
O07339,C1378,2025-03-02,Completed,Net Banking,Chandigarh,Chandigarh
O07340,C2756,2023-08-29,Completed,UPI,Chennai,Tamil Nadu
O07341,C2084,2025-07-13,Completed,Credit Card,Bhubaneswar,Odisha
O07342,C4410,2025-08-10,Completed,Debit Card,Chennai,Tamil Nadu
O07343,C4096,2024-06-10,Cancelled,UPI,Ahmedabad,Gujarat
O07344,C4647,2025-01-11,Completed,Debit Card,Mumbai,Maharashtra
O07345,C4613,2023-06-25,Completed,Net Banking,Bhubaneswar,Odisha
O07346,C2701,2025-03-14,Completed,Credit Card,Hyderabad,Telangana
O07347,C4105,2025-01-27,Completed,Credit Card,Chennai,Tamil Nadu
O07348,C3550,2025-12-12,Completed,Debit Card,Hyderabad,Telangana
O07349,C4153,2023-12-01,Completed,Debit Card,Pune,Maharashtra
O07350,C2331,2025-06-17,Completed,COD,Lucknow,Uttar Pradesh
O07351,C4557,2024-10-20,Completed,UPI,Gurugram,Haryana
O07352,C3762,2023-10-20,Completed,COD,Bhopal,Madhya Pradesh
O07353,C2012,2024-03-18,Completed,COD,Nagpur,Maharashtra
O07354,C2642,2024-08-22,Completed,UPI,Mumbai,Maharashtra
O07355,C2113,2025-02-04,Completed,UPI,Kolkata,West Bengal
O07356,C3501,2025-03-13,Cancelled,Credit Card,Delhi,Delhi
O07357,C4951,2025-06-30,Completed,Credit Card,Lucknow,Uttar Pradesh
O07358,C4232,2023-03-12,Completed,Net Banking,Gurugram,Haryana
O07359,C4858,2025-07-19,Completed,UPI,Bengaluru,Karnataka
O07360,C1010,2025-10-28,Returned,Credit Card,Kolkata,West Bengal
O07361,C1630,2025-08-13,Completed,Credit Card,Delhi,Delhi
O07362,C3120,2025-02-18,Completed,Credit Card,Nagpur,Maharashtra
O07363,C0850,2025-10-16,Completed,Debit Card,Nagpur,Maharashtra
O07364,C2868,2025-05-27,Cancelled,Credit Card,Nagpur,Maharashtra
O07365,C2040,2023-12-02,Completed,UPI,Delhi,Delhi
O07366,C3236,2024-09-18,Completed,COD,Surat,Gujarat
O07367,C0479,2024-02-23,Completed,UPI,Pune,Maharashtra
O07368,C1311,2023-08-25,Completed,UPI,Kochi,Kerala
O07369,C4632,2024-05-20,Completed,Debit Card,Ahmedabad,Gujarat
O07370,C2144,2025-09-07,Completed,Credit Card,Bhubaneswar,Odisha
O07371,C0414,2024-02-03,Completed,Credit Card,Noida,Uttar Pradesh
O07372,C1657,2024-09-02,Completed,Credit Card,Chandigarh,Chandigarh
O07373,C2632,2025-08-12,Completed,Credit Card,Noida,Uttar Pradesh
O07374,C3937,2023-01-02,Completed,Credit Card,Kochi,Kerala
O07375,C1395,2023-01-16,Completed,UPI,Delhi,Delhi
O07376,C2624,2023-10-06,Completed,Net Banking,Hyderabad,Telangana
O07377,C2291,2024-01-05,Completed,Credit Card,Ahmedabad,Gujarat
O07378,C0639,2025-08-20,Returned,UPI,Delhi,Delhi
O07379,C3445,2025-06-05,Completed,Debit Card,Hyderabad,Telangana
O07380,C0353,2024-01-13,Completed,COD,Indore,Madhya Pradesh
O07381,C4522,2025-12-14,Cancelled,UPI,Kolkata,West Bengal
O07382,C3149,2023-07-27,Completed,UPI,Ahmedabad,Gujarat
O07383,C4606,2023-05-12,Completed,Credit Card,Delhi,Delhi
O07384,C3589,2023-06-27,Completed,UPI,Pune,Maharashtra
O07385,C0140,2025-01-23,Completed,COD,Bhubaneswar,Odisha
O07386,C0252,2024-03-12,Completed,Credit Card,Bengaluru,Karnataka
O07387,C0669,2025-08-20,Completed,UPI,Gurugram,Haryana
O07388,C3843,2024-11-09,Completed,Net Banking,Chandigarh,Chandigarh
O07389,C0317,2024-06-08,Completed,Credit Card,Lucknow,Uttar Pradesh
O07390,C4019,2023-03-12,Completed,COD,Nagpur,Maharashtra
O07391,C2927,2023-02-23,Completed,Credit Card,Chandigarh,Chandigarh
O07392,C2010,2023-01-13,Completed,Credit Card,Surat,Gujarat
O07393,C2946,2023-03-21,Completed,Credit Card,Hyderabad,Telangana
O07394,C1053,2024-04-20,Completed,Credit Card,Kochi,Kerala
O07395,C4637,2025-12-19,Completed,UPI,Ahmedabad,Gujarat
O07396,C3564,2025-12-06,Completed,Net Banking,Kochi,Kerala
O07397,C1124,2024-12-14,Cancelled,UPI,Patna,Bihar
O07398,C1344,2025-11-25,Completed,Credit Card,Bengaluru,Karnataka
O07399,C0570,2023-10-13,Completed,UPI,Bengaluru,Karnataka
O07400,C4819,2025-08-01,Completed,Net Banking,Nagpur,Maharashtra
O07401,C3722,2023-08-16,Completed,Credit Card,Nagpur,Maharashtra
O07402,C3917,2023-06-20,Returned,COD,Surat,Gujarat
O07403,C1001,2024-06-07,Cancelled,Credit Card,Pune,Maharashtra
O07404,C2924,2023-10-25,Completed,COD,Noida,Uttar Pradesh
O07405,C2237,2024-04-01,Completed,Credit Card,Chennai,Tamil Nadu
O07406,C4546,2024-04-22,Completed,Credit Card,Bhubaneswar,Odisha
O07407,C3926,2023-09-29,Returned,Credit Card,Bhubaneswar,Odisha
O07408,C3253,2024-04-05,Completed,UPI,Jaipur,Rajasthan
O07409,C3393,2024-03-09,Completed,UPI,Hyderabad,Telangana
O07410,C2331,2024-09-18,Completed,Net Banking,Lucknow,Uttar Pradesh
O07411,C3393,2025-03-06,Completed,Debit Card,Hyderabad,Telangana
O07412,C2618,2024-09-12,Completed,COD,Mumbai,Maharashtra
O07413,C4121,2024-01-31,Completed,UPI,Patna,Bihar
O07414,C4356,2025-05-09,Completed,Credit Card,Mumbai,Maharashtra
O07415,C2014,2025-07-18,Completed,UPI,Bhopal,Madhya Pradesh
O07416,C1928,2024-01-22,Completed,Debit Card,Lucknow,Uttar Pradesh
O07417,C2545,2024-06-17,Completed,COD,Bhubaneswar,Odisha
O07418,C4548,2023-08-02,Completed,Debit Card,Nagpur,Maharashtra
O07419,C4796,2024-02-01,Completed,UPI,Patna,Bihar
O07420,C3720,2023-02-13,Completed,UPI,Chennai,Tamil Nadu
O07421,C3674,2024-08-14,Completed,Debit Card,Kochi,Kerala
O07422,C1552,2024-01-01,Completed,Debit Card,Indore,Madhya Pradesh
O07423,C1683,2023-06-23,Returned,UPI,Nagpur,Maharashtra
O07424,C0385,2023-09-30,Completed,Credit Card,Indore,Madhya Pradesh
O07425,C4709,2024-05-04,Completed,UPI,Hyderabad,Telangana
O07426,C3037,2024-08-24,Returned,UPI,Gurugram,Haryana
O07427,C2267,2025-12-30,Completed,Credit Card,Patna,Bihar
O07428,C4653,2024-09-03,Completed,Debit Card,Bhopal,Madhya Pradesh
O07429,C4446,2023-11-23,Completed,UPI,Nagpur,Maharashtra
O07430,C0390,2023-12-13,Cancelled,Debit Card,Bhopal,Madhya Pradesh
O07431,C2919,2023-06-15,Completed,UPI,Indore,Madhya Pradesh
O07432,C2114,2025-05-29,Returned,Debit Card,Patna,Bihar
O07433,C1143,2025-01-21,Completed,Credit Card,Kolkata,West Bengal
O07434,C0746,2023-12-10,Completed,COD,Indore,Madhya Pradesh
O07435,C1731,2023-03-02,Completed,Credit Card,Delhi,Delhi
O07436,C4123,2023-12-30,Completed,UPI,Ahmedabad,Gujarat
O07437,C4386,2025-07-13,Completed,COD,Nagpur,Maharashtra
O07438,C4124,2025-10-20,Completed,COD,Ahmedabad,Gujarat
O07439,C3231,2023-02-03,Completed,UPI,Gurugram,Haryana
O07440,C3217,2024-02-09,Completed,UPI,Kolkata,West Bengal
O07441,C2515,2025-06-15,Completed,UPI,Nagpur,Maharashtra
O07442,C1770,2023-05-18,Completed,COD,Lucknow,Uttar Pradesh
O07443,C0108,2023-01-28,Completed,UPI,Indore,Madhya Pradesh
O07444,C4987,2023-04-16,Completed,Credit Card,Gurugram,Haryana
O07445,C2487,2023-06-06,Completed,Debit Card,Indore,Madhya Pradesh
O07446,C4299,2023-07-15,Completed,Debit Card,Surat,Gujarat
O07447,C0777,2025-10-05,Completed,COD,Gurugram,Haryana
O07448,C1934,2023-07-21,Completed,Credit Card,Bengaluru,Karnataka
O07449,C0438,2023-04-19,Completed,Credit Card,Lucknow,Uttar Pradesh
O07450,C1035,2024-06-26,Completed,UPI,Delhi,Delhi
O07451,C0837,2023-02-10,Returned,Debit Card,Noida,Uttar Pradesh
O07452,C4703,2025-12-23,Completed,Credit Card,Chennai,Tamil Nadu
O07453,C0642,2025-06-08,Completed,UPI,Mumbai,Maharashtra
O07454,C3175,2024-11-12,Completed,Credit Card,Pune,Maharashtra
O07455,C1809,2025-03-22,Completed,Debit Card,Kolkata,West Bengal
O07456,C3876,2024-02-19,Returned,Debit Card,Kochi,Kerala
O07457,C0643,2024-01-07,Returned,Credit Card,Ahmedabad,Gujarat
O07458,C0703,2025-03-14,Completed,UPI,Bengaluru,Karnataka
O07459,C2849,2023-12-30,Completed,Debit Card,Chandigarh,Chandigarh
O07460,C2918,2024-04-15,Completed,Debit Card,Chandigarh,Chandigarh
O07461,C3613,2024-05-14,Completed,Credit Card,Surat,Gujarat
O07462,C1723,2025-10-02,Completed,UPI,Bhopal,Madhya Pradesh
O07463,C0849,2024-02-27,Completed,UPI,Jaipur,Rajasthan
O07464,C2555,2024-08-01,Completed,UPI,Bengaluru,Karnataka
O07465,C1463,2024-02-07,Completed,COD,Indore,Madhya Pradesh
O07466,C3830,2024-05-08,Completed,Debit Card,Bengaluru,Karnataka
O07467,C3783,2024-05-06,Cancelled,COD,Indore,Madhya Pradesh
O07468,C0511,2025-07-13,Completed,COD,Ahmedabad,Gujarat
O07469,C2157,2025-08-03,Completed,Credit Card,Chennai,Tamil Nadu
O07470,C2920,2024-06-14,Completed,Credit Card,Chennai,Tamil Nadu
O07471,C0733,2025-07-29,Completed,UPI,Indore,Madhya Pradesh
O07472,C2951,2023-04-23,Completed,Debit Card,Bhubaneswar,Odisha
O07473,C3961,2023-12-10,Completed,Credit Card,Jaipur,Rajasthan
O07474,C1238,2023-12-24,Returned,UPI,Noida,Uttar Pradesh
O07475,C1481,2023-05-06,Completed,UPI,Bhubaneswar,Odisha
O07476,C2466,2023-03-23,Completed,Debit Card,Surat,Gujarat
O07477,C2011,2023-09-09,Returned,Credit Card,Bhopal,Madhya Pradesh
O07478,C4758,2024-01-17,Completed,UPI,Pune,Maharashtra
O07479,C2736,2024-12-17,Completed,COD,Patna,Bihar
O07480,C4200,2024-03-27,Completed,Debit Card,Patna,Bihar
O07481,C2760,2024-08-17,Completed,UPI,Bengaluru,Karnataka
O07482,C0578,2023-01-24,Completed,UPI,Bhopal,Madhya Pradesh
O07483,C3497,2023-12-19,Completed,Debit Card,Hyderabad,Telangana
O07484,C0819,2023-03-14,Returned,UPI,Gurugram,Haryana
O07485,C4175,2024-11-25,Completed,Debit Card,Ahmedabad,Gujarat
O07486,C1890,2024-05-29,Completed,Credit Card,Patna,Bihar
O07487,C0559,2025-02-09,Completed,COD,Hyderabad,Telangana
O07488,C2934,2025-11-19,Cancelled,COD,Bhopal,Madhya Pradesh
O07489,C1620,2024-10-19,Completed,COD,Kolkata,West Bengal
O07490,C0070,2025-07-27,Completed,UPI,Noida,Uttar Pradesh
O07491,C1190,2025-04-13,Completed,Credit Card,Ahmedabad,Gujarat
O07492,C2903,2025-11-16,Completed,UPI,Bengaluru,Karnataka
O07493,C4341,2024-09-13,Completed,Credit Card,Bhopal,Madhya Pradesh
O07494,C3117,2023-01-19,Completed,Net Banking,Gurugram,Haryana
O07495,C0684,2024-06-11,Completed,UPI,Bhubaneswar,Odisha
O07496,C3911,2025-03-04,Returned,COD,Kochi,Kerala
O07497,C3773,2024-06-25,Completed,Net Banking,Pune,Maharashtra
O07498,C0071,2024-09-08,Completed,Net Banking,Indore,Madhya Pradesh
O07499,C1263,2025-12-01,Completed,COD,Delhi,Delhi
O07500,C2156,2023-06-14,Cancelled,Credit Card,Chennai,Tamil Nadu
O07501,C4818,2025-03-19,Returned,UPI,Noida,Uttar Pradesh
O07502,C4398,2025-05-13,Completed,Debit Card,Pune,Maharashtra
O07503,C1372,2025-12-13,Completed,Debit Card,Noida,Uttar Pradesh
O07504,C1916,2024-01-07,Completed,UPI,Surat,Gujarat
O07505,C3806,2023-12-31,Completed,Debit Card,Chandigarh,Chandigarh
O07506,C4352,2025-11-26,Cancelled,UPI,Chennai,Tamil Nadu
O07507,C1548,2023-04-29,Completed,Debit Card,Jaipur,Rajasthan
O07508,C3899,2024-02-13,Completed,COD,Indore,Madhya Pradesh
O07509,C4456,2023-12-29,Completed,Credit Card,Nagpur,Maharashtra
O07510,C3556,2025-08-15,Completed,COD,Chandigarh,Chandigarh
O07511,C1214,2023-11-19,Completed,Debit Card,Ahmedabad,Gujarat
O07512,C2141,2025-01-27,Completed,UPI,Nagpur,Maharashtra
O07513,C0861,2025-08-01,Completed,UPI,Patna,Bihar
O07514,C0990,2024-03-23,Cancelled,COD,Indore,Madhya Pradesh
O07515,C4580,2024-12-04,Completed,UPI,Mumbai,Maharashtra
O07516,C2924,2024-12-09,Completed,Net Banking,Noida,Uttar Pradesh
O07517,C1433,2025-09-05,Completed,COD,Pune,Maharashtra
O07518,C0341,2023-12-08,Returned,UPI,Patna,Bihar
O07519,C2378,2024-04-19,Completed,UPI,Chennai,Tamil Nadu
O07520,C1199,2023-10-18,Completed,Debit Card,Gurugram,Haryana
O07521,C1468,2023-06-21,Completed,Debit Card,Mumbai,Maharashtra
O07522,C4297,2023-10-28,Completed,UPI,Patna,Bihar
O07523,C4839,2023-05-29,Returned,UPI,Bhubaneswar,Odisha
O07524,C4194,2024-10-21,Cancelled,Debit Card,Indore,Madhya Pradesh
O07525,C1292,2024-11-28,Completed,COD,Kochi,Kerala
O07526,C4935,2025-08-24,Completed,UPI,Indore,Madhya Pradesh
O07527,C0352,2024-02-21,Completed,Debit Card,Bhubaneswar,Odisha
O07528,C1302,2023-09-14,Returned,COD,Indore,Madhya Pradesh
O07529,C3640,2024-05-29,Completed,UPI,Pune,Maharashtra
O07530,C3088,2024-11-09,Completed,Credit Card,Jaipur,Rajasthan
O07531,C0456,2025-06-30,Completed,COD,Hyderabad,Telangana
O07532,C3251,2023-07-24,Completed,UPI,Hyderabad,Telangana
O07533,C1158,2024-11-20,Completed,UPI,Gurugram,Haryana
O07534,C0258,2023-12-10,Completed,Debit Card,Delhi,Delhi
O07535,C2110,2024-04-09,Returned,Credit Card,Kochi,Kerala
O07536,C0482,2023-01-29,Completed,Debit Card,Gurugram,Haryana
O07537,C4731,2023-04-15,Completed,UPI,Nagpur,Maharashtra
O07538,C3114,2023-11-30,Completed,Credit Card,Bengaluru,Karnataka
O07539,C1397,2025-12-28,Cancelled,UPI,Jaipur,Rajasthan
O07540,C2627,2023-04-17,Completed,Net Banking,Chennai,Tamil Nadu
O07541,C0648,2023-04-12,Completed,Credit Card,Bhopal,Madhya Pradesh
O07542,C1612,2024-07-05,Returned,Debit Card,Gurugram,Haryana
O07543,C3826,2023-05-17,Completed,UPI,Nagpur,Maharashtra
O07544,C4589,2024-05-04,Completed,Net Banking,Chennai,Tamil Nadu
O07545,C4587,2023-03-08,Returned,UPI,Gurugram,Haryana
O07546,C2269,2023-10-05,Returned,UPI,Indore,Madhya Pradesh
O07547,C3885,2023-07-31,Cancelled,UPI,Pune,Maharashtra
O07548,C2755,2024-09-19,Completed,COD,Noida,Uttar Pradesh
O07549,C4983,2024-10-09,Completed,Debit Card,Mumbai,Maharashtra
O07550,C3587,2023-12-31,Completed,Net Banking,Ahmedabad,Gujarat
O07551,C3385,2024-11-08,Completed,UPI,Lucknow,Uttar Pradesh
O07552,C4590,2025-05-12,Returned,Debit Card,Bengaluru,Karnataka
O07553,C0759,2024-01-30,Returned,Credit Card,Nagpur,Maharashtra
O07554,C0633,2024-07-08,Returned,Debit Card,Kochi,Kerala
O07555,C3585,2025-03-13,Completed,Credit Card,Chennai,Tamil Nadu
O07556,C0330,2024-02-28,Completed,Debit Card,Bhopal,Madhya Pradesh
O07557,C3020,2024-02-20,Cancelled,COD,Bhopal,Madhya Pradesh
O07558,C0010,2025-08-02,Completed,Credit Card,Hyderabad,Telangana
O07559,C4054,2023-12-12,Completed,COD,Bengaluru,Karnataka
O07560,C2175,2024-11-27,Completed,COD,Patna,Bihar
O07561,C0985,2024-07-30,Completed,COD,Hyderabad,Telangana
O07562,C0669,2025-03-26,Returned,Debit Card,Gurugram,Haryana
O07563,C2279,2023-06-29,Completed,Credit Card,Bhopal,Madhya Pradesh
O07564,C0442,2023-08-02,Completed,UPI,Pune,Maharashtra
O07565,C2926,2024-03-13,Returned,COD,Bengaluru,Karnataka
O07566,C4021,2023-06-02,Returned,UPI,Nagpur,Maharashtra
O07567,C0274,2025-05-21,Completed,UPI,Gurugram,Haryana
O07568,C4714,2025-07-29,Cancelled,Credit Card,Pune,Maharashtra
O07569,C1027,2024-08-28,Returned,Debit Card,Gurugram,Haryana
O07570,C2374,2025-01-21,Returned,Debit Card,Pune,Maharashtra
O07571,C4349,2025-08-11,Completed,Debit Card,Hyderabad,Telangana
O07572,C1558,2025-02-26,Completed,Debit Card,Noida,Uttar Pradesh
O07573,C3127,2023-06-01,Completed,COD,Chennai,Tamil Nadu
O07574,C2934,2025-06-12,Completed,COD,Bhopal,Madhya Pradesh
O07575,C0448,2025-06-27,Cancelled,COD,Hyderabad,Telangana
O07576,C3369,2024-03-31,Completed,Credit Card,Mumbai,Maharashtra
O07577,C3694,2023-11-30,Cancelled,UPI,Bhopal,Madhya Pradesh
O07578,C3807,2024-04-07,Completed,Debit Card,Delhi,Delhi
O07579,C4565,2025-11-15,Completed,UPI,Ahmedabad,Gujarat
O07580,C3997,2025-03-16,Completed,COD,Patna,Bihar
O07581,C3318,2024-03-14,Completed,Debit Card,Hyderabad,Telangana
O07582,C0070,2023-04-07,Completed,COD,Noida,Uttar Pradesh
O07583,C4577,2024-01-29,Cancelled,UPI,Bhopal,Madhya Pradesh
O07584,C2578,2023-09-24,Completed,Debit Card,Jaipur,Rajasthan
O07585,C4586,2025-04-09,Completed,Credit Card,Lucknow,Uttar Pradesh
O07586,C4599,2025-11-30,Returned,UPI,Mumbai,Maharashtra
O07587,C3057,2023-05-01,Returned,COD,Kochi,Kerala
O07588,C0117,2024-02-29,Completed,Credit Card,Indore,Madhya Pradesh
O07589,C1814,2023-01-04,Completed,UPI,Gurugram,Haryana
O07590,C0904,2024-10-04,Completed,UPI,Kolkata,West Bengal
O07591,C4524,2025-10-19,Completed,UPI,Chandigarh,Chandigarh
O07592,C0494,2025-03-29,Completed,UPI,Pune,Maharashtra
O07593,C3859,2023-07-02,Completed,UPI,Bengaluru,Karnataka
O07594,C2684,2024-05-13,Completed,UPI,Kochi,Kerala
O07595,C4176,2023-03-13,Completed,Debit Card,Pune,Maharashtra
O07596,C3731,2023-03-11,Completed,Net Banking,Jaipur,Rajasthan
O07597,C4691,2024-08-03,Completed,UPI,Kochi,Kerala
O07598,C1541,2023-05-03,Completed,UPI,Chandigarh,Chandigarh
O07599,C0626,2024-01-27,Cancelled,UPI,Chennai,Tamil Nadu
O07600,C4380,2025-07-03,Returned,UPI,Indore,Madhya Pradesh
O07601,C4859,2024-01-03,Completed,Credit Card,Surat,Gujarat
O07602,C0838,2024-04-02,Completed,Credit Card,Lucknow,Uttar Pradesh
O07603,C2016,2023-07-02,Completed,UPI,Bhubaneswar,Odisha
O07604,C2016,2024-05-26,Completed,UPI,Bhubaneswar,Odisha
O07605,C3080,2025-10-28,Completed,Credit Card,Gurugram,Haryana
O07606,C0072,2024-12-24,Completed,Credit Card,Chandigarh,Chandigarh
O07607,C3453,2023-02-15,Completed,Credit Card,Kolkata,West Bengal
O07608,C4749,2024-08-15,Returned,COD,Hyderabad,Telangana
O07609,C3879,2025-07-28,Completed,Credit Card,Kochi,Kerala
O07610,C0064,2025-02-11,Completed,Credit Card,Indore,Madhya Pradesh
O07611,C0030,2024-04-26,Returned,UPI,Gurugram,Haryana
O07612,C3972,2024-10-16,Completed,Credit Card,Mumbai,Maharashtra
O07613,C4653,2023-08-25,Completed,COD,Bhopal,Madhya Pradesh
O07614,C2326,2025-09-17,Cancelled,Net Banking,Bengaluru,Karnataka
O07615,C4373,2024-11-17,Completed,UPI,Chandigarh,Chandigarh
O07616,C4766,2023-03-05,Completed,UPI,Lucknow,Uttar Pradesh
O07617,C2880,2023-10-06,Completed,COD,Indore,Madhya Pradesh
O07618,C2189,2023-02-19,Completed,UPI,Chandigarh,Chandigarh
O07619,C2782,2023-08-03,Completed,UPI,Ahmedabad,Gujarat
O07620,C4122,2023-02-05,Completed,UPI,Surat,Gujarat
O07621,C2146,2024-03-06,Completed,Credit Card,Hyderabad,Telangana
O07622,C0276,2024-05-19,Cancelled,Credit Card,Mumbai,Maharashtra
O07623,C1267,2023-09-06,Completed,UPI,Bhopal,Madhya Pradesh
O07624,C3974,2025-01-03,Completed,COD,Kolkata,West Bengal
O07625,C4105,2025-03-15,Returned,Debit Card,Chennai,Tamil Nadu
O07626,C2944,2024-04-12,Completed,Net Banking,Chennai,Tamil Nadu
O07627,C2981,2025-01-30,Completed,UPI,Lucknow,Uttar Pradesh
O07628,C2320,2024-05-24,Completed,COD,Lucknow,Uttar Pradesh
O07629,C0032,2024-12-26,Completed,UPI,Jaipur,Rajasthan
O07630,C0852,2025-03-20,Completed,UPI,Patna,Bihar
O07631,C0605,2023-06-15,Completed,UPI,Delhi,Delhi
O07632,C3200,2025-12-15,Completed,Credit Card,Bhopal,Madhya Pradesh
O07633,C2065,2025-04-25,Completed,COD,Noida,Uttar Pradesh
O07634,C3545,2025-10-08,Completed,UPI,Indore,Madhya Pradesh
O07635,C2349,2024-06-29,Completed,COD,Mumbai,Maharashtra
O07636,C1808,2023-03-04,Completed,Debit Card,Gurugram,Haryana
O07637,C3860,2024-12-02,Completed,UPI,Delhi,Delhi
O07638,C4138,2024-07-08,Completed,UPI,Gurugram,Haryana
O07639,C2199,2024-08-29,Completed,UPI,Lucknow,Uttar Pradesh
O07640,C3873,2023-05-28,Returned,Debit Card,Lucknow,Uttar Pradesh
O07641,C3563,2023-11-04,Returned,Credit Card,Kochi,Kerala
O07642,C3199,2023-04-08,Completed,UPI,Noida,Uttar Pradesh
O07643,C4505,2025-12-01,Completed,UPI,Kochi,Kerala
O07644,C1893,2023-11-12,Returned,Credit Card,Lucknow,Uttar Pradesh
O07645,C4440,2025-01-23,Returned,Debit Card,Pune,Maharashtra
O07646,C3170,2024-08-12,Completed,UPI,Mumbai,Maharashtra
O07647,C2948,2025-11-21,Completed,COD,Delhi,Delhi
O07648,C4124,2025-07-22,Completed,UPI,Ahmedabad,Gujarat
O07649,C3101,2024-11-09,Completed,Debit Card,Chandigarh,Chandigarh
O07650,C3922,2025-11-19,Completed,UPI,Pune,Maharashtra
O07651,C4730,2024-11-11,Completed,UPI,Ahmedabad,Gujarat
O07652,C4308,2025-05-20,Completed,UPI,Lucknow,Uttar Pradesh
O07653,C4784,2024-01-28,Completed,Debit Card,Lucknow,Uttar Pradesh
O07654,C3689,2025-11-21,Completed,UPI,Ahmedabad,Gujarat
O07655,C0072,2024-11-26,Completed,Credit Card,Chandigarh,Chandigarh
O07656,C2158,2025-08-29,Completed,Credit Card,Mumbai,Maharashtra
O07657,C1137,2025-07-07,Completed,Credit Card,Mumbai,Maharashtra
O07658,C4328,2025-04-28,Completed,Net Banking,Bhubaneswar,Odisha
O07659,C4078,2025-08-05,Completed,UPI,Lucknow,Uttar Pradesh
O07660,C0043,2025-09-08,Completed,Net Banking,Bhopal,Madhya Pradesh
O07661,C4361,2024-02-11,Completed,Credit Card,Lucknow,Uttar Pradesh
O07662,C1832,2023-10-01,Completed,COD,Bengaluru,Karnataka
O07663,C0046,2025-01-10,Completed,UPI,Bengaluru,Karnataka
O07664,C3642,2024-07-02,Completed,UPI,Delhi,Delhi
O07665,C1676,2023-03-02,Completed,UPI,Indore,Madhya Pradesh
O07666,C3353,2024-05-27,Completed,Credit Card,Chandigarh,Chandigarh
O07667,C1270,2025-12-19,Completed,Net Banking,Lucknow,Uttar Pradesh
O07668,C3984,2025-06-20,Completed,UPI,Indore,Madhya Pradesh
O07669,C3964,2024-01-15,Completed,Debit Card,Chandigarh,Chandigarh
O07670,C3024,2023-12-13,Completed,Credit Card,Gurugram,Haryana
O07671,C2791,2024-02-03,Completed,Debit Card,Chandigarh,Chandigarh
O07672,C3171,2023-01-07,Completed,UPI,Pune,Maharashtra
O07673,C4823,2025-07-17,Completed,UPI,Gurugram,Haryana
O07674,C1013,2025-08-12,Returned,UPI,Patna,Bihar
O07675,C4590,2025-11-09,Returned,UPI,Bengaluru,Karnataka
O07676,C3508,2023-11-23,Cancelled,UPI,Bengaluru,Karnataka
O07677,C4803,2024-10-15,Completed,UPI,Gurugram,Haryana
O07678,C2072,2023-05-23,Completed,UPI,Surat,Gujarat
O07679,C2006,2024-01-29,Completed,Credit Card,Chandigarh,Chandigarh
O07680,C2318,2024-04-27,Completed,Net Banking,Indore,Madhya Pradesh
O07681,C4834,2025-09-13,Completed,Net Banking,Lucknow,Uttar Pradesh
O07682,C2176,2024-05-05,Completed,UPI,Bhubaneswar,Odisha
O07683,C4639,2025-08-08,Completed,UPI,Chennai,Tamil Nadu
O07684,C1787,2024-02-16,Cancelled,Net Banking,Surat,Gujarat
O07685,C3130,2023-12-20,Completed,Credit Card,Chennai,Tamil Nadu
O07686,C2373,2024-03-07,Completed,Net Banking,Nagpur,Maharashtra
O07687,C1461,2023-01-03,Completed,Credit Card,Kolkata,West Bengal
O07688,C1465,2025-08-13,Cancelled,COD,Patna,Bihar
O07689,C3042,2023-05-11,Returned,Credit Card,Nagpur,Maharashtra
O07690,C1059,2025-10-20,Completed,Debit Card,Delhi,Delhi
O07691,C0972,2023-06-09,Completed,Credit Card,Ahmedabad,Gujarat
O07692,C2391,2023-01-17,Completed,UPI,Kolkata,West Bengal
O07693,C3000,2023-12-22,Completed,COD,Nagpur,Maharashtra
O07694,C2505,2025-11-21,Completed,UPI,Hyderabad,Telangana
O07695,C0899,2025-06-07,Completed,UPI,Ahmedabad,Gujarat
O07696,C1814,2024-04-27,Completed,COD,Gurugram,Haryana
O07697,C1503,2024-09-01,Completed,Credit Card,Bhopal,Madhya Pradesh
O07698,C0343,2025-02-11,Completed,UPI,Delhi,Delhi
O07699,C3861,2025-05-06,Completed,UPI,Patna,Bihar
O07700,C3352,2025-03-06,Completed,UPI,Hyderabad,Telangana
O07701,C2861,2025-08-19,Completed,UPI,Chandigarh,Chandigarh
O07702,C1249,2025-03-12,Completed,UPI,Bhopal,Madhya Pradesh
O07703,C1209,2023-12-08,Completed,Debit Card,Nagpur,Maharashtra
O07704,C4391,2024-02-10,Returned,Debit Card,Chandigarh,Chandigarh
O07705,C2140,2024-07-13,Completed,UPI,Ahmedabad,Gujarat
O07706,C1611,2024-07-30,Completed,Credit Card,Gurugram,Haryana
O07707,C1980,2023-08-09,Completed,UPI,Hyderabad,Telangana
O07708,C2798,2023-05-27,Completed,UPI,Ahmedabad,Gujarat
O07709,C0557,2025-09-27,Completed,Credit Card,Patna,Bihar
O07710,C3995,2024-05-05,Completed,COD,Indore,Madhya Pradesh
O07711,C4405,2023-12-19,Completed,COD,Ahmedabad,Gujarat
O07712,C3687,2025-10-07,Completed,Credit Card,Surat,Gujarat
O07713,C1153,2023-03-22,Completed,Credit Card,Mumbai,Maharashtra
O07714,C3745,2025-05-19,Cancelled,Credit Card,Bhubaneswar,Odisha
O07715,C3622,2024-12-05,Completed,Credit Card,Patna,Bihar
O07716,C3360,2024-03-09,Completed,UPI,Ahmedabad,Gujarat
O07717,C0973,2025-01-09,Completed,Credit Card,Lucknow,Uttar Pradesh
O07718,C3908,2024-05-24,Completed,Credit Card,Indore,Madhya Pradesh
O07719,C3729,2024-08-16,Completed,Credit Card,Noida,Uttar Pradesh
O07720,C3412,2025-07-01,Completed,Credit Card,Patna,Bihar
O07721,C3067,2024-04-24,Completed,Net Banking,Kolkata,West Bengal
O07722,C1292,2025-01-24,Completed,Debit Card,Kochi,Kerala
O07723,C4314,2024-12-27,Completed,COD,Bhubaneswar,Odisha
O07724,C2861,2023-12-12,Completed,Net Banking,Chandigarh,Chandigarh
O07725,C0164,2025-08-12,Completed,COD,Bhopal,Madhya Pradesh
O07726,C3920,2023-04-15,Completed,Net Banking,Lucknow,Uttar Pradesh
O07727,C1715,2025-02-26,Completed,Debit Card,Bhopal,Madhya Pradesh
O07728,C3463,2025-03-05,Completed,UPI,Surat,Gujarat
O07729,C1441,2024-01-28,Completed,UPI,Hyderabad,Telangana
O07730,C2096,2023-07-15,Completed,UPI,Bengaluru,Karnataka
O07731,C0801,2024-02-26,Completed,UPI,Bhubaneswar,Odisha
O07732,C2766,2025-05-30,Completed,UPI,Bengaluru,Karnataka
O07733,C2661,2023-08-06,Completed,COD,Bengaluru,Karnataka
O07734,C1691,2023-06-02,Completed,UPI,Hyderabad,Telangana
O07735,C0234,2023-02-06,Completed,Debit Card,Bengaluru,Karnataka
O07736,C1877,2024-11-20,Completed,COD,Bhubaneswar,Odisha
O07737,C0962,2024-12-12,Completed,UPI,Indore,Madhya Pradesh
O07738,C3371,2023-11-06,Completed,UPI,Indore,Madhya Pradesh
O07739,C1046,2023-09-07,Completed,COD,Delhi,Delhi
O07740,C4482,2025-07-30,Completed,UPI,Gurugram,Haryana
O07741,C4460,2025-01-09,Completed,UPI,Kochi,Kerala
O07742,C1408,2024-09-16,Completed,UPI,Gurugram,Haryana
O07743,C0208,2023-04-02,Completed,UPI,Ahmedabad,Gujarat
O07744,C4371,2024-07-28,Completed,COD,Mumbai,Maharashtra
O07745,C1753,2024-04-28,Completed,Debit Card,Bhubaneswar,Odisha
O07746,C0496,2025-04-13,Completed,UPI,Chennai,Tamil Nadu
O07747,C0902,2023-10-29,Cancelled,Credit Card,Gurugram,Haryana
O07748,C3599,2024-05-02,Returned,UPI,Hyderabad,Telangana
O07749,C2207,2024-04-28,Completed,UPI,Indore,Madhya Pradesh
O07750,C1750,2024-10-09,Completed,Credit Card,Noida,Uttar Pradesh
O07751,C0460,2024-07-04,Completed,Debit Card,Chennai,Tamil Nadu
O07752,C4490,2024-04-07,Completed,UPI,Delhi,Delhi
O07753,C0917,2023-10-30,Completed,COD,Kolkata,West Bengal
O07754,C4260,2024-02-22,Returned,COD,Indore,Madhya Pradesh
O07755,C4735,2023-03-09,Completed,COD,Delhi,Delhi
O07756,C3402,2023-02-26,Completed,Debit Card,Indore,Madhya Pradesh
O07757,C4666,2023-07-20,Completed,UPI,Indore,Madhya Pradesh
O07758,C2195,2024-08-21,Completed,Debit Card,Delhi,Delhi
O07759,C0960,2025-04-09,Completed,UPI,Noida,Uttar Pradesh
O07760,C4864,2025-11-28,Completed,UPI,Indore,Madhya Pradesh
O07761,C2158,2023-05-15,Completed,COD,Mumbai,Maharashtra
O07762,C0394,2025-05-12,Completed,COD,Hyderabad,Telangana
O07763,C3633,2025-02-12,Completed,UPI,Gurugram,Haryana
O07764,C4539,2025-08-07,Completed,UPI,Kolkata,West Bengal
O07765,C4059,2024-08-17,Completed,Debit Card,Gurugram,Haryana
O07766,C4843,2023-08-01,Completed,Net Banking,Bengaluru,Karnataka
O07767,C2178,2025-02-25,Completed,Credit Card,Mumbai,Maharashtra
O07768,C1867,2024-05-16,Completed,COD,Patna,Bihar
O07769,C1800,2023-06-20,Completed,Net Banking,Jaipur,Rajasthan
O07770,C0505,2024-02-24,Completed,Credit Card,Bhopal,Madhya Pradesh
O07771,C0720,2025-04-03,Completed,Debit Card,Chandigarh,Chandigarh
O07772,C1988,2023-01-21,Cancelled,Debit Card,Ahmedabad,Gujarat
O07773,C0875,2023-10-17,Completed,Debit Card,Chennai,Tamil Nadu
O07774,C2879,2024-09-13,Completed,Credit Card,Gurugram,Haryana
O07775,C0634,2023-04-17,Completed,Debit Card,Delhi,Delhi
O07776,C4378,2024-11-19,Completed,Credit Card,Ahmedabad,Gujarat
O07777,C2421,2025-08-02,Completed,Debit Card,Bhubaneswar,Odisha
O07778,C1325,2023-10-13,Completed,Credit Card,Mumbai,Maharashtra
O07779,C1009,2024-09-12,Completed,UPI,Bhubaneswar,Odisha
O07780,C2334,2025-02-21,Completed,Debit Card,Lucknow,Uttar Pradesh
O07781,C1140,2024-12-28,Completed,Credit Card,Kolkata,West Bengal
O07782,C3221,2025-04-07,Returned,UPI,Delhi,Delhi
O07783,C0404,2023-05-12,Completed,COD,Delhi,Delhi
O07784,C3754,2023-12-05,Completed,UPI,Chennai,Tamil Nadu
O07785,C3191,2023-08-09,Completed,Credit Card,Kochi,Kerala
O07786,C0696,2025-02-20,Completed,Debit Card,Surat,Gujarat
O07787,C0908,2025-04-28,Completed,Debit Card,Ahmedabad,Gujarat
O07788,C3848,2023-03-18,Completed,UPI,Bhubaneswar,Odisha
O07789,C3165,2024-08-27,Completed,UPI,Kolkata,West Bengal
O07790,C1927,2024-08-14,Completed,UPI,Hyderabad,Telangana
O07791,C0121,2023-02-19,Returned,UPI,Pune,Maharashtra
O07792,C2866,2025-01-17,Completed,UPI,Chandigarh,Chandigarh
O07793,C3732,2023-11-28,Completed,Credit Card,Gurugram,Haryana
O07794,C3916,2024-11-08,Completed,UPI,Kolkata,West Bengal
O07795,C3592,2025-09-22,Completed,Net Banking,Bengaluru,Karnataka
O07796,C3577,2025-08-15,Completed,Debit Card,Bengaluru,Karnataka
O07797,C4487,2023-11-17,Completed,Credit Card,Lucknow,Uttar Pradesh
O07798,C2415,2024-06-12,Cancelled,Debit Card,Kochi,Kerala
O07799,C0841,2025-05-17,Completed,Credit Card,Bhopal,Madhya Pradesh
O07800,C2806,2025-01-10,Completed,Credit Card,Gurugram,Haryana
O07801,C3307,2024-12-16,Completed,COD,Nagpur,Maharashtra
O07802,C3434,2024-03-08,Completed,Debit Card,Delhi,Delhi
O07803,C1466,2025-09-28,Returned,Credit Card,Mumbai,Maharashtra
O07804,C1857,2024-01-15,Completed,Net Banking,Kochi,Kerala
O07805,C2236,2023-09-14,Completed,Debit Card,Patna,Bihar
O07806,C0404,2024-02-01,Cancelled,Credit Card,Delhi,Delhi
O07807,C0413,2025-02-27,Completed,UPI,Bhopal,Madhya Pradesh
O07808,C1538,2023-09-14,Completed,Credit Card,Indore,Madhya Pradesh
O07809,C4250,2025-08-30,Completed,Net Banking,Lucknow,Uttar Pradesh
O07810,C0217,2023-06-08,Completed,UPI,Pune,Maharashtra
O07811,C1025,2025-04-08,Completed,UPI,Delhi,Delhi
O07812,C2814,2025-09-09,Returned,COD,Bengaluru,Karnataka
O07813,C4895,2023-07-22,Completed,UPI,Chandigarh,Chandigarh
O07814,C0806,2024-11-18,Completed,UPI,Nagpur,Maharashtra
O07815,C3350,2023-03-23,Completed,COD,Surat,Gujarat
O07816,C2817,2025-11-14,Cancelled,Credit Card,Bhubaneswar,Odisha
O07817,C2810,2025-07-18,Returned,Credit Card,Nagpur,Maharashtra
O07818,C1272,2023-01-18,Completed,UPI,Chandigarh,Chandigarh
O07819,C0434,2025-08-18,Completed,Debit Card,Noida,Uttar Pradesh
O07820,C0429,2025-06-05,Completed,COD,Chandigarh,Chandigarh
O07821,C1188,2023-01-21,Cancelled,Debit Card,Delhi,Delhi
O07822,C4258,2025-09-23,Completed,Debit Card,Bhopal,Madhya Pradesh
O07823,C2555,2024-09-29,Completed,UPI,Bengaluru,Karnataka
O07824,C2313,2025-07-25,Completed,COD,Gurugram,Haryana
O07825,C1996,2025-01-05,Completed,Credit Card,Mumbai,Maharashtra
O07826,C2158,2024-09-24,Returned,COD,Mumbai,Maharashtra
O07827,C4996,2024-10-01,Completed,UPI,Bengaluru,Karnataka
O07828,C1743,2024-03-21,Completed,Debit Card,Noida,Uttar Pradesh
O07829,C1343,2023-10-14,Completed,Net Banking,Bengaluru,Karnataka
O07830,C1156,2025-05-17,Returned,UPI,Gurugram,Haryana
O07831,C3205,2024-10-26,Completed,Net Banking,Patna,Bihar
O07832,C0394,2023-07-19,Completed,Credit Card,Hyderabad,Telangana
O07833,C3643,2025-02-23,Completed,Credit Card,Indore,Madhya Pradesh
O07834,C4818,2023-05-28,Cancelled,COD,Noida,Uttar Pradesh
O07835,C2041,2024-01-02,Completed,UPI,Noida,Uttar Pradesh
O07836,C2079,2023-08-09,Completed,Debit Card,Mumbai,Maharashtra
O07837,C2865,2023-08-16,Cancelled,UPI,Kochi,Kerala
O07838,C3462,2023-11-02,Completed,Credit Card,Patna,Bihar
O07839,C4257,2023-06-28,Completed,COD,Ahmedabad,Gujarat
O07840,C1330,2025-08-25,Completed,UPI,Chennai,Tamil Nadu
O07841,C1647,2024-02-21,Completed,UPI,Indore,Madhya Pradesh
O07842,C2656,2024-09-01,Returned,Net Banking,Nagpur,Maharashtra
O07843,C2386,2024-09-19,Completed,COD,Nagpur,Maharashtra
O07844,C2838,2023-05-03,Cancelled,COD,Gurugram,Haryana
O07845,C4433,2023-10-12,Completed,Credit Card,Bengaluru,Karnataka
O07846,C3306,2024-12-07,Completed,Debit Card,Chandigarh,Chandigarh
O07847,C3321,2023-01-03,Cancelled,Net Banking,Bengaluru,Karnataka
O07848,C3877,2025-01-29,Cancelled,Credit Card,Ahmedabad,Gujarat
O07849,C3527,2023-09-19,Completed,COD,Jaipur,Rajasthan
O07850,C4159,2023-11-28,Completed,UPI,Chennai,Tamil Nadu
O07851,C4915,2025-08-22,Completed,Credit Card,Chennai,Tamil Nadu
O07852,C2305,2023-09-18,Completed,UPI,Indore,Madhya Pradesh
O07853,C1272,2025-10-23,Returned,Credit Card,Chandigarh,Chandigarh
O07854,C1288,2025-02-10,Completed,UPI,Delhi,Delhi
O07855,C4945,2024-03-22,Completed,UPI,Hyderabad,Telangana
O07856,C0361,2025-02-11,Completed,UPI,Gurugram,Haryana
O07857,C1975,2024-04-23,Completed,Credit Card,Ahmedabad,Gujarat
O07858,C2928,2024-07-22,Completed,Credit Card,Jaipur,Rajasthan
O07859,C3465,2025-05-16,Completed,UPI,Mumbai,Maharashtra
O07860,C2227,2024-08-17,Completed,Net Banking,Kochi,Kerala
O07861,C1851,2024-03-15,Completed,UPI,Bhopal,Madhya Pradesh
O07862,C2547,2023-07-19,Completed,COD,Ahmedabad,Gujarat
O07863,C2725,2024-10-29,Completed,UPI,Indore,Madhya Pradesh
O07864,C3675,2025-07-22,Completed,UPI,Delhi,Delhi
O07865,C3906,2023-10-06,Completed,UPI,Patna,Bihar
O07866,C3776,2023-10-21,Returned,COD,Bhubaneswar,Odisha
O07867,C4388,2023-07-24,Completed,COD,Ahmedabad,Gujarat
O07868,C4684,2025-05-26,Completed,UPI,Nagpur,Maharashtra
O07869,C0818,2023-03-26,Completed,UPI,Hyderabad,Telangana
O07870,C2147,2023-10-20,Returned,Debit Card,Kolkata,West Bengal
O07871,C0181,2024-01-25,Completed,UPI,Kolkata,West Bengal
O07872,C4470,2024-02-15,Completed,COD,Noida,Uttar Pradesh
O07873,C4720,2024-05-23,Cancelled,COD,Bhopal,Madhya Pradesh
O07874,C4959,2024-09-09,Returned,COD,Bhubaneswar,Odisha
O07875,C0442,2025-12-16,Returned,UPI,Pune,Maharashtra
O07876,C2293,2023-04-02,Completed,UPI,Ahmedabad,Gujarat
O07877,C1663,2025-02-22,Completed,Net Banking,Ahmedabad,Gujarat
O07878,C0871,2024-07-24,Completed,Credit Card,Jaipur,Rajasthan
O07879,C2875,2025-02-09,Completed,Credit Card,Delhi,Delhi
O07880,C2500,2023-07-12,Completed,Debit Card,Gurugram,Haryana
O07881,C3213,2024-12-07,Completed,Credit Card,Nagpur,Maharashtra
O07882,C1657,2024-10-31,Completed,COD,Chandigarh,Chandigarh
O07883,C1897,2025-06-22,Cancelled,Net Banking,Nagpur,Maharashtra
O07884,C1090,2025-11-25,Completed,UPI,Mumbai,Maharashtra
O07885,C0483,2024-09-15,Completed,UPI,Indore,Madhya Pradesh
O07886,C0309,2025-01-10,Completed,UPI,Mumbai,Maharashtra
O07887,C0593,2023-07-16,Completed,UPI,Kochi,Kerala
O07888,C3844,2023-10-17,Completed,UPI,Ahmedabad,Gujarat
O07889,C1019,2025-02-04,Completed,UPI,Jaipur,Rajasthan
O07890,C4494,2025-12-01,Returned,UPI,Delhi,Delhi
O07891,C4565,2025-10-07,Returned,Credit Card,Ahmedabad,Gujarat
O07892,C4713,2023-03-29,Completed,Debit Card,Chandigarh,Chandigarh
O07893,C4193,2023-06-25,Completed,Net Banking,Bengaluru,Karnataka
O07894,C3262,2025-07-15,Completed,UPI,Surat,Gujarat
O07895,C4291,2023-10-05,Completed,Debit Card,Ahmedabad,Gujarat
O07896,C1358,2024-02-28,Completed,Credit Card,Mumbai,Maharashtra
O07897,C0083,2023-02-02,Cancelled,Credit Card,Gurugram,Haryana
O07898,C0251,2025-11-17,Cancelled,Debit Card,Mumbai,Maharashtra
O07899,C1094,2023-07-28,Completed,UPI,Bhubaneswar,Odisha
O07900,C2388,2024-08-24,Completed,UPI,Gurugram,Haryana
O07901,C1409,2023-09-05,Completed,Credit Card,Lucknow,Uttar Pradesh
O07902,C1482,2025-04-26,Completed,UPI,Patna,Bihar
O07903,C3212,2025-02-28,Cancelled,Credit Card,Kolkata,West Bengal
O07904,C1099,2023-01-18,Completed,UPI,Bhopal,Madhya Pradesh
O07905,C4196,2023-08-01,Completed,UPI,Chandigarh,Chandigarh
O07906,C3729,2024-05-28,Returned,UPI,Noida,Uttar Pradesh
O07907,C3893,2025-05-06,Completed,UPI,Kolkata,West Bengal
O07908,C0733,2025-07-10,Completed,UPI,Indore,Madhya Pradesh
O07909,C0323,2025-03-17,Completed,Debit Card,Chandigarh,Chandigarh
O07910,C2058,2025-11-06,Completed,UPI,Bhubaneswar,Odisha
O07911,C3061,2024-06-11,Completed,Net Banking,Gurugram,Haryana
O07912,C3701,2023-06-26,Completed,UPI,Mumbai,Maharashtra
O07913,C3385,2023-10-25,Cancelled,UPI,Lucknow,Uttar Pradesh
O07914,C1262,2025-12-22,Completed,UPI,Noida,Uttar Pradesh
O07915,C0806,2025-09-24,Completed,Debit Card,Nagpur,Maharashtra
O07916,C1534,2025-03-07,Completed,Debit Card,Ahmedabad,Gujarat
O07917,C2042,2023-12-29,Cancelled,COD,Chandigarh,Chandigarh
O07918,C4226,2024-09-07,Cancelled,UPI,Gurugram,Haryana
O07919,C3825,2023-09-25,Returned,UPI,Kolkata,West Bengal
O07920,C3457,2024-05-14,Completed,COD,Bhopal,Madhya Pradesh
O07921,C3665,2025-07-02,Completed,COD,Hyderabad,Telangana
O07922,C3097,2023-08-05,Completed,UPI,Gurugram,Haryana
O07923,C4660,2024-10-07,Cancelled,COD,Mumbai,Maharashtra
O07924,C1354,2025-10-01,Completed,Debit Card,Jaipur,Rajasthan
O07925,C0149,2024-06-29,Completed,UPI,Pune,Maharashtra
O07926,C1784,2024-12-23,Completed,UPI,Gurugram,Haryana
O07927,C2276,2025-08-25,Completed,Credit Card,Noida,Uttar Pradesh
O07928,C0615,2024-11-23,Completed,Debit Card,Jaipur,Rajasthan
O07929,C1825,2025-02-22,Completed,UPI,Delhi,Delhi
O07930,C0240,2025-07-10,Completed,UPI,Ahmedabad,Gujarat
O07931,C0913,2025-10-17,Completed,UPI,Delhi,Delhi
O07932,C3014,2023-01-27,Completed,COD,Mumbai,Maharashtra
O07933,C3754,2023-09-19,Completed,UPI,Chennai,Tamil Nadu
O07934,C0159,2024-10-08,Completed,Debit Card,Jaipur,Rajasthan
O07935,C4659,2024-11-19,Completed,COD,Indore,Madhya Pradesh
O07936,C4572,2024-06-05,Completed,COD,Kolkata,West Bengal
O07937,C0548,2024-09-15,Returned,Debit Card,Nagpur,Maharashtra
O07938,C2901,2023-09-24,Completed,Debit Card,Jaipur,Rajasthan
O07939,C2266,2025-02-16,Cancelled,Credit Card,Mumbai,Maharashtra
O07940,C0755,2024-10-29,Completed,Credit Card,Pune,Maharashtra
O07941,C0735,2023-02-23,Completed,UPI,Kochi,Kerala
O07942,C3792,2025-02-12,Completed,Credit Card,Surat,Gujarat
O07943,C2829,2024-01-30,Cancelled,UPI,Nagpur,Maharashtra
O07944,C4318,2024-05-26,Completed,Credit Card,Nagpur,Maharashtra
O07945,C2336,2025-03-11,Completed,Debit Card,Pune,Maharashtra
O07946,C1925,2023-11-21,Cancelled,Credit Card,Noida,Uttar Pradesh
O07947,C0524,2023-04-06,Completed,Credit Card,Bhubaneswar,Odisha
O07948,C1511,2023-06-23,Cancelled,COD,Noida,Uttar Pradesh
O07949,C2747,2023-12-10,Completed,Debit Card,Jaipur,Rajasthan
O07950,C4777,2023-07-24,Completed,UPI,Chandigarh,Chandigarh
O07951,C0618,2023-02-24,Cancelled,Credit Card,Surat,Gujarat
O07952,C0861,2024-12-10,Completed,UPI,Patna,Bihar
O07953,C4489,2023-08-14,Completed,UPI,Bhubaneswar,Odisha
O07954,C1308,2023-10-29,Completed,Debit Card,Patna,Bihar
O07955,C2901,2023-08-08,Completed,Credit Card,Jaipur,Rajasthan
O07956,C2822,2025-09-30,Completed,COD,Kochi,Kerala
O07957,C3866,2024-03-03,Completed,Credit Card,Noida,Uttar Pradesh
O07958,C3315,2023-05-21,Completed,UPI,Kolkata,West Bengal
O07959,C0035,2024-03-30,Completed,UPI,Hyderabad,Telangana
O07960,C2101,2023-05-25,Completed,UPI,Mumbai,Maharashtra
O07961,C1380,2025-08-26,Completed,UPI,Noida,Uttar Pradesh
O07962,C4246,2024-06-09,Completed,COD,Bhopal,Madhya Pradesh
O07963,C0437,2023-06-07,Completed,UPI,Ahmedabad,Gujarat
O07964,C4546,2023-04-15,Returned,Debit Card,Bhubaneswar,Odisha
O07965,C2573,2025-01-11,Completed,COD,Ahmedabad,Gujarat
O07966,C4363,2025-06-08,Completed,Credit Card,Kochi,Kerala
O07967,C3980,2023-10-16,Completed,UPI,Lucknow,Uttar Pradesh
O07968,C0309,2024-09-23,Completed,COD,Mumbai,Maharashtra
O07969,C4361,2025-11-20,Completed,Credit Card,Lucknow,Uttar Pradesh
O07970,C0492,2023-10-06,Completed,Credit Card,Chandigarh,Chandigarh
O07971,C0522,2025-08-05,Completed,COD,Chandigarh,Chandigarh
O07972,C1915,2023-08-13,Completed,Credit Card,Ahmedabad,Gujarat
O07973,C2926,2023-03-25,Completed,UPI,Bengaluru,Karnataka
O07974,C1369,2023-04-02,Completed,Debit Card,Ahmedabad,Gujarat
O07975,C3291,2023-01-08,Completed,UPI,Mumbai,Maharashtra
O07976,C2142,2025-12-13,Completed,COD,Chennai,Tamil Nadu
O07977,C3230,2024-04-23,Completed,COD,Indore,Madhya Pradesh
O07978,C4130,2023-04-18,Completed,Credit Card,Bhopal,Madhya Pradesh
O07979,C2849,2023-08-25,Completed,UPI,Chandigarh,Chandigarh
O07980,C3578,2025-09-08,Completed,Credit Card,Mumbai,Maharashtra
O07981,C2572,2024-06-12,Cancelled,Credit Card,Lucknow,Uttar Pradesh
O07982,C0233,2024-09-20,Completed,UPI,Surat,Gujarat
O07983,C1623,2025-09-18,Completed,UPI,Chennai,Tamil Nadu
O07984,C2653,2025-12-10,Cancelled,UPI,Noida,Uttar Pradesh
O07985,C1217,2023-02-23,Completed,Credit Card,Surat,Gujarat
O07986,C3540,2025-01-18,Completed,Debit Card,Bhopal,Madhya Pradesh
O07987,C0522,2024-03-02,Completed,Net Banking,Chandigarh,Chandigarh
O07988,C4733,2024-05-12,Completed,UPI,Patna,Bihar
O07989,C2835,2023-12-12,Completed,UPI,Nagpur,Maharashtra
O07990,C3067,2024-05-25,Completed,UPI,Kolkata,West Bengal
O07991,C3200,2024-03-16,Cancelled,Net Banking,Bhopal,Madhya Pradesh
O07992,C0341,2025-07-10,Completed,Credit Card,Patna,Bihar
O07993,C2745,2024-12-22,Completed,Net Banking,Jaipur,Rajasthan
O07994,C3947,2023-08-16,Completed,COD,Nagpur,Maharashtra
O07995,C3939,2025-09-23,Completed,UPI,Hyderabad,Telangana
O07996,C0059,2024-09-01,Cancelled,UPI,Mumbai,Maharashtra
O07997,C3254,2025-04-07,Completed,UPI,Bhubaneswar,Odisha
O07998,C4682,2025-02-28,Completed,UPI,Nagpur,Maharashtra
O07999,C0243,2024-01-31,Completed,Credit Card,Ahmedabad,Gujarat
O08000,C0228,2025-04-07,Cancelled,Credit Card,Jaipur,Rajasthan
O08001,C4614,2025-08-14,Completed,Debit Card,Kolkata,West Bengal
O08002,C2603,2024-07-18,Completed,UPI,Surat,Gujarat
O08003,C0127,2023-06-05,Completed,UPI,Chandigarh,Chandigarh
O08004,C4431,2025-03-02,Cancelled,Credit Card,Bengaluru,Karnataka
O08005,C4854,2024-05-17,Completed,UPI,Surat,Gujarat
O08006,C1432,2025-02-19,Completed,Credit Card,Gurugram,Haryana
O08007,C2169,2023-11-30,Completed,UPI,Chennai,Tamil Nadu
O08008,C3960,2024-05-05,Completed,UPI,Bengaluru,Karnataka
O08009,C2749,2023-11-24,Returned,COD,Nagpur,Maharashtra
O08010,C1309,2023-01-01,Cancelled,Debit Card,Kolkata,West Bengal
O08011,C2126,2024-09-18,Completed,UPI,Jaipur,Rajasthan
O08012,C1594,2023-07-06,Completed,Credit Card,Indore,Madhya Pradesh
O08013,C4080,2023-09-26,Completed,UPI,Gurugram,Haryana
O08014,C1494,2023-05-03,Completed,UPI,Delhi,Delhi
O08015,C2031,2024-07-05,Completed,Credit Card,Pune,Maharashtra
O08016,C3253,2024-08-10,Completed,UPI,Jaipur,Rajasthan
O08017,C4361,2023-12-02,Completed,UPI,Lucknow,Uttar Pradesh
O08018,C4778,2024-01-25,Completed,UPI,Chennai,Tamil Nadu
O08019,C0247,2023-10-31,Completed,Debit Card,Bengaluru,Karnataka
O08020,C4520,2025-07-02,Completed,UPI,Kolkata,West Bengal
O08021,C1083,2025-04-28,Completed,COD,Pune,Maharashtra
O08022,C4929,2025-08-29,Completed,UPI,Gurugram,Haryana
O08023,C1482,2023-08-14,Completed,UPI,Patna,Bihar
O08024,C0011,2024-05-27,Completed,COD,Ahmedabad,Gujarat
O08025,C2007,2025-10-06,Completed,Credit Card,Indore,Madhya Pradesh
O08026,C3442,2023-01-29,Cancelled,UPI,Kolkata,West Bengal
O08027,C3530,2024-08-26,Completed,Credit Card,Delhi,Delhi
O08028,C2293,2025-08-22,Completed,UPI,Ahmedabad,Gujarat
O08029,C0945,2025-09-07,Completed,Debit Card,Patna,Bihar
O08030,C0435,2024-09-06,Completed,UPI,Bengaluru,Karnataka
O08031,C3492,2025-10-03,Completed,COD,Bengaluru,Karnataka
O08032,C2290,2025-10-09,Cancelled,Credit Card,Chandigarh,Chandigarh
O08033,C3344,2024-12-25,Completed,Debit Card,Pune,Maharashtra
O08034,C2567,2024-04-16,Cancelled,Debit Card,Gurugram,Haryana
O08035,C1760,2024-11-19,Completed,UPI,Noida,Uttar Pradesh
O08036,C3876,2023-11-11,Cancelled,COD,Kochi,Kerala
O08037,C2229,2025-06-27,Cancelled,UPI,Patna,Bihar
O08038,C0268,2024-07-10,Completed,UPI,Bhopal,Madhya Pradesh
O08039,C2199,2025-07-30,Completed,Credit Card,Lucknow,Uttar Pradesh
O08040,C3688,2023-10-06,Completed,Net Banking,Kolkata,West Bengal
O08041,C4478,2025-04-19,Returned,UPI,Patna,Bihar
O08042,C0515,2024-01-02,Completed,Net Banking,Mumbai,Maharashtra
O08043,C1744,2023-11-27,Completed,Credit Card,Patna,Bihar
O08044,C0930,2024-02-01,Returned,COD,Hyderabad,Telangana
O08045,C3932,2025-02-26,Completed,Credit Card,Hyderabad,Telangana
O08046,C1449,2024-01-20,Completed,UPI,Noida,Uttar Pradesh
O08047,C3888,2024-07-11,Completed,COD,Chennai,Tamil Nadu
O08048,C0199,2025-11-19,Cancelled,UPI,Hyderabad,Telangana
O08049,C2056,2023-09-20,Returned,Debit Card,Indore,Madhya Pradesh
O08050,C1781,2024-02-12,Completed,COD,Hyderabad,Telangana
O08051,C4901,2025-08-01,Completed,COD,Indore,Madhya Pradesh
O08052,C4423,2025-09-16,Completed,Debit Card,Chandigarh,Chandigarh
O08053,C1714,2025-12-02,Completed,UPI,Chennai,Tamil Nadu
O08054,C3093,2025-04-26,Completed,Credit Card,Nagpur,Maharashtra
O08055,C3505,2025-11-25,Completed,Debit Card,Bhubaneswar,Odisha
O08056,C2568,2025-12-03,Completed,COD,Chennai,Tamil Nadu
O08057,C0930,2025-12-20,Completed,UPI,Hyderabad,Telangana
O08058,C4626,2025-05-24,Completed,Credit Card,Indore,Madhya Pradesh
O08059,C1420,2024-05-11,Completed,UPI,Mumbai,Maharashtra
O08060,C2006,2023-06-07,Completed,Credit Card,Chandigarh,Chandigarh
O08061,C1331,2023-09-28,Completed,UPI,Chennai,Tamil Nadu
O08062,C2558,2023-11-09,Completed,UPI,Delhi,Delhi
O08063,C0424,2023-12-11,Completed,COD,Delhi,Delhi
O08064,C0150,2023-04-27,Completed,Credit Card,Kolkata,West Bengal
O08065,C3464,2025-10-17,Completed,Credit Card,Mumbai,Maharashtra
O08066,C1514,2023-06-23,Completed,COD,Bengaluru,Karnataka
O08067,C2716,2025-01-18,Completed,UPI,Lucknow,Uttar Pradesh
O08068,C2994,2023-06-04,Completed,UPI,Noida,Uttar Pradesh
O08069,C0139,2024-08-17,Completed,UPI,Bhopal,Madhya Pradesh
O08070,C3726,2023-11-06,Completed,Debit Card,Kochi,Kerala
O08071,C1871,2023-08-22,Completed,Credit Card,Chandigarh,Chandigarh
O08072,C2062,2023-06-11,Completed,Credit Card,Nagpur,Maharashtra
O08073,C1996,2024-11-21,Completed,Debit Card,Mumbai,Maharashtra
O08074,C2819,2023-10-19,Completed,Credit Card,Chandigarh,Chandigarh
O08075,C1914,2023-05-07,Completed,COD,Lucknow,Uttar Pradesh
O08076,C4281,2024-11-23,Completed,Credit Card,Kolkata,West Bengal
O08077,C0743,2024-08-24,Cancelled,COD,Indore,Madhya Pradesh
O08078,C4182,2024-01-23,Completed,UPI,Ahmedabad,Gujarat
O08079,C4234,2025-02-18,Completed,UPI,Noida,Uttar Pradesh
O08080,C3538,2023-09-06,Completed,Debit Card,Gurugram,Haryana
O08081,C0077,2023-06-30,Returned,Credit Card,Pune,Maharashtra
O08082,C1992,2025-12-20,Completed,Credit Card,Bengaluru,Karnataka
O08083,C3706,2024-11-26,Completed,Debit Card,Kochi,Kerala
O08084,C3023,2023-10-08,Completed,UPI,Hyderabad,Telangana
O08085,C4872,2023-10-24,Completed,UPI,Indore,Madhya Pradesh
O08086,C1017,2024-11-21,Returned,Credit Card,Nagpur,Maharashtra
O08087,C0097,2024-07-15,Completed,COD,Mumbai,Maharashtra
O08088,C0995,2025-11-16,Completed,Credit Card,Jaipur,Rajasthan
O08089,C1555,2023-11-07,Completed,Credit Card,Delhi,Delhi
O08090,C1033,2025-05-24,Completed,UPI,Gurugram,Haryana
O08091,C0083,2024-01-25,Completed,Credit Card,Gurugram,Haryana
O08092,C1536,2023-01-06,Completed,Credit Card,Noida,Uttar Pradesh
O08093,C4526,2024-12-03,Completed,UPI,Ahmedabad,Gujarat
O08094,C0513,2025-10-07,Completed,UPI,Jaipur,Rajasthan
O08095,C1923,2024-06-13,Completed,UPI,Pune,Maharashtra
O08096,C1698,2023-06-08,Cancelled,UPI,Surat,Gujarat
O08097,C3486,2025-08-09,Completed,UPI,Lucknow,Uttar Pradesh
O08098,C2561,2023-08-18,Completed,Debit Card,Bengaluru,Karnataka
O08099,C1915,2024-11-22,Completed,Debit Card,Ahmedabad,Gujarat
O08100,C4754,2023-05-13,Cancelled,UPI,Ahmedabad,Gujarat
O08101,C3977,2025-08-06,Cancelled,Credit Card,Delhi,Delhi
O08102,C0647,2023-06-08,Returned,COD,Noida,Uttar Pradesh
O08103,C0798,2024-06-16,Completed,COD,Hyderabad,Telangana
O08104,C0077,2024-11-11,Completed,Debit Card,Pune,Maharashtra
O08105,C2684,2023-10-22,Completed,UPI,Kochi,Kerala
O08106,C0742,2025-07-25,Completed,UPI,Bengaluru,Karnataka
O08107,C1226,2025-03-31,Completed,UPI,Lucknow,Uttar Pradesh
O08108,C4203,2023-10-08,Completed,Debit Card,Surat,Gujarat
O08109,C0965,2025-12-23,Completed,UPI,Bhopal,Madhya Pradesh
O08110,C4782,2023-12-25,Completed,Credit Card,Hyderabad,Telangana
O08111,C0312,2025-10-09,Completed,COD,Delhi,Delhi
O08112,C2647,2025-04-26,Cancelled,COD,Bengaluru,Karnataka
O08113,C2732,2024-10-09,Completed,COD,Jaipur,Rajasthan
O08114,C0633,2023-01-01,Completed,UPI,Kochi,Kerala
O08115,C4764,2023-11-11,Returned,COD,Gurugram,Haryana
O08116,C4695,2024-04-25,Completed,Debit Card,Chandigarh,Chandigarh
O08117,C3682,2024-10-15,Completed,Debit Card,Nagpur,Maharashtra
O08118,C0415,2025-04-27,Completed,UPI,Bengaluru,Karnataka
O08119,C3207,2025-02-27,Completed,Net Banking,Bhopal,Madhya Pradesh
O08120,C1543,2023-11-10,Completed,UPI,Kolkata,West Bengal
O08121,C0772,2023-05-19,Returned,UPI,Indore,Madhya Pradesh
O08122,C4480,2024-05-12,Completed,UPI,Nagpur,Maharashtra
O08123,C2588,2023-05-01,Completed,Debit Card,Bhopal,Madhya Pradesh
O08124,C0487,2024-04-09,Completed,Debit Card,Bhopal,Madhya Pradesh
O08125,C1780,2025-09-16,Completed,Net Banking,Kochi,Kerala
O08126,C0030,2025-06-28,Completed,UPI,Gurugram,Haryana
O08127,C0130,2023-12-30,Completed,UPI,Hyderabad,Telangana
O08128,C4215,2023-06-10,Completed,Debit Card,Chennai,Tamil Nadu
O08129,C2375,2024-10-25,Completed,UPI,Hyderabad,Telangana
O08130,C3984,2025-08-24,Cancelled,Credit Card,Indore,Madhya Pradesh
O08131,C3142,2024-07-03,Completed,UPI,Mumbai,Maharashtra
O08132,C0208,2025-12-09,Completed,Credit Card,Ahmedabad,Gujarat
O08133,C4187,2025-01-16,Completed,COD,Bhubaneswar,Odisha
O08134,C4216,2023-03-30,Cancelled,UPI,Lucknow,Uttar Pradesh
O08135,C0982,2025-06-11,Completed,UPI,Kochi,Kerala
O08136,C4303,2024-12-21,Completed,UPI,Jaipur,Rajasthan
O08137,C4502,2024-01-21,Completed,Debit Card,Bhopal,Madhya Pradesh
O08138,C2172,2024-10-15,Completed,Credit Card,Nagpur,Maharashtra
O08139,C0112,2023-12-03,Completed,COD,Chennai,Tamil Nadu
O08140,C4710,2024-08-12,Completed,Net Banking,Nagpur,Maharashtra
O08141,C1410,2024-03-10,Completed,Net Banking,Lucknow,Uttar Pradesh
O08142,C0706,2025-12-03,Completed,UPI,Gurugram,Haryana
O08143,C2780,2024-05-01,Completed,Credit Card,Gurugram,Haryana
O08144,C4200,2023-04-19,Completed,COD,Patna,Bihar
O08145,C2601,2024-11-30,Completed,Debit Card,Ahmedabad,Gujarat
O08146,C2616,2025-12-29,Cancelled,COD,Chandigarh,Chandigarh
O08147,C4858,2024-06-26,Completed,Credit Card,Bengaluru,Karnataka
O08148,C2975,2025-03-15,Completed,Credit Card,Bengaluru,Karnataka
O08149,C0848,2024-11-13,Completed,UPI,Chennai,Tamil Nadu
O08150,C2944,2024-08-31,Completed,UPI,Chennai,Tamil Nadu
O08151,C3221,2025-04-18,Completed,Debit Card,Delhi,Delhi
O08152,C0169,2024-07-03,Completed,Credit Card,Chennai,Tamil Nadu
O08153,C0985,2023-09-21,Completed,Debit Card,Hyderabad,Telangana
O08154,C1108,2023-10-17,Completed,UPI,Bhubaneswar,Odisha
O08155,C2568,2023-05-25,Completed,COD,Chennai,Tamil Nadu
O08156,C0107,2024-06-12,Completed,COD,Chennai,Tamil Nadu
O08157,C4981,2023-04-04,Completed,Debit Card,Lucknow,Uttar Pradesh
O08158,C2706,2023-12-04,Completed,UPI,Bhubaneswar,Odisha
O08159,C2079,2025-09-25,Completed,UPI,Mumbai,Maharashtra
O08160,C3619,2025-12-20,Completed,Debit Card,Mumbai,Maharashtra
O08161,C4343,2023-03-19,Completed,Net Banking,Patna,Bihar
O08162,C2974,2023-04-09,Returned,Credit Card,Chennai,Tamil Nadu
O08163,C1554,2024-10-07,Completed,COD,Bhubaneswar,Odisha
O08164,C2003,2025-03-19,Completed,Credit Card,Bhopal,Madhya Pradesh
O08165,C0498,2025-09-02,Completed,Debit Card,Patna,Bihar
O08166,C4950,2023-11-01,Cancelled,Credit Card,Jaipur,Rajasthan
O08167,C4400,2025-05-25,Completed,Credit Card,Surat,Gujarat
O08168,C1422,2023-12-22,Completed,Debit Card,Kochi,Kerala
O08169,C3475,2025-02-11,Completed,Credit Card,Nagpur,Maharashtra
O08170,C4412,2025-02-17,Completed,COD,Gurugram,Haryana
O08171,C4374,2023-02-09,Completed,COD,Surat,Gujarat
O08172,C0542,2024-04-20,Cancelled,Debit Card,Ahmedabad,Gujarat
O08173,C0789,2024-11-09,Completed,Debit Card,Kolkata,West Bengal
O08174,C0356,2025-04-17,Completed,Credit Card,Bhubaneswar,Odisha
O08175,C3975,2024-06-15,Completed,COD,Bhopal,Madhya Pradesh
O08176,C1227,2023-08-18,Completed,Net Banking,Surat,Gujarat
O08177,C0250,2025-09-11,Completed,COD,Noida,Uttar Pradesh
O08178,C4199,2025-02-19,Completed,UPI,Bhubaneswar,Odisha
O08179,C3396,2023-03-17,Completed,COD,Patna,Bihar
O08180,C3970,2023-09-22,Completed,Credit Card,Nagpur,Maharashtra
O08181,C0532,2023-11-11,Completed,Debit Card,Bhopal,Madhya Pradesh
O08182,C0559,2024-09-19,Completed,Net Banking,Hyderabad,Telangana
O08183,C1620,2025-09-18,Completed,UPI,Kolkata,West Bengal
O08184,C1292,2023-03-23,Cancelled,UPI,Kochi,Kerala
O08185,C3125,2023-08-18,Completed,UPI,Delhi,Delhi
O08186,C4881,2024-10-07,Completed,UPI,Nagpur,Maharashtra
O08187,C4114,2023-10-25,Returned,UPI,Hyderabad,Telangana
O08188,C1128,2023-10-08,Completed,Credit Card,Mumbai,Maharashtra
O08189,C4248,2024-04-12,Completed,COD,Jaipur,Rajasthan
O08190,C3912,2024-06-13,Completed,COD,Kolkata,West Bengal
O08191,C4969,2024-02-12,Completed,UPI,Delhi,Delhi
O08192,C1108,2025-09-01,Cancelled,Credit Card,Bhubaneswar,Odisha
O08193,C4645,2023-08-11,Completed,COD,Jaipur,Rajasthan
O08194,C1688,2025-02-07,Cancelled,Credit Card,Delhi,Delhi
O08195,C4472,2025-11-04,Completed,COD,Pune,Maharashtra
O08196,C4304,2024-11-24,Returned,COD,Bengaluru,Karnataka
O08197,C4556,2024-06-29,Cancelled,UPI,Kochi,Kerala
O08198,C3476,2025-10-22,Completed,COD,Bhubaneswar,Odisha
O08199,C2578,2023-05-31,Completed,Credit Card,Jaipur,Rajasthan
O08200,C2533,2024-09-09,Completed,Credit Card,Bhopal,Madhya Pradesh
O08201,C4218,2025-02-05,Completed,COD,Hyderabad,Telangana
O08202,C2030,2023-01-14,Completed,COD,Ahmedabad,Gujarat
O08203,C1144,2024-10-17,Completed,Debit Card,Ahmedabad,Gujarat
O08204,C4347,2025-07-16,Cancelled,COD,Pune,Maharashtra
O08205,C4992,2023-07-26,Completed,Net Banking,Patna,Bihar
O08206,C3744,2024-09-10,Completed,COD,Gurugram,Haryana
O08207,C3591,2025-01-04,Completed,UPI,Bhubaneswar,Odisha
O08208,C3799,2025-02-18,Cancelled,COD,Gurugram,Haryana
O08209,C1748,2025-12-02,Completed,COD,Indore,Madhya Pradesh
O08210,C4820,2024-03-06,Returned,Net Banking,Jaipur,Rajasthan
O08211,C0218,2025-03-05,Completed,Debit Card,Surat,Gujarat
O08212,C2811,2023-02-25,Completed,COD,Bengaluru,Karnataka
O08213,C3416,2023-07-27,Returned,UPI,Mumbai,Maharashtra
O08214,C1717,2025-01-08,Completed,Net Banking,Nagpur,Maharashtra
O08215,C4700,2023-04-14,Completed,UPI,Nagpur,Maharashtra
O08216,C0290,2024-04-08,Returned,COD,Bengaluru,Karnataka
O08217,C4698,2024-04-14,Cancelled,Net Banking,Kolkata,West Bengal
O08218,C3269,2024-08-02,Completed,UPI,Kochi,Kerala
O08219,C2744,2023-09-07,Completed,COD,Mumbai,Maharashtra
O08220,C0610,2025-09-18,Completed,COD,Patna,Bihar
O08221,C2354,2024-08-25,Completed,Net Banking,Kolkata,West Bengal
O08222,C0536,2025-02-21,Completed,UPI,Pune,Maharashtra
O08223,C3292,2024-02-07,Returned,COD,Jaipur,Rajasthan
O08224,C3758,2023-01-26,Completed,Credit Card,Bhubaneswar,Odisha
O08225,C0757,2024-12-19,Completed,UPI,Pune,Maharashtra
O08226,C3850,2025-07-29,Completed,Debit Card,Delhi,Delhi
O08227,C0354,2023-01-10,Completed,Credit Card,Bengaluru,Karnataka
O08228,C4831,2024-09-05,Completed,COD,Indore,Madhya Pradesh
O08229,C3892,2025-04-27,Completed,Debit Card,Patna,Bihar
O08230,C4331,2023-08-09,Completed,UPI,Lucknow,Uttar Pradesh
O08231,C0306,2024-06-27,Completed,UPI,Indore,Madhya Pradesh
O08232,C2996,2023-04-06,Completed,UPI,Nagpur,Maharashtra
O08233,C3709,2025-02-18,Returned,UPI,Surat,Gujarat
O08234,C2215,2024-09-06,Completed,Debit Card,Ahmedabad,Gujarat
O08235,C4149,2025-04-21,Completed,COD,Chandigarh,Chandigarh
O08236,C1210,2025-11-26,Returned,Credit Card,Indore,Madhya Pradesh
O08237,C0276,2025-05-29,Completed,Debit Card,Mumbai,Maharashtra
O08238,C0147,2023-05-11,Completed,UPI,Jaipur,Rajasthan
O08239,C3549,2023-04-08,Completed,Credit Card,Kochi,Kerala
O08240,C4726,2025-11-25,Returned,Credit Card,Hyderabad,Telangana
O08241,C1954,2025-08-27,Completed,Debit Card,Lucknow,Uttar Pradesh
O08242,C0852,2025-08-12,Completed,Credit Card,Patna,Bihar
O08243,C4524,2024-11-24,Completed,UPI,Chandigarh,Chandigarh
O08244,C0488,2023-01-28,Completed,UPI,Bhubaneswar,Odisha
O08245,C1554,2025-06-23,Completed,UPI,Bhubaneswar,Odisha
O08246,C1762,2024-10-30,Completed,Net Banking,Ahmedabad,Gujarat
O08247,C3184,2024-06-05,Completed,UPI,Lucknow,Uttar Pradesh
O08248,C0584,2025-07-11,Returned,COD,Jaipur,Rajasthan
O08249,C4712,2023-04-19,Completed,UPI,Kochi,Kerala
O08250,C4311,2025-04-09,Completed,UPI,Ahmedabad,Gujarat
O08251,C4606,2024-08-30,Completed,Debit Card,Delhi,Delhi
O08252,C0511,2024-10-19,Completed,Credit Card,Ahmedabad,Gujarat
O08253,C4122,2023-07-29,Completed,COD,Surat,Gujarat
O08254,C3814,2023-12-08,Completed,COD,Hyderabad,Telangana
O08255,C2241,2025-12-08,Completed,Debit Card,Kolkata,West Bengal
O08256,C2151,2024-10-27,Completed,COD,Bhubaneswar,Odisha
O08257,C3203,2025-02-11,Returned,COD,Noida,Uttar Pradesh
O08258,C0343,2023-11-25,Completed,COD,Delhi,Delhi
O08259,C1424,2024-07-09,Completed,Credit Card,Jaipur,Rajasthan
O08260,C3868,2023-09-05,Completed,UPI,Gurugram,Haryana
O08261,C4396,2025-11-09,Completed,COD,Kolkata,West Bengal
O08262,C0146,2024-11-26,Completed,UPI,Chandigarh,Chandigarh
O08263,C2818,2024-05-17,Completed,UPI,Nagpur,Maharashtra
O08264,C4558,2023-12-30,Completed,UPI,Bengaluru,Karnataka
O08265,C0916,2024-05-03,Completed,Debit Card,Hyderabad,Telangana
O08266,C4920,2025-03-22,Completed,UPI,Chandigarh,Chandigarh
O08267,C1912,2024-10-26,Completed,UPI,Indore,Madhya Pradesh
O08268,C3702,2025-11-06,Completed,Debit Card,Gurugram,Haryana
O08269,C1340,2023-02-08,Completed,COD,Noida,Uttar Pradesh
O08270,C2247,2024-10-26,Completed,UPI,Jaipur,Rajasthan
O08271,C3918,2025-05-16,Completed,COD,Chennai,Tamil Nadu
O08272,C2952,2023-10-22,Completed,UPI,Gurugram,Haryana
O08273,C0498,2023-02-08,Completed,Net Banking,Patna,Bihar
O08274,C2949,2023-07-06,Completed,Credit Card,Delhi,Delhi
O08275,C0791,2025-01-19,Completed,UPI,Hyderabad,Telangana
O08276,C4201,2025-08-19,Cancelled,Net Banking,Gurugram,Haryana
O08277,C0010,2025-02-22,Completed,UPI,Hyderabad,Telangana
O08278,C3099,2023-11-05,Completed,UPI,Bengaluru,Karnataka
O08279,C2817,2023-12-28,Returned,UPI,Bhubaneswar,Odisha
O08280,C0327,2024-04-06,Completed,Credit Card,Kochi,Kerala
O08281,C3567,2024-10-30,Completed,COD,Bengaluru,Karnataka
O08282,C0883,2024-12-06,Completed,COD,Ahmedabad,Gujarat
O08283,C1672,2025-02-16,Cancelled,Credit Card,Chennai,Tamil Nadu
O08284,C0738,2023-01-02,Completed,Net Banking,Chandigarh,Chandigarh
O08285,C2175,2024-10-14,Completed,COD,Patna,Bihar
O08286,C0924,2023-07-01,Completed,Debit Card,Chennai,Tamil Nadu
O08287,C4267,2023-01-02,Cancelled,UPI,Surat,Gujarat
O08288,C4483,2025-09-03,Completed,Credit Card,Bhubaneswar,Odisha
O08289,C2825,2023-11-03,Completed,UPI,Patna,Bihar
O08290,C1154,2025-05-25,Completed,UPI,Patna,Bihar
O08291,C2071,2023-02-18,Completed,Debit Card,Bengaluru,Karnataka
O08292,C4601,2025-09-22,Completed,UPI,Bhubaneswar,Odisha
O08293,C0921,2024-01-15,Completed,UPI,Hyderabad,Telangana
O08294,C3483,2025-03-01,Completed,Credit Card,Chennai,Tamil Nadu
O08295,C1444,2025-03-01,Cancelled,UPI,Nagpur,Maharashtra
O08296,C4508,2024-05-18,Completed,Debit Card,Bhopal,Madhya Pradesh
O08297,C2802,2025-02-22,Returned,COD,Nagpur,Maharashtra
O08298,C1776,2024-07-09,Cancelled,UPI,Ahmedabad,Gujarat
O08299,C0029,2024-07-25,Completed,Credit Card,Chennai,Tamil Nadu
O08300,C2293,2023-04-19,Cancelled,COD,Ahmedabad,Gujarat
O08301,C3704,2023-03-06,Cancelled,Debit Card,Ahmedabad,Gujarat
O08302,C0826,2023-09-25,Returned,UPI,Delhi,Delhi
O08303,C3742,2023-03-28,Completed,Credit Card,Indore,Madhya Pradesh
O08304,C0139,2024-03-25,Cancelled,Debit Card,Bhopal,Madhya Pradesh
O08305,C4453,2025-07-17,Completed,Debit Card,Delhi,Delhi
O08306,C2260,2025-01-10,Completed,UPI,Hyderabad,Telangana
O08307,C1163,2024-04-15,Completed,UPI,Nagpur,Maharashtra
O08308,C3440,2025-02-03,Cancelled,Debit Card,Patna,Bihar
O08309,C2534,2023-04-20,Completed,Debit Card,Indore,Madhya Pradesh
O08310,C1360,2023-10-21,Completed,UPI,Lucknow,Uttar Pradesh
O08311,C2226,2023-08-03,Completed,Net Banking,Ahmedabad,Gujarat
O08312,C2561,2025-08-17,Completed,UPI,Bengaluru,Karnataka
O08313,C3673,2024-11-11,Completed,Credit Card,Ahmedabad,Gujarat
O08314,C2161,2025-11-17,Completed,UPI,Lucknow,Uttar Pradesh
O08315,C0283,2023-09-23,Completed,COD,Hyderabad,Telangana
O08316,C1140,2025-06-14,Completed,Net Banking,Kolkata,West Bengal
O08317,C1798,2025-09-20,Completed,UPI,Jaipur,Rajasthan
O08318,C4137,2023-10-12,Completed,UPI,Bhopal,Madhya Pradesh
O08319,C2980,2025-12-22,Cancelled,Debit Card,Patna,Bihar
O08320,C1191,2024-08-21,Completed,Credit Card,Lucknow,Uttar Pradesh
O08321,C1245,2025-07-02,Completed,UPI,Pune,Maharashtra
O08322,C4409,2024-10-28,Completed,Net Banking,Nagpur,Maharashtra
O08323,C1931,2023-01-20,Completed,Debit Card,Chennai,Tamil Nadu
O08324,C2519,2023-02-19,Completed,UPI,Kolkata,West Bengal
O08325,C0048,2023-03-08,Completed,Credit Card,Nagpur,Maharashtra
O08326,C0134,2023-12-31,Completed,Credit Card,Mumbai,Maharashtra
O08327,C3047,2025-07-01,Completed,Credit Card,Patna,Bihar
O08328,C2365,2024-10-22,Cancelled,Credit Card,Ahmedabad,Gujarat
O08329,C3510,2025-09-03,Completed,Credit Card,Pune,Maharashtra
O08330,C3507,2025-03-26,Completed,Credit Card,Bengaluru,Karnataka
O08331,C2134,2023-01-28,Completed,UPI,Surat,Gujarat
O08332,C4095,2024-04-10,Completed,Debit Card,Hyderabad,Telangana
O08333,C2538,2023-09-23,Completed,COD,Bengaluru,Karnataka
O08334,C2472,2025-02-08,Cancelled,COD,Chandigarh,Chandigarh
O08335,C2435,2025-09-19,Completed,UPI,Bengaluru,Karnataka
O08336,C4336,2023-09-14,Completed,Credit Card,Bengaluru,Karnataka
O08337,C3523,2025-05-07,Completed,Net Banking,Bhubaneswar,Odisha
O08338,C2306,2023-03-14,Completed,UPI,Gurugram,Haryana
O08339,C4140,2025-11-02,Completed,COD,Nagpur,Maharashtra
O08340,C1811,2024-08-05,Completed,UPI,Noida,Uttar Pradesh
O08341,C0664,2025-10-21,Cancelled,COD,Kolkata,West Bengal
O08342,C3055,2024-04-27,Completed,Debit Card,Bhubaneswar,Odisha
O08343,C4850,2023-07-14,Completed,Debit Card,Bhopal,Madhya Pradesh
O08344,C4201,2024-02-07,Completed,Net Banking,Gurugram,Haryana
O08345,C3493,2023-01-04,Completed,Net Banking,Bhopal,Madhya Pradesh
O08346,C0954,2025-02-03,Cancelled,UPI,Indore,Madhya Pradesh
O08347,C1674,2024-06-25,Cancelled,UPI,Chandigarh,Chandigarh
O08348,C1343,2025-03-14,Completed,Credit Card,Bengaluru,Karnataka
O08349,C3492,2023-04-16,Completed,UPI,Bengaluru,Karnataka
O08350,C2743,2023-05-02,Completed,Credit Card,Ahmedabad,Gujarat
O08351,C2105,2025-08-12,Completed,Net Banking,Indore,Madhya Pradesh
O08352,C0240,2024-12-08,Completed,Credit Card,Ahmedabad,Gujarat
O08353,C2625,2025-09-09,Completed,Net Banking,Bhubaneswar,Odisha
O08354,C3050,2024-12-15,Completed,UPI,Bhopal,Madhya Pradesh
O08355,C2110,2025-02-10,Completed,UPI,Kochi,Kerala
O08356,C4248,2025-12-12,Completed,Credit Card,Jaipur,Rajasthan
O08357,C4226,2023-11-06,Completed,Debit Card,Gurugram,Haryana
O08358,C1464,2025-05-01,Completed,UPI,Gurugram,Haryana
O08359,C0400,2024-07-10,Completed,Credit Card,Mumbai,Maharashtra
O08360,C2722,2025-07-01,Completed,COD,Kochi,Kerala
O08361,C1938,2024-11-28,Completed,COD,Nagpur,Maharashtra
O08362,C4637,2023-01-13,Completed,UPI,Ahmedabad,Gujarat
O08363,C0182,2023-07-28,Completed,UPI,Hyderabad,Telangana
O08364,C1075,2024-03-10,Completed,UPI,Hyderabad,Telangana
O08365,C2574,2025-12-11,Cancelled,Debit Card,Jaipur,Rajasthan
O08366,C2398,2025-04-29,Completed,Net Banking,Delhi,Delhi
O08367,C1082,2023-04-17,Cancelled,UPI,Lucknow,Uttar Pradesh
O08368,C0419,2024-09-15,Completed,Credit Card,Patna,Bihar
O08369,C1161,2023-04-30,Completed,Net Banking,Patna,Bihar
O08370,C0640,2023-03-08,Returned,UPI,Nagpur,Maharashtra
O08371,C2085,2025-09-13,Cancelled,Debit Card,Noida,Uttar Pradesh
O08372,C4590,2023-03-23,Cancelled,UPI,Bengaluru,Karnataka
O08373,C0359,2024-12-14,Cancelled,Net Banking,Noida,Uttar Pradesh
O08374,C1804,2023-04-24,Completed,UPI,Kolkata,West Bengal
O08375,C0539,2025-01-29,Completed,Credit Card,Chandigarh,Chandigarh
O08376,C4440,2024-03-29,Completed,UPI,Pune,Maharashtra
O08377,C2219,2025-08-17,Cancelled,UPI,Delhi,Delhi
O08378,C1714,2023-08-20,Cancelled,Net Banking,Chennai,Tamil Nadu
O08379,C0866,2025-02-11,Completed,Credit Card,Bengaluru,Karnataka
O08380,C2068,2024-07-15,Completed,Debit Card,Lucknow,Uttar Pradesh
O08381,C2351,2023-11-12,Completed,Debit Card,Patna,Bihar
O08382,C0776,2024-04-19,Returned,UPI,Bhopal,Madhya Pradesh
O08383,C3269,2025-05-25,Completed,UPI,Kochi,Kerala
O08384,C4672,2024-01-06,Completed,Debit Card,Nagpur,Maharashtra
O08385,C3628,2025-09-19,Returned,COD,Indore,Madhya Pradesh
O08386,C1036,2023-09-15,Completed,Debit Card,Kochi,Kerala
O08387,C0361,2024-12-23,Completed,Credit Card,Gurugram,Haryana
O08388,C2820,2024-03-04,Cancelled,Debit Card,Kolkata,West Bengal
O08389,C0296,2025-10-30,Cancelled,UPI,Delhi,Delhi
O08390,C1427,2024-11-07,Completed,Debit Card,Mumbai,Maharashtra
O08391,C3510,2024-10-24,Completed,Credit Card,Pune,Maharashtra
O08392,C2817,2024-02-29,Completed,Debit Card,Bhubaneswar,Odisha
O08393,C2866,2024-09-21,Completed,UPI,Chandigarh,Chandigarh
O08394,C0693,2023-05-14,Completed,UPI,Patna,Bihar
O08395,C4596,2025-08-18,Cancelled,UPI,Jaipur,Rajasthan
O08396,C1068,2023-01-18,Completed,COD,Ahmedabad,Gujarat
O08397,C1133,2024-01-03,Completed,UPI,Lucknow,Uttar Pradesh
O08398,C1122,2023-06-17,Returned,UPI,Pune,Maharashtra
O08399,C1242,2023-01-17,Completed,COD,Bengaluru,Karnataka
O08400,C0947,2025-06-27,Completed,Credit Card,Bhubaneswar,Odisha
O08401,C3148,2024-06-26,Completed,UPI,Bengaluru,Karnataka
O08402,C1616,2024-12-27,Completed,UPI,Ahmedabad,Gujarat
O08403,C4660,2023-11-02,Returned,Credit Card,Mumbai,Maharashtra
O08404,C0063,2024-01-14,Completed,Credit Card,Surat,Gujarat
O08405,C0394,2023-12-06,Completed,Credit Card,Hyderabad,Telangana
O08406,C1527,2023-05-31,Completed,COD,Kolkata,West Bengal
O08407,C1502,2025-12-04,Completed,UPI,Indore,Madhya Pradesh
O08408,C0520,2023-07-26,Completed,Credit Card,Ahmedabad,Gujarat
O08409,C0389,2023-05-19,Completed,Debit Card,Chennai,Tamil Nadu
O08410,C0588,2025-04-25,Completed,COD,Delhi,Delhi
O08411,C3498,2024-01-19,Returned,UPI,Jaipur,Rajasthan
O08412,C3062,2024-12-26,Completed,Debit Card,Gurugram,Haryana
O08413,C4732,2024-11-04,Completed,Credit Card,Pune,Maharashtra
O08414,C2572,2025-09-18,Cancelled,UPI,Lucknow,Uttar Pradesh
O08415,C0280,2023-07-22,Completed,Debit Card,Chennai,Tamil Nadu
O08416,C3117,2023-01-10,Completed,UPI,Gurugram,Haryana
O08417,C3473,2023-12-16,Completed,COD,Patna,Bihar
O08418,C1985,2025-01-07,Completed,COD,Bhopal,Madhya Pradesh
O08419,C2282,2023-08-05,Completed,Credit Card,Nagpur,Maharashtra
O08420,C4282,2023-01-04,Completed,UPI,Mumbai,Maharashtra
O08421,C0805,2024-08-28,Cancelled,Debit Card,Kolkata,West Bengal
O08422,C0075,2025-11-27,Completed,Credit Card,Chandigarh,Chandigarh
O08423,C2986,2024-08-10,Completed,UPI,Lucknow,Uttar Pradesh
O08424,C0710,2025-04-01,Completed,UPI,Lucknow,Uttar Pradesh
O08425,C3663,2025-04-09,Completed,UPI,Bengaluru,Karnataka
O08426,C4631,2023-10-02,Cancelled,Debit Card,Bengaluru,Karnataka
O08427,C1431,2024-08-28,Cancelled,Credit Card,Kolkata,West Bengal
O08428,C4992,2025-10-07,Completed,Credit Card,Patna,Bihar
O08429,C0647,2023-04-10,Cancelled,Credit Card,Noida,Uttar Pradesh
O08430,C2039,2025-10-24,Completed,Debit Card,Hyderabad,Telangana
O08431,C4134,2024-02-16,Completed,Debit Card,Nagpur,Maharashtra
O08432,C3939,2024-08-12,Completed,Credit Card,Hyderabad,Telangana
O08433,C2216,2024-12-10,Completed,UPI,Chandigarh,Chandigarh
O08434,C3357,2023-11-22,Cancelled,Credit Card,Gurugram,Haryana
O08435,C0103,2025-08-30,Completed,UPI,Ahmedabad,Gujarat
O08436,C0145,2025-10-21,Completed,Net Banking,Bhubaneswar,Odisha
O08437,C0755,2024-08-22,Completed,Net Banking,Pune,Maharashtra
O08438,C4058,2023-01-10,Cancelled,Credit Card,Noida,Uttar Pradesh
O08439,C4462,2024-01-10,Completed,UPI,Ahmedabad,Gujarat
O08440,C1831,2024-10-07,Completed,UPI,Patna,Bihar
O08441,C3710,2024-10-13,Completed,COD,Gurugram,Haryana
O08442,C0083,2023-04-13,Completed,UPI,Gurugram,Haryana
O08443,C1312,2025-12-29,Completed,Debit Card,Patna,Bihar
O08444,C3340,2025-06-03,Completed,UPI,Jaipur,Rajasthan
O08445,C3695,2025-07-05,Completed,COD,Surat,Gujarat
O08446,C3932,2023-04-20,Returned,COD,Hyderabad,Telangana
O08447,C3448,2023-08-12,Completed,Debit Card,Bhopal,Madhya Pradesh
O08448,C3669,2023-08-12,Completed,Debit Card,Gurugram,Haryana
O08449,C1616,2025-01-20,Completed,UPI,Ahmedabad,Gujarat
O08450,C4247,2024-09-22,Completed,Debit Card,Chennai,Tamil Nadu
O08451,C2804,2025-04-22,Completed,Credit Card,Kolkata,West Bengal
O08452,C4826,2023-08-02,Completed,Debit Card,Indore,Madhya Pradesh
O08453,C2063,2023-09-13,Cancelled,Net Banking,Lucknow,Uttar Pradesh
O08454,C4197,2024-10-28,Cancelled,COD,Nagpur,Maharashtra
O08455,C0780,2025-10-16,Cancelled,Credit Card,Chennai,Tamil Nadu
O08456,C1059,2025-12-01,Completed,Net Banking,Delhi,Delhi
O08457,C2399,2025-11-18,Completed,Debit Card,Noida,Uttar Pradesh
O08458,C3005,2024-11-25,Completed,UPI,Chennai,Tamil Nadu
O08459,C2331,2024-07-14,Returned,Debit Card,Lucknow,Uttar Pradesh
O08460,C4733,2023-11-23,Completed,COD,Patna,Bihar
O08461,C1760,2025-04-22,Completed,UPI,Noida,Uttar Pradesh
O08462,C4621,2025-12-13,Completed,Debit Card,Kolkata,West Bengal
O08463,C4261,2024-02-21,Completed,Net Banking,Nagpur,Maharashtra
O08464,C0428,2025-10-18,Returned,UPI,Bhopal,Madhya Pradesh
O08465,C3877,2025-06-21,Completed,Credit Card,Ahmedabad,Gujarat
O08466,C2491,2023-10-07,Completed,UPI,Bhopal,Madhya Pradesh
O08467,C2117,2025-12-14,Completed,COD,Gurugram,Haryana
O08468,C2322,2023-08-11,Cancelled,Credit Card,Ahmedabad,Gujarat
O08469,C0560,2023-04-18,Returned,Credit Card,Bengaluru,Karnataka
O08470,C4945,2024-12-18,Completed,UPI,Hyderabad,Telangana
O08471,C1386,2024-11-14,Cancelled,Net Banking,Mumbai,Maharashtra
O08472,C2618,2024-08-24,Completed,Credit Card,Mumbai,Maharashtra
O08473,C1955,2025-08-18,Completed,COD,Pune,Maharashtra
O08474,C0590,2025-10-26,Completed,Credit Card,Chandigarh,Chandigarh
O08475,C0499,2024-05-21,Completed,COD,Patna,Bihar
O08476,C2823,2025-05-24,Completed,UPI,Nagpur,Maharashtra
O08477,C1530,2023-09-25,Completed,UPI,Ahmedabad,Gujarat
O08478,C1639,2023-07-12,Completed,UPI,Noida,Uttar Pradesh
O08479,C1133,2025-01-25,Completed,UPI,Lucknow,Uttar Pradesh
O08480,C4484,2025-01-29,Completed,Credit Card,Indore,Madhya Pradesh
O08481,C0416,2023-03-11,Completed,Credit Card,Delhi,Delhi
O08482,C4997,2025-11-19,Completed,UPI,Lucknow,Uttar Pradesh
O08483,C1592,2024-05-24,Completed,Credit Card,Noida,Uttar Pradesh
O08484,C4408,2025-01-03,Completed,UPI,Nagpur,Maharashtra
O08485,C3884,2024-04-04,Cancelled,COD,Patna,Bihar
O08486,C1608,2024-04-02,Completed,Credit Card,Bhopal,Madhya Pradesh
O08487,C3725,2024-07-20,Cancelled,Net Banking,Chennai,Tamil Nadu
O08488,C1716,2023-02-08,Completed,UPI,Chennai,Tamil Nadu
O08489,C0203,2025-08-27,Completed,UPI,Bhubaneswar,Odisha
O08490,C3855,2023-09-19,Completed,UPI,Mumbai,Maharashtra
O08491,C3960,2023-07-03,Completed,UPI,Bengaluru,Karnataka
O08492,C0110,2024-06-03,Returned,COD,Bengaluru,Karnataka
O08493,C4178,2025-09-06,Completed,UPI,Chandigarh,Chandigarh
O08494,C0769,2025-04-02,Completed,UPI,Hyderabad,Telangana
O08495,C0139,2025-05-22,Completed,UPI,Bhopal,Madhya Pradesh
O08496,C0221,2024-01-21,Completed,Net Banking,Nagpur,Maharashtra
O08497,C0861,2024-07-29,Completed,COD,Patna,Bihar
O08498,C3928,2023-09-10,Cancelled,UPI,Bengaluru,Karnataka
O08499,C2388,2025-10-31,Completed,Credit Card,Gurugram,Haryana
O08500,C2526,2024-08-22,Completed,Credit Card,Mumbai,Maharashtra
O08501,C1446,2023-07-30,Returned,UPI,Nagpur,Maharashtra
O08502,C1610,2023-12-26,Completed,Credit Card,Chandigarh,Chandigarh
O08503,C0199,2023-03-09,Completed,UPI,Hyderabad,Telangana
O08504,C2864,2024-03-02,Returned,Credit Card,Ahmedabad,Gujarat
O08505,C1161,2023-01-09,Cancelled,UPI,Patna,Bihar
O08506,C1370,2024-06-20,Returned,Credit Card,Chennai,Tamil Nadu
O08507,C3572,2025-12-25,Completed,UPI,Ahmedabad,Gujarat
O08508,C2223,2024-11-25,Completed,Debit Card,Nagpur,Maharashtra
O08509,C0489,2025-03-11,Completed,Debit Card,Hyderabad,Telangana
O08510,C3541,2023-01-22,Cancelled,Credit Card,Gurugram,Haryana
O08511,C2868,2025-12-01,Returned,Credit Card,Nagpur,Maharashtra
O08512,C2428,2023-06-04,Completed,UPI,Chandigarh,Chandigarh
O08513,C1878,2025-03-20,Completed,UPI,Kochi,Kerala
O08514,C4538,2023-03-19,Completed,UPI,Nagpur,Maharashtra
O08515,C0865,2023-04-14,Completed,COD,Bengaluru,Karnataka
O08516,C2181,2023-10-05,Completed,Debit Card,Noida,Uttar Pradesh
O08517,C3029,2024-12-19,Completed,UPI,Mumbai,Maharashtra
O08518,C3099,2025-02-01,Completed,Debit Card,Bengaluru,Karnataka
O08519,C3329,2023-02-26,Cancelled,Credit Card,Hyderabad,Telangana
O08520,C3635,2023-12-05,Completed,UPI,Nagpur,Maharashtra
O08521,C0656,2023-10-01,Completed,Debit Card,Chennai,Tamil Nadu
O08522,C1380,2025-06-26,Completed,COD,Noida,Uttar Pradesh
O08523,C0236,2024-03-08,Completed,UPI,Delhi,Delhi
O08524,C0989,2024-09-01,Completed,Debit Card,Indore,Madhya Pradesh
O08525,C1383,2024-01-26,Completed,UPI,Gurugram,Haryana
O08526,C0815,2023-06-23,Returned,UPI,Bhopal,Madhya Pradesh
O08527,C2967,2025-09-04,Completed,COD,Bhopal,Madhya Pradesh
O08528,C1690,2023-09-29,Completed,COD,Bhopal,Madhya Pradesh
O08529,C3801,2023-11-04,Completed,UPI,Indore,Madhya Pradesh
O08530,C2487,2024-08-17,Cancelled,Credit Card,Indore,Madhya Pradesh
O08531,C1666,2024-07-09,Completed,Credit Card,Lucknow,Uttar Pradesh
O08532,C2636,2023-07-26,Completed,UPI,Patna,Bihar
O08533,C3987,2023-01-05,Completed,UPI,Mumbai,Maharashtra
O08534,C1824,2024-05-13,Cancelled,COD,Gurugram,Haryana
O08535,C4089,2025-11-17,Completed,COD,Mumbai,Maharashtra
O08536,C0611,2025-08-07,Completed,Debit Card,Nagpur,Maharashtra
O08537,C1336,2023-03-12,Cancelled,UPI,Bhubaneswar,Odisha
O08538,C3869,2023-01-30,Completed,COD,Hyderabad,Telangana
O08539,C4326,2025-03-31,Completed,Net Banking,Bhopal,Madhya Pradesh
O08540,C3693,2024-11-01,Completed,COD,Gurugram,Haryana
O08541,C4436,2025-09-20,Cancelled,UPI,Chennai,Tamil Nadu
O08542,C3567,2023-11-19,Completed,Credit Card,Bengaluru,Karnataka
O08543,C2212,2024-01-05,Cancelled,COD,Bhopal,Madhya Pradesh
O08544,C2164,2025-10-02,Completed,UPI,Delhi,Delhi
O08545,C0071,2023-08-02,Cancelled,UPI,Indore,Madhya Pradesh
O08546,C1750,2024-10-27,Completed,COD,Noida,Uttar Pradesh
O08547,C4946,2024-02-09,Completed,UPI,Bhopal,Madhya Pradesh
O08548,C0342,2024-09-04,Completed,COD,Chennai,Tamil Nadu
O08549,C4684,2025-10-30,Completed,Credit Card,Nagpur,Maharashtra
O08550,C2827,2023-10-08,Completed,Credit Card,Delhi,Delhi
O08551,C3832,2023-05-09,Completed,COD,Indore,Madhya Pradesh
O08552,C2380,2023-11-05,Completed,UPI,Bhubaneswar,Odisha
O08553,C3870,2024-04-29,Completed,Debit Card,Chandigarh,Chandigarh
O08554,C4203,2025-08-31,Completed,Credit Card,Surat,Gujarat
O08555,C3274,2025-10-19,Cancelled,Credit Card,Jaipur,Rajasthan
O08556,C2440,2025-03-02,Returned,UPI,Bhubaneswar,Odisha
O08557,C4326,2023-10-10,Completed,COD,Bhopal,Madhya Pradesh
O08558,C2068,2023-06-04,Completed,UPI,Lucknow,Uttar Pradesh
O08559,C3540,2025-03-17,Completed,Credit Card,Bhopal,Madhya Pradesh
O08560,C4748,2024-08-18,Cancelled,UPI,Surat,Gujarat
O08561,C0472,2025-05-19,Completed,Net Banking,Nagpur,Maharashtra
O08562,C3766,2023-09-18,Returned,UPI,Mumbai,Maharashtra
O08563,C4170,2025-02-22,Completed,COD,Kochi,Kerala
O08564,C0654,2025-09-10,Completed,UPI,Indore,Madhya Pradesh
O08565,C0462,2023-08-09,Cancelled,UPI,Nagpur,Maharashtra
O08566,C1174,2024-11-23,Completed,Credit Card,Gurugram,Haryana
O08567,C1668,2024-02-02,Completed,COD,Kochi,Kerala
O08568,C3746,2024-12-14,Completed,Debit Card,Noida,Uttar Pradesh
O08569,C3322,2025-03-07,Completed,COD,Bengaluru,Karnataka
O08570,C0640,2024-02-16,Cancelled,UPI,Nagpur,Maharashtra
O08571,C4370,2024-09-21,Completed,Net Banking,Lucknow,Uttar Pradesh
O08572,C0482,2024-09-20,Completed,UPI,Gurugram,Haryana
O08573,C0082,2024-02-05,Completed,Debit Card,Patna,Bihar
O08574,C3304,2024-12-09,Completed,UPI,Patna,Bihar
O08575,C4127,2023-06-23,Completed,COD,Mumbai,Maharashtra
O08576,C2794,2023-10-28,Completed,COD,Mumbai,Maharashtra
O08577,C1108,2023-04-13,Completed,Credit Card,Bhubaneswar,Odisha
O08578,C3786,2024-06-04,Completed,Credit Card,Bengaluru,Karnataka
O08579,C0251,2025-10-25,Completed,COD,Mumbai,Maharashtra
O08580,C2435,2023-06-27,Completed,COD,Bengaluru,Karnataka
O08581,C1621,2023-01-27,Completed,Debit Card,Noida,Uttar Pradesh
O08582,C1719,2024-01-13,Completed,COD,Bhopal,Madhya Pradesh
O08583,C0266,2023-04-07,Completed,Debit Card,Delhi,Delhi
O08584,C0022,2024-11-08,Cancelled,Debit Card,Surat,Gujarat
O08585,C2124,2024-01-23,Completed,Credit Card,Noida,Uttar Pradesh
O08586,C1511,2025-09-29,Completed,Credit Card,Noida,Uttar Pradesh
O08587,C3853,2023-06-13,Completed,Debit Card,Patna,Bihar
O08588,C4776,2025-08-02,Completed,Credit Card,Patna,Bihar
O08589,C2939,2024-11-11,Completed,Debit Card,Surat,Gujarat
O08590,C3423,2025-09-28,Completed,Net Banking,Kochi,Kerala
O08591,C0240,2023-06-07,Completed,UPI,Ahmedabad,Gujarat
O08592,C0051,2024-02-02,Completed,Credit Card,Ahmedabad,Gujarat
O08593,C3008,2025-03-23,Returned,UPI,Chandigarh,Chandigarh
O08594,C0476,2025-08-20,Completed,Credit Card,Gurugram,Haryana
O08595,C2005,2023-12-15,Completed,UPI,Chennai,Tamil Nadu
O08596,C4990,2025-02-22,Completed,Debit Card,Noida,Uttar Pradesh
O08597,C0157,2024-01-29,Completed,COD,Bhopal,Madhya Pradesh
O08598,C4762,2025-08-05,Completed,Debit Card,Pune,Maharashtra
O08599,C2784,2023-02-19,Completed,Credit Card,Kolkata,West Bengal
O08600,C2020,2025-04-22,Completed,Credit Card,Gurugram,Haryana
O08601,C1687,2024-05-15,Cancelled,Debit Card,Chennai,Tamil Nadu
O08602,C4171,2025-01-11,Completed,Credit Card,Noida,Uttar Pradesh
O08603,C3859,2023-07-07,Completed,Debit Card,Bengaluru,Karnataka
O08604,C2415,2025-08-03,Returned,COD,Kochi,Kerala
O08605,C2804,2023-05-09,Completed,Credit Card,Kolkata,West Bengal
O08606,C3250,2023-04-07,Completed,UPI,Nagpur,Maharashtra
O08607,C2156,2023-12-31,Completed,UPI,Chennai,Tamil Nadu
O08608,C1827,2024-05-15,Completed,UPI,Nagpur,Maharashtra
O08609,C3758,2025-07-07,Completed,Credit Card,Bhubaneswar,Odisha
O08610,C0093,2023-06-26,Completed,UPI,Pune,Maharashtra
O08611,C4277,2025-10-04,Completed,Credit Card,Chandigarh,Chandigarh
O08612,C0671,2024-09-20,Completed,UPI,Bhubaneswar,Odisha
O08613,C2144,2025-08-27,Returned,UPI,Bhubaneswar,Odisha
O08614,C0232,2023-09-30,Cancelled,Debit Card,Surat,Gujarat
O08615,C3990,2024-02-03,Completed,Net Banking,Patna,Bihar
O08616,C1603,2024-02-15,Completed,UPI,Lucknow,Uttar Pradesh
O08617,C2952,2025-02-15,Completed,UPI,Gurugram,Haryana
O08618,C1773,2025-12-23,Completed,UPI,Nagpur,Maharashtra
O08619,C2067,2023-12-07,Completed,UPI,Bengaluru,Karnataka
O08620,C1311,2024-05-19,Completed,UPI,Kochi,Kerala
O08621,C0159,2025-05-10,Completed,UPI,Jaipur,Rajasthan
O08622,C3779,2025-01-06,Completed,COD,Bhopal,Madhya Pradesh
O08623,C1587,2024-09-20,Returned,Debit Card,Jaipur,Rajasthan
O08624,C0378,2023-09-07,Completed,UPI,Bengaluru,Karnataka
O08625,C3296,2025-12-29,Completed,UPI,Noida,Uttar Pradesh
O08626,C0714,2024-05-26,Completed,Credit Card,Jaipur,Rajasthan
O08627,C4188,2023-12-11,Completed,Debit Card,Bhopal,Madhya Pradesh
O08628,C2224,2024-06-30,Completed,UPI,Chennai,Tamil Nadu
O08629,C4072,2024-07-09,Completed,UPI,Noida,Uttar Pradesh
O08630,C2783,2025-09-13,Completed,UPI,Gurugram,Haryana
O08631,C0738,2025-05-21,Cancelled,UPI,Chandigarh,Chandigarh
O08632,C2501,2024-04-04,Completed,Credit Card,Bhopal,Madhya Pradesh
O08633,C3147,2025-06-04,Completed,Credit Card,Patna,Bihar
O08634,C1864,2025-01-10,Completed,Debit Card,Indore,Madhya Pradesh
O08635,C0492,2025-02-02,Completed,Credit Card,Chandigarh,Chandigarh
O08636,C3005,2024-05-02,Returned,Net Banking,Chennai,Tamil Nadu
O08637,C3614,2025-12-03,Completed,Debit Card,Ahmedabad,Gujarat
O08638,C1530,2024-05-16,Completed,COD,Ahmedabad,Gujarat
O08639,C0946,2025-07-09,Completed,COD,Chennai,Tamil Nadu
O08640,C3641,2023-02-18,Returned,COD,Kolkata,West Bengal
O08641,C0702,2023-03-01,Completed,UPI,Hyderabad,Telangana
O08642,C3957,2024-07-30,Completed,Credit Card,Nagpur,Maharashtra
O08643,C2485,2023-12-15,Completed,UPI,Patna,Bihar
O08644,C2756,2024-02-02,Completed,Credit Card,Chennai,Tamil Nadu
O08645,C3269,2024-11-04,Completed,UPI,Kochi,Kerala
O08646,C3103,2024-11-06,Completed,UPI,Kochi,Kerala
O08647,C1868,2023-01-15,Completed,COD,Gurugram,Haryana
O08648,C4126,2024-07-02,Completed,Debit Card,Chandigarh,Chandigarh
O08649,C3806,2023-05-18,Completed,Net Banking,Chandigarh,Chandigarh
O08650,C3034,2025-03-28,Completed,Credit Card,Bengaluru,Karnataka
O08651,C4780,2025-07-19,Completed,UPI,Kochi,Kerala
O08652,C0390,2024-09-09,Completed,UPI,Bhopal,Madhya Pradesh
O08653,C1244,2023-03-22,Completed,Credit Card,Lucknow,Uttar Pradesh
O08654,C3348,2023-10-30,Completed,UPI,Bhopal,Madhya Pradesh
O08655,C0012,2025-10-18,Completed,Net Banking,Bengaluru,Karnataka
O08656,C1517,2024-02-13,Returned,UPI,Bhubaneswar,Odisha
O08657,C1621,2024-12-20,Completed,UPI,Noida,Uttar Pradesh
O08658,C1758,2023-12-31,Cancelled,UPI,Lucknow,Uttar Pradesh
O08659,C0049,2025-10-11,Cancelled,COD,Hyderabad,Telangana
O08660,C1716,2023-08-29,Returned,Debit Card,Chennai,Tamil Nadu
O08661,C0261,2023-03-30,Completed,COD,Bhubaneswar,Odisha
O08662,C0320,2023-09-02,Completed,UPI,Chandigarh,Chandigarh
O08663,C4282,2024-07-24,Completed,Debit Card,Mumbai,Maharashtra
O08664,C2277,2024-09-15,Completed,Debit Card,Bhubaneswar,Odisha
O08665,C1928,2025-08-10,Completed,UPI,Lucknow,Uttar Pradesh
O08666,C2833,2023-07-30,Completed,Debit Card,Jaipur,Rajasthan
O08667,C4117,2024-06-17,Completed,Debit Card,Lucknow,Uttar Pradesh
O08668,C0016,2025-07-29,Cancelled,UPI,Mumbai,Maharashtra
O08669,C2528,2023-01-12,Completed,UPI,Mumbai,Maharashtra
O08670,C3867,2024-05-31,Completed,UPI,Kolkata,West Bengal
O08671,C4102,2025-03-04,Completed,Debit Card,Bhubaneswar,Odisha
O08672,C2346,2023-12-13,Completed,Credit Card,Nagpur,Maharashtra
O08673,C0941,2023-01-20,Completed,Credit Card,Gurugram,Haryana
O08674,C0259,2023-05-16,Cancelled,UPI,Kochi,Kerala
O08675,C1064,2024-03-21,Returned,Credit Card,Bengaluru,Karnataka
O08676,C0276,2023-06-22,Cancelled,UPI,Mumbai,Maharashtra
O08677,C2792,2024-12-05,Completed,Debit Card,Bengaluru,Karnataka
O08678,C2567,2024-05-31,Completed,COD,Gurugram,Haryana
O08679,C4923,2023-06-08,Returned,Credit Card,Bhubaneswar,Odisha
O08680,C1931,2024-05-26,Cancelled,UPI,Chennai,Tamil Nadu
O08681,C3583,2023-01-04,Completed,COD,Jaipur,Rajasthan
O08682,C1332,2025-03-15,Completed,UPI,Indore,Madhya Pradesh
O08683,C1557,2025-01-15,Completed,Credit Card,Ahmedabad,Gujarat
O08684,C0480,2023-04-14,Completed,UPI,Kochi,Kerala
O08685,C4510,2024-01-08,Completed,Debit Card,Patna,Bihar
O08686,C3047,2023-10-09,Completed,Credit Card,Patna,Bihar
O08687,C3595,2025-01-12,Completed,Credit Card,Hyderabad,Telangana
O08688,C1489,2023-10-10,Completed,Net Banking,Bhubaneswar,Odisha
O08689,C2825,2023-08-23,Completed,Credit Card,Patna,Bihar
O08690,C2093,2023-12-04,Completed,UPI,Surat,Gujarat
O08691,C0830,2024-03-31,Completed,Net Banking,Patna,Bihar
O08692,C4371,2024-12-25,Completed,UPI,Mumbai,Maharashtra
O08693,C1935,2024-02-14,Cancelled,Credit Card,Bhopal,Madhya Pradesh
O08694,C2701,2024-07-11,Cancelled,Debit Card,Hyderabad,Telangana
O08695,C0144,2024-04-06,Cancelled,COD,Delhi,Delhi
O08696,C4931,2023-07-10,Completed,Debit Card,Kolkata,West Bengal
O08697,C2805,2023-06-06,Completed,COD,Ahmedabad,Gujarat
O08698,C1887,2025-06-12,Completed,COD,Nagpur,Maharashtra
O08699,C2595,2025-05-11,Completed,UPI,Noida,Uttar Pradesh
O08700,C0784,2025-11-13,Completed,Debit Card,Chandigarh,Chandigarh
O08701,C4274,2025-07-19,Completed,Debit Card,Kolkata,West Bengal
O08702,C2830,2023-02-20,Completed,UPI,Lucknow,Uttar Pradesh
O08703,C2199,2024-10-22,Completed,UPI,Lucknow,Uttar Pradesh
O08704,C0611,2023-02-04,Completed,Debit Card,Nagpur,Maharashtra
O08705,C3519,2024-03-03,Completed,Net Banking,Delhi,Delhi
O08706,C0541,2023-12-05,Completed,Debit Card,Bhubaneswar,Odisha
O08707,C2198,2024-12-20,Returned,Debit Card,Delhi,Delhi
O08708,C2310,2024-05-20,Completed,UPI,Chennai,Tamil Nadu
O08709,C0413,2023-03-21,Completed,UPI,Bhopal,Madhya Pradesh
O08710,C1784,2025-11-20,Completed,Credit Card,Gurugram,Haryana
O08711,C4588,2023-08-13,Completed,UPI,Bengaluru,Karnataka
O08712,C1728,2023-06-29,Completed,Debit Card,Jaipur,Rajasthan
O08713,C1428,2024-02-23,Completed,UPI,Chandigarh,Chandigarh
O08714,C3511,2024-10-17,Returned,Credit Card,Kochi,Kerala
O08715,C1638,2025-01-11,Completed,UPI,Bhubaneswar,Odisha
O08716,C4577,2023-11-10,Completed,UPI,Bhopal,Madhya Pradesh
O08717,C0180,2025-12-23,Cancelled,Credit Card,Bhopal,Madhya Pradesh
O08718,C3397,2023-11-04,Completed,UPI,Delhi,Delhi
O08719,C4678,2023-02-09,Completed,UPI,Indore,Madhya Pradesh
O08720,C1643,2023-12-27,Completed,Credit Card,Hyderabad,Telangana
O08721,C1295,2025-09-07,Cancelled,Credit Card,Noida,Uttar Pradesh
O08722,C1583,2025-06-18,Completed,UPI,Jaipur,Rajasthan
O08723,C3537,2025-11-19,Completed,Credit Card,Patna,Bihar
O08724,C0364,2025-07-18,Completed,UPI,Chennai,Tamil Nadu
O08725,C2117,2024-12-26,Completed,UPI,Gurugram,Haryana
O08726,C2356,2025-01-02,Completed,COD,Chennai,Tamil Nadu
O08727,C4519,2025-08-18,Completed,Credit Card,Ahmedabad,Gujarat
O08728,C2562,2024-09-07,Completed,UPI,Kolkata,West Bengal
O08729,C3117,2024-05-12,Completed,COD,Gurugram,Haryana
O08730,C2543,2023-07-17,Completed,COD,Hyderabad,Telangana
O08731,C4021,2023-02-02,Completed,UPI,Nagpur,Maharashtra
O08732,C0884,2023-11-30,Completed,UPI,Ahmedabad,Gujarat
O08733,C1173,2023-08-22,Returned,Credit Card,Bhubaneswar,Odisha
O08734,C1785,2024-06-13,Completed,Debit Card,Surat,Gujarat
O08735,C4675,2025-06-05,Completed,Credit Card,Chandigarh,Chandigarh
O08736,C3969,2025-03-29,Completed,Debit Card,Chandigarh,Chandigarh
O08737,C2163,2025-08-10,Returned,Debit Card,Chennai,Tamil Nadu
O08738,C2676,2025-01-13,Completed,Net Banking,Bengaluru,Karnataka
O08739,C4333,2024-03-03,Completed,COD,Indore,Madhya Pradesh
O08740,C2095,2025-10-01,Returned,UPI,Bhubaneswar,Odisha
O08741,C2322,2024-07-23,Cancelled,Credit Card,Ahmedabad,Gujarat
O08742,C0113,2023-05-31,Completed,Credit Card,Kochi,Kerala
O08743,C0792,2025-05-27,Completed,Credit Card,Patna,Bihar
O08744,C1316,2023-12-11,Cancelled,Net Banking,Bhubaneswar,Odisha
O08745,C2364,2025-07-22,Completed,UPI,Kolkata,West Bengal
O08746,C3234,2024-09-12,Completed,Debit Card,Nagpur,Maharashtra
O08747,C0051,2023-05-30,Completed,COD,Ahmedabad,Gujarat
O08748,C3496,2025-01-14,Completed,UPI,Lucknow,Uttar Pradesh
O08749,C0144,2023-09-24,Completed,COD,Delhi,Delhi
O08750,C3688,2023-05-11,Completed,COD,Kolkata,West Bengal
O08751,C2576,2023-05-27,Cancelled,UPI,Chennai,Tamil Nadu
O08752,C4486,2024-08-25,Completed,UPI,Bhubaneswar,Odisha
O08753,C2021,2025-06-21,Cancelled,UPI,Ahmedabad,Gujarat
O08754,C3731,2024-01-10,Completed,UPI,Jaipur,Rajasthan
O08755,C0749,2024-05-18,Completed,Debit Card,Kolkata,West Bengal
O08756,C0875,2025-10-31,Completed,Net Banking,Chennai,Tamil Nadu
O08757,C2945,2025-10-08,Completed,UPI,Pune,Maharashtra
O08758,C4804,2023-03-12,Completed,UPI,Chennai,Tamil Nadu
O08759,C1209,2023-09-18,Completed,UPI,Nagpur,Maharashtra
O08760,C3734,2024-11-26,Completed,Net Banking,Mumbai,Maharashtra
O08761,C0214,2025-05-10,Completed,Debit Card,Noida,Uttar Pradesh
O08762,C4109,2023-08-22,Completed,UPI,Jaipur,Rajasthan
O08763,C1819,2025-11-04,Completed,COD,Indore,Madhya Pradesh
O08764,C3495,2024-09-08,Completed,Net Banking,Chandigarh,Chandigarh
O08765,C0486,2024-04-27,Completed,Credit Card,Bengaluru,Karnataka
O08766,C3016,2025-11-09,Completed,UPI,Gurugram,Haryana
O08767,C3724,2025-01-29,Completed,UPI,Delhi,Delhi
O08768,C3480,2024-04-16,Completed,UPI,Chennai,Tamil Nadu
O08769,C4215,2023-06-11,Completed,UPI,Chennai,Tamil Nadu
O08770,C4028,2024-09-30,Completed,UPI,Nagpur,Maharashtra
O08771,C4938,2025-11-23,Completed,COD,Hyderabad,Telangana
O08772,C3119,2024-12-31,Completed,UPI,Ahmedabad,Gujarat
O08773,C0664,2025-01-23,Cancelled,Credit Card,Kolkata,West Bengal
O08774,C1024,2025-11-10,Completed,UPI,Pune,Maharashtra
O08775,C4883,2025-01-06,Completed,UPI,Hyderabad,Telangana
O08776,C4443,2023-06-16,Cancelled,Debit Card,Chandigarh,Chandigarh
O08777,C0237,2023-06-21,Returned,UPI,Bhubaneswar,Odisha
O08778,C3285,2025-04-02,Completed,Net Banking,Patna,Bihar
O08779,C3344,2023-07-18,Completed,UPI,Pune,Maharashtra
O08780,C2126,2023-02-19,Completed,UPI,Jaipur,Rajasthan
O08781,C3218,2023-11-26,Completed,COD,Chennai,Tamil Nadu
O08782,C1956,2023-10-21,Completed,Net Banking,Jaipur,Rajasthan
O08783,C0229,2023-10-07,Completed,Net Banking,Jaipur,Rajasthan
O08784,C4939,2023-12-30,Completed,COD,Noida,Uttar Pradesh
O08785,C3413,2024-07-24,Completed,Net Banking,Delhi,Delhi
O08786,C2887,2023-06-03,Cancelled,COD,Indore,Madhya Pradesh
O08787,C4260,2025-09-19,Cancelled,UPI,Indore,Madhya Pradesh
O08788,C4478,2025-08-03,Completed,COD,Patna,Bihar
O08789,C4678,2024-11-28,Completed,Credit Card,Indore,Madhya Pradesh
O08790,C2820,2023-09-29,Completed,Credit Card,Kolkata,West Bengal
O08791,C2990,2024-03-18,Completed,UPI,Chennai,Tamil Nadu
O08792,C1087,2024-05-27,Cancelled,Debit Card,Gurugram,Haryana
O08793,C1994,2025-03-19,Completed,Debit Card,Mumbai,Maharashtra
O08794,C4342,2024-02-16,Completed,COD,Ahmedabad,Gujarat
O08795,C3046,2025-11-04,Completed,UPI,Mumbai,Maharashtra
O08796,C3306,2023-03-21,Completed,UPI,Chandigarh,Chandigarh
O08797,C1993,2024-11-16,Completed,Credit Card,Kolkata,West Bengal
O08798,C3600,2024-06-27,Cancelled,UPI,Indore,Madhya Pradesh
O08799,C3588,2023-03-30,Returned,Debit Card,Pune,Maharashtra
O08800,C1306,2025-08-28,Completed,UPI,Chennai,Tamil Nadu
O08801,C4460,2023-09-11,Completed,UPI,Kochi,Kerala
O08802,C0920,2025-01-15,Completed,Credit Card,Delhi,Delhi
O08803,C0042,2023-05-19,Completed,Debit Card,Pune,Maharashtra
O08804,C1283,2024-12-10,Completed,UPI,Indore,Madhya Pradesh
O08805,C3566,2023-11-02,Completed,UPI,Indore,Madhya Pradesh
O08806,C2121,2023-06-21,Completed,Credit Card,Lucknow,Uttar Pradesh
O08807,C3146,2024-06-09,Completed,Net Banking,Kolkata,West Bengal
O08808,C2683,2023-11-24,Completed,Net Banking,Bhubaneswar,Odisha
O08809,C4497,2023-06-02,Completed,Debit Card,Patna,Bihar
O08810,C3151,2024-12-08,Completed,COD,Kochi,Kerala
O08811,C3725,2024-08-29,Completed,UPI,Chennai,Tamil Nadu
O08812,C1834,2025-05-02,Returned,UPI,Kochi,Kerala
O08813,C2518,2023-11-07,Completed,Debit Card,Kochi,Kerala
O08814,C3837,2024-08-12,Completed,Debit Card,Nagpur,Maharashtra
O08815,C3863,2025-01-01,Completed,UPI,Noida,Uttar Pradesh
O08816,C0129,2024-02-13,Completed,Credit Card,Patna,Bihar
O08817,C4475,2024-12-19,Completed,UPI,Kochi,Kerala
O08818,C3187,2023-07-03,Returned,Debit Card,Ahmedabad,Gujarat
O08819,C1346,2024-09-18,Completed,COD,Chandigarh,Chandigarh
O08820,C2437,2023-08-26,Completed,COD,Gurugram,Haryana
O08821,C2834,2024-02-10,Completed,Debit Card,Chennai,Tamil Nadu
O08822,C4560,2024-07-16,Completed,UPI,Ahmedabad,Gujarat
O08823,C4643,2024-08-04,Completed,COD,Kolkata,West Bengal
O08824,C4505,2023-03-28,Cancelled,UPI,Kochi,Kerala
O08825,C4714,2025-02-28,Completed,COD,Pune,Maharashtra
O08826,C4857,2025-01-14,Completed,UPI,Noida,Uttar Pradesh
O08827,C3224,2024-01-05,Returned,Credit Card,Jaipur,Rajasthan
O08828,C3477,2025-06-18,Completed,Credit Card,Noida,Uttar Pradesh
O08829,C2539,2023-02-13,Completed,UPI,Gurugram,Haryana
O08830,C2855,2024-04-10,Completed,COD,Ahmedabad,Gujarat
O08831,C1436,2025-07-01,Returned,Credit Card,Mumbai,Maharashtra
O08832,C0256,2024-04-17,Completed,UPI,Delhi,Delhi
O08833,C2418,2025-09-15,Completed,UPI,Jaipur,Rajasthan
O08834,C1754,2023-06-22,Completed,Debit Card,Chandigarh,Chandigarh
O08835,C4747,2023-08-24,Completed,UPI,Surat,Gujarat
O08836,C3412,2025-12-05,Returned,Credit Card,Patna,Bihar
O08837,C0076,2023-08-21,Completed,Credit Card,Delhi,Delhi
O08838,C3612,2024-02-21,Completed,UPI,Pune,Maharashtra
O08839,C0505,2023-09-23,Completed,UPI,Bhopal,Madhya Pradesh
O08840,C3393,2023-07-09,Completed,Credit Card,Hyderabad,Telangana
O08841,C1993,2023-12-23,Completed,UPI,Kolkata,West Bengal
O08842,C4758,2023-05-19,Completed,UPI,Pune,Maharashtra
O08843,C3379,2024-06-30,Completed,UPI,Patna,Bihar
O08844,C2395,2025-06-03,Completed,Credit Card,Chandigarh,Chandigarh
O08845,C1417,2023-03-14,Completed,UPI,Chandigarh,Chandigarh
O08846,C2230,2023-06-12,Completed,Net Banking,Bhubaneswar,Odisha
O08847,C0240,2023-08-11,Completed,COD,Ahmedabad,Gujarat
O08848,C1778,2023-07-04,Returned,UPI,Bhopal,Madhya Pradesh
O08849,C4261,2023-04-05,Completed,UPI,Nagpur,Maharashtra
O08850,C4159,2024-11-14,Returned,COD,Chennai,Tamil Nadu
O08851,C2403,2025-09-02,Cancelled,Credit Card,Patna,Bihar
O08852,C4147,2024-10-15,Completed,COD,Chandigarh,Chandigarh
O08853,C2632,2024-05-11,Completed,Debit Card,Noida,Uttar Pradesh
O08854,C3907,2023-03-02,Completed,UPI,Hyderabad,Telangana
O08855,C3011,2025-05-10,Returned,COD,Gurugram,Haryana
O08856,C3390,2023-03-13,Cancelled,Credit Card,Chandigarh,Chandigarh
O08857,C4077,2024-04-26,Returned,Debit Card,Bhubaneswar,Odisha
O08858,C1215,2023-04-25,Returned,UPI,Nagpur,Maharashtra
O08859,C0670,2025-06-29,Completed,UPI,Mumbai,Maharashtra
O08860,C3562,2024-07-07,Completed,UPI,Pune,Maharashtra
O08861,C0616,2024-07-01,Cancelled,UPI,Bengaluru,Karnataka
O08862,C4659,2023-05-20,Completed,Credit Card,Indore,Madhya Pradesh
O08863,C1131,2024-02-11,Completed,UPI,Kolkata,West Bengal
O08864,C1522,2024-05-04,Completed,COD,Nagpur,Maharashtra
O08865,C4452,2025-06-15,Completed,UPI,Delhi,Delhi
O08866,C2665,2023-07-24,Completed,COD,Mumbai,Maharashtra
O08867,C4863,2023-10-22,Completed,Net Banking,Indore,Madhya Pradesh
O08868,C0304,2025-05-10,Completed,UPI,Kochi,Kerala
O08869,C3980,2024-08-04,Completed,UPI,Lucknow,Uttar Pradesh
O08870,C1895,2024-11-01,Completed,Debit Card,Chandigarh,Chandigarh
O08871,C1516,2025-06-23,Cancelled,Debit Card,Bengaluru,Karnataka
O08872,C0584,2023-01-18,Cancelled,UPI,Jaipur,Rajasthan
O08873,C0367,2025-01-05,Completed,UPI,Delhi,Delhi
O08874,C2047,2024-09-12,Completed,UPI,Delhi,Delhi
O08875,C0459,2024-10-04,Completed,Credit Card,Pune,Maharashtra
O08876,C0120,2024-06-25,Completed,UPI,Gurugram,Haryana
O08877,C3285,2023-07-17,Completed,Credit Card,Patna,Bihar
O08878,C3255,2023-04-01,Completed,UPI,Gurugram,Haryana
O08879,C3566,2025-10-22,Completed,Debit Card,Indore,Madhya Pradesh
O08880,C3303,2025-02-26,Completed,COD,Hyderabad,Telangana
O08881,C4460,2025-09-03,Returned,COD,Kochi,Kerala
O08882,C1969,2024-08-31,Completed,UPI,Ahmedabad,Gujarat
O08883,C2532,2024-04-09,Completed,Net Banking,Pune,Maharashtra
O08884,C0852,2025-02-15,Completed,Credit Card,Patna,Bihar
O08885,C1930,2025-10-24,Completed,COD,Noida,Uttar Pradesh
O08886,C1944,2024-07-05,Completed,Debit Card,Patna,Bihar
O08887,C0764,2025-06-27,Completed,Credit Card,Bengaluru,Karnataka
O08888,C3297,2023-08-29,Completed,Debit Card,Bengaluru,Karnataka
O08889,C2679,2025-03-19,Completed,UPI,Kolkata,West Bengal
O08890,C3812,2025-06-14,Completed,UPI,Nagpur,Maharashtra
O08891,C0902,2025-10-04,Completed,UPI,Gurugram,Haryana
O08892,C1519,2025-12-20,Completed,COD,Indore,Madhya Pradesh
O08893,C3257,2025-12-21,Returned,COD,Bhopal,Madhya Pradesh
O08894,C3987,2025-02-05,Completed,COD,Mumbai,Maharashtra
O08895,C0742,2023-02-12,Completed,COD,Bengaluru,Karnataka
O08896,C3554,2025-05-24,Cancelled,Net Banking,Noida,Uttar Pradesh
O08897,C1694,2024-02-17,Completed,Credit Card,Patna,Bihar
O08898,C2130,2024-01-18,Returned,UPI,Jaipur,Rajasthan
O08899,C4012,2023-06-14,Completed,Debit Card,Chandigarh,Chandigarh
O08900,C3253,2024-12-09,Completed,UPI,Jaipur,Rajasthan
O08901,C1366,2023-10-29,Completed,UPI,Mumbai,Maharashtra
O08902,C0196,2025-02-12,Completed,Debit Card,Surat,Gujarat
O08903,C0151,2025-12-07,Completed,UPI,Ahmedabad,Gujarat
O08904,C4524,2024-01-03,Completed,UPI,Chandigarh,Chandigarh
O08905,C0331,2024-10-09,Completed,Debit Card,Gurugram,Haryana
O08906,C3111,2025-11-21,Completed,UPI,Bhopal,Madhya Pradesh
O08907,C3325,2024-05-21,Completed,Credit Card,Nagpur,Maharashtra
O08908,C0890,2024-09-04,Completed,UPI,Delhi,Delhi
O08909,C0955,2023-03-18,Completed,Debit Card,Kochi,Kerala
O08910,C3690,2024-12-07,Completed,UPI,Chandigarh,Chandigarh
O08911,C4450,2023-03-09,Completed,Debit Card,Nagpur,Maharashtra
O08912,C2949,2025-11-17,Completed,Net Banking,Delhi,Delhi
O08913,C3242,2025-07-24,Completed,COD,Lucknow,Uttar Pradesh
O08914,C2396,2024-02-04,Completed,COD,Hyderabad,Telangana
O08915,C2045,2023-02-26,Completed,Net Banking,Mumbai,Maharashtra
O08916,C3600,2024-07-20,Completed,UPI,Indore,Madhya Pradesh
O08917,C3991,2024-09-09,Completed,COD,Kochi,Kerala
O08918,C4015,2023-12-08,Completed,Credit Card,Surat,Gujarat
O08919,C2056,2024-02-27,Completed,UPI,Indore,Madhya Pradesh
O08920,C2671,2024-03-14,Completed,Debit Card,Kolkata,West Bengal
O08921,C1576,2024-02-18,Completed,UPI,Lucknow,Uttar Pradesh
O08922,C1853,2025-05-21,Completed,UPI,Indore,Madhya Pradesh
O08923,C2214,2023-05-13,Completed,Debit Card,Chennai,Tamil Nadu
O08924,C1227,2024-03-04,Completed,UPI,Surat,Gujarat
O08925,C1664,2024-12-04,Completed,UPI,Hyderabad,Telangana
O08926,C0364,2023-09-25,Completed,COD,Chennai,Tamil Nadu
O08927,C1948,2023-04-17,Completed,UPI,Chandigarh,Chandigarh
O08928,C4754,2023-03-07,Completed,COD,Ahmedabad,Gujarat
O08929,C3633,2025-10-03,Completed,Credit Card,Gurugram,Haryana
O08930,C3482,2025-12-11,Cancelled,COD,Hyderabad,Telangana
O08931,C1275,2024-12-11,Completed,Credit Card,Bengaluru,Karnataka
O08932,C1446,2023-10-15,Completed,Credit Card,Nagpur,Maharashtra
O08933,C4828,2023-08-20,Completed,Credit Card,Mumbai,Maharashtra
O08934,C2958,2024-01-25,Completed,COD,Patna,Bihar
O08935,C3457,2025-11-11,Returned,UPI,Bhopal,Madhya Pradesh
O08936,C2166,2024-12-29,Cancelled,Debit Card,Noida,Uttar Pradesh
O08937,C1010,2024-11-17,Completed,UPI,Kolkata,West Bengal
O08938,C2820,2025-06-27,Completed,COD,Kolkata,West Bengal
O08939,C1729,2024-06-04,Completed,UPI,Chennai,Tamil Nadu
O08940,C0696,2023-12-28,Cancelled,UPI,Surat,Gujarat
O08941,C4618,2023-02-28,Completed,Debit Card,Indore,Madhya Pradesh
O08942,C2385,2024-04-29,Completed,Debit Card,Gurugram,Haryana
O08943,C1383,2025-03-08,Completed,Debit Card,Gurugram,Haryana
O08944,C2496,2023-12-06,Completed,UPI,Bengaluru,Karnataka
O08945,C3606,2024-04-30,Completed,Debit Card,Surat,Gujarat
O08946,C1848,2024-11-19,Completed,UPI,Surat,Gujarat
O08947,C1729,2025-11-05,Returned,Net Banking,Chennai,Tamil Nadu
O08948,C0653,2023-05-01,Completed,Credit Card,Surat,Gujarat
O08949,C0759,2023-11-26,Completed,UPI,Nagpur,Maharashtra
O08950,C1280,2023-03-25,Completed,COD,Bhopal,Madhya Pradesh
O08951,C0442,2025-01-14,Completed,UPI,Pune,Maharashtra
O08952,C4505,2024-01-21,Completed,Net Banking,Kochi,Kerala
O08953,C4906,2023-11-19,Completed,Debit Card,Lucknow,Uttar Pradesh
O08954,C3489,2024-03-23,Returned,Debit Card,Ahmedabad,Gujarat
O08955,C3574,2025-06-22,Completed,UPI,Mumbai,Maharashtra
O08956,C4793,2023-03-14,Cancelled,Debit Card,Surat,Gujarat
O08957,C4194,2023-09-12,Completed,UPI,Indore,Madhya Pradesh
O08958,C3971,2025-05-09,Completed,COD,Ahmedabad,Gujarat
O08959,C4638,2025-07-05,Completed,UPI,Patna,Bihar
O08960,C1527,2025-10-19,Completed,UPI,Kolkata,West Bengal
O08961,C0191,2025-05-14,Cancelled,Credit Card,Surat,Gujarat
O08962,C1874,2025-06-18,Completed,COD,Kochi,Kerala
O08963,C3016,2025-09-11,Completed,Debit Card,Gurugram,Haryana
O08964,C0258,2025-04-09,Completed,Debit Card,Delhi,Delhi
O08965,C0155,2024-08-30,Completed,UPI,Gurugram,Haryana
O08966,C2992,2024-08-10,Completed,UPI,Kolkata,West Bengal
O08967,C4094,2023-01-02,Completed,Credit Card,Surat,Gujarat
O08968,C3903,2024-01-18,Completed,UPI,Chandigarh,Chandigarh
O08969,C2276,2024-11-20,Completed,COD,Noida,Uttar Pradesh
O08970,C3583,2023-07-23,Completed,UPI,Jaipur,Rajasthan
O08971,C4170,2023-01-26,Completed,UPI,Kochi,Kerala
O08972,C2413,2023-04-18,Completed,COD,Kolkata,West Bengal
O08973,C0024,2025-05-17,Returned,Net Banking,Indore,Madhya Pradesh
O08974,C1742,2023-10-01,Completed,Debit Card,Bhubaneswar,Odisha
O08975,C3161,2023-01-17,Completed,UPI,Nagpur,Maharashtra
O08976,C3606,2023-10-25,Returned,Credit Card,Surat,Gujarat
O08977,C3372,2024-08-15,Returned,UPI,Bhopal,Madhya Pradesh
O08978,C2092,2025-05-25,Completed,Debit Card,Kochi,Kerala
O08979,C1061,2025-11-16,Completed,UPI,Ahmedabad,Gujarat
O08980,C3352,2023-07-02,Cancelled,UPI,Hyderabad,Telangana
O08981,C0461,2024-11-05,Cancelled,UPI,Bhopal,Madhya Pradesh
O08982,C2118,2024-03-24,Completed,Debit Card,Chennai,Tamil Nadu
O08983,C1607,2024-08-10,Completed,UPI,Bhopal,Madhya Pradesh
O08984,C0072,2024-02-24,Completed,UPI,Chandigarh,Chandigarh
O08985,C4924,2023-08-28,Completed,Credit Card,Bhubaneswar,Odisha
O08986,C4273,2024-05-26,Completed,UPI,Bhubaneswar,Odisha
O08987,C0707,2025-03-14,Completed,UPI,Gurugram,Haryana
O08988,C1929,2024-03-14,Completed,UPI,Delhi,Delhi
O08989,C4980,2025-02-10,Cancelled,COD,Indore,Madhya Pradesh
O08990,C2799,2025-10-17,Completed,COD,Kolkata,West Bengal
O08991,C1178,2024-06-06,Completed,COD,Nagpur,Maharashtra
O08992,C0154,2024-07-24,Completed,Credit Card,Delhi,Delhi
O08993,C0030,2024-12-14,Cancelled,Net Banking,Gurugram,Haryana
O08994,C3312,2023-04-23,Completed,UPI,Kochi,Kerala
O08995,C3827,2024-02-09,Cancelled,Debit Card,Lucknow,Uttar Pradesh
O08996,C4787,2023-08-24,Completed,Debit Card,Ahmedabad,Gujarat
O08997,C1875,2025-10-26,Completed,UPI,Hyderabad,Telangana
O08998,C0237,2023-12-31,Completed,UPI,Bhubaneswar,Odisha
O08999,C2186,2025-04-26,Completed,Net Banking,Kolkata,West Bengal
O09000,C4726,2025-04-29,Completed,Debit Card,Hyderabad,Telangana
O09001,C0618,2023-02-21,Completed,UPI,Surat,Gujarat
O09002,C1572,2023-10-27,Completed,Credit Card,Kochi,Kerala
O09003,C2438,2025-05-12,Completed,Debit Card,Chennai,Tamil Nadu
O09004,C4456,2025-12-21,Completed,Net Banking,Nagpur,Maharashtra
O09005,C0582,2023-03-25,Completed,Debit Card,Noida,Uttar Pradesh
O09006,C2255,2025-10-15,Completed,Debit Card,Kochi,Kerala
O09007,C0601,2025-07-12,Completed,COD,Lucknow,Uttar Pradesh
O09008,C0979,2025-06-08,Completed,Debit Card,Jaipur,Rajasthan
O09009,C0515,2025-07-03,Completed,Net Banking,Mumbai,Maharashtra
O09010,C0810,2024-05-17,Completed,Credit Card,Indore,Madhya Pradesh
O09011,C2486,2024-11-24,Cancelled,Debit Card,Bhubaneswar,Odisha
O09012,C1447,2023-04-09,Completed,Debit Card,Lucknow,Uttar Pradesh
O09013,C0469,2025-06-28,Cancelled,Credit Card,Surat,Gujarat
O09014,C0630,2025-02-01,Returned,UPI,Nagpur,Maharashtra
O09015,C3383,2023-11-11,Completed,COD,Bhopal,Madhya Pradesh
O09016,C0114,2023-09-04,Completed,UPI,Pune,Maharashtra
O09017,C1226,2023-09-22,Completed,UPI,Lucknow,Uttar Pradesh
O09018,C4343,2024-02-29,Cancelled,Debit Card,Patna,Bihar
O09019,C1617,2025-03-05,Completed,Credit Card,Gurugram,Haryana
O09020,C3318,2025-12-17,Completed,UPI,Hyderabad,Telangana
O09021,C4641,2023-11-20,Completed,COD,Chennai,Tamil Nadu
O09022,C2671,2025-03-02,Completed,UPI,Kolkata,West Bengal
O09023,C4814,2025-04-27,Completed,UPI,Jaipur,Rajasthan
O09024,C4874,2023-03-03,Completed,UPI,Pune,Maharashtra
O09025,C3069,2024-08-15,Completed,Net Banking,Kolkata,West Bengal
O09026,C2538,2025-08-20,Completed,Credit Card,Bengaluru,Karnataka
O09027,C3175,2025-05-18,Completed,UPI,Pune,Maharashtra
O09028,C2638,2024-05-29,Completed,Credit Card,Indore,Madhya Pradesh
O09029,C2223,2025-01-17,Completed,Credit Card,Nagpur,Maharashtra
O09030,C0052,2023-02-20,Completed,Net Banking,Hyderabad,Telangana
O09031,C2345,2024-09-08,Completed,COD,Bhopal,Madhya Pradesh
O09032,C2223,2023-04-09,Returned,UPI,Nagpur,Maharashtra
O09033,C4696,2023-11-19,Completed,Debit Card,Nagpur,Maharashtra
O09034,C4267,2024-08-14,Completed,Credit Card,Surat,Gujarat
O09035,C3109,2024-02-08,Completed,UPI,Lucknow,Uttar Pradesh
O09036,C1659,2023-06-04,Completed,UPI,Ahmedabad,Gujarat
O09037,C3558,2024-06-25,Completed,Debit Card,Jaipur,Rajasthan
O09038,C4551,2023-05-26,Completed,Credit Card,Chandigarh,Chandigarh
O09039,C4823,2025-07-14,Completed,Debit Card,Gurugram,Haryana
O09040,C0887,2025-05-13,Completed,UPI,Kochi,Kerala
O09041,C3054,2024-12-02,Completed,Credit Card,Nagpur,Maharashtra
O09042,C2803,2025-02-27,Completed,COD,Bhopal,Madhya Pradesh
O09043,C2198,2023-09-14,Completed,UPI,Delhi,Delhi
O09044,C4011,2024-12-15,Cancelled,Debit Card,Gurugram,Haryana
O09045,C0636,2024-03-14,Completed,COD,Chandigarh,Chandigarh
O09046,C3015,2024-06-20,Completed,Credit Card,Chandigarh,Chandigarh
O09047,C3886,2023-06-24,Completed,COD,Nagpur,Maharashtra
O09048,C2083,2024-12-13,Completed,Debit Card,Kochi,Kerala
O09049,C0175,2024-05-05,Completed,Debit Card,Chennai,Tamil Nadu
O09050,C1057,2024-08-27,Completed,UPI,Pune,Maharashtra
O09051,C1749,2024-07-15,Returned,Debit Card,Patna,Bihar
O09052,C2763,2023-08-07,Completed,COD,Jaipur,Rajasthan
O09053,C3469,2025-10-17,Completed,Debit Card,Ahmedabad,Gujarat
O09054,C2302,2023-02-26,Completed,Credit Card,Indore,Madhya Pradesh
O09055,C0568,2025-01-12,Completed,Debit Card,Indore,Madhya Pradesh
O09056,C4419,2023-12-04,Completed,Net Banking,Kolkata,West Bengal
O09057,C1784,2024-12-19,Completed,UPI,Gurugram,Haryana
O09058,C2144,2025-09-16,Completed,Debit Card,Bhubaneswar,Odisha
O09059,C4439,2025-07-12,Returned,COD,Bhubaneswar,Odisha
O09060,C2241,2023-10-29,Completed,Debit Card,Kolkata,West Bengal
O09061,C2559,2025-10-09,Completed,UPI,Lucknow,Uttar Pradesh
O09062,C1475,2023-09-04,Completed,COD,Indore,Madhya Pradesh
O09063,C4103,2023-01-16,Completed,COD,Nagpur,Maharashtra
O09064,C0330,2023-07-30,Completed,Debit Card,Bhopal,Madhya Pradesh
O09065,C4179,2025-03-27,Cancelled,Credit Card,Kolkata,West Bengal
O09066,C2674,2025-11-11,Completed,UPI,Delhi,Delhi
O09067,C4623,2024-09-09,Completed,UPI,Patna,Bihar
O09068,C0890,2023-04-29,Completed,Debit Card,Delhi,Delhi
O09069,C0762,2024-05-20,Completed,Debit Card,Hyderabad,Telangana
O09070,C1024,2024-03-12,Completed,UPI,Pune,Maharashtra
O09071,C1681,2025-03-13,Returned,UPI,Pune,Maharashtra
O09072,C3257,2023-04-13,Completed,UPI,Bhopal,Madhya Pradesh
O09073,C1062,2024-12-05,Completed,Debit Card,Indore,Madhya Pradesh
O09074,C0904,2025-04-04,Completed,UPI,Kolkata,West Bengal
O09075,C0134,2025-12-06,Completed,UPI,Mumbai,Maharashtra
O09076,C1126,2023-10-31,Completed,UPI,Hyderabad,Telangana
O09077,C1965,2023-06-16,Completed,COD,Pune,Maharashtra
O09078,C2040,2024-05-08,Completed,UPI,Delhi,Delhi
O09079,C4189,2023-03-28,Completed,Debit Card,Patna,Bihar
O09080,C2850,2023-04-30,Completed,Credit Card,Delhi,Delhi
O09081,C3212,2025-08-03,Completed,Credit Card,Kolkata,West Bengal
O09082,C3367,2023-12-19,Completed,Credit Card,Jaipur,Rajasthan
O09083,C2912,2023-12-16,Completed,Credit Card,Nagpur,Maharashtra
O09084,C4870,2025-10-14,Completed,UPI,Pune,Maharashtra
O09085,C2592,2025-02-08,Cancelled,Credit Card,Bengaluru,Karnataka
O09086,C4284,2025-11-15,Completed,Credit Card,Patna,Bihar
O09087,C2184,2023-11-18,Completed,UPI,Jaipur,Rajasthan
O09088,C4262,2023-10-23,Cancelled,COD,Kochi,Kerala
O09089,C3549,2023-05-11,Completed,Debit Card,Kochi,Kerala
O09090,C0245,2023-01-17,Completed,UPI,Bengaluru,Karnataka
O09091,C1180,2025-02-08,Completed,Credit Card,Patna,Bihar
O09092,C4926,2025-07-24,Completed,Net Banking,Hyderabad,Telangana
O09093,C1779,2025-07-10,Completed,UPI,Ahmedabad,Gujarat
O09094,C2536,2023-07-04,Returned,Net Banking,Kolkata,West Bengal
O09095,C0437,2025-12-08,Completed,Debit Card,Ahmedabad,Gujarat
O09096,C2271,2025-04-03,Cancelled,Credit Card,Ahmedabad,Gujarat
O09097,C1825,2023-03-17,Completed,Net Banking,Delhi,Delhi
O09098,C0794,2024-06-11,Completed,UPI,Bengaluru,Karnataka
O09099,C4269,2025-10-26,Completed,UPI,Patna,Bihar
O09100,C1281,2023-02-03,Completed,UPI,Surat,Gujarat
O09101,C1739,2023-02-28,Completed,Debit Card,Kochi,Kerala
O09102,C0450,2025-12-26,Returned,UPI,Chennai,Tamil Nadu
O09103,C1955,2023-09-12,Cancelled,UPI,Pune,Maharashtra
O09104,C0615,2024-02-07,Completed,Debit Card,Jaipur,Rajasthan
O09105,C4322,2023-02-01,Completed,UPI,Patna,Bihar
O09106,C0739,2023-01-10,Completed,UPI,Kochi,Kerala
O09107,C1632,2024-12-31,Returned,UPI,Bhopal,Madhya Pradesh
O09108,C4172,2024-08-11,Completed,COD,Surat,Gujarat
O09109,C3666,2024-06-15,Completed,Net Banking,Hyderabad,Telangana
O09110,C0069,2025-11-16,Completed,Debit Card,Chandigarh,Chandigarh
O09111,C1875,2025-06-10,Completed,UPI,Hyderabad,Telangana
O09112,C0870,2024-09-19,Completed,Credit Card,Patna,Bihar
O09113,C1394,2025-06-29,Completed,UPI,Ahmedabad,Gujarat
O09114,C3471,2024-03-04,Returned,COD,Indore,Madhya Pradesh
O09115,C3192,2023-10-21,Completed,Debit Card,Noida,Uttar Pradesh
O09116,C3120,2024-03-19,Completed,UPI,Nagpur,Maharashtra
O09117,C2116,2023-10-15,Completed,UPI,Gurugram,Haryana
O09118,C3966,2023-11-02,Completed,Credit Card,Bhubaneswar,Odisha
O09119,C0377,2025-12-30,Completed,COD,Chennai,Tamil Nadu
O09120,C2324,2023-06-12,Completed,Net Banking,Bhopal,Madhya Pradesh
O09121,C2816,2024-08-10,Returned,UPI,Chandigarh,Chandigarh
O09122,C1942,2024-09-22,Completed,COD,Bengaluru,Karnataka
O09123,C0205,2025-03-09,Completed,UPI,Bhubaneswar,Odisha
O09124,C0745,2024-08-31,Completed,UPI,Patna,Bihar
O09125,C3137,2024-11-23,Completed,UPI,Hyderabad,Telangana
O09126,C1550,2025-10-21,Completed,UPI,Bhopal,Madhya Pradesh
O09127,C4421,2024-04-20,Returned,UPI,Bengaluru,Karnataka
O09128,C2426,2025-08-21,Completed,UPI,Patna,Bihar
O09129,C2865,2023-03-06,Cancelled,COD,Kochi,Kerala
O09130,C3974,2025-06-29,Completed,UPI,Kolkata,West Bengal
O09131,C4777,2024-09-06,Completed,Credit Card,Chandigarh,Chandigarh
O09132,C0671,2024-02-26,Completed,Credit Card,Bhubaneswar,Odisha
O09133,C3418,2025-10-01,Completed,Net Banking,Kochi,Kerala
O09134,C3066,2025-10-12,Completed,UPI,Bhubaneswar,Odisha
O09135,C1728,2023-01-07,Completed,UPI,Jaipur,Rajasthan
O09136,C4027,2025-08-30,Completed,Net Banking,Pune,Maharashtra
O09137,C2933,2025-10-16,Completed,Credit Card,Bengaluru,Karnataka
O09138,C3815,2023-04-14,Cancelled,UPI,Gurugram,Haryana
O09139,C1704,2024-04-08,Completed,UPI,Chennai,Tamil Nadu
O09140,C3087,2025-04-27,Completed,UPI,Surat,Gujarat
O09141,C3265,2023-12-17,Completed,Credit Card,Bengaluru,Karnataka
O09142,C4542,2024-01-01,Completed,Debit Card,Mumbai,Maharashtra
O09143,C0054,2023-07-01,Completed,Credit Card,Kolkata,West Bengal
O09144,C0692,2023-08-31,Completed,COD,Surat,Gujarat
O09145,C4100,2023-08-08,Completed,Credit Card,Chandigarh,Chandigarh
O09146,C0257,2024-03-04,Completed,UPI,Hyderabad,Telangana
O09147,C3433,2025-03-18,Completed,UPI,Bhopal,Madhya Pradesh
O09148,C0834,2023-02-04,Completed,UPI,Bengaluru,Karnataka
O09149,C2530,2024-11-05,Completed,UPI,Surat,Gujarat
O09150,C2897,2025-05-11,Returned,Net Banking,Lucknow,Uttar Pradesh
O09151,C1162,2024-02-12,Completed,UPI,Hyderabad,Telangana
O09152,C3523,2023-01-04,Completed,Credit Card,Bhubaneswar,Odisha
O09153,C0473,2023-12-27,Completed,UPI,Hyderabad,Telangana
O09154,C2027,2025-09-16,Completed,UPI,Bhubaneswar,Odisha
O09155,C1638,2024-08-12,Completed,Debit Card,Bhubaneswar,Odisha
O09156,C3549,2025-11-25,Completed,Credit Card,Kochi,Kerala
O09157,C2241,2023-12-01,Completed,UPI,Kolkata,West Bengal
O09158,C2355,2023-10-12,Completed,COD,Gurugram,Haryana
O09159,C4855,2025-11-25,Completed,Credit Card,Nagpur,Maharashtra
O09160,C0906,2024-01-30,Completed,UPI,Pune,Maharashtra
O09161,C1184,2024-07-20,Cancelled,COD,Jaipur,Rajasthan
O09162,C2220,2025-12-08,Cancelled,UPI,Chandigarh,Chandigarh
O09163,C3645,2024-04-07,Cancelled,Credit Card,Nagpur,Maharashtra
O09164,C1089,2023-12-21,Completed,Credit Card,Noida,Uttar Pradesh
O09165,C1193,2023-12-09,Completed,COD,Bengaluru,Karnataka
O09166,C2129,2023-02-24,Completed,UPI,Bengaluru,Karnataka
O09167,C3452,2025-04-21,Completed,COD,Gurugram,Haryana
O09168,C3842,2023-09-17,Completed,Debit Card,Bhubaneswar,Odisha
O09169,C0332,2025-05-26,Completed,COD,Indore,Madhya Pradesh
O09170,C1212,2025-07-09,Completed,Net Banking,Surat,Gujarat
O09171,C1049,2025-09-24,Completed,COD,Bengaluru,Karnataka
O09172,C4089,2025-07-03,Completed,UPI,Mumbai,Maharashtra
O09173,C2276,2025-06-22,Cancelled,Debit Card,Noida,Uttar Pradesh
O09174,C1635,2023-09-27,Cancelled,COD,Chennai,Tamil Nadu
O09175,C3606,2025-08-23,Completed,Credit Card,Surat,Gujarat
O09176,C0503,2025-04-18,Completed,Debit Card,Jaipur,Rajasthan
O09177,C3570,2023-07-04,Completed,UPI,Bengaluru,Karnataka
O09178,C1080,2023-12-31,Completed,COD,Noida,Uttar Pradesh
O09179,C1335,2024-12-20,Completed,Debit Card,Bengaluru,Karnataka
O09180,C4648,2025-10-28,Completed,COD,Delhi,Delhi
O09181,C4019,2024-10-15,Completed,Debit Card,Nagpur,Maharashtra
O09182,C4217,2025-06-20,Completed,COD,Gurugram,Haryana
O09183,C2074,2025-10-14,Returned,UPI,Bhubaneswar,Odisha
O09184,C4055,2023-11-19,Completed,COD,Patna,Bihar
O09185,C0023,2025-06-24,Completed,Net Banking,Indore,Madhya Pradesh
O09186,C1850,2023-04-12,Completed,COD,Indore,Madhya Pradesh
O09187,C2164,2025-03-05,Returned,Debit Card,Delhi,Delhi
O09188,C0480,2023-03-16,Completed,Net Banking,Kochi,Kerala
O09189,C2355,2025-01-13,Completed,UPI,Gurugram,Haryana
O09190,C2749,2023-08-24,Completed,UPI,Nagpur,Maharashtra
O09191,C2540,2025-06-06,Completed,Net Banking,Nagpur,Maharashtra
O09192,C4865,2024-12-27,Completed,Debit Card,Surat,Gujarat
O09193,C1144,2025-03-21,Completed,UPI,Ahmedabad,Gujarat
O09194,C2334,2023-11-25,Cancelled,UPI,Lucknow,Uttar Pradesh
O09195,C2646,2025-04-15,Cancelled,Debit Card,Delhi,Delhi
O09196,C0839,2024-01-05,Completed,Debit Card,Chennai,Tamil Nadu
O09197,C1850,2023-09-16,Cancelled,UPI,Indore,Madhya Pradesh
O09198,C3387,2023-08-16,Completed,Credit Card,Chandigarh,Chandigarh
O09199,C2853,2024-01-12,Completed,COD,Gurugram,Haryana
O09200,C2210,2023-05-25,Completed,Net Banking,Gurugram,Haryana
O09201,C1393,2023-03-21,Cancelled,Debit Card,Surat,Gujarat
O09202,C3257,2025-11-28,Returned,Debit Card,Bhopal,Madhya Pradesh
O09203,C1960,2024-12-06,Completed,Credit Card,Kochi,Kerala
O09204,C0276,2024-12-09,Completed,Credit Card,Mumbai,Maharashtra
O09205,C4625,2023-04-07,Completed,UPI,Bhopal,Madhya Pradesh
O09206,C1460,2023-09-03,Completed,UPI,Delhi,Delhi
O09207,C3332,2023-11-29,Completed,Credit Card,Bhubaneswar,Odisha
O09208,C0959,2025-02-03,Completed,UPI,Ahmedabad,Gujarat
O09209,C1842,2023-10-05,Completed,UPI,Surat,Gujarat
O09210,C4060,2025-10-28,Completed,Net Banking,Surat,Gujarat
O09211,C4146,2023-09-09,Completed,UPI,Delhi,Delhi
O09212,C3378,2025-06-14,Completed,UPI,Noida,Uttar Pradesh
O09213,C2525,2023-01-18,Completed,Credit Card,Surat,Gujarat
O09214,C0488,2024-01-25,Completed,UPI,Bhubaneswar,Odisha
O09215,C2128,2025-10-24,Completed,Debit Card,Jaipur,Rajasthan
O09216,C1941,2025-01-18,Completed,UPI,Indore,Madhya Pradesh
O09217,C2454,2023-01-12,Completed,Debit Card,Jaipur,Rajasthan
O09218,C4015,2025-02-08,Cancelled,COD,Surat,Gujarat
O09219,C3798,2023-09-16,Completed,Debit Card,Delhi,Delhi
O09220,C4351,2024-03-04,Completed,UPI,Hyderabad,Telangana
O09221,C0960,2024-08-19,Completed,COD,Noida,Uttar Pradesh
O09222,C2564,2023-10-22,Cancelled,UPI,Bhubaneswar,Odisha
O09223,C0464,2023-07-25,Completed,Debit Card,Bengaluru,Karnataka
O09224,C1937,2023-08-10,Completed,Debit Card,Delhi,Delhi
O09225,C4132,2025-11-02,Completed,COD,Indore,Madhya Pradesh
O09226,C0016,2023-02-09,Completed,Credit Card,Mumbai,Maharashtra
O09227,C4071,2024-05-19,Completed,UPI,Chandigarh,Chandigarh
O09228,C0919,2024-08-23,Completed,Credit Card,Chennai,Tamil Nadu
O09229,C1614,2024-09-04,Cancelled,Credit Card,Hyderabad,Telangana
O09230,C0823,2024-06-05,Cancelled,COD,Nagpur,Maharashtra
O09231,C2121,2023-11-01,Completed,UPI,Lucknow,Uttar Pradesh
O09232,C3392,2024-08-18,Cancelled,COD,Ahmedabad,Gujarat
O09233,C1967,2023-07-21,Completed,UPI,Kochi,Kerala
O09234,C1882,2024-07-15,Completed,Debit Card,Surat,Gujarat
O09235,C0740,2024-02-16,Completed,UPI,Gurugram,Haryana
O09236,C4854,2023-08-08,Completed,Debit Card,Surat,Gujarat
O09237,C3067,2023-11-20,Completed,COD,Kolkata,West Bengal
O09238,C3844,2024-09-02,Completed,Credit Card,Ahmedabad,Gujarat
O09239,C0798,2023-12-06,Completed,Debit Card,Hyderabad,Telangana
O09240,C3211,2023-05-14,Completed,Debit Card,Noida,Uttar Pradesh
O09241,C1587,2025-04-07,Completed,Debit Card,Jaipur,Rajasthan
O09242,C3731,2025-04-28,Completed,Debit Card,Jaipur,Rajasthan
O09243,C1778,2023-05-27,Completed,COD,Bhopal,Madhya Pradesh
O09244,C2532,2024-03-08,Completed,UPI,Pune,Maharashtra
O09245,C2435,2024-01-22,Completed,UPI,Bengaluru,Karnataka
O09246,C3918,2025-11-23,Completed,Net Banking,Chennai,Tamil Nadu
O09247,C4554,2023-03-03,Returned,COD,Jaipur,Rajasthan
O09248,C2470,2024-03-19,Completed,Credit Card,Bhopal,Madhya Pradesh
O09249,C2280,2023-07-15,Completed,UPI,Gurugram,Haryana
O09250,C1368,2023-03-28,Returned,COD,Kolkata,West Bengal
O09251,C2768,2025-06-09,Completed,Debit Card,Mumbai,Maharashtra
O09252,C1398,2025-07-13,Completed,Net Banking,Chandigarh,Chandigarh
O09253,C0155,2023-06-21,Completed,UPI,Gurugram,Haryana
O09254,C3187,2024-02-03,Completed,UPI,Ahmedabad,Gujarat
O09255,C1116,2025-03-23,Completed,Credit Card,Nagpur,Maharashtra
O09256,C3666,2023-11-27,Cancelled,COD,Hyderabad,Telangana
O09257,C3597,2023-09-09,Completed,Net Banking,Kolkata,West Bengal
O09258,C1115,2025-10-29,Cancelled,UPI,Gurugram,Haryana
O09259,C0700,2025-02-01,Completed,UPI,Hyderabad,Telangana
O09260,C4201,2023-02-04,Completed,UPI,Gurugram,Haryana
O09261,C0596,2025-02-16,Completed,COD,Noida,Uttar Pradesh
O09262,C1014,2025-07-22,Completed,Credit Card,Noida,Uttar Pradesh
O09263,C0540,2024-10-30,Completed,COD,Noida,Uttar Pradesh
O09264,C0012,2024-12-10,Completed,Credit Card,Bengaluru,Karnataka
O09265,C1944,2024-12-30,Cancelled,UPI,Patna,Bihar
O09266,C4460,2024-09-19,Completed,Debit Card,Kochi,Kerala
O09267,C0662,2023-03-18,Completed,Credit Card,Kolkata,West Bengal
O09268,C4634,2024-01-09,Completed,Credit Card,Lucknow,Uttar Pradesh
O09269,C4410,2023-02-22,Cancelled,Net Banking,Chennai,Tamil Nadu
O09270,C1423,2023-09-15,Cancelled,Credit Card,Nagpur,Maharashtra
O09271,C1246,2023-05-12,Completed,COD,Nagpur,Maharashtra
O09272,C0580,2024-08-17,Completed,UPI,Hyderabad,Telangana
O09273,C0262,2025-07-16,Completed,Credit Card,Ahmedabad,Gujarat
O09274,C0496,2023-09-06,Completed,Credit Card,Chennai,Tamil Nadu
O09275,C4226,2024-02-02,Completed,UPI,Gurugram,Haryana
O09276,C4888,2023-03-10,Completed,UPI,Indore,Madhya Pradesh
O09277,C2137,2025-07-09,Completed,Debit Card,Hyderabad,Telangana
O09278,C0630,2024-10-15,Cancelled,UPI,Nagpur,Maharashtra
O09279,C0506,2024-10-13,Completed,UPI,Nagpur,Maharashtra
O09280,C0207,2025-08-02,Completed,UPI,Delhi,Delhi
O09281,C3432,2023-12-06,Completed,COD,Patna,Bihar
O09282,C3131,2024-01-09,Completed,COD,Chandigarh,Chandigarh
O09283,C1855,2025-06-03,Completed,COD,Surat,Gujarat
O09284,C1661,2023-09-14,Completed,UPI,Delhi,Delhi
O09285,C2582,2024-05-30,Completed,UPI,Kochi,Kerala
O09286,C4980,2025-04-26,Completed,UPI,Indore,Madhya Pradesh
O09287,C0285,2023-11-04,Completed,Credit Card,Nagpur,Maharashtra
O09288,C0719,2024-08-24,Completed,Debit Card,Kochi,Kerala
O09289,C3989,2025-01-01,Completed,UPI,Lucknow,Uttar Pradesh
O09290,C0502,2024-05-05,Completed,Credit Card,Bhopal,Madhya Pradesh
O09291,C0258,2024-09-30,Completed,UPI,Delhi,Delhi
O09292,C4906,2024-09-29,Completed,UPI,Lucknow,Uttar Pradesh
O09293,C2598,2024-12-07,Returned,Debit Card,Kolkata,West Bengal
O09294,C1923,2023-07-17,Completed,Debit Card,Pune,Maharashtra
O09295,C1240,2025-10-28,Completed,UPI,Bhubaneswar,Odisha
O09296,C3295,2024-10-18,Completed,Net Banking,Hyderabad,Telangana
O09297,C3014,2023-01-16,Completed,UPI,Mumbai,Maharashtra
O09298,C4618,2025-06-24,Completed,COD,Indore,Madhya Pradesh
O09299,C0888,2024-04-08,Completed,Credit Card,Gurugram,Haryana
O09300,C3455,2025-07-03,Completed,Credit Card,Kolkata,West Bengal
O09301,C0745,2025-03-28,Returned,Credit Card,Patna,Bihar
O09302,C3437,2025-04-07,Completed,Net Banking,Patna,Bihar
O09303,C1705,2024-08-02,Completed,UPI,Bhubaneswar,Odisha
O09304,C0211,2023-06-09,Completed,Debit Card,Ahmedabad,Gujarat
O09305,C4065,2025-04-27,Completed,UPI,Indore,Madhya Pradesh
O09306,C1957,2024-05-12,Completed,COD,Nagpur,Maharashtra
O09307,C2527,2024-04-08,Completed,UPI,Lucknow,Uttar Pradesh
O09308,C1703,2023-12-08,Completed,Debit Card,Delhi,Delhi
O09309,C4215,2024-05-22,Completed,Credit Card,Chennai,Tamil Nadu
O09310,C0486,2023-05-31,Completed,Debit Card,Bengaluru,Karnataka
O09311,C2157,2025-10-18,Completed,UPI,Chennai,Tamil Nadu
O09312,C2502,2024-07-28,Completed,Credit Card,Jaipur,Rajasthan
O09313,C3311,2025-06-04,Completed,UPI,Lucknow,Uttar Pradesh
O09314,C4608,2025-06-13,Completed,Net Banking,Bengaluru,Karnataka
O09315,C1067,2024-11-26,Completed,UPI,Indore,Madhya Pradesh
O09316,C4228,2023-08-01,Completed,Net Banking,Kochi,Kerala
O09317,C1816,2024-08-07,Completed,Credit Card,Patna,Bihar
O09318,C2799,2025-03-06,Cancelled,UPI,Kolkata,West Bengal
O09319,C3630,2024-10-27,Completed,UPI,Kolkata,West Bengal
O09320,C4057,2023-07-07,Completed,Credit Card,Ahmedabad,Gujarat
O09321,C0198,2025-02-06,Completed,Debit Card,Bhubaneswar,Odisha
O09322,C3372,2025-09-13,Completed,Credit Card,Bhopal,Madhya Pradesh
O09323,C4316,2023-07-02,Completed,UPI,Bhopal,Madhya Pradesh
O09324,C4964,2024-01-19,Completed,UPI,Surat,Gujarat
O09325,C1316,2023-01-25,Completed,UPI,Bhubaneswar,Odisha
O09326,C2573,2025-07-05,Completed,Debit Card,Ahmedabad,Gujarat
O09327,C4863,2023-02-07,Completed,Credit Card,Indore,Madhya Pradesh
O09328,C1182,2023-10-29,Completed,Credit Card,Jaipur,Rajasthan
O09329,C3342,2023-04-10,Completed,UPI,Chennai,Tamil Nadu
O09330,C0257,2024-10-20,Completed,Debit Card,Hyderabad,Telangana
O09331,C2749,2024-03-21,Completed,UPI,Nagpur,Maharashtra
O09332,C2563,2024-04-14,Completed,Net Banking,Pune,Maharashtra
O09333,C1668,2023-02-24,Completed,Debit Card,Kochi,Kerala
O09334,C2649,2024-08-06,Completed,UPI,Mumbai,Maharashtra
O09335,C0637,2025-01-24,Returned,Debit Card,Chandigarh,Chandigarh
O09336,C2823,2023-05-07,Returned,COD,Nagpur,Maharashtra
O09337,C0008,2025-12-27,Completed,COD,Patna,Bihar
O09338,C1580,2023-06-02,Completed,UPI,Patna,Bihar
O09339,C0135,2023-08-14,Completed,Net Banking,Lucknow,Uttar Pradesh
O09340,C3832,2025-04-17,Completed,UPI,Indore,Madhya Pradesh
O09341,C4926,2024-11-22,Completed,UPI,Hyderabad,Telangana
O09342,C4121,2024-02-23,Cancelled,UPI,Patna,Bihar
O09343,C2513,2024-05-29,Completed,Credit Card,Pune,Maharashtra
O09344,C4470,2023-10-16,Cancelled,UPI,Noida,Uttar Pradesh
O09345,C2244,2023-07-20,Cancelled,Debit Card,Nagpur,Maharashtra
O09346,C2170,2025-05-22,Completed,UPI,Chandigarh,Chandigarh
O09347,C4868,2024-10-28,Completed,Debit Card,Chandigarh,Chandigarh
O09348,C4655,2025-02-07,Completed,UPI,Chandigarh,Chandigarh
O09349,C3958,2023-06-17,Completed,UPI,Bhopal,Madhya Pradesh
O09350,C1233,2025-07-02,Returned,UPI,Pune,Maharashtra
O09351,C3373,2024-01-15,Completed,Debit Card,Hyderabad,Telangana
O09352,C0954,2025-10-31,Completed,Credit Card,Indore,Madhya Pradesh
O09353,C1539,2023-12-23,Completed,Debit Card,Kolkata,West Bengal
O09354,C0908,2025-03-23,Completed,COD,Ahmedabad,Gujarat
O09355,C1681,2023-05-11,Completed,UPI,Pune,Maharashtra
O09356,C1910,2023-07-24,Completed,Credit Card,Jaipur,Rajasthan
O09357,C4090,2023-11-12,Completed,UPI,Nagpur,Maharashtra
O09358,C0619,2024-08-26,Completed,Credit Card,Kolkata,West Bengal
O09359,C2789,2024-04-30,Completed,UPI,Hyderabad,Telangana
O09360,C1910,2023-04-21,Completed,Credit Card,Jaipur,Rajasthan
O09361,C2845,2023-09-04,Cancelled,COD,Gurugram,Haryana
O09362,C4302,2024-02-16,Cancelled,Credit Card,Surat,Gujarat
O09363,C4679,2024-07-26,Completed,COD,Nagpur,Maharashtra
O09364,C0697,2024-03-25,Completed,Debit Card,Patna,Bihar
O09365,C3405,2025-06-07,Completed,COD,Noida,Uttar Pradesh
O09366,C4304,2025-01-13,Completed,Net Banking,Bengaluru,Karnataka
O09367,C0405,2023-05-05,Cancelled,Credit Card,Chennai,Tamil Nadu
O09368,C2436,2025-07-29,Completed,COD,Kochi,Kerala
O09369,C1511,2023-09-17,Completed,Credit Card,Noida,Uttar Pradesh
O09370,C4963,2024-06-18,Completed,Debit Card,Nagpur,Maharashtra
O09371,C2319,2023-03-21,Completed,UPI,Ahmedabad,Gujarat
O09372,C4089,2023-09-29,Cancelled,Net Banking,Mumbai,Maharashtra
O09373,C2485,2024-02-06,Completed,COD,Patna,Bihar
O09374,C0858,2025-12-12,Completed,COD,Bhopal,Madhya Pradesh
O09375,C3730,2023-09-29,Completed,UPI,Surat,Gujarat
O09376,C2393,2025-06-14,Completed,UPI,Gurugram,Haryana
O09377,C4069,2023-08-16,Completed,Credit Card,Bhubaneswar,Odisha
O09378,C4283,2024-01-06,Completed,COD,Hyderabad,Telangana
O09379,C0020,2024-12-12,Completed,COD,Nagpur,Maharashtra
O09380,C2421,2023-07-11,Completed,UPI,Bhubaneswar,Odisha
O09381,C3027,2025-09-06,Completed,Credit Card,Chandigarh,Chandigarh
O09382,C0067,2025-11-12,Completed,Credit Card,Ahmedabad,Gujarat
O09383,C3134,2024-05-02,Completed,Debit Card,Chennai,Tamil Nadu
O09384,C3558,2025-01-03,Completed,UPI,Jaipur,Rajasthan
O09385,C0786,2025-04-28,Completed,UPI,Chennai,Tamil Nadu
O09386,C2133,2023-12-14,Completed,UPI,Pune,Maharashtra
O09387,C1430,2025-02-04,Cancelled,Credit Card,Surat,Gujarat
O09388,C1419,2024-11-12,Cancelled,Net Banking,Pune,Maharashtra
O09389,C3691,2024-07-30,Completed,Debit Card,Surat,Gujarat
O09390,C1548,2024-06-13,Completed,Debit Card,Jaipur,Rajasthan
O09391,C4272,2025-11-03,Completed,Net Banking,Ahmedabad,Gujarat
O09392,C0359,2023-01-19,Cancelled,Credit Card,Noida,Uttar Pradesh
O09393,C1563,2024-09-12,Completed,Credit Card,Jaipur,Rajasthan
O09394,C4387,2023-01-02,Cancelled,UPI,Jaipur,Rajasthan
O09395,C2178,2023-12-03,Completed,UPI,Mumbai,Maharashtra
O09396,C3811,2023-10-13,Completed,COD,Pune,Maharashtra
O09397,C0479,2023-09-11,Completed,COD,Pune,Maharashtra
O09398,C0648,2024-08-19,Returned,COD,Bhopal,Madhya Pradesh
O09399,C0264,2024-09-29,Completed,UPI,Bengaluru,Karnataka
O09400,C3743,2025-10-30,Completed,UPI,Kochi,Kerala
O09401,C2957,2025-07-07,Completed,Credit Card,Indore,Madhya Pradesh
O09402,C1562,2025-03-30,Completed,UPI,Delhi,Delhi
O09403,C1437,2024-11-11,Completed,UPI,Indore,Madhya Pradesh
O09404,C2006,2025-03-26,Returned,Credit Card,Chandigarh,Chandigarh
O09405,C3141,2025-04-16,Returned,Credit Card,Jaipur,Rajasthan
O09406,C0908,2025-08-04,Completed,Debit Card,Ahmedabad,Gujarat
O09407,C0130,2024-04-17,Cancelled,Net Banking,Hyderabad,Telangana
O09408,C0938,2024-04-16,Returned,Debit Card,Bhopal,Madhya Pradesh
O09409,C3719,2024-11-26,Completed,UPI,Patna,Bihar
O09410,C0815,2023-08-17,Completed,Net Banking,Bhopal,Madhya Pradesh
O09411,C3963,2023-02-18,Completed,Credit Card,Chennai,Tamil Nadu
O09412,C3382,2024-12-27,Completed,Debit Card,Nagpur,Maharashtra
O09413,C0015,2025-08-21,Returned,UPI,Kolkata,West Bengal
O09414,C2038,2023-04-28,Completed,Credit Card,Kochi,Kerala
O09415,C3489,2024-09-01,Completed,Credit Card,Ahmedabad,Gujarat
O09416,C0707,2023-02-06,Cancelled,Net Banking,Gurugram,Haryana
O09417,C0703,2023-07-06,Returned,COD,Bengaluru,Karnataka
O09418,C4842,2024-04-03,Completed,UPI,Lucknow,Uttar Pradesh
O09419,C4132,2025-09-17,Cancelled,UPI,Indore,Madhya Pradesh
O09420,C4843,2025-02-16,Completed,UPI,Bengaluru,Karnataka
O09421,C2556,2025-05-19,Completed,Credit Card,Ahmedabad,Gujarat
O09422,C4742,2025-05-01,Completed,UPI,Surat,Gujarat
O09423,C2987,2024-02-12,Completed,UPI,Chennai,Tamil Nadu
O09424,C3940,2025-10-15,Completed,COD,Kochi,Kerala
O09425,C4952,2023-03-12,Cancelled,UPI,Pune,Maharashtra
O09426,C3339,2023-05-29,Completed,UPI,Indore,Madhya Pradesh
O09427,C0517,2025-06-27,Completed,COD,Chennai,Tamil Nadu
O09428,C0798,2025-02-15,Completed,Credit Card,Hyderabad,Telangana
O09429,C0485,2023-06-04,Returned,COD,Chennai,Tamil Nadu
O09430,C3675,2025-08-06,Completed,Credit Card,Delhi,Delhi
O09431,C2712,2024-12-21,Completed,COD,Gurugram,Haryana
O09432,C0443,2025-12-10,Completed,Credit Card,Hyderabad,Telangana
O09433,C1654,2025-07-24,Returned,UPI,Gurugram,Haryana
O09434,C1014,2025-01-30,Returned,Credit Card,Noida,Uttar Pradesh
O09435,C0963,2025-04-05,Completed,Credit Card,Ahmedabad,Gujarat
O09436,C0573,2023-05-23,Completed,Debit Card,Bhopal,Madhya Pradesh
O09437,C4454,2025-12-29,Cancelled,Net Banking,Indore,Madhya Pradesh
O09438,C4717,2025-09-18,Completed,UPI,Gurugram,Haryana
O09439,C1831,2025-10-18,Returned,Debit Card,Patna,Bihar
O09440,C3843,2024-12-06,Completed,Debit Card,Chandigarh,Chandigarh
O09441,C4902,2023-09-14,Returned,COD,Kochi,Kerala
O09442,C0816,2025-04-21,Completed,Credit Card,Chennai,Tamil Nadu
O09443,C3672,2024-09-11,Completed,UPI,Bengaluru,Karnataka
O09444,C2537,2024-07-02,Completed,COD,Lucknow,Uttar Pradesh
O09445,C1211,2024-07-12,Completed,COD,Bhopal,Madhya Pradesh
O09446,C3135,2023-12-11,Completed,UPI,Jaipur,Rajasthan
O09447,C0555,2024-01-14,Completed,UPI,Indore,Madhya Pradesh
O09448,C2793,2023-05-12,Completed,COD,Bhopal,Madhya Pradesh
O09449,C4921,2024-12-17,Completed,Credit Card,Patna,Bihar
O09450,C4063,2023-03-18,Returned,UPI,Kolkata,West Bengal
O09451,C3766,2025-12-25,Completed,Debit Card,Mumbai,Maharashtra
O09452,C4303,2025-07-21,Completed,Credit Card,Jaipur,Rajasthan
O09453,C1265,2025-01-23,Completed,Net Banking,Chandigarh,Chandigarh
O09454,C0894,2023-05-27,Completed,UPI,Delhi,Delhi
O09455,C2173,2023-03-08,Completed,UPI,Bengaluru,Karnataka
O09456,C2305,2024-04-16,Completed,UPI,Indore,Madhya Pradesh
O09457,C3164,2023-05-31,Completed,UPI,Surat,Gujarat
O09458,C4833,2023-01-04,Cancelled,UPI,Kochi,Kerala
O09459,C3959,2025-11-07,Returned,COD,Surat,Gujarat
O09460,C4384,2024-06-07,Completed,UPI,Pune,Maharashtra
O09461,C1239,2023-09-13,Completed,Debit Card,Noida,Uttar Pradesh
O09462,C1818,2025-11-24,Completed,Credit Card,Pune,Maharashtra
O09463,C0767,2025-07-11,Cancelled,Credit Card,Noida,Uttar Pradesh
O09464,C2560,2024-07-08,Completed,COD,Bhubaneswar,Odisha
O09465,C0573,2024-08-12,Completed,Debit Card,Bhopal,Madhya Pradesh
O09466,C4464,2023-11-19,Completed,UPI,Chandigarh,Chandigarh
O09467,C2333,2024-03-28,Cancelled,UPI,Patna,Bihar
O09468,C2111,2025-05-10,Completed,Credit Card,Bhubaneswar,Odisha
O09469,C4742,2023-12-25,Completed,COD,Surat,Gujarat
O09470,C0751,2023-02-21,Completed,UPI,Gurugram,Haryana
O09471,C2812,2024-06-12,Completed,UPI,Ahmedabad,Gujarat
O09472,C4457,2024-12-23,Completed,Credit Card,Ahmedabad,Gujarat
O09473,C3555,2023-02-02,Completed,UPI,Bhubaneswar,Odisha
O09474,C2419,2024-03-11,Completed,Net Banking,Surat,Gujarat
O09475,C2989,2025-09-23,Completed,UPI,Lucknow,Uttar Pradesh
O09476,C0855,2025-04-28,Completed,Credit Card,Bengaluru,Karnataka
O09477,C2851,2025-03-23,Completed,UPI,Ahmedabad,Gujarat
O09478,C3380,2023-03-18,Completed,Debit Card,Indore,Madhya Pradesh
O09479,C0194,2024-08-02,Returned,Debit Card,Jaipur,Rajasthan
O09480,C1578,2025-12-09,Completed,COD,Nagpur,Maharashtra
O09481,C1481,2024-03-17,Completed,Credit Card,Bhubaneswar,Odisha
O09482,C4429,2024-10-31,Completed,UPI,Kolkata,West Bengal
O09483,C0747,2024-04-07,Completed,UPI,Chandigarh,Chandigarh
O09484,C4962,2024-01-12,Completed,Debit Card,Mumbai,Maharashtra
O09485,C3088,2024-06-29,Completed,Credit Card,Jaipur,Rajasthan
O09486,C4741,2024-03-11,Completed,UPI,Chennai,Tamil Nadu
O09487,C0150,2025-10-17,Completed,UPI,Kolkata,West Bengal
O09488,C3866,2024-12-24,Completed,UPI,Noida,Uttar Pradesh
O09489,C4898,2025-06-10,Completed,UPI,Bengaluru,Karnataka
O09490,C4978,2025-07-27,Completed,COD,Patna,Bihar
O09491,C2329,2023-06-04,Completed,Debit Card,Ahmedabad,Gujarat
O09492,C1676,2023-09-26,Completed,Net Banking,Indore,Madhya Pradesh
O09493,C2587,2023-06-09,Completed,Credit Card,Kolkata,West Bengal
O09494,C2390,2023-11-19,Completed,Credit Card,Bhopal,Madhya Pradesh
O09495,C0674,2025-11-03,Completed,UPI,Indore,Madhya Pradesh
O09496,C3702,2023-04-30,Completed,Credit Card,Gurugram,Haryana
O09497,C1361,2023-12-14,Completed,Debit Card,Jaipur,Rajasthan
O09498,C3067,2023-02-15,Completed,UPI,Kolkata,West Bengal
O09499,C3147,2024-04-13,Completed,UPI,Patna,Bihar
O09500,C3618,2024-09-13,Completed,UPI,Lucknow,Uttar Pradesh
O09501,C3068,2023-08-07,Cancelled,UPI,Hyderabad,Telangana
O09502,C2163,2025-09-30,Completed,Credit Card,Chennai,Tamil Nadu
O09503,C1445,2025-08-18,Returned,Credit Card,Bhopal,Madhya Pradesh
O09504,C4026,2024-05-26,Completed,Debit Card,Bengaluru,Karnataka
O09505,C2161,2024-01-16,Completed,Debit Card,Lucknow,Uttar Pradesh
O09506,C3354,2024-07-19,Completed,Debit Card,Pune,Maharashtra
O09507,C4820,2024-07-19,Completed,UPI,Jaipur,Rajasthan
O09508,C1771,2025-10-24,Completed,Debit Card,Noida,Uttar Pradesh
O09509,C4545,2025-01-21,Completed,Credit Card,Gurugram,Haryana
O09510,C1703,2023-07-20,Completed,Credit Card,Delhi,Delhi
O09511,C0195,2023-09-13,Completed,Debit Card,Kolkata,West Bengal
O09512,C0575,2023-07-18,Completed,Credit Card,Surat,Gujarat
O09513,C2630,2023-03-14,Completed,Credit Card,Bhubaneswar,Odisha
O09514,C4687,2025-08-08,Completed,UPI,Chandigarh,Chandigarh
O09515,C4644,2024-11-18,Completed,COD,Chennai,Tamil Nadu
O09516,C0389,2023-08-07,Completed,Credit Card,Chennai,Tamil Nadu
O09517,C1753,2024-02-11,Completed,Credit Card,Bhubaneswar,Odisha
O09518,C0661,2025-03-05,Completed,Credit Card,Pune,Maharashtra
O09519,C2833,2025-03-03,Completed,Credit Card,Jaipur,Rajasthan
O09520,C4630,2023-07-27,Completed,UPI,Ahmedabad,Gujarat
O09521,C0297,2023-04-02,Completed,Credit Card,Bhubaneswar,Odisha
O09522,C0331,2024-06-15,Completed,Debit Card,Gurugram,Haryana
O09523,C3850,2025-12-12,Completed,Net Banking,Delhi,Delhi
O09524,C4951,2023-03-24,Completed,COD,Lucknow,Uttar Pradesh
O09525,C1285,2024-02-14,Completed,Net Banking,Pune,Maharashtra
O09526,C1079,2024-03-19,Completed,COD,Surat,Gujarat
O09527,C0875,2023-05-10,Completed,Debit Card,Chennai,Tamil Nadu
O09528,C3867,2025-02-09,Completed,Credit Card,Kolkata,West Bengal
O09529,C4838,2023-07-03,Completed,UPI,Bengaluru,Karnataka
O09530,C2686,2024-07-31,Completed,UPI,Bhopal,Madhya Pradesh
O09531,C2490,2024-10-26,Completed,UPI,Lucknow,Uttar Pradesh
O09532,C1586,2023-12-31,Completed,Credit Card,Pune,Maharashtra
O09533,C3808,2023-07-15,Completed,Debit Card,Nagpur,Maharashtra
O09534,C2941,2025-11-04,Completed,Debit Card,Delhi,Delhi
O09535,C4487,2023-07-29,Cancelled,Credit Card,Lucknow,Uttar Pradesh
O09536,C4469,2023-05-15,Completed,UPI,Mumbai,Maharashtra
O09537,C1503,2024-08-16,Completed,UPI,Bhopal,Madhya Pradesh
O09538,C0746,2024-05-18,Completed,Net Banking,Indore,Madhya Pradesh
O09539,C2613,2024-04-21,Completed,Net Banking,Kochi,Kerala
O09540,C1509,2024-03-19,Completed,UPI,Indore,Madhya Pradesh
O09541,C1771,2024-11-14,Completed,Debit Card,Noida,Uttar Pradesh
O09542,C3780,2023-05-03,Completed,UPI,Gurugram,Haryana
O09543,C1962,2024-05-08,Completed,UPI,Hyderabad,Telangana
O09544,C1596,2024-01-25,Cancelled,Debit Card,Patna,Bihar
O09545,C4781,2023-03-04,Returned,COD,Bhopal,Madhya Pradesh
O09546,C2534,2024-06-03,Completed,Credit Card,Indore,Madhya Pradesh
O09547,C3659,2023-09-02,Completed,UPI,Indore,Madhya Pradesh
O09548,C0466,2023-06-14,Completed,Credit Card,Nagpur,Maharashtra
O09549,C2070,2025-08-12,Completed,Credit Card,Kolkata,West Bengal
O09550,C2444,2023-10-11,Completed,COD,Hyderabad,Telangana
O09551,C1233,2024-12-11,Returned,Debit Card,Pune,Maharashtra
O09552,C0145,2025-07-20,Completed,Debit Card,Bhubaneswar,Odisha
O09553,C2353,2024-10-16,Completed,UPI,Gurugram,Haryana
O09554,C1808,2025-04-01,Completed,Debit Card,Gurugram,Haryana
O09555,C3049,2023-07-16,Completed,Credit Card,Indore,Madhya Pradesh
O09556,C4043,2023-10-12,Completed,COD,Bhopal,Madhya Pradesh
O09557,C4140,2023-04-25,Cancelled,UPI,Nagpur,Maharashtra
O09558,C4203,2025-08-21,Completed,Credit Card,Surat,Gujarat
O09559,C4246,2025-01-22,Completed,UPI,Bhopal,Madhya Pradesh
O09560,C1288,2025-06-12,Completed,UPI,Delhi,Delhi
O09561,C0110,2024-05-20,Completed,COD,Bengaluru,Karnataka
O09562,C4846,2025-03-01,Completed,Debit Card,Chandigarh,Chandigarh
O09563,C4820,2023-11-27,Cancelled,Debit Card,Jaipur,Rajasthan
O09564,C2791,2025-09-22,Completed,UPI,Chandigarh,Chandigarh
O09565,C4424,2024-10-28,Completed,Debit Card,Mumbai,Maharashtra
O09566,C0862,2023-09-22,Completed,Credit Card,Jaipur,Rajasthan
O09567,C0461,2024-08-04,Completed,Credit Card,Bhopal,Madhya Pradesh
O09568,C1105,2024-11-21,Completed,Credit Card,Mumbai,Maharashtra
O09569,C0744,2024-04-25,Completed,COD,Kochi,Kerala
O09570,C2411,2025-10-26,Completed,UPI,Indore,Madhya Pradesh
O09571,C3793,2024-10-05,Completed,COD,Kolkata,West Bengal
O09572,C4994,2025-02-09,Completed,Net Banking,Bengaluru,Karnataka
O09573,C0443,2023-10-09,Completed,UPI,Hyderabad,Telangana
O09574,C1834,2023-10-17,Completed,Net Banking,Kochi,Kerala
O09575,C0886,2023-07-24,Returned,Net Banking,Ahmedabad,Gujarat
O09576,C3605,2025-06-22,Completed,Debit Card,Chennai,Tamil Nadu
O09577,C4357,2023-11-28,Completed,UPI,Patna,Bihar
O09578,C4376,2024-02-07,Completed,Credit Card,Gurugram,Haryana
O09579,C3222,2023-02-01,Completed,UPI,Patna,Bihar
O09580,C0152,2023-07-11,Completed,UPI,Jaipur,Rajasthan
O09581,C1597,2024-02-11,Completed,Debit Card,Bhubaneswar,Odisha
O09582,C1672,2024-08-25,Returned,Credit Card,Chennai,Tamil Nadu
O09583,C1535,2023-02-04,Cancelled,Credit Card,Noida,Uttar Pradesh
O09584,C1566,2023-11-28,Completed,UPI,Chandigarh,Chandigarh
O09585,C0951,2025-10-16,Completed,UPI,Kolkata,West Bengal
O09586,C2915,2025-12-11,Completed,Net Banking,Bengaluru,Karnataka
O09587,C2493,2023-01-17,Completed,Debit Card,Chennai,Tamil Nadu
O09588,C1342,2025-05-03,Completed,COD,Nagpur,Maharashtra
O09589,C0732,2023-01-09,Completed,UPI,Bhubaneswar,Odisha
O09590,C4334,2023-06-29,Completed,COD,Chennai,Tamil Nadu
O09591,C0539,2023-01-03,Completed,Debit Card,Chandigarh,Chandigarh
O09592,C0769,2024-11-24,Completed,UPI,Hyderabad,Telangana
O09593,C2857,2023-06-16,Completed,Debit Card,Chandigarh,Chandigarh
O09594,C3726,2023-01-27,Completed,Net Banking,Kochi,Kerala
O09595,C2122,2023-04-28,Completed,UPI,Mumbai,Maharashtra
O09596,C1735,2025-01-08,Cancelled,Credit Card,Chennai,Tamil Nadu
O09597,C4392,2023-12-18,Completed,Net Banking,Surat,Gujarat
O09598,C0014,2023-07-14,Completed,COD,Bhopal,Madhya Pradesh
O09599,C4708,2024-10-14,Completed,Debit Card,Noida,Uttar Pradesh
O09600,C3675,2023-11-13,Cancelled,UPI,Delhi,Delhi
O09601,C4491,2025-01-24,Completed,Credit Card,Bhubaneswar,Odisha
O09602,C0191,2025-12-07,Completed,Debit Card,Surat,Gujarat
O09603,C2865,2025-11-05,Completed,Credit Card,Kochi,Kerala
O09604,C4103,2023-01-14,Completed,Net Banking,Nagpur,Maharashtra
O09605,C1105,2024-01-02,Returned,Debit Card,Mumbai,Maharashtra
O09606,C2813,2023-08-16,Completed,UPI,Kochi,Kerala
O09607,C0652,2025-09-29,Completed,Credit Card,Nagpur,Maharashtra
O09608,C1381,2025-01-05,Returned,Credit Card,Ahmedabad,Gujarat
O09609,C0802,2024-07-11,Completed,Credit Card,Patna,Bihar
O09610,C4545,2025-12-19,Completed,Credit Card,Gurugram,Haryana
O09611,C2122,2025-05-16,Completed,UPI,Mumbai,Maharashtra
O09612,C1985,2024-10-21,Cancelled,Debit Card,Bhopal,Madhya Pradesh
O09613,C4141,2025-12-11,Completed,UPI,Kolkata,West Bengal
O09614,C1553,2024-10-17,Completed,Credit Card,Surat,Gujarat
O09615,C2793,2023-06-21,Completed,UPI,Bhopal,Madhya Pradesh
O09616,C2724,2023-11-14,Returned,Net Banking,Gurugram,Haryana
O09617,C2023,2024-09-07,Completed,UPI,Bhubaneswar,Odisha
O09618,C4671,2024-05-03,Completed,UPI,Indore,Madhya Pradesh
O09619,C1431,2024-10-12,Completed,Debit Card,Kolkata,West Bengal
O09620,C4189,2024-11-14,Completed,UPI,Patna,Bihar
O09621,C2514,2023-05-04,Completed,UPI,Nagpur,Maharashtra
O09622,C0604,2024-12-06,Cancelled,Debit Card,Chennai,Tamil Nadu
O09623,C0327,2024-04-03,Completed,UPI,Kochi,Kerala
O09624,C3839,2024-11-07,Completed,UPI,Jaipur,Rajasthan
O09625,C2776,2024-10-07,Completed,UPI,Kochi,Kerala
O09626,C3640,2023-06-27,Completed,UPI,Pune,Maharashtra
O09627,C0591,2024-06-19,Completed,Debit Card,Surat,Gujarat
O09628,C1439,2025-05-07,Completed,Credit Card,Hyderabad,Telangana
O09629,C3571,2023-11-24,Completed,UPI,Indore,Madhya Pradesh
O09630,C0851,2024-08-23,Completed,UPI,Jaipur,Rajasthan
O09631,C0440,2024-10-31,Completed,UPI,Gurugram,Haryana
O09632,C2996,2025-02-10,Completed,UPI,Nagpur,Maharashtra
O09633,C4424,2025-04-02,Completed,UPI,Mumbai,Maharashtra
O09634,C1666,2023-10-16,Completed,UPI,Lucknow,Uttar Pradesh
O09635,C2909,2023-08-25,Returned,UPI,Surat,Gujarat
O09636,C1258,2024-03-13,Completed,Debit Card,Indore,Madhya Pradesh
O09637,C1545,2024-03-20,Completed,Net Banking,Ahmedabad,Gujarat
O09638,C1906,2025-12-25,Completed,COD,Chandigarh,Chandigarh
O09639,C3680,2024-12-16,Completed,UPI,Kolkata,West Bengal
O09640,C1816,2023-04-24,Completed,UPI,Patna,Bihar
O09641,C2277,2023-07-08,Completed,UPI,Bhubaneswar,Odisha
O09642,C3317,2025-05-25,Completed,UPI,Nagpur,Maharashtra
O09643,C1451,2023-10-03,Completed,Credit Card,Kochi,Kerala
O09644,C2048,2025-07-29,Completed,Net Banking,Patna,Bihar
O09645,C4840,2025-06-03,Cancelled,COD,Surat,Gujarat
O09646,C3545,2025-02-24,Completed,Credit Card,Indore,Madhya Pradesh
O09647,C4907,2024-12-10,Cancelled,Credit Card,Chennai,Tamil Nadu
O09648,C3635,2025-07-02,Completed,UPI,Nagpur,Maharashtra
O09649,C0174,2025-10-07,Completed,Credit Card,Mumbai,Maharashtra
O09650,C1099,2025-08-17,Completed,Credit Card,Bhopal,Madhya Pradesh
O09651,C1123,2024-08-06,Completed,Credit Card,Jaipur,Rajasthan
O09652,C2561,2025-01-24,Completed,Credit Card,Bengaluru,Karnataka
O09653,C2043,2024-04-24,Completed,COD,Mumbai,Maharashtra
O09654,C3779,2023-01-17,Completed,Credit Card,Bhopal,Madhya Pradesh
O09655,C2177,2023-02-16,Completed,Credit Card,Hyderabad,Telangana
O09656,C2422,2023-01-30,Completed,UPI,Lucknow,Uttar Pradesh
O09657,C4332,2024-01-27,Cancelled,UPI,Bhubaneswar,Odisha
O09658,C4838,2025-11-29,Completed,UPI,Bengaluru,Karnataka
O09659,C3773,2025-07-04,Completed,UPI,Pune,Maharashtra
O09660,C1693,2023-10-11,Completed,Debit Card,Indore,Madhya Pradesh
O09661,C0291,2023-02-28,Cancelled,Credit Card,Jaipur,Rajasthan
O09662,C3932,2025-08-15,Completed,Credit Card,Hyderabad,Telangana
O09663,C1419,2025-10-04,Completed,COD,Pune,Maharashtra
O09664,C1989,2025-11-13,Completed,UPI,Noida,Uttar Pradesh
O09665,C0568,2025-01-20,Completed,Debit Card,Indore,Madhya Pradesh
O09666,C3039,2025-12-13,Completed,Debit Card,Pune,Maharashtra
O09667,C2346,2023-11-15,Completed,UPI,Nagpur,Maharashtra
O09668,C3144,2024-12-21,Completed,UPI,Kochi,Kerala
O09669,C2304,2025-12-04,Completed,Credit Card,Noida,Uttar Pradesh
O09670,C0309,2023-12-28,Returned,Net Banking,Mumbai,Maharashtra
O09671,C2139,2025-01-31,Cancelled,UPI,Pune,Maharashtra
O09672,C2197,2023-01-07,Completed,Net Banking,Surat,Gujarat
O09673,C0462,2023-03-29,Completed,Credit Card,Nagpur,Maharashtra
O09674,C4731,2025-07-31,Completed,Debit Card,Nagpur,Maharashtra
O09675,C3821,2024-03-30,Completed,COD,Kochi,Kerala
O09676,C4733,2024-06-25,Completed,UPI,Patna,Bihar
O09677,C0646,2025-09-07,Cancelled,UPI,Bengaluru,Karnataka
O09678,C4614,2024-01-04,Completed,UPI,Kolkata,West Bengal
O09679,C1397,2025-10-27,Completed,UPI,Jaipur,Rajasthan
O09680,C3269,2024-11-09,Completed,Net Banking,Kochi,Kerala
O09681,C4286,2024-01-21,Completed,UPI,Bhopal,Madhya Pradesh
O09682,C3875,2024-11-13,Completed,COD,Delhi,Delhi
O09683,C4175,2024-01-31,Completed,Credit Card,Ahmedabad,Gujarat
O09684,C1571,2024-06-23,Completed,UPI,Pune,Maharashtra
O09685,C0816,2024-09-11,Completed,UPI,Chennai,Tamil Nadu
O09686,C1906,2024-08-10,Completed,Debit Card,Chandigarh,Chandigarh
O09687,C4168,2024-12-10,Completed,Debit Card,Indore,Madhya Pradesh
O09688,C2091,2024-07-29,Returned,UPI,Delhi,Delhi
O09689,C4899,2025-05-08,Returned,COD,Indore,Madhya Pradesh
O09690,C3205,2025-06-03,Completed,UPI,Patna,Bihar
O09691,C3871,2025-06-23,Completed,Credit Card,Kochi,Kerala
O09692,C1130,2024-05-17,Completed,Credit Card,Patna,Bihar
O09693,C2056,2025-07-25,Completed,COD,Indore,Madhya Pradesh
O09694,C1798,2023-02-19,Completed,UPI,Jaipur,Rajasthan
O09695,C3415,2023-08-13,Completed,UPI,Kolkata,West Bengal
O09696,C2485,2023-03-23,Completed,UPI,Patna,Bihar
O09697,C0689,2023-07-01,Returned,UPI,Chandigarh,Chandigarh
O09698,C3464,2024-06-05,Completed,Debit Card,Mumbai,Maharashtra
O09699,C0576,2025-06-21,Completed,UPI,Ahmedabad,Gujarat
O09700,C4996,2025-07-16,Completed,Credit Card,Bengaluru,Karnataka
O09701,C3011,2023-08-23,Completed,COD,Gurugram,Haryana
O09702,C3903,2025-04-01,Completed,Credit Card,Chandigarh,Chandigarh
O09703,C4816,2025-01-16,Completed,COD,Kochi,Kerala
O09704,C4322,2024-06-29,Completed,COD,Patna,Bihar
O09705,C3871,2023-02-12,Completed,UPI,Kochi,Kerala
O09706,C2840,2024-01-17,Cancelled,UPI,Jaipur,Rajasthan
O09707,C3075,2024-02-07,Completed,UPI,Noida,Uttar Pradesh
O09708,C4641,2023-02-23,Completed,COD,Chennai,Tamil Nadu
O09709,C2526,2024-10-15,Completed,Credit Card,Mumbai,Maharashtra
O09710,C3482,2024-07-14,Completed,COD,Hyderabad,Telangana
O09711,C2018,2025-02-17,Completed,Credit Card,Surat,Gujarat
O09712,C3379,2023-06-08,Completed,UPI,Patna,Bihar
O09713,C3286,2025-08-19,Completed,Debit Card,Delhi,Delhi
O09714,C3102,2023-05-18,Completed,Credit Card,Indore,Madhya Pradesh
O09715,C4515,2024-06-16,Completed,UPI,Pune,Maharashtra
O09716,C3609,2025-06-15,Completed,UPI,Surat,Gujarat
O09717,C1052,2023-09-11,Completed,UPI,Gurugram,Haryana
O09718,C4705,2025-01-04,Returned,UPI,Kolkata,West Bengal
O09719,C0087,2024-12-15,Cancelled,Debit Card,Bengaluru,Karnataka
O09720,C3098,2024-06-15,Completed,Debit Card,Kolkata,West Bengal
O09721,C4809,2023-10-04,Completed,Debit Card,Surat,Gujarat
O09722,C2440,2024-02-25,Completed,UPI,Bhubaneswar,Odisha
O09723,C1278,2025-09-23,Completed,Credit Card,Bhubaneswar,Odisha
O09724,C0520,2023-02-26,Completed,Debit Card,Ahmedabad,Gujarat
O09725,C0387,2024-07-22,Completed,Debit Card,Kochi,Kerala
O09726,C0014,2023-03-10,Completed,COD,Bhopal,Madhya Pradesh
O09727,C4187,2024-12-20,Completed,UPI,Bhubaneswar,Odisha
O09728,C3476,2023-07-07,Completed,UPI,Bhubaneswar,Odisha
O09729,C3577,2025-12-06,Cancelled,UPI,Bengaluru,Karnataka
O09730,C0004,2025-07-22,Completed,UPI,Patna,Bihar
O09731,C3070,2023-08-31,Cancelled,Net Banking,Patna,Bihar
O09732,C3291,2023-06-29,Completed,UPI,Mumbai,Maharashtra
O09733,C3660,2023-01-08,Completed,COD,Chandigarh,Chandigarh
O09734,C4892,2023-04-12,Completed,Debit Card,Kochi,Kerala
O09735,C3939,2023-06-09,Completed,UPI,Hyderabad,Telangana
O09736,C4312,2024-04-14,Returned,Credit Card,Indore,Madhya Pradesh
O09737,C1603,2023-01-05,Returned,Credit Card,Lucknow,Uttar Pradesh
O09738,C4800,2025-04-19,Completed,UPI,Hyderabad,Telangana
O09739,C4827,2024-01-16,Completed,UPI,Bhubaneswar,Odisha
O09740,C3974,2025-08-03,Completed,UPI,Kolkata,West Bengal
O09741,C2543,2024-08-28,Completed,Credit Card,Hyderabad,Telangana
O09742,C1643,2025-06-26,Completed,Debit Card,Hyderabad,Telangana
O09743,C1490,2025-08-30,Completed,Credit Card,Kolkata,West Bengal
O09744,C4059,2025-08-12,Completed,Net Banking,Gurugram,Haryana
O09745,C3234,2024-10-11,Completed,Debit Card,Nagpur,Maharashtra
O09746,C1696,2023-10-31,Returned,COD,Bengaluru,Karnataka
O09747,C1387,2025-02-11,Completed,Credit Card,Ahmedabad,Gujarat
O09748,C4793,2025-09-14,Completed,UPI,Surat,Gujarat
O09749,C1198,2023-09-29,Cancelled,Credit Card,Bhopal,Madhya Pradesh
O09750,C2286,2023-05-03,Completed,COD,Bhopal,Madhya Pradesh
O09751,C0988,2024-05-25,Completed,Credit Card,Ahmedabad,Gujarat
O09752,C3990,2023-10-06,Completed,Credit Card,Patna,Bihar
O09753,C2960,2025-05-10,Completed,Net Banking,Nagpur,Maharashtra
O09754,C1262,2025-06-16,Completed,UPI,Noida,Uttar Pradesh
O09755,C4726,2025-03-01,Completed,COD,Hyderabad,Telangana
O09756,C1256,2024-12-20,Completed,Credit Card,Bhopal,Madhya Pradesh
O09757,C0588,2025-06-25,Completed,Credit Card,Delhi,Delhi
O09758,C1541,2023-05-03,Completed,UPI,Chandigarh,Chandigarh
O09759,C0794,2024-02-01,Completed,Debit Card,Bengaluru,Karnataka
O09760,C3917,2023-10-28,Completed,COD,Surat,Gujarat
O09761,C2021,2024-08-25,Cancelled,Credit Card,Ahmedabad,Gujarat
O09762,C0119,2024-08-15,Completed,COD,Chandigarh,Chandigarh
O09763,C1214,2023-08-04,Completed,Credit Card,Ahmedabad,Gujarat
O09764,C0614,2023-01-01,Completed,UPI,Mumbai,Maharashtra
O09765,C4582,2025-09-19,Completed,Net Banking,Lucknow,Uttar Pradesh
O09766,C4418,2023-05-14,Completed,Debit Card,Chandigarh,Chandigarh
O09767,C4235,2024-09-15,Completed,COD,Hyderabad,Telangana
O09768,C3474,2025-01-31,Completed,UPI,Pune,Maharashtra
O09769,C3298,2023-09-24,Completed,COD,Kolkata,West Bengal
O09770,C1290,2024-04-10,Completed,UPI,Bengaluru,Karnataka
O09771,C2381,2023-04-06,Completed,UPI,Hyderabad,Telangana
O09772,C0224,2025-01-22,Completed,UPI,Surat,Gujarat
O09773,C4668,2023-10-03,Completed,UPI,Delhi,Delhi
O09774,C2824,2025-02-27,Completed,UPI,Ahmedabad,Gujarat
O09775,C3015,2025-03-14,Completed,UPI,Chandigarh,Chandigarh
O09776,C2641,2023-11-08,Completed,UPI,Jaipur,Rajasthan
O09777,C4905,2023-09-24,Completed,COD,Chandigarh,Chandigarh
O09778,C0987,2023-10-01,Completed,COD,Gurugram,Haryana
O09779,C1024,2024-07-10,Cancelled,COD,Pune,Maharashtra
O09780,C1544,2024-10-27,Completed,Credit Card,Jaipur,Rajasthan
O09781,C1273,2025-06-12,Completed,Credit Card,Chandigarh,Chandigarh
O09782,C1780,2024-07-08,Completed,Credit Card,Kochi,Kerala
O09783,C1701,2023-09-13,Completed,UPI,Bhopal,Madhya Pradesh
O09784,C3931,2025-08-15,Returned,Debit Card,Delhi,Delhi
O09785,C2235,2025-01-23,Completed,UPI,Gurugram,Haryana
O09786,C4345,2025-11-06,Completed,Debit Card,Ahmedabad,Gujarat
O09787,C3199,2024-07-11,Returned,Credit Card,Noida,Uttar Pradesh
O09788,C3160,2024-11-11,Completed,COD,Ahmedabad,Gujarat
O09789,C3984,2024-01-25,Completed,Net Banking,Indore,Madhya Pradesh
O09790,C1024,2024-12-26,Completed,COD,Pune,Maharashtra
O09791,C3840,2025-01-06,Completed,Debit Card,Lucknow,Uttar Pradesh
O09792,C0826,2025-06-18,Completed,Credit Card,Delhi,Delhi
O09793,C2737,2023-02-17,Completed,UPI,Bengaluru,Karnataka
O09794,C3407,2024-09-02,Returned,Debit Card,Noida,Uttar Pradesh
O09795,C2775,2025-03-05,Completed,UPI,Bhopal,Madhya Pradesh
O09796,C4633,2024-07-23,Completed,UPI,Noida,Uttar Pradesh
O09797,C0492,2023-09-10,Completed,Credit Card,Chandigarh,Chandigarh
O09798,C1860,2024-05-27,Completed,Credit Card,Patna,Bihar
O09799,C2340,2025-01-16,Completed,COD,Chandigarh,Chandigarh
O09800,C0592,2025-03-06,Completed,Debit Card,Chandigarh,Chandigarh
O09801,C2735,2025-03-07,Completed,Debit Card,Kochi,Kerala
O09802,C1493,2025-05-13,Completed,COD,Bengaluru,Karnataka
O09803,C0948,2023-06-05,Completed,UPI,Patna,Bihar
O09804,C1576,2023-11-20,Completed,Net Banking,Lucknow,Uttar Pradesh
O09805,C0683,2025-11-30,Completed,UPI,Nagpur,Maharashtra
O09806,C0629,2023-12-28,Completed,COD,Gurugram,Haryana
O09807,C4689,2024-01-07,Completed,COD,Bengaluru,Karnataka
O09808,C4483,2025-08-08,Completed,UPI,Bhubaneswar,Odisha
O09809,C4748,2024-09-26,Completed,Debit Card,Surat,Gujarat
O09810,C2241,2024-12-09,Completed,Debit Card,Kolkata,West Bengal
O09811,C3755,2025-01-21,Completed,Net Banking,Jaipur,Rajasthan
O09812,C0101,2023-11-18,Completed,UPI,Bengaluru,Karnataka
O09813,C1094,2024-07-08,Completed,Credit Card,Bhubaneswar,Odisha
O09814,C2492,2025-11-23,Cancelled,COD,Kochi,Kerala
O09815,C3773,2023-04-24,Completed,UPI,Pune,Maharashtra
O09816,C0433,2023-01-02,Completed,COD,Gurugram,Haryana
O09817,C0537,2025-01-19,Completed,Credit Card,Bengaluru,Karnataka
O09818,C0601,2025-01-28,Completed,Debit Card,Lucknow,Uttar Pradesh
O09819,C1667,2025-11-25,Returned,UPI,Bhopal,Madhya Pradesh
O09820,C2756,2025-10-28,Returned,UPI,Chennai,Tamil Nadu
O09821,C0319,2025-03-11,Completed,Credit Card,Noida,Uttar Pradesh
O09822,C4942,2024-07-26,Completed,UPI,Bhubaneswar,Odisha
O09823,C1863,2023-03-24,Completed,Net Banking,Surat,Gujarat
O09824,C3733,2025-10-30,Completed,COD,Chennai,Tamil Nadu
O09825,C1528,2024-03-09,Completed,COD,Surat,Gujarat
O09826,C0071,2024-09-09,Completed,Credit Card,Indore,Madhya Pradesh
O09827,C0444,2025-02-28,Completed,Credit Card,Noida,Uttar Pradesh
O09828,C4695,2025-05-19,Completed,COD,Chandigarh,Chandigarh
O09829,C0387,2023-11-17,Cancelled,Credit Card,Kochi,Kerala
O09830,C1870,2025-03-08,Completed,Credit Card,Hyderabad,Telangana
O09831,C4649,2025-05-28,Completed,Credit Card,Ahmedabad,Gujarat
O09832,C2012,2023-03-04,Completed,Debit Card,Nagpur,Maharashtra
O09833,C2922,2024-10-13,Returned,Debit Card,Kolkata,West Bengal
O09834,C3352,2024-10-19,Completed,Debit Card,Hyderabad,Telangana
O09835,C0280,2024-12-06,Completed,Credit Card,Chennai,Tamil Nadu
O09836,C0771,2024-01-04,Cancelled,UPI,Mumbai,Maharashtra
O09837,C0954,2024-04-16,Completed,Net Banking,Indore,Madhya Pradesh
O09838,C4425,2025-01-25,Completed,COD,Surat,Gujarat
O09839,C1560,2025-05-28,Completed,UPI,Mumbai,Maharashtra
O09840,C2498,2025-07-17,Returned,Credit Card,Nagpur,Maharashtra
O09841,C3447,2025-09-10,Completed,UPI,Surat,Gujarat
O09842,C3368,2024-10-09,Cancelled,Debit Card,Mumbai,Maharashtra
O09843,C3548,2024-08-25,Completed,Credit Card,Chennai,Tamil Nadu
O09844,C2441,2024-06-30,Completed,UPI,Nagpur,Maharashtra
O09845,C0109,2023-07-26,Completed,Debit Card,Kochi,Kerala
O09846,C4455,2025-02-27,Cancelled,UPI,Chandigarh,Chandigarh
O09847,C0956,2023-05-04,Completed,UPI,Patna,Bihar
O09848,C3361,2023-09-30,Completed,UPI,Delhi,Delhi
O09849,C3490,2024-04-18,Completed,COD,Surat,Gujarat
O09850,C0318,2023-12-20,Completed,Credit Card,Bengaluru,Karnataka
O09851,C0341,2023-04-07,Completed,Credit Card,Patna,Bihar
O09852,C4445,2023-03-23,Completed,Debit Card,Noida,Uttar Pradesh
O09853,C2075,2024-06-20,Completed,UPI,Kochi,Kerala
O09854,C0638,2025-12-20,Completed,Credit Card,Hyderabad,Telangana
O09855,C4497,2025-09-06,Completed,UPI,Patna,Bihar
O09856,C4464,2023-12-31,Completed,UPI,Chandigarh,Chandigarh
O09857,C2391,2025-08-19,Completed,Credit Card,Kolkata,West Bengal
O09858,C3989,2025-01-27,Completed,UPI,Lucknow,Uttar Pradesh
O09859,C5000,2025-06-07,Completed,Debit Card,Nagpur,Maharashtra
O09860,C3194,2024-11-12,Completed,Credit Card,Bhubaneswar,Odisha
O09861,C3937,2025-05-01,Completed,UPI,Kochi,Kerala
O09862,C4282,2025-01-19,Cancelled,Debit Card,Mumbai,Maharashtra
O09863,C2367,2023-06-19,Completed,UPI,Lucknow,Uttar Pradesh
O09864,C3003,2025-06-24,Completed,COD,Hyderabad,Telangana
O09865,C4690,2025-05-12,Returned,Credit Card,Kochi,Kerala
O09866,C1566,2023-10-26,Completed,COD,Chandigarh,Chandigarh
O09867,C0793,2024-12-08,Returned,UPI,Jaipur,Rajasthan
O09868,C3705,2025-05-06,Completed,Credit Card,Pune,Maharashtra
O09869,C2401,2024-10-29,Completed,UPI,Nagpur,Maharashtra
O09870,C0355,2025-07-08,Completed,UPI,Ahmedabad,Gujarat
O09871,C4202,2025-03-19,Completed,Net Banking,Patna,Bihar
O09872,C3896,2025-06-10,Completed,Debit Card,Noida,Uttar Pradesh
O09873,C4514,2023-09-21,Completed,UPI,Patna,Bihar
O09874,C4018,2024-04-24,Completed,UPI,Surat,Gujarat
O09875,C4738,2025-08-17,Completed,UPI,Chandigarh,Chandigarh
O09876,C2253,2024-06-04,Completed,UPI,Hyderabad,Telangana
O09877,C0565,2025-03-16,Cancelled,UPI,Jaipur,Rajasthan
O09878,C3454,2025-12-02,Completed,UPI,Noida,Uttar Pradesh
O09879,C1303,2024-06-07,Completed,Debit Card,Nagpur,Maharashtra
O09880,C1751,2025-09-25,Completed,Credit Card,Bhopal,Madhya Pradesh
O09881,C2591,2024-02-06,Completed,Credit Card,Surat,Gujarat
O09882,C0258,2024-10-13,Returned,Debit Card,Delhi,Delhi
O09883,C1596,2023-10-10,Completed,UPI,Patna,Bihar
O09884,C1047,2024-06-16,Completed,UPI,Ahmedabad,Gujarat
O09885,C2233,2025-06-14,Completed,UPI,Pune,Maharashtra
O09886,C2595,2023-09-26,Completed,Credit Card,Noida,Uttar Pradesh
O09887,C4078,2025-01-31,Cancelled,Net Banking,Lucknow,Uttar Pradesh
O09888,C3585,2024-12-10,Returned,COD,Chennai,Tamil Nadu
O09889,C1641,2025-09-06,Completed,Credit Card,Gurugram,Haryana
O09890,C1712,2024-02-29,Completed,Debit Card,Chennai,Tamil Nadu
O09891,C0049,2025-10-24,Completed,Net Banking,Hyderabad,Telangana
O09892,C0168,2023-03-25,Completed,Credit Card,Nagpur,Maharashtra
O09893,C1854,2023-08-02,Completed,COD,Patna,Bihar
O09894,C3855,2025-03-02,Completed,Credit Card,Mumbai,Maharashtra
O09895,C3742,2024-10-18,Completed,UPI,Indore,Madhya Pradesh
O09896,C2069,2025-06-19,Completed,Net Banking,Kochi,Kerala
O09897,C0392,2023-02-26,Completed,UPI,Surat,Gujarat
O09898,C2951,2025-08-26,Completed,Debit Card,Bhubaneswar,Odisha
O09899,C1450,2024-02-05,Completed,UPI,Noida,Uttar Pradesh
O09900,C0229,2025-08-09,Completed,COD,Jaipur,Rajasthan
O09901,C3253,2025-08-22,Completed,UPI,Jaipur,Rajasthan
O09902,C0352,2024-06-05,Completed,UPI,Bhubaneswar,Odisha
O09903,C2273,2023-09-27,Completed,Credit Card,Jaipur,Rajasthan
O09904,C4038,2024-05-31,Completed,Credit Card,Jaipur,Rajasthan
O09905,C0234,2025-04-26,Completed,COD,Bengaluru,Karnataka
O09906,C0266,2024-02-16,Completed,COD,Delhi,Delhi
O09907,C0858,2023-05-20,Completed,UPI,Bhopal,Madhya Pradesh
O09908,C0499,2025-09-28,Completed,Credit Card,Patna,Bihar
O09909,C0877,2023-09-21,Completed,Credit Card,Gurugram,Haryana
O09910,C2259,2024-03-24,Returned,Credit Card,Lucknow,Uttar Pradesh
O09911,C4195,2025-12-19,Completed,COD,Surat,Gujarat
O09912,C1645,2025-12-14,Completed,Credit Card,Hyderabad,Telangana
O09913,C2393,2024-08-28,Completed,COD,Gurugram,Haryana
O09914,C3325,2024-03-02,Completed,UPI,Nagpur,Maharashtra
O09915,C2952,2024-06-05,Completed,COD,Gurugram,Haryana
O09916,C4620,2023-08-14,Completed,UPI,Chennai,Tamil Nadu
O09917,C2648,2023-04-26,Completed,COD,Bhubaneswar,Odisha
O09918,C4952,2025-08-28,Completed,Credit Card,Pune,Maharashtra
O09919,C2257,2024-06-16,Completed,COD,Jaipur,Rajasthan
O09920,C1433,2023-11-27,Completed,UPI,Pune,Maharashtra
O09921,C0481,2023-04-11,Completed,Debit Card,Bhubaneswar,Odisha
O09922,C2971,2024-07-09,Completed,COD,Nagpur,Maharashtra
O09923,C1666,2023-08-11,Completed,COD,Lucknow,Uttar Pradesh
O09924,C0329,2025-01-20,Completed,Credit Card,Kochi,Kerala
O09925,C3255,2024-03-03,Completed,Debit Card,Gurugram,Haryana
O09926,C0417,2025-12-24,Completed,UPI,Delhi,Delhi
O09927,C2302,2025-05-31,Completed,UPI,Indore,Madhya Pradesh
O09928,C0945,2024-06-01,Cancelled,UPI,Patna,Bihar
O09929,C2053,2023-10-21,Completed,COD,Kolkata,West Bengal
O09930,C2351,2023-08-09,Completed,UPI,Patna,Bihar
O09931,C0980,2024-03-02,Completed,UPI,Patna,Bihar
O09932,C1657,2023-11-09,Completed,Net Banking,Chandigarh,Chandigarh
O09933,C2655,2024-08-04,Completed,Debit Card,Surat,Gujarat
O09934,C1452,2023-09-09,Completed,Debit Card,Indore,Madhya Pradesh
O09935,C3012,2024-11-25,Completed,Credit Card,Bengaluru,Karnataka
O09936,C2784,2023-10-07,Completed,Debit Card,Kolkata,West Bengal
O09937,C4004,2023-10-21,Completed,Credit Card,Lucknow,Uttar Pradesh
O09938,C1587,2023-06-28,Completed,UPI,Jaipur,Rajasthan
O09939,C0390,2023-07-08,Completed,Credit Card,Bhopal,Madhya Pradesh
O09940,C3729,2023-06-17,Completed,Credit Card,Noida,Uttar Pradesh
O09941,C0850,2023-02-23,Returned,UPI,Nagpur,Maharashtra
O09942,C0819,2023-11-12,Completed,UPI,Gurugram,Haryana
O09943,C3636,2023-09-28,Completed,COD,Jaipur,Rajasthan
O09944,C4108,2024-12-26,Completed,COD,Pune,Maharashtra
O09945,C2655,2023-07-02,Completed,COD,Surat,Gujarat
O09946,C3955,2023-01-24,Completed,Debit Card,Chennai,Tamil Nadu
O09947,C4107,2025-04-30,Completed,Debit Card,Bhopal,Madhya Pradesh
O09948,C0490,2023-09-13,Completed,UPI,Surat,Gujarat
O09949,C2320,2025-11-29,Completed,UPI,Lucknow,Uttar Pradesh
O09950,C2929,2025-03-05,Completed,UPI,Kolkata,West Bengal
O09951,C3164,2024-03-11,Cancelled,UPI,Surat,Gujarat
O09952,C2935,2025-10-10,Completed,Debit Card,Indore,Madhya Pradesh
O09953,C1147,2025-06-23,Completed,COD,Chandigarh,Chandigarh
O09954,C2824,2023-05-03,Completed,COD,Ahmedabad,Gujarat
O09955,C2506,2025-03-17,Cancelled,Debit Card,Lucknow,Uttar Pradesh
O09956,C0812,2023-10-13,Completed,Credit Card,Ahmedabad,Gujarat
O09957,C0056,2023-09-01,Cancelled,UPI,Hyderabad,Telangana
O09958,C0708,2025-01-31,Cancelled,Net Banking,Chennai,Tamil Nadu
O09959,C1010,2023-05-23,Returned,Debit Card,Kolkata,West Bengal
O09960,C4119,2023-11-16,Completed,Credit Card,Lucknow,Uttar Pradesh
O09961,C3849,2024-03-08,Completed,UPI,Indore,Madhya Pradesh
O09962,C3317,2023-05-02,Cancelled,COD,Nagpur,Maharashtra
O09963,C4868,2025-03-04,Completed,UPI,Chandigarh,Chandigarh
O09964,C3490,2024-03-04,Completed,COD,Surat,Gujarat
O09965,C4327,2025-01-01,Completed,UPI,Mumbai,Maharashtra
O09966,C4306,2025-02-12,Completed,UPI,Bhubaneswar,Odisha
O09967,C1401,2025-01-19,Completed,Credit Card,Lucknow,Uttar Pradesh
O09968,C1194,2023-07-22,Completed,UPI,Bengaluru,Karnataka
O09969,C4995,2025-03-31,Completed,UPI,Bhopal,Madhya Pradesh
O09970,C1498,2023-08-26,Completed,Debit Card,Bengaluru,Karnataka
O09971,C1251,2024-04-06,Completed,UPI,Mumbai,Maharashtra
O09972,C0873,2023-04-20,Completed,Debit Card,Kochi,Kerala
O09973,C2411,2024-02-16,Completed,Credit Card,Indore,Madhya Pradesh
O09974,C3551,2023-03-12,Completed,UPI,Lucknow,Uttar Pradesh
O09975,C1579,2024-12-18,Completed,Credit Card,Ahmedabad,Gujarat
O09976,C0475,2024-02-27,Cancelled,UPI,Jaipur,Rajasthan
O09977,C4291,2023-08-29,Completed,Credit Card,Ahmedabad,Gujarat
O09978,C3567,2024-10-31,Completed,UPI,Bengaluru,Karnataka
O09979,C4049,2024-12-19,Completed,UPI,Gurugram,Haryana
O09980,C4625,2024-11-09,Completed,UPI,Bhopal,Madhya Pradesh
O09981,C0271,2023-05-07,Completed,UPI,Kolkata,West Bengal
O09982,C3552,2024-03-01,Completed,Debit Card,Bhubaneswar,Odisha
O09983,C4586,2023-10-05,Completed,UPI,Lucknow,Uttar Pradesh
O09984,C4458,2024-05-08,Completed,Debit Card,Noida,Uttar Pradesh
O09985,C3884,2024-01-23,Completed,COD,Patna,Bihar
O09986,C2620,2025-02-09,Completed,COD,Kolkata,West Bengal
O09987,C0995,2024-06-19,Completed,Credit Card,Jaipur,Rajasthan
O09988,C0769,2023-11-04,Cancelled,COD,Hyderabad,Telangana
O09989,C0545,2023-10-14,Returned,Credit Card,Delhi,Delhi
O09990,C0932,2025-12-12,Completed,Credit Card,Bhubaneswar,Odisha
O09991,C0091,2024-03-20,Completed,Credit Card,Pune,Maharashtra
O09992,C4334,2025-06-24,Completed,Debit Card,Chennai,Tamil Nadu
O09993,C0851,2023-03-25,Completed,Debit Card,Jaipur,Rajasthan
O09994,C2969,2025-07-02,Completed,COD,Delhi,Delhi
O09995,C4873,2025-05-25,Completed,Debit Card,Ahmedabad,Gujarat
O09996,C3078,2025-03-14,Completed,COD,Kochi,Kerala
O09997,C2660,2023-11-03,Completed,Debit Card,Indore,Madhya Pradesh
O09998,C0634,2023-12-03,Completed,Net Banking,Delhi,Delhi
O09999,C3229,2024-05-31,Completed,Debit Card,Noida,Uttar Pradesh
O10000,C1225,2023-04-11,Completed,Debit Card,Indore,Madhya Pradesh
O10001,C1249,2023-04-10,Completed,COD,Bhopal,Madhya Pradesh
O10002,C0983,2023-06-22,Completed,Debit Card,Chennai,Tamil Nadu
O10003,C2511,2025-02-20,Completed,UPI,Patna,Bihar
O10004,C3851,2023-01-28,Completed,UPI,Kochi,Kerala
O10005,C4759,2025-01-26,Returned,UPI,Chandigarh,Chandigarh
O10006,C3994,2023-11-11,Completed,COD,Gurugram,Haryana
O10007,C0990,2023-02-07,Completed,UPI,Indore,Madhya Pradesh
O10008,C1617,2023-11-24,Completed,UPI,Gurugram,Haryana
O10009,C0425,2023-02-17,Completed,UPI,Ahmedabad,Gujarat
O10010,C1431,2025-07-03,Completed,UPI,Kolkata,West Bengal
O10011,C1636,2023-01-06,Completed,COD,Hyderabad,Telangana
O10012,C4201,2025-12-20,Cancelled,UPI,Gurugram,Haryana
O10013,C0178,2025-02-08,Completed,Debit Card,Gurugram,Haryana
O10014,C3777,2025-03-27,Completed,UPI,Jaipur,Rajasthan
O10015,C0720,2023-01-08,Cancelled,Credit Card,Chandigarh,Chandigarh
O10016,C3129,2025-02-15,Completed,UPI,Indore,Madhya Pradesh
O10017,C4505,2024-10-24,Completed,UPI,Kochi,Kerala
O10018,C3002,2024-04-29,Completed,Debit Card,Surat,Gujarat
O10019,C2790,2024-12-12,Completed,Credit Card,Bhopal,Madhya Pradesh
O10020,C0654,2023-11-25,Completed,Credit Card,Indore,Madhya Pradesh
O10021,C2623,2024-02-04,Completed,UPI,Delhi,Delhi
O10022,C3557,2025-02-18,Completed,Credit Card,Ahmedabad,Gujarat
O10023,C3393,2023-12-04,Completed,COD,Hyderabad,Telangana
O10024,C4404,2024-02-23,Returned,UPI,Hyderabad,Telangana
O10025,C0490,2025-09-16,Cancelled,Credit Card,Surat,Gujarat
O10026,C1345,2023-04-11,Completed,UPI,Kolkata,West Bengal
O10027,C0608,2024-02-18,Completed,COD,Indore,Madhya Pradesh
O10028,C3592,2024-07-25,Completed,UPI,Bengaluru,Karnataka
O10029,C4120,2023-11-19,Completed,Net Banking,Chandigarh,Chandigarh
O10030,C0753,2023-01-29,Completed,COD,Chennai,Tamil Nadu
O10031,C3049,2025-01-20,Completed,UPI,Indore,Madhya Pradesh
O10032,C4445,2025-10-25,Completed,Credit Card,Noida,Uttar Pradesh
O10033,C4121,2024-08-29,Completed,Debit Card,Patna,Bihar
O10034,C3462,2024-05-31,Completed,Credit Card,Patna,Bihar
O10035,C1015,2023-08-28,Completed,Debit Card,Nagpur,Maharashtra
O10036,C4695,2025-12-08,Completed,Credit Card,Chandigarh,Chandigarh
O10037,C1769,2023-01-26,Completed,COD,Patna,Bihar
O10038,C4897,2025-04-18,Completed,UPI,Chennai,Tamil Nadu
O10039,C0959,2024-02-18,Completed,UPI,Ahmedabad,Gujarat
O10040,C1592,2023-10-01,Completed,Net Banking,Noida,Uttar Pradesh
O10041,C3262,2025-11-14,Completed,Debit Card,Surat,Gujarat
O10042,C2589,2024-10-06,Completed,Debit Card,Mumbai,Maharashtra
O10043,C2539,2023-06-30,Completed,COD,Gurugram,Haryana
O10044,C0791,2024-08-19,Returned,Credit Card,Hyderabad,Telangana
O10045,C4268,2023-09-03,Cancelled,Credit Card,Delhi,Delhi
O10046,C4017,2025-02-01,Completed,Net Banking,Chandigarh,Chandigarh
O10047,C4395,2024-03-16,Cancelled,Credit Card,Bhopal,Madhya Pradesh
O10048,C3099,2024-09-17,Returned,UPI,Bengaluru,Karnataka
O10049,C0648,2024-04-12,Completed,UPI,Bhopal,Madhya Pradesh
O10050,C4844,2025-08-22,Cancelled,COD,Patna,Bihar
O10051,C1476,2025-09-25,Returned,UPI,Patna,Bihar
O10052,C2061,2025-01-08,Completed,Debit Card,Indore,Madhya Pradesh
O10053,C1124,2025-02-04,Completed,UPI,Patna,Bihar
O10054,C0616,2023-08-15,Completed,Debit Card,Bengaluru,Karnataka
O10055,C1285,2025-01-30,Completed,Credit Card,Pune,Maharashtra
O10056,C2326,2024-05-28,Returned,Debit Card,Bengaluru,Karnataka
O10057,C3138,2023-07-31,Completed,UPI,Bengaluru,Karnataka
O10058,C3673,2025-11-25,Cancelled,UPI,Ahmedabad,Gujarat
O10059,C2856,2024-07-02,Completed,UPI,Ahmedabad,Gujarat
O10060,C1624,2025-02-08,Completed,COD,Jaipur,Rajasthan
O10061,C3450,2024-03-06,Returned,Debit Card,Chennai,Tamil Nadu
O10062,C2704,2023-09-17,Cancelled,UPI,Gurugram,Haryana
O10063,C1141,2023-12-16,Completed,COD,Bhopal,Madhya Pradesh
O10064,C2831,2024-12-07,Returned,COD,Patna,Bihar
O10065,C0499,2023-02-15,Cancelled,UPI,Patna,Bihar
O10066,C4683,2025-05-26,Cancelled,Debit Card,Kolkata,West Bengal
O10067,C1104,2025-05-19,Completed,UPI,Jaipur,Rajasthan
O10068,C3090,2023-08-15,Returned,Credit Card,Bhubaneswar,Odisha
O10069,C1753,2025-09-04,Completed,Credit Card,Bhubaneswar,Odisha
O10070,C4015,2025-03-01,Returned,Debit Card,Surat,Gujarat
O10071,C0614,2023-11-30,Completed,UPI,Mumbai,Maharashtra
O10072,C3048,2024-07-09,Completed,UPI,Chandigarh,Chandigarh
O10073,C0644,2023-01-01,Cancelled,Debit Card,Pune,Maharashtra
O10074,C2869,2024-12-31,Completed,Net Banking,Indore,Madhya Pradesh
O10075,C4154,2024-12-28,Completed,Debit Card,Indore,Madhya Pradesh
O10076,C1136,2025-07-11,Returned,Credit Card,Kolkata,West Bengal
O10077,C4693,2024-01-02,Completed,UPI,Ahmedabad,Gujarat
O10078,C3700,2024-09-15,Completed,Debit Card,Bhopal,Madhya Pradesh
O10079,C2363,2023-10-28,Completed,Debit Card,Chennai,Tamil Nadu
O10080,C0162,2025-10-20,Completed,Debit Card,Nagpur,Maharashtra
O10081,C1822,2025-12-29,Completed,COD,Pune,Maharashtra
O10082,C4420,2025-05-22,Completed,Debit Card,Kolkata,West Bengal
O10083,C2766,2023-06-07,Completed,COD,Bengaluru,Karnataka
O10084,C3403,2024-04-08,Completed,UPI,Jaipur,Rajasthan
O10085,C2628,2023-03-24,Cancelled,UPI,Bengaluru,Karnataka
O10086,C3994,2025-05-28,Completed,UPI,Gurugram,Haryana
O10087,C4995,2023-01-14,Completed,COD,Bhopal,Madhya Pradesh
O10088,C4856,2024-11-10,Completed,Debit Card,Gurugram,Haryana
O10089,C4598,2025-07-17,Completed,UPI,Indore,Madhya Pradesh
O10090,C0057,2023-07-26,Completed,UPI,Noida,Uttar Pradesh
O10091,C3238,2023-04-18,Completed,COD,Gurugram,Haryana
O10092,C2345,2024-09-22,Completed,Credit Card,Bhopal,Madhya Pradesh
O10093,C4903,2024-12-31,Completed,UPI,Bhubaneswar,Odisha
O10094,C0620,2023-06-14,Returned,UPI,Nagpur,Maharashtra
O10095,C4875,2025-05-10,Completed,COD,Indore,Madhya Pradesh
O10096,C4875,2023-06-03,Returned,UPI,Indore,Madhya Pradesh
O10097,C2614,2023-12-13,Completed,UPI,Surat,Gujarat
O10098,C4262,2025-11-14,Cancelled,Debit Card,Kochi,Kerala
O10099,C2836,2023-12-16,Completed,Credit Card,Jaipur,Rajasthan
O10100,C0666,2025-01-19,Completed,Credit Card,Mumbai,Maharashtra
O10101,C0128,2025-01-07,Completed,COD,Indore,Madhya Pradesh
O10102,C3558,2023-11-09,Completed,Net Banking,Jaipur,Rajasthan
O10103,C4172,2025-05-25,Completed,Credit Card,Surat,Gujarat
O10104,C4983,2024-04-04,Completed,UPI,Mumbai,Maharashtra
O10105,C0635,2023-09-13,Completed,Credit Card,Gurugram,Haryana
O10106,C3609,2025-03-30,Completed,UPI,Surat,Gujarat
O10107,C3690,2023-07-28,Returned,Credit Card,Chandigarh,Chandigarh
O10108,C4711,2024-02-11,Completed,UPI,Kochi,Kerala
O10109,C0986,2023-03-22,Completed,Credit Card,Delhi,Delhi
O10110,C2574,2023-04-17,Completed,Net Banking,Jaipur,Rajasthan
O10111,C1157,2024-10-09,Completed,UPI,Hyderabad,Telangana
O10112,C4537,2024-03-13,Completed,Debit Card,Pune,Maharashtra
O10113,C3869,2025-11-03,Completed,Credit Card,Hyderabad,Telangana
O10114,C0244,2024-11-21,Completed,Debit Card,Bhubaneswar,Odisha
O10115,C0768,2024-05-24,Completed,Credit Card,Indore,Madhya Pradesh
O10116,C3218,2023-03-23,Completed,UPI,Chennai,Tamil Nadu
O10117,C0415,2024-11-22,Completed,COD,Bengaluru,Karnataka
O10118,C3284,2023-09-06,Completed,Debit Card,Kolkata,West Bengal
O10119,C4345,2023-08-29,Cancelled,Credit Card,Ahmedabad,Gujarat
O10120,C3107,2023-06-14,Completed,COD,Bengaluru,Karnataka
O10121,C2887,2025-11-19,Completed,Net Banking,Indore,Madhya Pradesh
O10122,C0862,2025-05-17,Cancelled,Credit Card,Jaipur,Rajasthan
O10123,C4915,2024-04-03,Completed,UPI,Chennai,Tamil Nadu
O10124,C4958,2023-10-31,Completed,Debit Card,Mumbai,Maharashtra
O10125,C3358,2024-11-09,Cancelled,Credit Card,Jaipur,Rajasthan
O10126,C3934,2025-03-05,Completed,UPI,Lucknow,Uttar Pradesh
O10127,C3765,2025-06-30,Cancelled,UPI,Lucknow,Uttar Pradesh
O10128,C0210,2025-09-24,Completed,COD,Noida,Uttar Pradesh
O10129,C2158,2025-07-13,Cancelled,Debit Card,Mumbai,Maharashtra
O10130,C2378,2024-12-14,Completed,COD,Chennai,Tamil Nadu
O10131,C2190,2024-08-28,Cancelled,UPI,Nagpur,Maharashtra
O10132,C0676,2024-04-03,Cancelled,UPI,Gurugram,Haryana
O10133,C1356,2025-11-04,Completed,UPI,Jaipur,Rajasthan
O10134,C0026,2023-10-27,Completed,Net Banking,Bhopal,Madhya Pradesh
O10135,C2694,2024-02-11,Completed,UPI,Gurugram,Haryana
O10136,C1651,2025-12-07,Completed,Credit Card,Pune,Maharashtra
O10137,C2959,2023-04-24,Completed,Debit Card,Nagpur,Maharashtra
O10138,C4458,2024-03-30,Completed,Debit Card,Noida,Uttar Pradesh
O10139,C1683,2024-06-09,Returned,Debit Card,Nagpur,Maharashtra
O10140,C4456,2025-04-01,Completed,Credit Card,Nagpur,Maharashtra
O10141,C1967,2023-12-14,Completed,UPI,Kochi,Kerala
O10142,C3287,2025-08-23,Completed,Debit Card,Hyderabad,Telangana
O10143,C0996,2023-06-20,Completed,UPI,Bengaluru,Karnataka
O10144,C0077,2024-02-10,Completed,UPI,Pune,Maharashtra
O10145,C2143,2025-12-20,Completed,UPI,Pune,Maharashtra
O10146,C0957,2024-06-13,Returned,UPI,Bhopal,Madhya Pradesh
O10147,C3045,2025-07-28,Completed,Credit Card,Gurugram,Haryana
O10148,C0218,2025-01-11,Completed,COD,Surat,Gujarat
O10149,C3947,2023-07-20,Completed,Credit Card,Nagpur,Maharashtra
O10150,C2416,2023-02-26,Completed,Credit Card,Patna,Bihar
O10151,C3346,2023-03-26,Completed,UPI,Pune,Maharashtra
O10152,C1468,2025-02-21,Cancelled,Net Banking,Mumbai,Maharashtra
O10153,C4783,2024-12-13,Completed,COD,Kolkata,West Bengal
O10154,C2873,2025-04-05,Completed,COD,Mumbai,Maharashtra
O10155,C0033,2025-11-03,Completed,UPI,Pune,Maharashtra
O10156,C2920,2025-07-27,Completed,Credit Card,Chennai,Tamil Nadu
O10157,C3488,2025-12-04,Completed,Credit Card,Mumbai,Maharashtra
O10158,C0425,2024-01-08,Completed,Credit Card,Ahmedabad,Gujarat
O10159,C4883,2025-12-30,Completed,UPI,Hyderabad,Telangana
O10160,C3079,2025-02-02,Cancelled,UPI,Noida,Uttar Pradesh
O10161,C4835,2025-04-26,Cancelled,Net Banking,Kochi,Kerala
O10162,C4863,2024-06-07,Completed,Debit Card,Indore,Madhya Pradesh
O10163,C1818,2025-12-28,Returned,UPI,Pune,Maharashtra
O10164,C3927,2025-05-20,Completed,COD,Gurugram,Haryana
O10165,C4019,2023-04-08,Returned,UPI,Nagpur,Maharashtra
O10166,C4295,2025-03-03,Completed,Debit Card,Surat,Gujarat
O10167,C0715,2025-03-29,Completed,Debit Card,Bhopal,Madhya Pradesh
O10168,C3208,2024-12-13,Completed,UPI,Nagpur,Maharashtra
O10169,C3981,2024-11-04,Completed,Credit Card,Gurugram,Haryana
O10170,C4384,2024-05-23,Completed,UPI,Pune,Maharashtra
O10171,C2025,2025-07-30,Completed,UPI,Bhopal,Madhya Pradesh
O10172,C3874,2025-07-31,Completed,UPI,Kolkata,West Bengal
O10173,C3730,2024-01-11,Completed,UPI,Surat,Gujarat
O10174,C2615,2023-05-20,Completed,COD,Delhi,Delhi
O10175,C0811,2024-01-16,Completed,UPI,Patna,Bihar
O10176,C2456,2024-02-07,Completed,Debit Card,Bhopal,Madhya Pradesh
O10177,C2031,2025-01-30,Completed,UPI,Pune,Maharashtra
O10178,C1786,2025-06-24,Completed,Net Banking,Kochi,Kerala
O10179,C1973,2023-09-23,Returned,Credit Card,Bengaluru,Karnataka
O10180,C0717,2025-12-14,Completed,UPI,Mumbai,Maharashtra
O10181,C0825,2023-07-18,Completed,Credit Card,Indore,Madhya Pradesh
O10182,C1728,2024-09-18,Returned,UPI,Jaipur,Rajasthan
O10183,C2233,2024-07-08,Completed,UPI,Pune,Maharashtra
O10184,C0763,2023-06-04,Returned,Debit Card,Lucknow,Uttar Pradesh
O10185,C0022,2025-03-10,Completed,UPI,Surat,Gujarat
O10186,C2260,2024-09-18,Completed,UPI,Hyderabad,Telangana
O10187,C4562,2023-11-28,Completed,Credit Card,Lucknow,Uttar Pradesh
O10188,C3306,2024-02-12,Cancelled,UPI,Chandigarh,Chandigarh
O10189,C4268,2024-09-17,Completed,UPI,Delhi,Delhi
O10190,C4893,2024-11-16,Completed,Credit Card,Lucknow,Uttar Pradesh
O10191,C1542,2024-02-20,Completed,UPI,Delhi,Delhi
O10192,C4340,2025-08-18,Completed,COD,Ahmedabad,Gujarat
O10193,C0421,2023-05-21,Completed,Credit Card,Bhopal,Madhya Pradesh
O10194,C3545,2025-05-19,Returned,UPI,Indore,Madhya Pradesh
O10195,C4437,2025-10-26,Cancelled,UPI,Bhubaneswar,Odisha
O10196,C1984,2025-06-23,Completed,Net Banking,Chennai,Tamil Nadu
O10197,C0123,2024-08-01,Completed,Credit Card,Bhubaneswar,Odisha
O10198,C4968,2024-10-25,Cancelled,UPI,Patna,Bihar
O10199,C0434,2025-01-07,Cancelled,UPI,Noida,Uttar Pradesh
O10200,C4166,2023-03-04,Returned,Credit Card,Kolkata,West Bengal
O10201,C4747,2025-05-13,Returned,UPI,Surat,Gujarat
O10202,C3483,2024-05-27,Completed,Debit Card,Chennai,Tamil Nadu
O10203,C2885,2023-09-12,Completed,Credit Card,Bhopal,Madhya Pradesh
O10204,C2639,2025-01-06,Completed,Debit Card,Bhopal,Madhya Pradesh
O10205,C3878,2023-05-06,Completed,UPI,Gurugram,Haryana
O10206,C1616,2025-02-17,Completed,UPI,Ahmedabad,Gujarat
O10207,C3809,2024-09-11,Completed,Net Banking,Chandigarh,Chandigarh
O10208,C0227,2023-03-29,Completed,Credit Card,Chennai,Tamil Nadu
O10209,C0536,2024-11-19,Completed,UPI,Pune,Maharashtra
O10210,C1123,2024-10-02,Returned,UPI,Jaipur,Rajasthan
O10211,C4366,2024-03-22,Completed,Credit Card,Surat,Gujarat
O10212,C3535,2023-11-16,Completed,Debit Card,Hyderabad,Telangana
O10213,C0659,2025-07-10,Completed,Credit Card,Patna,Bihar
O10214,C3108,2023-09-30,Completed,COD,Lucknow,Uttar Pradesh
O10215,C2322,2024-10-12,Completed,UPI,Ahmedabad,Gujarat
O10216,C1167,2025-08-20,Completed,UPI,Mumbai,Maharashtra
O10217,C4992,2024-09-28,Completed,UPI,Patna,Bihar
O10218,C1972,2024-06-05,Cancelled,COD,Hyderabad,Telangana
O10219,C0017,2025-03-10,Completed,Net Banking,Delhi,Delhi
O10220,C1904,2023-01-16,Completed,UPI,Delhi,Delhi
O10221,C1613,2024-01-03,Cancelled,UPI,Kochi,Kerala
O10222,C3707,2023-09-08,Completed,COD,Bengaluru,Karnataka
O10223,C0436,2025-03-04,Completed,UPI,Nagpur,Maharashtra
O10224,C4072,2023-12-26,Completed,UPI,Noida,Uttar Pradesh
O10225,C3456,2023-08-19,Cancelled,COD,Hyderabad,Telangana
O10226,C2005,2024-09-03,Completed,Net Banking,Chennai,Tamil Nadu
O10227,C4954,2024-08-28,Completed,Credit Card,Gurugram,Haryana
O10228,C2734,2024-05-31,Completed,UPI,Bhubaneswar,Odisha
O10229,C0263,2024-06-02,Cancelled,COD,Pune,Maharashtra
O10230,C2442,2024-04-28,Completed,Credit Card,Lucknow,Uttar Pradesh
O10231,C0808,2023-03-06,Returned,UPI,Gurugram,Haryana
O10232,C2513,2023-08-07,Completed,Credit Card,Pune,Maharashtra
O10233,C0358,2023-06-25,Completed,COD,Chandigarh,Chandigarh
O10234,C2402,2024-12-12,Completed,UPI,Indore,Madhya Pradesh
O10235,C1275,2025-06-27,Completed,Credit Card,Bengaluru,Karnataka
O10236,C4472,2025-10-30,Completed,Credit Card,Pune,Maharashtra
O10237,C0989,2025-02-04,Completed,COD,Indore,Madhya Pradesh
O10238,C0018,2025-07-19,Completed,Debit Card,Bhopal,Madhya Pradesh
O10239,C1739,2024-09-06,Completed,COD,Kochi,Kerala
O10240,C2764,2025-09-14,Completed,Debit Card,Jaipur,Rajasthan
O10241,C2998,2023-01-16,Completed,Credit Card,Indore,Madhya Pradesh
O10242,C0914,2024-06-28,Completed,UPI,Bhubaneswar,Odisha
O10243,C0566,2025-08-06,Completed,COD,Nagpur,Maharashtra
O10244,C2913,2023-07-02,Completed,Debit Card,Jaipur,Rajasthan
O10245,C1353,2023-11-28,Completed,Debit Card,Patna,Bihar
O10246,C1472,2023-03-20,Completed,COD,Chandigarh,Chandigarh
O10247,C3164,2025-11-06,Completed,UPI,Surat,Gujarat
O10248,C0612,2025-11-10,Completed,Credit Card,Chandigarh,Chandigarh
O10249,C1063,2024-02-09,Returned,Credit Card,Chennai,Tamil Nadu
O10250,C0436,2025-11-06,Completed,UPI,Nagpur,Maharashtra
O10251,C0648,2025-07-11,Completed,UPI,Bhopal,Madhya Pradesh
O10252,C2410,2024-03-07,Completed,COD,Surat,Gujarat
O10253,C4018,2024-07-09,Completed,Debit Card,Surat,Gujarat
O10254,C2610,2023-01-28,Completed,COD,Jaipur,Rajasthan
O10255,C0083,2025-11-14,Completed,Debit Card,Gurugram,Haryana
O10256,C1790,2023-10-30,Completed,UPI,Mumbai,Maharashtra
O10257,C1051,2024-09-04,Cancelled,UPI,Lucknow,Uttar Pradesh
O10258,C3839,2025-12-24,Completed,Credit Card,Jaipur,Rajasthan
O10259,C4117,2023-09-12,Completed,COD,Lucknow,Uttar Pradesh
O10260,C2742,2023-09-29,Completed,UPI,Hyderabad,Telangana
O10261,C0798,2024-07-15,Completed,COD,Hyderabad,Telangana
O10262,C2527,2025-09-06,Cancelled,UPI,Lucknow,Uttar Pradesh
O10263,C4752,2023-12-02,Completed,UPI,Mumbai,Maharashtra
O10264,C0763,2025-01-27,Cancelled,Debit Card,Lucknow,Uttar Pradesh
O10265,C0618,2023-07-27,Completed,Debit Card,Surat,Gujarat
O10266,C3881,2023-02-04,Completed,UPI,Nagpur,Maharashtra
O10267,C4807,2023-04-24,Completed,COD,Delhi,Delhi
O10268,C4433,2025-11-21,Completed,COD,Bengaluru,Karnataka
O10269,C3864,2025-02-03,Completed,COD,Surat,Gujarat
O10270,C3687,2025-05-04,Completed,Credit Card,Surat,Gujarat
O10271,C0768,2025-01-29,Cancelled,UPI,Indore,Madhya Pradesh
O10272,C3186,2025-07-09,Completed,COD,Hyderabad,Telangana
O10273,C1021,2023-06-05,Completed,Credit Card,Bhubaneswar,Odisha
O10274,C3494,2025-10-14,Completed,Net Banking,Chandigarh,Chandigarh
O10275,C1078,2025-04-13,Completed,UPI,Kochi,Kerala
O10276,C3260,2025-08-20,Completed,Net Banking,Nagpur,Maharashtra
O10277,C3611,2023-12-19,Completed,UPI,Hyderabad,Telangana
O10278,C1776,2025-07-17,Completed,Credit Card,Ahmedabad,Gujarat
O10279,C2879,2023-02-04,Completed,UPI,Gurugram,Haryana
O10280,C1891,2025-05-17,Completed,Net Banking,Pune,Maharashtra
O10281,C1627,2023-08-06,Completed,UPI,Gurugram,Haryana
O10282,C3619,2023-02-13,Completed,Credit Card,Mumbai,Maharashtra
O10283,C4285,2023-07-17,Completed,UPI,Ahmedabad,Gujarat
O10284,C1572,2025-05-06,Completed,UPI,Kochi,Kerala
O10285,C4966,2023-10-29,Completed,Debit Card,Kochi,Kerala
O10286,C3676,2025-04-06,Completed,COD,Kochi,Kerala
O10287,C1592,2025-07-18,Completed,UPI,Noida,Uttar Pradesh
O10288,C2627,2024-02-09,Completed,Credit Card,Chennai,Tamil Nadu
O10289,C1193,2024-12-22,Completed,Credit Card,Bengaluru,Karnataka
O10290,C4774,2024-12-12,Completed,Credit Card,Pune,Maharashtra
O10291,C4248,2025-09-20,Returned,Net Banking,Jaipur,Rajasthan
O10292,C1129,2025-04-25,Returned,Credit Card,Chennai,Tamil Nadu
O10293,C3439,2023-05-27,Completed,Net Banking,Noida,Uttar Pradesh
O10294,C1116,2025-05-19,Completed,UPI,Nagpur,Maharashtra
O10295,C4809,2023-12-12,Completed,UPI,Surat,Gujarat
O10296,C4901,2023-06-05,Completed,Credit Card,Indore,Madhya Pradesh
O10297,C1909,2025-07-25,Completed,COD,Chandigarh,Chandigarh
O10298,C4528,2023-05-22,Cancelled,Credit Card,Nagpur,Maharashtra
O10299,C3753,2023-04-14,Completed,UPI,Kolkata,West Bengal
O10300,C1329,2023-04-18,Completed,Debit Card,Kolkata,West Bengal
O10301,C4124,2024-06-20,Completed,UPI,Ahmedabad,Gujarat
O10302,C1312,2025-07-24,Completed,COD,Patna,Bihar
O10303,C4451,2024-09-18,Returned,UPI,Hyderabad,Telangana
O10304,C4039,2025-08-23,Completed,Credit Card,Delhi,Delhi
O10305,C1863,2023-07-27,Completed,COD,Surat,Gujarat
O10306,C2005,2024-12-02,Completed,UPI,Chennai,Tamil Nadu
O10307,C3616,2024-12-27,Completed,COD,Surat,Gujarat
O10308,C2726,2024-12-18,Completed,UPI,Bhubaneswar,Odisha
O10309,C2184,2023-06-30,Completed,Debit Card,Jaipur,Rajasthan
O10310,C0154,2024-10-02,Completed,UPI,Delhi,Delhi
O10311,C0816,2025-09-27,Completed,UPI,Chennai,Tamil Nadu
O10312,C1120,2023-04-26,Completed,Debit Card,Mumbai,Maharashtra
O10313,C3269,2024-04-15,Completed,Credit Card,Kochi,Kerala
O10314,C2156,2023-01-04,Completed,Credit Card,Chennai,Tamil Nadu
O10315,C1210,2023-07-17,Cancelled,UPI,Indore,Madhya Pradesh
O10316,C0454,2023-07-23,Completed,Credit Card,Bengaluru,Karnataka
O10317,C1107,2024-07-27,Returned,UPI,Bengaluru,Karnataka
O10318,C2797,2024-08-05,Completed,UPI,Delhi,Delhi
O10319,C4545,2024-08-26,Completed,Credit Card,Gurugram,Haryana
O10320,C4417,2024-11-18,Completed,Net Banking,Ahmedabad,Gujarat
O10321,C4374,2024-07-21,Completed,Credit Card,Surat,Gujarat
O10322,C2660,2024-08-01,Completed,UPI,Indore,Madhya Pradesh
O10323,C1038,2025-06-27,Completed,Net Banking,Indore,Madhya Pradesh
O10324,C3334,2024-03-11,Completed,UPI,Indore,Madhya Pradesh
O10325,C0414,2023-03-04,Completed,Debit Card,Noida,Uttar Pradesh
O10326,C2542,2024-07-06,Cancelled,UPI,Bhubaneswar,Odisha
O10327,C4143,2025-01-12,Completed,Debit Card,Bengaluru,Karnataka
O10328,C1940,2023-06-24,Completed,UPI,Chennai,Tamil Nadu
O10329,C0656,2025-07-15,Completed,Credit Card,Chennai,Tamil Nadu
O10330,C4045,2024-08-31,Completed,COD,Jaipur,Rajasthan
O10331,C2480,2025-11-25,Completed,COD,Delhi,Delhi
O10332,C3862,2025-11-03,Completed,UPI,Surat,Gujarat
O10333,C1348,2023-06-14,Completed,UPI,Jaipur,Rajasthan
O10334,C1317,2025-07-16,Completed,UPI,Hyderabad,Telangana
O10335,C3607,2023-06-30,Completed,COD,Gurugram,Haryana
O10336,C3839,2023-10-30,Completed,Net Banking,Jaipur,Rajasthan
O10337,C4059,2025-04-27,Completed,UPI,Gurugram,Haryana
O10338,C0316,2023-09-03,Returned,Credit Card,Pune,Maharashtra
O10339,C0221,2025-07-16,Completed,Credit Card,Nagpur,Maharashtra
O10340,C2262,2024-02-12,Cancelled,Credit Card,Ahmedabad,Gujarat
O10341,C0845,2023-01-14,Completed,Credit Card,Mumbai,Maharashtra
O10342,C1515,2023-03-20,Completed,Credit Card,Bhopal,Madhya Pradesh
O10343,C1109,2023-01-01,Completed,UPI,Bhopal,Madhya Pradesh
O10344,C1731,2025-09-14,Completed,UPI,Delhi,Delhi
O10345,C3186,2025-02-25,Completed,Debit Card,Hyderabad,Telangana
O10346,C1239,2025-04-05,Completed,COD,Noida,Uttar Pradesh
O10347,C2925,2024-10-08,Completed,COD,Hyderabad,Telangana
O10348,C1191,2024-04-10,Completed,Debit Card,Lucknow,Uttar Pradesh
O10349,C4383,2024-05-09,Completed,Net Banking,Indore,Madhya Pradesh
O10350,C3567,2024-07-29,Completed,UPI,Bengaluru,Karnataka
O10351,C2432,2024-12-08,Completed,UPI,Gurugram,Haryana
O10352,C2895,2024-08-25,Completed,UPI,Patna,Bihar
O10353,C1457,2025-02-22,Completed,UPI,Bhopal,Madhya Pradesh
O10354,C1110,2024-02-02,Completed,COD,Nagpur,Maharashtra
O10355,C1931,2024-01-26,Cancelled,UPI,Chennai,Tamil Nadu
O10356,C3117,2025-01-18,Completed,Credit Card,Gurugram,Haryana
O10357,C0623,2023-01-14,Completed,Debit Card,Kolkata,West Bengal
O10358,C2338,2023-04-19,Completed,COD,Jaipur,Rajasthan
O10359,C1931,2023-02-12,Completed,Debit Card,Chennai,Tamil Nadu
O10360,C2745,2025-04-04,Cancelled,Credit Card,Jaipur,Rajasthan
O10361,C1259,2023-12-24,Completed,Debit Card,Nagpur,Maharashtra
O10362,C4502,2024-04-19,Completed,Credit Card,Bhopal,Madhya Pradesh
O10363,C1969,2024-05-19,Completed,Credit Card,Ahmedabad,Gujarat
O10364,C3296,2025-04-14,Completed,UPI,Noida,Uttar Pradesh
O10365,C2024,2025-06-15,Completed,UPI,Ahmedabad,Gujarat
O10366,C0877,2023-03-21,Cancelled,UPI,Gurugram,Haryana
O10367,C2245,2024-05-08,Completed,UPI,Ahmedabad,Gujarat
O10368,C2527,2024-05-18,Completed,UPI,Lucknow,Uttar Pradesh
O10369,C3590,2024-09-17,Completed,UPI,Kolkata,West Bengal
O10370,C4404,2025-04-27,Returned,Net Banking,Hyderabad,Telangana
O10371,C0345,2023-04-21,Completed,UPI,Bhopal,Madhya Pradesh
O10372,C3673,2024-06-24,Completed,Credit Card,Ahmedabad,Gujarat
O10373,C3069,2025-02-22,Returned,Credit Card,Kolkata,West Bengal
O10374,C1914,2023-09-04,Returned,Credit Card,Lucknow,Uttar Pradesh
O10375,C2446,2024-08-29,Completed,UPI,Hyderabad,Telangana
O10376,C0785,2025-01-15,Completed,COD,Kolkata,West Bengal
O10377,C1488,2025-11-13,Completed,Debit Card,Chennai,Tamil Nadu
O10378,C4892,2025-04-21,Completed,Net Banking,Kochi,Kerala
O10379,C3849,2024-11-24,Completed,UPI,Indore,Madhya Pradesh
O10380,C0450,2023-08-29,Cancelled,Credit Card,Chennai,Tamil Nadu
O10381,C1428,2024-11-26,Completed,COD,Chandigarh,Chandigarh
O10382,C2596,2025-05-04,Cancelled,UPI,Patna,Bihar
O10383,C2277,2023-12-19,Returned,COD,Bhubaneswar,Odisha
O10384,C0244,2023-04-04,Completed,UPI,Bhubaneswar,Odisha
O10385,C2113,2023-02-22,Completed,UPI,Kolkata,West Bengal
O10386,C3309,2024-01-05,Completed,Net Banking,Bhopal,Madhya Pradesh
O10387,C0946,2024-09-01,Completed,UPI,Chennai,Tamil Nadu
O10388,C1027,2024-09-21,Completed,Credit Card,Gurugram,Haryana
O10389,C1524,2023-12-24,Completed,Credit Card,Bhubaneswar,Odisha
O10390,C3109,2023-03-02,Completed,UPI,Lucknow,Uttar Pradesh
O10391,C3693,2025-01-29,Completed,Net Banking,Gurugram,Haryana
O10392,C3050,2025-02-14,Completed,UPI,Bhopal,Madhya Pradesh
O10393,C3322,2024-07-19,Completed,UPI,Bengaluru,Karnataka
O10394,C3307,2025-12-05,Cancelled,UPI,Nagpur,Maharashtra
O10395,C4239,2023-06-03,Completed,Credit Card,Kolkata,West Bengal
O10396,C0061,2024-04-23,Completed,UPI,Hyderabad,Telangana
O10397,C4175,2025-07-04,Completed,Debit Card,Ahmedabad,Gujarat
O10398,C3399,2023-10-05,Completed,Credit Card,Indore,Madhya Pradesh
O10399,C2415,2024-03-16,Completed,UPI,Kochi,Kerala
O10400,C3779,2024-09-07,Completed,Debit Card,Bhopal,Madhya Pradesh
O10401,C3607,2025-05-06,Completed,Credit Card,Gurugram,Haryana
O10402,C0390,2023-06-04,Completed,COD,Bhopal,Madhya Pradesh
O10403,C4617,2025-05-31,Cancelled,COD,Bhubaneswar,Odisha
O10404,C1676,2025-03-14,Completed,Net Banking,Indore,Madhya Pradesh
O10405,C1778,2023-11-10,Completed,UPI,Bhopal,Madhya Pradesh
O10406,C0253,2024-08-16,Completed,Credit Card,Surat,Gujarat
O10407,C3167,2023-01-23,Completed,Credit Card,Mumbai,Maharashtra
O10408,C1715,2024-10-09,Completed,UPI,Bhopal,Madhya Pradesh
O10409,C2051,2024-08-23,Completed,Net Banking,Hyderabad,Telangana
O10410,C0696,2025-05-30,Completed,UPI,Surat,Gujarat
O10411,C2094,2025-05-31,Completed,Credit Card,Kochi,Kerala
O10412,C4749,2023-04-06,Completed,UPI,Hyderabad,Telangana
O10413,C2573,2025-02-21,Completed,Debit Card,Ahmedabad,Gujarat
O10414,C1506,2025-12-08,Completed,Debit Card,Kochi,Kerala
O10415,C3669,2025-01-05,Completed,COD,Gurugram,Haryana
O10416,C4514,2025-10-26,Completed,Credit Card,Patna,Bihar
O10417,C2744,2025-12-14,Completed,COD,Mumbai,Maharashtra
O10418,C4655,2025-04-30,Completed,Credit Card,Chandigarh,Chandigarh
O10419,C3278,2025-04-23,Completed,COD,Chandigarh,Chandigarh
O10420,C1299,2025-11-04,Completed,UPI,Kochi,Kerala
O10421,C4691,2024-06-06,Completed,Credit Card,Kochi,Kerala
O10422,C3251,2025-03-29,Completed,UPI,Hyderabad,Telangana
O10423,C2915,2023-03-29,Completed,COD,Bengaluru,Karnataka
O10424,C3869,2023-12-22,Cancelled,UPI,Hyderabad,Telangana
O10425,C2265,2025-12-24,Cancelled,UPI,Surat,Gujarat
O10426,C3793,2023-07-10,Completed,Net Banking,Kolkata,West Bengal
O10427,C2881,2024-10-15,Completed,Credit Card,Ahmedabad,Gujarat
O10428,C2854,2025-11-27,Returned,Net Banking,Bhopal,Madhya Pradesh
O10429,C3708,2024-10-26,Completed,Credit Card,Noida,Uttar Pradesh
O10430,C2829,2024-01-15,Completed,Credit Card,Nagpur,Maharashtra
O10431,C0216,2023-02-06,Completed,Debit Card,Bengaluru,Karnataka
O10432,C4566,2025-01-08,Cancelled,UPI,Delhi,Delhi
O10433,C0180,2025-08-09,Completed,UPI,Bhopal,Madhya Pradesh
O10434,C2687,2023-01-11,Cancelled,Debit Card,Nagpur,Maharashtra
O10435,C0377,2023-11-30,Completed,Credit Card,Chennai,Tamil Nadu
O10436,C2729,2024-02-23,Returned,COD,Hyderabad,Telangana
O10437,C1828,2023-08-26,Completed,UPI,Bengaluru,Karnataka
O10438,C3227,2025-05-30,Returned,Credit Card,Hyderabad,Telangana
O10439,C2328,2023-11-04,Completed,UPI,Hyderabad,Telangana
O10440,C1503,2024-08-03,Completed,Debit Card,Bhopal,Madhya Pradesh
O10441,C4945,2023-06-19,Completed,COD,Hyderabad,Telangana
O10442,C0753,2024-08-16,Completed,UPI,Chennai,Tamil Nadu
O10443,C3170,2024-03-27,Completed,Credit Card,Mumbai,Maharashtra
O10444,C0250,2024-06-05,Completed,Credit Card,Noida,Uttar Pradesh
O10445,C2821,2025-07-29,Completed,Debit Card,Nagpur,Maharashtra
O10446,C4737,2024-03-15,Completed,Credit Card,Hyderabad,Telangana
O10447,C0890,2023-05-27,Completed,UPI,Delhi,Delhi
O10448,C4867,2025-06-04,Returned,Net Banking,Bhopal,Madhya Pradesh
O10449,C4003,2023-10-25,Completed,COD,Bengaluru,Karnataka
O10450,C3724,2024-01-05,Cancelled,Credit Card,Delhi,Delhi
O10451,C3087,2025-03-19,Returned,COD,Surat,Gujarat
O10452,C2744,2025-06-12,Completed,UPI,Mumbai,Maharashtra
O10453,C4577,2024-10-21,Completed,UPI,Bhopal,Madhya Pradesh
O10454,C1757,2023-05-04,Completed,COD,Noida,Uttar Pradesh
O10455,C2623,2023-09-05,Cancelled,UPI,Delhi,Delhi
O10456,C1777,2025-08-17,Cancelled,UPI,Nagpur,Maharashtra
O10457,C4581,2025-05-31,Completed,Debit Card,Bengaluru,Karnataka
O10458,C3405,2024-11-08,Completed,UPI,Noida,Uttar Pradesh
O10459,C2075,2024-07-23,Completed,UPI,Kochi,Kerala
O10460,C3097,2024-04-24,Completed,UPI,Gurugram,Haryana
O10461,C1086,2025-05-31,Completed,Credit Card,Surat,Gujarat
O10462,C3730,2024-04-13,Completed,Debit Card,Surat,Gujarat
O10463,C4329,2024-01-01,Returned,UPI,Noida,Uttar Pradesh
O10464,C1488,2025-01-27,Completed,Credit Card,Chennai,Tamil Nadu
O10465,C0349,2025-02-17,Completed,UPI,Hyderabad,Telangana
O10466,C0414,2025-07-14,Completed,UPI,Noida,Uttar Pradesh
O10467,C2454,2023-12-05,Completed,UPI,Jaipur,Rajasthan
O10468,C3453,2023-04-04,Returned,UPI,Kolkata,West Bengal
O10469,C2564,2023-12-21,Cancelled,UPI,Bhubaneswar,Odisha
O10470,C1010,2025-12-27,Completed,COD,Kolkata,West Bengal
O10471,C4383,2023-05-29,Completed,Net Banking,Indore,Madhya Pradesh
O10472,C0782,2023-01-05,Completed,Debit Card,Bhubaneswar,Odisha
O10473,C3080,2023-09-03,Completed,UPI,Gurugram,Haryana
O10474,C4453,2025-01-31,Completed,Debit Card,Delhi,Delhi
O10475,C2629,2025-09-13,Completed,Debit Card,Jaipur,Rajasthan
O10476,C3976,2024-10-08,Completed,UPI,Noida,Uttar Pradesh
O10477,C2187,2025-06-11,Completed,UPI,Lucknow,Uttar Pradesh
O10478,C3320,2024-03-19,Completed,Credit Card,Lucknow,Uttar Pradesh
O10479,C1207,2023-10-14,Completed,UPI,Nagpur,Maharashtra
O10480,C3797,2023-07-31,Completed,Credit Card,Hyderabad,Telangana
O10481,C4519,2025-10-16,Cancelled,UPI,Ahmedabad,Gujarat
O10482,C4493,2024-11-26,Completed,Credit Card,Indore,Madhya Pradesh
O10483,C0305,2023-08-05,Cancelled,Debit Card,Noida,Uttar Pradesh
O10484,C3455,2025-04-28,Completed,Credit Card,Kolkata,West Bengal
O10485,C2274,2023-12-01,Completed,UPI,Ahmedabad,Gujarat
O10486,C0851,2025-06-05,Completed,COD,Jaipur,Rajasthan
O10487,C0495,2023-06-21,Completed,Credit Card,Kochi,Kerala
O10488,C3556,2025-05-24,Cancelled,Credit Card,Chandigarh,Chandigarh
O10489,C2675,2024-06-02,Completed,UPI,Ahmedabad,Gujarat
O10490,C3431,2023-06-02,Completed,UPI,Chandigarh,Chandigarh
O10491,C3150,2024-05-01,Completed,Debit Card,Bengaluru,Karnataka
O10492,C3348,2024-02-15,Completed,UPI,Bhopal,Madhya Pradesh
O10493,C3950,2023-11-07,Returned,COD,Gurugram,Haryana
O10494,C0505,2024-05-01,Completed,Credit Card,Bhopal,Madhya Pradesh
O10495,C4703,2024-05-14,Returned,COD,Chennai,Tamil Nadu
O10496,C2655,2024-07-21,Completed,Net Banking,Surat,Gujarat
O10497,C3407,2023-04-02,Cancelled,Credit Card,Noida,Uttar Pradesh
O10498,C3518,2024-10-30,Completed,UPI,Hyderabad,Telangana
O10499,C2705,2024-05-07,Completed,Credit Card,Kochi,Kerala
O10500,C3765,2023-02-15,Completed,UPI,Lucknow,Uttar Pradesh
O10501,C1580,2025-03-15,Completed,Credit Card,Patna,Bihar
O10502,C1762,2025-01-28,Completed,UPI,Ahmedabad,Gujarat
O10503,C4133,2025-01-05,Returned,Credit Card,Surat,Gujarat
O10504,C0314,2025-09-09,Completed,Credit Card,Patna,Bihar
O10505,C4316,2025-01-30,Returned,Debit Card,Bhopal,Madhya Pradesh
O10506,C2688,2023-03-18,Completed,UPI,Pune,Maharashtra
O10507,C1719,2023-02-19,Completed,UPI,Bhopal,Madhya Pradesh
O10508,C4500,2024-10-22,Completed,UPI,Jaipur,Rajasthan
O10509,C3627,2023-04-17,Cancelled,Debit Card,Bhubaneswar,Odisha
O10510,C4575,2024-11-28,Completed,COD,Indore,Madhya Pradesh
O10511,C0824,2024-05-12,Completed,Debit Card,Bhopal,Madhya Pradesh
O10512,C4316,2025-10-27,Completed,Net Banking,Bhopal,Madhya Pradesh
O10513,C2415,2025-04-04,Completed,UPI,Kochi,Kerala
O10514,C4780,2023-10-19,Completed,Credit Card,Kochi,Kerala
O10515,C3821,2025-09-05,Completed,COD,Kochi,Kerala
O10516,C1970,2024-06-19,Completed,UPI,Chennai,Tamil Nadu
O10517,C3104,2023-11-08,Completed,COD,Surat,Gujarat
O10518,C3067,2024-05-05,Completed,Credit Card,Kolkata,West Bengal
O10519,C1760,2023-03-18,Returned,Net Banking,Noida,Uttar Pradesh
O10520,C3126,2023-05-04,Completed,UPI,Hyderabad,Telangana
O10521,C4053,2025-08-23,Completed,Credit Card,Indore,Madhya Pradesh
O10522,C2282,2023-10-11,Completed,UPI,Nagpur,Maharashtra
O10523,C4925,2025-04-24,Completed,UPI,Indore,Madhya Pradesh
O10524,C4839,2024-04-26,Completed,COD,Bhubaneswar,Odisha
O10525,C3035,2024-08-30,Returned,Credit Card,Noida,Uttar Pradesh
O10526,C1124,2024-07-10,Cancelled,Debit Card,Patna,Bihar
O10527,C1235,2023-03-10,Completed,Debit Card,Gurugram,Haryana
O10528,C0675,2023-03-09,Completed,Credit Card,Lucknow,Uttar Pradesh
O10529,C2703,2023-03-19,Returned,Net Banking,Bengaluru,Karnataka
O10530,C2306,2023-03-16,Completed,Net Banking,Gurugram,Haryana
O10531,C1269,2024-05-28,Completed,Debit Card,Bengaluru,Karnataka
O10532,C3222,2025-09-20,Completed,Net Banking,Patna,Bihar
O10533,C4720,2025-12-07,Cancelled,UPI,Bhopal,Madhya Pradesh
O10534,C4195,2025-02-04,Completed,UPI,Surat,Gujarat
O10535,C3795,2025-12-01,Completed,UPI,Hyderabad,Telangana
O10536,C4079,2023-05-14,Completed,Net Banking,Bengaluru,Karnataka
O10537,C2060,2025-04-06,Completed,Debit Card,Bhopal,Madhya Pradesh
O10538,C1250,2024-08-15,Completed,Net Banking,Chandigarh,Chandigarh
O10539,C4030,2025-11-08,Completed,UPI,Delhi,Delhi
O10540,C2861,2024-11-22,Completed,UPI,Chandigarh,Chandigarh
O10541,C3514,2025-04-08,Completed,Credit Card,Chandigarh,Chandigarh
O10542,C3220,2024-06-14,Completed,UPI,Patna,Bihar
O10543,C0179,2023-03-11,Returned,COD,Mumbai,Maharashtra
O10544,C2200,2024-03-09,Completed,Credit Card,Noida,Uttar Pradesh
O10545,C4931,2023-05-13,Cancelled,COD,Kolkata,West Bengal
O10546,C4678,2023-03-08,Completed,Credit Card,Indore,Madhya Pradesh
O10547,C4292,2025-03-17,Completed,Credit Card,Nagpur,Maharashtra
O10548,C2530,2023-08-19,Completed,Debit Card,Surat,Gujarat
O10549,C2256,2024-10-29,Completed,UPI,Jaipur,Rajasthan
O10550,C0936,2023-05-30,Completed,Net Banking,Indore,Madhya Pradesh
O10551,C0957,2025-03-29,Completed,Credit Card,Bhopal,Madhya Pradesh
O10552,C2474,2024-09-06,Completed,Credit Card,Patna,Bihar
O10553,C1086,2024-06-23,Cancelled,Debit Card,Surat,Gujarat
O10554,C4663,2025-10-28,Returned,Debit Card,Delhi,Delhi
O10555,C3435,2024-04-19,Completed,Net Banking,Nagpur,Maharashtra
O10556,C2666,2023-09-11,Completed,COD,Mumbai,Maharashtra
O10557,C2993,2024-05-07,Completed,UPI,Hyderabad,Telangana
O10558,C1102,2024-10-26,Completed,UPI,Chennai,Tamil Nadu
O10559,C4983,2024-07-24,Returned,UPI,Mumbai,Maharashtra
O10560,C2977,2025-03-12,Completed,UPI,Chandigarh,Chandigarh
O10561,C0284,2025-06-02,Completed,Credit Card,Bengaluru,Karnataka
O10562,C4472,2024-03-05,Completed,Debit Card,Pune,Maharashtra
O10563,C3791,2025-03-16,Completed,COD,Delhi,Delhi
O10564,C2820,2023-04-19,Completed,Net Banking,Kolkata,West Bengal
O10565,C0788,2025-01-25,Completed,Credit Card,Kolkata,West Bengal
O10566,C4469,2023-10-05,Completed,Credit Card,Mumbai,Maharashtra
O10567,C0857,2024-10-28,Completed,Debit Card,Chennai,Tamil Nadu
O10568,C1699,2025-11-10,Completed,Credit Card,Lucknow,Uttar Pradesh
O10569,C2681,2025-08-06,Completed,UPI,Bengaluru,Karnataka
O10570,C2134,2023-09-07,Cancelled,UPI,Surat,Gujarat
O10571,C4195,2024-07-12,Cancelled,COD,Surat,Gujarat
O10572,C2422,2023-10-11,Completed,Debit Card,Lucknow,Uttar Pradesh
O10573,C2806,2025-01-13,Completed,Debit Card,Gurugram,Haryana
O10574,C3932,2024-11-11,Cancelled,COD,Hyderabad,Telangana
O10575,C0625,2025-09-19,Cancelled,UPI,Chennai,Tamil Nadu
O10576,C4179,2024-06-03,Completed,Credit Card,Kolkata,West Bengal
O10577,C1601,2025-01-10,Returned,UPI,Bengaluru,Karnataka
O10578,C0001,2025-01-14,Completed,Debit Card,Pune,Maharashtra
O10579,C4782,2024-03-20,Completed,UPI,Hyderabad,Telangana
O10580,C4346,2024-02-21,Completed,Debit Card,Lucknow,Uttar Pradesh
O10581,C4506,2024-06-14,Completed,Credit Card,Ahmedabad,Gujarat
O10582,C1410,2024-04-06,Completed,Credit Card,Lucknow,Uttar Pradesh
O10583,C3868,2025-03-14,Completed,COD,Gurugram,Haryana
O10584,C4586,2025-06-21,Completed,UPI,Lucknow,Uttar Pradesh
O10585,C2971,2023-04-26,Completed,UPI,Nagpur,Maharashtra
O10586,C2588,2023-02-01,Completed,COD,Bhopal,Madhya Pradesh
O10587,C0799,2023-10-25,Completed,Debit Card,Kolkata,West Bengal
O10588,C0943,2025-02-20,Completed,Credit Card,Hyderabad,Telangana
O10589,C3463,2025-09-11,Completed,Credit Card,Surat,Gujarat
O10590,C1328,2024-02-16,Completed,UPI,Bengaluru,Karnataka
O10591,C0695,2024-09-17,Completed,Credit Card,Indore,Madhya Pradesh
O10592,C3417,2024-02-27,Completed,UPI,Indore,Madhya Pradesh
O10593,C4231,2024-06-26,Completed,COD,Chennai,Tamil Nadu
O10594,C0186,2023-06-01,Completed,Credit Card,Chennai,Tamil Nadu
O10595,C0478,2025-01-24,Completed,Credit Card,Jaipur,Rajasthan
O10596,C4097,2025-04-17,Cancelled,Credit Card,Jaipur,Rajasthan
O10597,C2898,2024-06-19,Completed,UPI,Kochi,Kerala
O10598,C3016,2023-08-06,Completed,UPI,Gurugram,Haryana
O10599,C3816,2024-02-25,Completed,Credit Card,Delhi,Delhi
O10600,C1686,2024-03-04,Completed,UPI,Chennai,Tamil Nadu
O10601,C0992,2023-11-11,Completed,Debit Card,Jaipur,Rajasthan
O10602,C2750,2023-11-11,Completed,COD,Surat,Gujarat
O10603,C4366,2023-03-31,Completed,Net Banking,Surat,Gujarat
O10604,C2946,2024-03-14,Completed,COD,Hyderabad,Telangana
O10605,C3399,2024-07-23,Completed,Net Banking,Indore,Madhya Pradesh
O10606,C0195,2023-04-10,Completed,UPI,Kolkata,West Bengal
O10607,C2303,2025-06-09,Completed,Credit Card,Bhubaneswar,Odisha
O10608,C0079,2025-03-22,Completed,UPI,Delhi,Delhi
O10609,C3947,2025-09-24,Completed,UPI,Nagpur,Maharashtra
O10610,C1122,2023-09-02,Completed,Debit Card,Pune,Maharashtra
O10611,C3222,2023-02-21,Completed,UPI,Patna,Bihar
O10612,C0786,2023-06-11,Completed,UPI,Chennai,Tamil Nadu
O10613,C2862,2023-05-02,Cancelled,UPI,Pune,Maharashtra
O10614,C0447,2025-10-10,Completed,UPI,Hyderabad,Telangana
O10615,C4219,2023-10-21,Completed,UPI,Gurugram,Haryana
O10616,C2724,2023-09-03,Completed,UPI,Gurugram,Haryana
O10617,C1582,2023-12-12,Completed,UPI,Kolkata,West Bengal
O10618,C0359,2024-08-23,Completed,COD,Noida,Uttar Pradesh
O10619,C2287,2024-08-23,Completed,UPI,Jaipur,Rajasthan
O10620,C1766,2023-02-05,Completed,UPI,Indore,Madhya Pradesh
O10621,C0805,2025-11-05,Completed,UPI,Kolkata,West Bengal
O10622,C2731,2023-07-25,Completed,UPI,Nagpur,Maharashtra
O10623,C4765,2024-11-04,Completed,UPI,Pune,Maharashtra
O10624,C4063,2025-05-30,Completed,Debit Card,Kolkata,West Bengal
O10625,C0143,2024-12-12,Completed,Net Banking,Delhi,Delhi
O10626,C2235,2025-09-13,Completed,Debit Card,Gurugram,Haryana
O10627,C3560,2024-02-27,Returned,COD,Gurugram,Haryana
O10628,C2170,2025-08-17,Cancelled,COD,Chandigarh,Chandigarh
O10629,C3422,2023-07-24,Completed,UPI,Noida,Uttar Pradesh
O10630,C1124,2023-06-06,Completed,Debit Card,Patna,Bihar
O10631,C0284,2025-04-10,Completed,Debit Card,Bengaluru,Karnataka
O10632,C0384,2023-10-26,Completed,UPI,Chennai,Tamil Nadu
O10633,C1579,2023-01-19,Completed,Net Banking,Ahmedabad,Gujarat
O10634,C3873,2023-05-18,Completed,Net Banking,Lucknow,Uttar Pradesh
O10635,C2946,2024-11-30,Cancelled,Credit Card,Hyderabad,Telangana
O10636,C4283,2023-02-12,Cancelled,UPI,Hyderabad,Telangana
O10637,C0624,2023-10-31,Completed,UPI,Bengaluru,Karnataka
O10638,C0545,2023-10-23,Completed,Credit Card,Delhi,Delhi
O10639,C0914,2024-09-16,Completed,UPI,Bhubaneswar,Odisha
O10640,C2138,2024-01-04,Completed,UPI,Hyderabad,Telangana
O10641,C2544,2024-01-11,Completed,UPI,Kochi,Kerala
O10642,C3733,2025-08-21,Completed,Debit Card,Chennai,Tamil Nadu
O10643,C3996,2023-08-04,Completed,Debit Card,Ahmedabad,Gujarat
O10644,C1748,2025-05-01,Cancelled,Credit Card,Indore,Madhya Pradesh
O10645,C2164,2024-04-27,Completed,UPI,Delhi,Delhi
O10646,C1044,2025-11-13,Completed,Net Banking,Gurugram,Haryana
O10647,C2180,2025-12-03,Completed,Credit Card,Surat,Gujarat
O10648,C1316,2024-01-21,Completed,Credit Card,Bhubaneswar,Odisha
O10649,C1378,2025-07-07,Completed,Credit Card,Chandigarh,Chandigarh
O10650,C3309,2024-04-25,Returned,Credit Card,Bhopal,Madhya Pradesh
O10651,C0223,2023-03-19,Completed,Net Banking,Delhi,Delhi
O10652,C4532,2023-11-14,Returned,Debit Card,Nagpur,Maharashtra
O10653,C4423,2023-05-23,Completed,Credit Card,Chandigarh,Chandigarh
O10654,C2154,2024-05-30,Completed,COD,Kochi,Kerala
O10655,C2700,2023-11-21,Completed,UPI,Kochi,Kerala
O10656,C3321,2024-04-30,Returned,UPI,Bengaluru,Karnataka
O10657,C0567,2024-05-01,Completed,Credit Card,Kochi,Kerala
O10658,C2043,2024-01-05,Completed,UPI,Mumbai,Maharashtra
O10659,C0630,2024-09-21,Cancelled,UPI,Nagpur,Maharashtra
O10660,C2736,2025-06-30,Completed,Credit Card,Patna,Bihar
O10661,C2518,2024-01-28,Cancelled,Credit Card,Kochi,Kerala
O10662,C0725,2023-04-29,Completed,Credit Card,Surat,Gujarat
O10663,C4361,2023-12-20,Completed,UPI,Lucknow,Uttar Pradesh
O10664,C4049,2025-02-04,Completed,UPI,Gurugram,Haryana
O10665,C2899,2025-08-14,Completed,UPI,Noida,Uttar Pradesh
O10666,C1465,2025-12-23,Cancelled,COD,Patna,Bihar
O10667,C1308,2023-09-15,Completed,UPI,Patna,Bihar
O10668,C1955,2025-10-26,Completed,UPI,Pune,Maharashtra
O10669,C4795,2023-01-17,Completed,UPI,Lucknow,Uttar Pradesh
O10670,C0154,2023-10-09,Completed,Net Banking,Delhi,Delhi
O10671,C3512,2024-07-06,Completed,Credit Card,Nagpur,Maharashtra
O10672,C4067,2024-03-17,Completed,UPI,Hyderabad,Telangana
O10673,C0811,2024-01-01,Completed,UPI,Patna,Bihar
O10674,C0151,2023-12-21,Returned,COD,Ahmedabad,Gujarat
O10675,C2223,2025-03-26,Completed,UPI,Nagpur,Maharashtra
O10676,C1079,2025-09-24,Cancelled,Debit Card,Surat,Gujarat
O10677,C0779,2023-08-20,Returned,Debit Card,Jaipur,Rajasthan
O10678,C4250,2024-01-24,Cancelled,Credit Card,Lucknow,Uttar Pradesh
O10679,C3969,2024-01-09,Completed,COD,Chandigarh,Chandigarh
O10680,C4597,2023-07-11,Cancelled,UPI,Bhopal,Madhya Pradesh
O10681,C2554,2023-05-15,Completed,COD,Mumbai,Maharashtra
O10682,C4245,2023-06-28,Completed,Debit Card,Patna,Bihar
O10683,C4104,2023-08-10,Returned,COD,Bengaluru,Karnataka
O10684,C4689,2024-07-04,Completed,UPI,Bengaluru,Karnataka
O10685,C4565,2024-07-09,Completed,UPI,Ahmedabad,Gujarat
O10686,C4547,2025-03-19,Completed,UPI,Hyderabad,Telangana
O10687,C3679,2023-06-06,Completed,Credit Card,Gurugram,Haryana
O10688,C4224,2023-01-03,Completed,UPI,Bhubaneswar,Odisha
O10689,C3706,2023-07-20,Returned,Net Banking,Kochi,Kerala
O10690,C3359,2023-12-11,Completed,Debit Card,Patna,Bihar
O10691,C0853,2024-02-20,Completed,COD,Indore,Madhya Pradesh
O10692,C4183,2023-04-07,Completed,Credit Card,Patna,Bihar
O10693,C3966,2024-09-12,Completed,Debit Card,Bhubaneswar,Odisha
O10694,C4630,2025-01-09,Completed,UPI,Ahmedabad,Gujarat
O10695,C3324,2024-06-24,Completed,COD,Kolkata,West Bengal
O10696,C4920,2025-05-28,Completed,Debit Card,Chandigarh,Chandigarh
O10697,C4475,2024-06-06,Completed,Credit Card,Kochi,Kerala
O10698,C0456,2025-08-12,Completed,COD,Hyderabad,Telangana
O10699,C4414,2023-04-05,Completed,COD,Kochi,Kerala
O10700,C0230,2023-05-12,Returned,UPI,Bengaluru,Karnataka
O10701,C4604,2024-08-27,Completed,Net Banking,Surat,Gujarat
O10702,C4886,2024-07-19,Completed,UPI,Surat,Gujarat
O10703,C3478,2023-09-15,Cancelled,Credit Card,Bhopal,Madhya Pradesh
O10704,C3359,2025-04-25,Completed,UPI,Patna,Bihar
O10705,C0760,2023-10-31,Cancelled,COD,Chandigarh,Chandigarh
O10706,C1791,2024-05-15,Completed,Credit Card,Noida,Uttar Pradesh
O10707,C4542,2024-08-02,Completed,COD,Mumbai,Maharashtra
O10708,C1367,2023-07-09,Completed,COD,Indore,Madhya Pradesh
O10709,C0325,2023-12-05,Completed,COD,Delhi,Delhi
O10710,C0877,2023-01-19,Completed,Net Banking,Gurugram,Haryana
O10711,C0167,2024-02-19,Completed,COD,Bengaluru,Karnataka
O10712,C3665,2023-03-03,Completed,UPI,Hyderabad,Telangana
O10713,C0581,2025-06-29,Completed,UPI,Ahmedabad,Gujarat
O10714,C4935,2023-03-08,Completed,Debit Card,Indore,Madhya Pradesh
O10715,C1800,2024-12-23,Completed,UPI,Jaipur,Rajasthan
O10716,C1110,2025-05-03,Completed,COD,Nagpur,Maharashtra
O10717,C3628,2023-06-24,Completed,Net Banking,Indore,Madhya Pradesh
O10718,C2854,2024-06-02,Completed,UPI,Bhopal,Madhya Pradesh
O10719,C1173,2025-08-21,Completed,UPI,Bhubaneswar,Odisha
O10720,C0772,2025-06-15,Cancelled,Debit Card,Indore,Madhya Pradesh
O10721,C0928,2023-08-21,Completed,Debit Card,Chandigarh,Chandigarh
O10722,C2909,2024-12-11,Completed,Credit Card,Surat,Gujarat
O10723,C0606,2024-06-17,Completed,UPI,Delhi,Delhi
O10724,C3907,2025-01-10,Completed,UPI,Hyderabad,Telangana
O10725,C4101,2025-04-04,Returned,Debit Card,Pune,Maharashtra
O10726,C4095,2023-05-05,Completed,Debit Card,Hyderabad,Telangana
O10727,C1002,2024-11-28,Completed,UPI,Noida,Uttar Pradesh
O10728,C3974,2025-11-27,Returned,UPI,Kolkata,West Bengal
O10729,C0414,2023-09-05,Completed,Credit Card,Noida,Uttar Pradesh
O10730,C4811,2023-05-21,Completed,Credit Card,Chandigarh,Chandigarh
O10731,C2015,2023-04-07,Completed,COD,Ahmedabad,Gujarat
O10732,C1488,2025-10-08,Completed,Credit Card,Chennai,Tamil Nadu
O10733,C0783,2024-04-19,Completed,Net Banking,Mumbai,Maharashtra
O10734,C0527,2025-03-26,Completed,UPI,Chandigarh,Chandigarh
O10735,C0001,2025-03-18,Completed,Debit Card,Pune,Maharashtra
O10736,C0271,2025-03-08,Completed,Debit Card,Kolkata,West Bengal
O10737,C2532,2024-06-18,Cancelled,Debit Card,Pune,Maharashtra
O10738,C1072,2023-09-22,Completed,UPI,Kochi,Kerala
O10739,C0694,2024-11-02,Completed,UPI,Gurugram,Haryana
O10740,C2888,2023-11-01,Completed,Debit Card,Jaipur,Rajasthan
O10741,C3579,2024-03-04,Completed,Debit Card,Nagpur,Maharashtra
O10742,C1996,2025-02-22,Completed,UPI,Mumbai,Maharashtra
O10743,C3578,2025-03-03,Completed,UPI,Mumbai,Maharashtra
O10744,C1710,2023-02-06,Completed,COD,Bhubaneswar,Odisha
O10745,C2100,2023-10-28,Cancelled,COD,Chandigarh,Chandigarh
O10746,C0470,2023-05-16,Completed,UPI,Chandigarh,Chandigarh
O10747,C2291,2024-05-02,Completed,Net Banking,Ahmedabad,Gujarat
O10748,C0337,2023-06-24,Completed,Debit Card,Bhubaneswar,Odisha
O10749,C0756,2025-03-14,Completed,Credit Card,Nagpur,Maharashtra
O10750,C2602,2024-09-21,Completed,UPI,Chennai,Tamil Nadu
O10751,C1720,2025-09-11,Completed,Debit Card,Indore,Madhya Pradesh
O10752,C2100,2023-12-04,Completed,Net Banking,Chandigarh,Chandigarh
O10753,C0413,2023-12-25,Completed,UPI,Bhopal,Madhya Pradesh
O10754,C3613,2023-09-14,Completed,Credit Card,Surat,Gujarat
O10755,C3281,2025-10-14,Completed,COD,Surat,Gujarat
O10756,C4104,2023-07-22,Cancelled,Net Banking,Bengaluru,Karnataka
O10757,C2994,2024-10-16,Completed,UPI,Noida,Uttar Pradesh
O10758,C3463,2023-09-12,Completed,COD,Surat,Gujarat
O10759,C0247,2023-05-11,Cancelled,UPI,Bengaluru,Karnataka
O10760,C3779,2024-09-18,Completed,Credit Card,Bhopal,Madhya Pradesh
O10761,C0412,2023-10-15,Completed,COD,Bhubaneswar,Odisha
O10762,C3368,2024-10-21,Completed,Credit Card,Mumbai,Maharashtra
O10763,C4331,2023-02-25,Completed,UPI,Lucknow,Uttar Pradesh
O10764,C2690,2023-11-30,Cancelled,Credit Card,Bengaluru,Karnataka
O10765,C0588,2025-03-20,Completed,UPI,Delhi,Delhi
O10766,C1469,2025-04-20,Completed,UPI,Hyderabad,Telangana
O10767,C0233,2024-11-17,Cancelled,Credit Card,Surat,Gujarat
O10768,C1887,2024-10-25,Completed,Net Banking,Nagpur,Maharashtra
O10769,C0310,2025-03-19,Cancelled,Debit Card,Nagpur,Maharashtra
O10770,C0944,2023-01-04,Completed,UPI,Hyderabad,Telangana
O10771,C0908,2024-03-10,Cancelled,COD,Ahmedabad,Gujarat
O10772,C2749,2025-09-10,Completed,UPI,Nagpur,Maharashtra
O10773,C2526,2025-02-20,Completed,Credit Card,Mumbai,Maharashtra
O10774,C1601,2025-09-21,Completed,Debit Card,Bengaluru,Karnataka
O10775,C2100,2023-02-17,Completed,Credit Card,Chandigarh,Chandigarh
O10776,C0546,2024-08-23,Completed,Debit Card,Bengaluru,Karnataka
O10777,C2349,2025-04-07,Completed,Debit Card,Mumbai,Maharashtra
O10778,C3824,2024-11-23,Completed,Debit Card,Surat,Gujarat
O10779,C2689,2025-10-29,Cancelled,Credit Card,Jaipur,Rajasthan
O10780,C3315,2023-06-01,Cancelled,UPI,Kolkata,West Bengal
O10781,C4452,2024-10-21,Completed,COD,Delhi,Delhi
O10782,C4931,2025-08-22,Completed,UPI,Kolkata,West Bengal
O10783,C4973,2023-01-27,Completed,Credit Card,Indore,Madhya Pradesh
O10784,C1842,2025-09-14,Completed,UPI,Surat,Gujarat
O10785,C1637,2024-09-04,Completed,UPI,Bhopal,Madhya Pradesh
O10786,C1676,2023-03-24,Completed,UPI,Indore,Madhya Pradesh
O10787,C4833,2025-12-13,Completed,UPI,Kochi,Kerala
O10788,C1791,2023-04-07,Completed,Net Banking,Noida,Uttar Pradesh
O10789,C3145,2025-05-20,Cancelled,Net Banking,Hyderabad,Telangana
O10790,C3521,2023-08-17,Completed,Credit Card,Delhi,Delhi
O10791,C1842,2025-10-15,Returned,Credit Card,Surat,Gujarat
O10792,C0156,2025-04-11,Completed,UPI,Lucknow,Uttar Pradesh
O10793,C0934,2024-05-28,Cancelled,COD,Ahmedabad,Gujarat
O10794,C0576,2024-05-11,Completed,UPI,Ahmedabad,Gujarat
O10795,C1334,2024-04-03,Completed,UPI,Jaipur,Rajasthan
O10796,C3108,2025-11-22,Completed,Credit Card,Lucknow,Uttar Pradesh
O10797,C4344,2025-02-15,Completed,UPI,Kochi,Kerala
O10798,C1452,2025-10-08,Completed,UPI,Indore,Madhya Pradesh
O10799,C4549,2023-02-23,Completed,UPI,Patna,Bihar
O10800,C0940,2023-11-27,Completed,Net Banking,Mumbai,Maharashtra
O10801,C3460,2023-04-07,Returned,Debit Card,Nagpur,Maharashtra
O10802,C1094,2024-05-19,Completed,Credit Card,Bhubaneswar,Odisha
O10803,C3942,2023-05-28,Returned,UPI,Nagpur,Maharashtra
O10804,C2502,2024-05-31,Completed,Credit Card,Jaipur,Rajasthan
O10805,C4363,2023-10-07,Completed,Debit Card,Kochi,Kerala
O10806,C1462,2024-02-20,Completed,COD,Indore,Madhya Pradesh
O10807,C2414,2024-07-09,Returned,Net Banking,Indore,Madhya Pradesh
O10808,C3774,2023-07-25,Cancelled,UPI,Indore,Madhya Pradesh
O10809,C1211,2025-09-28,Completed,UPI,Bhopal,Madhya Pradesh
O10810,C3299,2023-04-28,Completed,Credit Card,Bhopal,Madhya Pradesh
O10811,C0061,2024-04-24,Completed,Net Banking,Hyderabad,Telangana
O10812,C2216,2025-05-02,Completed,Credit Card,Chandigarh,Chandigarh
O10813,C4251,2023-08-16,Completed,Debit Card,Gurugram,Haryana
O10814,C2832,2024-10-15,Completed,UPI,Jaipur,Rajasthan
O10815,C4818,2024-06-24,Completed,COD,Noida,Uttar Pradesh
O10816,C4103,2025-11-14,Completed,Debit Card,Nagpur,Maharashtra
O10817,C4619,2023-03-28,Completed,Credit Card,Kochi,Kerala
O10818,C0251,2024-09-03,Completed,Credit Card,Mumbai,Maharashtra
O10819,C1600,2025-08-10,Completed,Debit Card,Kolkata,West Bengal
O10820,C2168,2025-10-04,Completed,UPI,Noida,Uttar Pradesh
O10821,C3141,2023-06-27,Returned,UPI,Jaipur,Rajasthan
O10822,C1286,2023-05-20,Completed,UPI,Bhubaneswar,Odisha
O10823,C1788,2024-03-07,Completed,Net Banking,Chennai,Tamil Nadu
O10824,C1469,2025-08-03,Completed,UPI,Hyderabad,Telangana
O10825,C4034,2024-06-14,Completed,UPI,Bengaluru,Karnataka
O10826,C1503,2024-01-03,Completed,UPI,Bhopal,Madhya Pradesh
O10827,C1255,2025-02-05,Completed,Credit Card,Ahmedabad,Gujarat
O10828,C4320,2023-02-22,Completed,UPI,Gurugram,Haryana
O10829,C4815,2024-06-30,Completed,COD,Bhopal,Madhya Pradesh
O10830,C2901,2024-10-28,Completed,UPI,Jaipur,Rajasthan
O10831,C3438,2025-01-11,Completed,UPI,Chandigarh,Chandigarh
O10832,C0028,2025-12-10,Returned,Credit Card,Bengaluru,Karnataka
O10833,C0901,2025-07-03,Completed,UPI,Pune,Maharashtra
O10834,C0849,2023-02-12,Completed,UPI,Jaipur,Rajasthan
O10835,C0101,2024-06-10,Completed,Net Banking,Bengaluru,Karnataka
O10836,C2106,2024-10-17,Completed,Credit Card,Hyderabad,Telangana
O10837,C4511,2025-05-16,Completed,COD,Ahmedabad,Gujarat
O10838,C3241,2025-12-28,Completed,UPI,Delhi,Delhi
O10839,C3318,2023-03-26,Completed,Debit Card,Hyderabad,Telangana
O10840,C1489,2025-09-11,Returned,COD,Bhubaneswar,Odisha
O10841,C1454,2023-01-30,Completed,Credit Card,Hyderabad,Telangana
O10842,C1802,2023-03-29,Completed,Debit Card,Hyderabad,Telangana
O10843,C4517,2025-04-07,Completed,COD,Nagpur,Maharashtra
O10844,C4117,2024-08-13,Completed,UPI,Lucknow,Uttar Pradesh
O10845,C4732,2025-11-13,Completed,UPI,Pune,Maharashtra
O10846,C3441,2023-06-26,Completed,COD,Bhopal,Madhya Pradesh
O10847,C4560,2025-02-20,Completed,UPI,Ahmedabad,Gujarat
O10848,C1516,2024-11-18,Completed,Credit Card,Bengaluru,Karnataka
O10849,C3922,2024-08-14,Completed,Credit Card,Pune,Maharashtra
O10850,C3167,2025-01-19,Completed,Debit Card,Mumbai,Maharashtra
O10851,C0024,2025-03-19,Completed,Debit Card,Indore,Madhya Pradesh
O10852,C0396,2025-03-13,Completed,Credit Card,Chennai,Tamil Nadu
O10853,C1428,2024-03-23,Completed,Net Banking,Chandigarh,Chandigarh
O10854,C3205,2023-02-23,Completed,UPI,Patna,Bihar
O10855,C1014,2023-06-14,Completed,COD,Noida,Uttar Pradesh
O10856,C4518,2024-03-11,Completed,Credit Card,Delhi,Delhi
O10857,C4227,2024-04-21,Completed,Debit Card,Patna,Bihar
O10858,C0420,2024-12-24,Returned,UPI,Chennai,Tamil Nadu
O10859,C3350,2025-01-22,Completed,UPI,Surat,Gujarat
O10860,C3966,2023-12-23,Completed,COD,Bhubaneswar,Odisha
O10861,C4871,2024-02-27,Completed,UPI,Mumbai,Maharashtra
O10862,C1427,2023-11-13,Completed,Credit Card,Mumbai,Maharashtra
O10863,C4271,2024-12-03,Completed,UPI,Bhopal,Madhya Pradesh
O10864,C0464,2025-08-23,Completed,Debit Card,Bengaluru,Karnataka
O10865,C0390,2024-06-30,Returned,Debit Card,Bhopal,Madhya Pradesh
O10866,C0136,2025-05-08,Completed,COD,Chandigarh,Chandigarh
O10867,C2457,2023-02-11,Completed,COD,Bhubaneswar,Odisha
O10868,C2272,2023-10-21,Returned,Debit Card,Noida,Uttar Pradesh
O10869,C0601,2025-02-08,Completed,UPI,Lucknow,Uttar Pradesh
O10870,C0619,2023-02-28,Completed,UPI,Kolkata,West Bengal
O10871,C1577,2024-06-02,Completed,Credit Card,Bhopal,Madhya Pradesh
O10872,C3770,2023-07-15,Completed,UPI,Lucknow,Uttar Pradesh
O10873,C2926,2025-05-25,Completed,Net Banking,Bengaluru,Karnataka
O10874,C0009,2024-03-10,Completed,COD,Patna,Bihar
O10875,C1204,2025-05-11,Completed,UPI,Chennai,Tamil Nadu
O10876,C1722,2025-04-27,Completed,Net Banking,Kolkata,West Bengal
O10877,C0594,2024-04-25,Completed,COD,Bengaluru,Karnataka
O10878,C3761,2025-10-04,Completed,COD,Nagpur,Maharashtra
O10879,C0606,2023-10-10,Completed,UPI,Delhi,Delhi
O10880,C1470,2024-08-19,Completed,UPI,Nagpur,Maharashtra
O10881,C1696,2023-08-07,Completed,Credit Card,Bengaluru,Karnataka
O10882,C1307,2025-09-18,Returned,UPI,Chennai,Tamil Nadu
O10883,C1688,2025-06-19,Completed,Credit Card,Delhi,Delhi
O10884,C3984,2025-04-06,Completed,UPI,Indore,Madhya Pradesh
O10885,C3727,2023-10-17,Completed,COD,Chennai,Tamil Nadu
O10886,C1049,2024-07-17,Returned,UPI,Bengaluru,Karnataka
O10887,C1736,2024-05-16,Completed,Credit Card,Delhi,Delhi
O10888,C4329,2024-01-25,Completed,Net Banking,Noida,Uttar Pradesh
O10889,C3360,2024-10-15,Completed,COD,Ahmedabad,Gujarat
O10890,C0685,2025-12-18,Completed,COD,Chennai,Tamil Nadu
O10891,C2339,2025-12-16,Cancelled,Debit Card,Surat,Gujarat
O10892,C0949,2025-11-26,Completed,Credit Card,Lucknow,Uttar Pradesh
O10893,C3431,2024-04-11,Cancelled,Credit Card,Chandigarh,Chandigarh
O10894,C2672,2025-03-10,Completed,UPI,Jaipur,Rajasthan
O10895,C0305,2023-05-06,Completed,UPI,Noida,Uttar Pradesh
O10896,C2398,2025-12-11,Completed,COD,Delhi,Delhi
O10897,C2001,2025-05-02,Cancelled,Credit Card,Bhubaneswar,Odisha
O10898,C2527,2024-09-04,Completed,UPI,Lucknow,Uttar Pradesh
O10899,C4226,2024-02-18,Completed,Debit Card,Gurugram,Haryana
O10900,C0187,2023-11-12,Completed,Debit Card,Bhubaneswar,Odisha
O10901,C1565,2023-05-26,Completed,UPI,Delhi,Delhi
O10902,C1910,2023-07-24,Completed,Credit Card,Jaipur,Rajasthan
O10903,C2283,2024-04-02,Completed,Credit Card,Bengaluru,Karnataka
O10904,C0278,2024-11-17,Completed,Credit Card,Indore,Madhya Pradesh
O10905,C1483,2025-08-03,Completed,Credit Card,Bengaluru,Karnataka
O10906,C4883,2024-05-03,Completed,UPI,Hyderabad,Telangana
O10907,C1878,2024-09-15,Completed,UPI,Kochi,Kerala
O10908,C4461,2023-02-09,Cancelled,UPI,Ahmedabad,Gujarat
O10909,C4564,2024-12-30,Completed,Credit Card,Surat,Gujarat
O10910,C1649,2025-01-17,Completed,UPI,Hyderabad,Telangana
O10911,C1925,2023-10-02,Completed,Net Banking,Noida,Uttar Pradesh
O10912,C2699,2025-01-21,Completed,Debit Card,Kolkata,West Bengal
O10913,C3800,2023-12-22,Completed,Credit Card,Lucknow,Uttar Pradesh
O10914,C1298,2023-06-04,Completed,Credit Card,Delhi,Delhi
O10915,C1352,2024-11-22,Completed,UPI,Mumbai,Maharashtra
O10916,C2909,2025-02-01,Completed,UPI,Surat,Gujarat
O10917,C2232,2023-02-24,Returned,UPI,Gurugram,Haryana
O10918,C2029,2024-12-16,Completed,Debit Card,Noida,Uttar Pradesh
O10919,C1218,2024-11-01,Completed,COD,Kolkata,West Bengal
O10920,C0272,2024-02-05,Completed,COD,Kolkata,West Bengal
O10921,C1324,2023-08-18,Completed,Debit Card,Patna,Bihar
O10922,C2244,2023-03-08,Completed,COD,Nagpur,Maharashtra
O10923,C2953,2023-04-24,Completed,Net Banking,Lucknow,Uttar Pradesh
O10924,C0331,2024-02-20,Completed,Net Banking,Gurugram,Haryana
O10925,C3558,2025-11-02,Cancelled,Credit Card,Jaipur,Rajasthan
O10926,C2668,2025-11-10,Completed,UPI,Ahmedabad,Gujarat
O10927,C2547,2023-08-03,Completed,UPI,Ahmedabad,Gujarat
O10928,C3472,2024-05-04,Completed,Net Banking,Delhi,Delhi
O10929,C1828,2025-06-21,Completed,UPI,Bengaluru,Karnataka
O10930,C1836,2023-12-06,Completed,UPI,Lucknow,Uttar Pradesh
O10931,C2129,2023-04-22,Completed,Credit Card,Bengaluru,Karnataka
O10932,C4957,2025-09-28,Completed,Debit Card,Gurugram,Haryana
O10933,C3937,2024-01-17,Completed,COD,Kochi,Kerala
O10934,C2174,2023-03-27,Completed,Credit Card,Nagpur,Maharashtra
O10935,C3710,2023-12-27,Completed,UPI,Gurugram,Haryana
O10936,C0130,2024-04-28,Completed,COD,Hyderabad,Telangana
O10937,C1559,2024-04-18,Completed,Credit Card,Delhi,Delhi
O10938,C2262,2025-05-30,Completed,UPI,Ahmedabad,Gujarat
O10939,C3201,2025-11-20,Completed,COD,Kochi,Kerala
O10940,C3725,2023-06-17,Completed,Debit Card,Chennai,Tamil Nadu
O10941,C3534,2025-06-23,Cancelled,UPI,Jaipur,Rajasthan
O10942,C1804,2025-08-29,Completed,UPI,Kolkata,West Bengal
O10943,C3129,2024-01-02,Completed,UPI,Indore,Madhya Pradesh
O10944,C4694,2024-07-25,Completed,COD,Indore,Madhya Pradesh
O10945,C0615,2025-04-26,Completed,Credit Card,Jaipur,Rajasthan
O10946,C3411,2025-06-23,Completed,UPI,Jaipur,Rajasthan
O10947,C4519,2025-08-06,Completed,UPI,Ahmedabad,Gujarat
O10948,C2382,2025-06-06,Completed,Credit Card,Mumbai,Maharashtra
O10949,C1865,2023-12-30,Completed,UPI,Indore,Madhya Pradesh
O10950,C1953,2025-12-14,Completed,Debit Card,Bengaluru,Karnataka
O10951,C0688,2023-06-02,Completed,Credit Card,Mumbai,Maharashtra
O10952,C3928,2023-06-18,Completed,COD,Bengaluru,Karnataka
O10953,C4243,2025-07-13,Completed,Debit Card,Noida,Uttar Pradesh
O10954,C3508,2025-06-14,Completed,UPI,Bengaluru,Karnataka
O10955,C2060,2023-02-05,Completed,UPI,Bhopal,Madhya Pradesh
O10956,C2909,2024-12-24,Completed,Credit Card,Surat,Gujarat
O10957,C3305,2023-02-28,Completed,Debit Card,Bengaluru,Karnataka
O10958,C2210,2025-03-20,Completed,Debit Card,Gurugram,Haryana
O10959,C1618,2023-11-25,Completed,COD,Bhopal,Madhya Pradesh
O10960,C4043,2024-07-11,Completed,UPI,Bhopal,Madhya Pradesh
O10961,C1900,2025-09-13,Completed,UPI,Hyderabad,Telangana
O10962,C2035,2023-12-10,Returned,Debit Card,Kolkata,West Bengal
O10963,C3572,2024-09-26,Cancelled,Debit Card,Ahmedabad,Gujarat
O10964,C3974,2023-06-13,Completed,COD,Kolkata,West Bengal
O10965,C2953,2023-10-09,Completed,UPI,Lucknow,Uttar Pradesh
O10966,C4648,2025-12-09,Cancelled,Net Banking,Delhi,Delhi
O10967,C0726,2023-05-10,Completed,UPI,Nagpur,Maharashtra
O10968,C3504,2025-05-25,Completed,UPI,Bengaluru,Karnataka
O10969,C3528,2023-09-20,Completed,UPI,Jaipur,Rajasthan
O10970,C1178,2023-02-15,Completed,UPI,Nagpur,Maharashtra
O10971,C4086,2025-01-02,Completed,COD,Patna,Bihar
O10972,C3410,2023-01-02,Completed,UPI,Bhubaneswar,Odisha
O10973,C2341,2024-12-18,Completed,Credit Card,Jaipur,Rajasthan
O10974,C2484,2025-01-11,Completed,UPI,Noida,Uttar Pradesh
O10975,C4262,2025-05-17,Completed,UPI,Kochi,Kerala
O10976,C3042,2023-09-10,Completed,Net Banking,Nagpur,Maharashtra
O10977,C3524,2025-04-07,Cancelled,COD,Bhubaneswar,Odisha
O10978,C4880,2023-03-30,Completed,Credit Card,Patna,Bihar
O10979,C1560,2025-11-04,Completed,Credit Card,Mumbai,Maharashtra
O10980,C0401,2024-11-22,Completed,COD,Bhubaneswar,Odisha
O10981,C4211,2025-08-29,Completed,COD,Patna,Bihar
O10982,C4447,2024-09-09,Completed,Debit Card,Bhubaneswar,Odisha
O10983,C3332,2025-09-11,Completed,Credit Card,Bhubaneswar,Odisha
O10984,C2866,2024-04-13,Completed,Debit Card,Chandigarh,Chandigarh
O10985,C4972,2024-10-02,Completed,Credit Card,Pune,Maharashtra
O10986,C1250,2024-03-12,Completed,Credit Card,Chandigarh,Chandigarh
O10987,C0614,2023-07-24,Cancelled,Credit Card,Mumbai,Maharashtra
O10988,C4227,2025-11-19,Completed,COD,Patna,Bihar
O10989,C1955,2025-08-13,Completed,UPI,Pune,Maharashtra
O10990,C4277,2024-06-05,Completed,UPI,Chandigarh,Chandigarh
O10991,C0349,2023-10-12,Returned,UPI,Hyderabad,Telangana
O10992,C2519,2025-04-16,Completed,Credit Card,Kolkata,West Bengal
O10993,C0161,2024-03-12,Returned,Debit Card,Nagpur,Maharashtra
O10994,C0114,2024-10-27,Completed,UPI,Pune,Maharashtra
O10995,C1486,2024-10-20,Completed,Debit Card,Indore,Madhya Pradesh
O10996,C1629,2025-07-03,Returned,Debit Card,Indore,Madhya Pradesh
O10997,C4239,2025-02-15,Completed,UPI,Kolkata,West Bengal
O10998,C3684,2024-10-08,Completed,UPI,Gurugram,Haryana
O10999,C2499,2024-06-13,Completed,COD,Gurugram,Haryana
O11000,C1996,2023-05-17,Completed,Credit Card,Mumbai,Maharashtra
O11001,C2110,2024-01-25,Completed,Debit Card,Kochi,Kerala
O11002,C0596,2023-07-17,Completed,Net Banking,Noida,Uttar Pradesh
O11003,C0940,2024-07-10,Cancelled,UPI,Mumbai,Maharashtra
O11004,C1300,2024-02-10,Completed,UPI,Indore,Madhya Pradesh
O11005,C3751,2024-04-01,Completed,Credit Card,Nagpur,Maharashtra
O11006,C1153,2023-08-12,Cancelled,UPI,Mumbai,Maharashtra
O11007,C4460,2023-05-24,Completed,COD,Kochi,Kerala
O11008,C2095,2023-05-10,Completed,UPI,Bhubaneswar,Odisha
O11009,C3017,2025-11-30,Completed,UPI,Nagpur,Maharashtra
O11010,C1398,2025-11-03,Completed,UPI,Chandigarh,Chandigarh
O11011,C2870,2025-08-31,Completed,Net Banking,Bhubaneswar,Odisha
O11012,C4756,2025-09-16,Returned,Debit Card,Patna,Bihar
O11013,C1161,2024-06-22,Completed,Debit Card,Patna,Bihar
O11014,C0796,2024-02-27,Completed,UPI,Ahmedabad,Gujarat
O11015,C4131,2025-07-20,Cancelled,UPI,Patna,Bihar
O11016,C2918,2025-06-18,Completed,COD,Chandigarh,Chandigarh
O11017,C2540,2023-03-26,Completed,Credit Card,Nagpur,Maharashtra
O11018,C4354,2025-05-18,Completed,UPI,Noida,Uttar Pradesh
O11019,C2435,2023-01-02,Completed,Credit Card,Bengaluru,Karnataka
O11020,C4366,2023-07-26,Returned,Credit Card,Surat,Gujarat
O11021,C2001,2024-02-16,Completed,UPI,Bhubaneswar,Odisha
O11022,C3119,2024-08-23,Cancelled,Credit Card,Ahmedabad,Gujarat
O11023,C2742,2023-05-01,Returned,UPI,Hyderabad,Telangana
O11024,C0954,2023-01-09,Completed,COD,Indore,Madhya Pradesh
O11025,C1726,2023-11-08,Completed,Debit Card,Kochi,Kerala
O11026,C1511,2025-04-03,Completed,COD,Noida,Uttar Pradesh
O11027,C1587,2025-04-08,Returned,Credit Card,Jaipur,Rajasthan
O11028,C1742,2024-05-14,Completed,Credit Card,Bhubaneswar,Odisha
O11029,C2459,2025-06-27,Completed,COD,Bhopal,Madhya Pradesh
O11030,C2893,2024-10-11,Completed,Credit Card,Mumbai,Maharashtra
O11031,C1975,2023-05-25,Completed,Credit Card,Ahmedabad,Gujarat
O11032,C1393,2024-02-05,Completed,Credit Card,Surat,Gujarat
O11033,C3338,2025-07-15,Completed,Credit Card,Lucknow,Uttar Pradesh
O11034,C2833,2024-11-16,Completed,COD,Jaipur,Rajasthan
O11035,C0790,2025-01-24,Completed,Credit Card,Surat,Gujarat
O11036,C0300,2024-04-27,Completed,COD,Noida,Uttar Pradesh
O11037,C3851,2023-04-10,Completed,COD,Kochi,Kerala
O11038,C1322,2024-08-27,Completed,Debit Card,Kochi,Kerala
O11039,C4470,2025-01-18,Completed,COD,Noida,Uttar Pradesh
O11040,C2110,2025-02-24,Completed,Credit Card,Kochi,Kerala
O11041,C2386,2023-09-24,Completed,COD,Nagpur,Maharashtra
O11042,C3447,2024-05-20,Completed,UPI,Surat,Gujarat
O11043,C4570,2023-09-07,Completed,UPI,Noida,Uttar Pradesh
O11044,C4208,2024-03-14,Cancelled,Debit Card,Nagpur,Maharashtra
O11045,C0619,2024-01-22,Completed,UPI,Kolkata,West Bengal
O11046,C4891,2024-05-10,Returned,Debit Card,Surat,Gujarat
O11047,C0883,2024-09-07,Completed,UPI,Ahmedabad,Gujarat
O11048,C1704,2025-09-11,Completed,Net Banking,Chennai,Tamil Nadu
O11049,C2796,2024-10-17,Returned,Credit Card,Jaipur,Rajasthan
O11050,C2420,2023-05-17,Completed,UPI,Chennai,Tamil Nadu
O11051,C4692,2024-08-02,Completed,Credit Card,Indore,Madhya Pradesh
O11052,C3829,2023-06-22,Cancelled,COD,Noida,Uttar Pradesh
O11053,C0508,2023-01-02,Completed,COD,Pune,Maharashtra
O11054,C2036,2025-05-06,Completed,Credit Card,Bhubaneswar,Odisha
O11055,C1418,2024-05-12,Completed,UPI,Bhopal,Madhya Pradesh
O11056,C2861,2025-02-28,Completed,COD,Chandigarh,Chandigarh
O11057,C3580,2025-08-22,Completed,Net Banking,Bhubaneswar,Odisha
O11058,C2386,2023-05-29,Completed,UPI,Nagpur,Maharashtra
O11059,C1287,2025-04-21,Cancelled,UPI,Chennai,Tamil Nadu
O11060,C0926,2025-05-04,Completed,Credit Card,Delhi,Delhi
O11061,C0229,2023-08-07,Completed,Credit Card,Jaipur,Rajasthan
O11062,C1769,2023-07-02,Completed,Credit Card,Patna,Bihar
O11063,C2422,2024-05-30,Completed,UPI,Lucknow,Uttar Pradesh
O11064,C4913,2024-07-23,Completed,UPI,Surat,Gujarat
O11065,C3257,2023-07-17,Completed,Credit Card,Bhopal,Madhya Pradesh
O11066,C4965,2025-11-15,Cancelled,UPI,Surat,Gujarat
O11067,C4543,2024-04-02,Returned,UPI,Kolkata,West Bengal
O11068,C3153,2023-04-23,Completed,Credit Card,Chandigarh,Chandigarh
O11069,C4894,2024-12-09,Cancelled,UPI,Pune,Maharashtra
O11070,C1234,2023-12-26,Completed,Credit Card,Jaipur,Rajasthan
O11071,C3036,2024-12-12,Cancelled,Debit Card,Ahmedabad,Gujarat
O11072,C2597,2025-11-10,Completed,UPI,Ahmedabad,Gujarat
O11073,C1310,2025-07-15,Completed,Debit Card,Pune,Maharashtra
O11074,C0469,2023-06-24,Completed,Credit Card,Surat,Gujarat
O11075,C2417,2023-10-06,Completed,UPI,Pune,Maharashtra
O11076,C3796,2023-07-27,Completed,Debit Card,Mumbai,Maharashtra
O11077,C0854,2025-02-13,Completed,UPI,Kolkata,West Bengal
O11078,C1124,2023-11-01,Completed,UPI,Patna,Bihar
O11079,C1621,2024-12-28,Completed,UPI,Noida,Uttar Pradesh
O11080,C3032,2025-09-18,Completed,Credit Card,Gurugram,Haryana
O11081,C4821,2023-01-31,Cancelled,Credit Card,Jaipur,Rajasthan
O11082,C3975,2023-05-05,Completed,UPI,Bhopal,Madhya Pradesh
O11083,C3030,2024-03-06,Completed,Net Banking,Patna,Bihar
O11084,C1471,2025-05-10,Returned,UPI,Bengaluru,Karnataka
O11085,C2462,2024-12-08,Completed,UPI,Bengaluru,Karnataka
O11086,C0093,2024-04-03,Completed,UPI,Pune,Maharashtra
O11087,C1277,2025-11-23,Completed,UPI,Kochi,Kerala
O11088,C3722,2025-01-12,Returned,Net Banking,Nagpur,Maharashtra
O11089,C4657,2023-12-07,Completed,Debit Card,Jaipur,Rajasthan
O11090,C1657,2025-04-18,Completed,COD,Chandigarh,Chandigarh
O11091,C3111,2023-11-16,Completed,Credit Card,Bhopal,Madhya Pradesh
O11092,C4642,2025-11-18,Completed,Credit Card,Chandigarh,Chandigarh
O11093,C3430,2024-01-09,Returned,Net Banking,Bhopal,Madhya Pradesh
O11094,C4874,2024-01-06,Completed,UPI,Pune,Maharashtra
O11095,C0188,2025-10-30,Completed,UPI,Mumbai,Maharashtra
O11096,C4704,2024-02-20,Completed,UPI,Bhubaneswar,Odisha
O11097,C4771,2025-08-14,Completed,UPI,Noida,Uttar Pradesh
O11098,C2346,2023-03-25,Completed,Debit Card,Nagpur,Maharashtra
O11099,C1104,2024-08-05,Completed,UPI,Jaipur,Rajasthan
O11100,C2227,2025-06-01,Cancelled,COD,Kochi,Kerala
O11101,C1281,2025-12-15,Completed,UPI,Surat,Gujarat
O11102,C4314,2025-05-20,Cancelled,UPI,Bhubaneswar,Odisha
O11103,C4094,2023-10-27,Completed,COD,Surat,Gujarat
O11104,C2315,2023-08-10,Completed,Debit Card,Bhopal,Madhya Pradesh
O11105,C1341,2025-07-22,Completed,COD,Noida,Uttar Pradesh
O11106,C0591,2023-08-21,Completed,UPI,Surat,Gujarat
O11107,C0679,2023-06-27,Completed,UPI,Hyderabad,Telangana
O11108,C0616,2023-03-15,Completed,COD,Bengaluru,Karnataka
O11109,C0850,2025-06-07,Completed,Debit Card,Nagpur,Maharashtra
O11110,C2008,2023-02-22,Completed,Credit Card,Surat,Gujarat
O11111,C4823,2024-04-09,Completed,UPI,Gurugram,Haryana
O11112,C4171,2025-02-07,Completed,UPI,Noida,Uttar Pradesh
O11113,C2785,2023-04-28,Completed,COD,Bhubaneswar,Odisha
O11114,C0336,2023-08-06,Completed,Debit Card,Nagpur,Maharashtra
O11115,C0804,2024-09-11,Completed,Debit Card,Indore,Madhya Pradesh
O11116,C4951,2025-03-11,Completed,COD,Lucknow,Uttar Pradesh
O11117,C0363,2023-10-09,Completed,COD,Gurugram,Haryana
O11118,C2022,2024-12-14,Completed,COD,Chennai,Tamil Nadu
O11119,C2570,2024-08-30,Returned,Credit Card,Patna,Bihar
O11120,C3031,2025-11-28,Completed,UPI,Hyderabad,Telangana
O11121,C2076,2025-07-26,Completed,Debit Card,Jaipur,Rajasthan
O11122,C3387,2025-03-26,Completed,UPI,Chandigarh,Chandigarh
O11123,C0905,2023-06-29,Completed,COD,Bengaluru,Karnataka
O11124,C4459,2024-01-19,Completed,UPI,Chandigarh,Chandigarh
O11125,C2086,2025-05-16,Completed,UPI,Lucknow,Uttar Pradesh
O11126,C2712,2023-10-11,Completed,UPI,Gurugram,Haryana
O11127,C3705,2024-03-26,Completed,UPI,Pune,Maharashtra
O11128,C0144,2023-12-28,Cancelled,UPI,Delhi,Delhi
O11129,C3650,2024-04-21,Completed,UPI,Kolkata,West Bengal
O11130,C3269,2023-04-10,Completed,UPI,Kochi,Kerala
O11131,C1070,2023-09-14,Completed,Credit Card,Bengaluru,Karnataka
O11132,C2186,2024-01-23,Completed,COD,Kolkata,West Bengal
O11133,C2538,2023-05-12,Completed,UPI,Bengaluru,Karnataka
O11134,C4437,2024-09-18,Completed,UPI,Bhubaneswar,Odisha
O11135,C0302,2024-02-08,Completed,Credit Card,Bengaluru,Karnataka
O11136,C2166,2023-11-15,Completed,COD,Noida,Uttar Pradesh
O11137,C1761,2024-04-11,Returned,UPI,Delhi,Delhi
O11138,C4247,2025-03-13,Completed,UPI,Chennai,Tamil Nadu
O11139,C2655,2023-04-26,Completed,COD,Surat,Gujarat
O11140,C4868,2025-03-23,Returned,UPI,Chandigarh,Chandigarh
O11141,C1449,2025-12-16,Returned,COD,Noida,Uttar Pradesh
O11142,C0632,2024-10-25,Completed,Credit Card,Jaipur,Rajasthan
O11143,C0362,2023-10-03,Completed,Credit Card,Nagpur,Maharashtra
O11144,C4192,2024-05-12,Completed,Credit Card,Chandigarh,Chandigarh
O11145,C4388,2024-05-19,Completed,UPI,Ahmedabad,Gujarat
O11146,C2075,2023-06-01,Completed,UPI,Kochi,Kerala
O11147,C4401,2023-10-07,Completed,UPI,Noida,Uttar Pradesh
O11148,C2771,2024-01-18,Completed,Debit Card,Chandigarh,Chandigarh
O11149,C2918,2025-02-03,Completed,Net Banking,Chandigarh,Chandigarh
O11150,C0769,2023-10-08,Cancelled,UPI,Hyderabad,Telangana
O11151,C0986,2024-04-24,Completed,UPI,Delhi,Delhi
O11152,C0205,2024-04-09,Returned,Credit Card,Bhubaneswar,Odisha
O11153,C0867,2023-09-30,Completed,Credit Card,Delhi,Delhi
O11154,C2626,2024-05-28,Completed,UPI,Mumbai,Maharashtra
O11155,C0662,2024-06-04,Completed,Net Banking,Kolkata,West Bengal
O11156,C0679,2023-04-14,Completed,Net Banking,Hyderabad,Telangana
O11157,C0300,2025-06-20,Completed,COD,Noida,Uttar Pradesh
O11158,C0258,2025-07-05,Cancelled,UPI,Delhi,Delhi
O11159,C2763,2024-05-10,Completed,UPI,Jaipur,Rajasthan
O11160,C0240,2023-08-05,Cancelled,Credit Card,Ahmedabad,Gujarat
O11161,C3301,2023-10-13,Completed,UPI,Ahmedabad,Gujarat
O11162,C3546,2025-09-11,Completed,UPI,Pune,Maharashtra
O11163,C2266,2024-10-22,Completed,Debit Card,Mumbai,Maharashtra
O11164,C2513,2024-10-31,Completed,Debit Card,Pune,Maharashtra
O11165,C4291,2023-10-01,Completed,Credit Card,Ahmedabad,Gujarat
O11166,C4452,2024-11-15,Completed,UPI,Delhi,Delhi
O11167,C4661,2023-02-28,Completed,Credit Card,Bhubaneswar,Odisha
O11168,C4404,2024-02-23,Completed,Credit Card,Hyderabad,Telangana
O11169,C0409,2025-07-08,Completed,UPI,Surat,Gujarat
O11170,C0521,2023-03-06,Cancelled,Credit Card,Surat,Gujarat
O11171,C2533,2024-02-16,Completed,Credit Card,Bhopal,Madhya Pradesh
O11172,C3885,2023-10-25,Completed,UPI,Pune,Maharashtra
O11173,C1877,2025-03-21,Completed,Credit Card,Bhubaneswar,Odisha
O11174,C2742,2024-12-20,Completed,UPI,Hyderabad,Telangana
O11175,C3533,2023-08-31,Completed,COD,Chandigarh,Chandigarh
O11176,C0651,2024-12-03,Cancelled,Credit Card,Chennai,Tamil Nadu
O11177,C2845,2023-06-20,Completed,Credit Card,Gurugram,Haryana
O11178,C2159,2025-01-23,Completed,UPI,Kolkata,West Bengal
O11179,C2652,2023-09-15,Completed,Net Banking,Indore,Madhya Pradesh
O11180,C2268,2024-04-16,Returned,Net Banking,Lucknow,Uttar Pradesh
O11181,C1029,2023-05-31,Completed,UPI,Nagpur,Maharashtra
O11182,C1556,2025-06-26,Cancelled,Net Banking,Lucknow,Uttar Pradesh
O11183,C4765,2023-08-25,Completed,Debit Card,Pune,Maharashtra
O11184,C0513,2024-02-23,Completed,COD,Jaipur,Rajasthan
O11185,C1236,2024-07-30,Completed,UPI,Surat,Gujarat
O11186,C0119,2025-01-31,Completed,UPI,Chandigarh,Chandigarh
O11187,C4481,2023-06-08,Completed,Credit Card,Ahmedabad,Gujarat
O11188,C0260,2023-02-01,Completed,UPI,Surat,Gujarat
O11189,C1199,2023-11-18,Completed,COD,Gurugram,Haryana
O11190,C2150,2023-03-01,Completed,COD,Chennai,Tamil Nadu
O11191,C2433,2025-10-18,Completed,Debit Card,Gurugram,Haryana
O11192,C0960,2023-07-24,Completed,UPI,Noida,Uttar Pradesh
O11193,C2949,2023-04-25,Completed,Credit Card,Delhi,Delhi
O11194,C0566,2025-02-04,Completed,UPI,Nagpur,Maharashtra
O11195,C4103,2025-12-27,Completed,Net Banking,Nagpur,Maharashtra
O11196,C4964,2024-02-26,Returned,Debit Card,Surat,Gujarat
O11197,C2380,2025-09-29,Completed,UPI,Bhubaneswar,Odisha
O11198,C3451,2025-04-23,Completed,Credit Card,Noida,Uttar Pradesh
O11199,C0445,2024-11-14,Completed,UPI,Chandigarh,Chandigarh
O11200,C3540,2023-07-29,Completed,UPI,Bhopal,Madhya Pradesh
O11201,C2709,2024-10-31,Completed,UPI,Kochi,Kerala
O11202,C2336,2025-05-27,Completed,COD,Pune,Maharashtra
O11203,C1036,2024-08-22,Completed,Credit Card,Kochi,Kerala
O11204,C3045,2024-01-04,Completed,UPI,Gurugram,Haryana
O11205,C1287,2025-03-13,Completed,UPI,Chennai,Tamil Nadu
O11206,C1459,2023-04-17,Completed,Credit Card,Patna,Bihar
O11207,C2221,2023-08-25,Completed,Credit Card,Gurugram,Haryana
O11208,C1631,2023-07-23,Completed,UPI,Pune,Maharashtra
O11209,C4028,2024-08-03,Cancelled,Credit Card,Nagpur,Maharashtra
O11210,C3117,2024-08-14,Completed,UPI,Gurugram,Haryana
O11211,C2955,2025-05-13,Completed,Net Banking,Bengaluru,Karnataka
O11212,C4833,2025-09-19,Completed,UPI,Kochi,Kerala
O11213,C4513,2025-05-22,Completed,Net Banking,Gurugram,Haryana
O11214,C0264,2025-08-31,Completed,Credit Card,Bengaluru,Karnataka
O11215,C4200,2025-04-06,Completed,COD,Patna,Bihar
O11216,C0221,2024-06-20,Completed,Credit Card,Nagpur,Maharashtra
O11217,C0334,2025-08-25,Completed,COD,Mumbai,Maharashtra
O11218,C4514,2023-01-27,Completed,UPI,Patna,Bihar
O11219,C1325,2024-06-17,Completed,UPI,Mumbai,Maharashtra
O11220,C2683,2025-08-24,Completed,UPI,Bhubaneswar,Odisha
O11221,C0961,2025-01-09,Completed,UPI,Delhi,Delhi
O11222,C1481,2023-11-07,Cancelled,Net Banking,Bhubaneswar,Odisha
O11223,C0436,2023-09-22,Completed,Credit Card,Nagpur,Maharashtra
O11224,C2442,2025-12-13,Cancelled,Net Banking,Lucknow,Uttar Pradesh
O11225,C0043,2025-05-31,Completed,Debit Card,Bhopal,Madhya Pradesh
O11226,C0966,2024-01-09,Completed,COD,Bhopal,Madhya Pradesh
O11227,C4107,2024-09-02,Completed,Credit Card,Bhopal,Madhya Pradesh
O11228,C0216,2023-08-08,Completed,UPI,Bengaluru,Karnataka
O11229,C3236,2024-06-03,Completed,UPI,Surat,Gujarat
O11230,C4321,2023-12-29,Completed,Debit Card,Kochi,Kerala
O11231,C2706,2025-07-11,Completed,Net Banking,Bhubaneswar,Odisha
O11232,C0773,2024-09-15,Completed,UPI,Ahmedabad,Gujarat
O11233,C1823,2023-08-01,Completed,COD,Indore,Madhya Pradesh
O11234,C4112,2025-05-23,Returned,UPI,Surat,Gujarat
O11235,C3156,2023-01-11,Completed,Net Banking,Gurugram,Haryana
O11236,C3281,2024-06-14,Completed,COD,Surat,Gujarat
O11237,C0058,2024-03-23,Completed,UPI,Bhopal,Madhya Pradesh
O11238,C4947,2023-02-21,Completed,COD,Mumbai,Maharashtra
O11239,C3690,2024-10-16,Cancelled,Debit Card,Chandigarh,Chandigarh
O11240,C4744,2023-12-05,Completed,COD,Indore,Madhya Pradesh
O11241,C1844,2025-04-26,Completed,UPI,Kolkata,West Bengal
O11242,C0461,2025-06-14,Completed,COD,Bhopal,Madhya Pradesh
O11243,C3661,2023-07-18,Completed,UPI,Delhi,Delhi
O11244,C0969,2023-05-30,Completed,Credit Card,Hyderabad,Telangana
O11245,C3816,2023-02-19,Completed,UPI,Delhi,Delhi
O11246,C2740,2024-09-27,Cancelled,Credit Card,Jaipur,Rajasthan
O11247,C0290,2025-05-08,Cancelled,COD,Bengaluru,Karnataka
O11248,C3286,2025-02-16,Completed,UPI,Delhi,Delhi
O11249,C1121,2023-02-19,Completed,COD,Chandigarh,Chandigarh
O11250,C0733,2024-07-14,Completed,Credit Card,Indore,Madhya Pradesh
O11251,C3577,2025-07-25,Completed,UPI,Bengaluru,Karnataka
O11252,C3783,2024-02-03,Completed,UPI,Indore,Madhya Pradesh
O11253,C4672,2024-01-11,Completed,Credit Card,Nagpur,Maharashtra
O11254,C4938,2023-01-23,Completed,UPI,Hyderabad,Telangana
O11255,C2792,2024-09-16,Completed,Net Banking,Bengaluru,Karnataka
O11256,C2039,2023-10-10,Cancelled,UPI,Hyderabad,Telangana
O11257,C3519,2025-10-26,Completed,Credit Card,Delhi,Delhi
O11258,C3856,2023-10-07,Completed,Credit Card,Ahmedabad,Gujarat
O11259,C4059,2024-08-20,Completed,UPI,Gurugram,Haryana
O11260,C4436,2024-01-28,Completed,COD,Chennai,Tamil Nadu
O11261,C3518,2025-12-29,Completed,UPI,Hyderabad,Telangana
O11262,C2157,2024-04-28,Completed,COD,Chennai,Tamil Nadu
O11263,C2878,2025-03-20,Completed,UPI,Chennai,Tamil Nadu
O11264,C1068,2025-04-07,Returned,UPI,Ahmedabad,Gujarat
O11265,C4438,2023-06-25,Completed,Net Banking,Jaipur,Rajasthan
O11266,C3051,2023-08-19,Completed,Debit Card,Patna,Bihar
O11267,C3921,2023-03-28,Completed,Debit Card,Noida,Uttar Pradesh
O11268,C1128,2024-01-24,Cancelled,UPI,Mumbai,Maharashtra
O11269,C4068,2024-12-19,Completed,UPI,Indore,Madhya Pradesh
O11270,C0991,2025-01-06,Completed,Debit Card,Jaipur,Rajasthan
O11271,C3487,2023-07-01,Completed,Credit Card,Ahmedabad,Gujarat
O11272,C4728,2024-02-26,Returned,UPI,Surat,Gujarat
O11273,C1426,2024-10-20,Completed,UPI,Ahmedabad,Gujarat
O11274,C1458,2024-03-28,Completed,COD,Pune,Maharashtra
O11275,C3455,2023-07-20,Completed,COD,Kolkata,West Bengal
O11276,C1052,2024-08-05,Completed,UPI,Gurugram,Haryana
O11277,C2588,2023-01-24,Completed,COD,Bhopal,Madhya Pradesh
O11278,C3258,2025-05-22,Returned,UPI,Chennai,Tamil Nadu
O11279,C2243,2024-05-16,Completed,COD,Surat,Gujarat
O11280,C4868,2023-12-02,Cancelled,UPI,Chandigarh,Chandigarh
O11281,C0872,2025-10-03,Completed,Debit Card,Chennai,Tamil Nadu
O11282,C0128,2023-05-21,Completed,Credit Card,Indore,Madhya Pradesh
O11283,C0106,2025-01-23,Returned,UPI,Bengaluru,Karnataka
O11284,C1407,2025-12-30,Completed,Debit Card,Chandigarh,Chandigarh
O11285,C3795,2024-01-27,Completed,UPI,Hyderabad,Telangana
O11286,C3421,2023-09-05,Completed,UPI,Kolkata,West Bengal
O11287,C2362,2025-07-22,Completed,Credit Card,Bengaluru,Karnataka
O11288,C3595,2025-12-11,Completed,Net Banking,Hyderabad,Telangana
O11289,C1001,2023-09-15,Completed,COD,Pune,Maharashtra
O11290,C3432,2024-02-10,Completed,COD,Patna,Bihar
O11291,C4480,2025-06-04,Completed,COD,Nagpur,Maharashtra
O11292,C4113,2025-10-24,Completed,Credit Card,Bengaluru,Karnataka
O11293,C1394,2024-01-02,Completed,UPI,Ahmedabad,Gujarat
O11294,C1872,2023-01-07,Completed,COD,Gurugram,Haryana
O11295,C1090,2023-01-01,Completed,UPI,Mumbai,Maharashtra
O11296,C4982,2023-12-05,Completed,Net Banking,Pune,Maharashtra
O11297,C4167,2023-12-16,Completed,Credit Card,Bengaluru,Karnataka
O11298,C3133,2024-09-17,Completed,Credit Card,Ahmedabad,Gujarat
O11299,C4540,2023-02-24,Completed,UPI,Gurugram,Haryana
O11300,C3017,2024-09-20,Completed,UPI,Nagpur,Maharashtra
O11301,C2531,2025-03-06,Completed,Debit Card,Gurugram,Haryana
O11302,C3316,2025-06-17,Completed,UPI,Mumbai,Maharashtra
O11303,C3893,2023-09-29,Completed,UPI,Kolkata,West Bengal
O11304,C2565,2025-05-06,Completed,UPI,Noida,Uttar Pradesh
O11305,C1394,2025-05-28,Returned,Credit Card,Ahmedabad,Gujarat
O11306,C3093,2024-01-12,Completed,Credit Card,Nagpur,Maharashtra
O11307,C2746,2024-01-22,Completed,Credit Card,Kochi,Kerala
O11308,C0721,2024-01-22,Completed,UPI,Jaipur,Rajasthan
O11309,C4327,2024-02-28,Returned,Credit Card,Mumbai,Maharashtra
O11310,C3598,2025-02-25,Returned,UPI,Gurugram,Haryana
O11311,C4960,2024-10-21,Returned,UPI,Lucknow,Uttar Pradesh
O11312,C3766,2023-10-04,Completed,Credit Card,Mumbai,Maharashtra
O11313,C3150,2025-05-09,Completed,Debit Card,Bengaluru,Karnataka
O11314,C3881,2024-07-09,Cancelled,Credit Card,Nagpur,Maharashtra
O11315,C4659,2025-10-22,Cancelled,Debit Card,Indore,Madhya Pradesh
O11316,C4865,2023-06-20,Completed,Debit Card,Surat,Gujarat
O11317,C0290,2023-05-27,Completed,UPI,Bengaluru,Karnataka
O11318,C4019,2023-01-14,Cancelled,UPI,Nagpur,Maharashtra
O11319,C0395,2024-02-13,Cancelled,UPI,Delhi,Delhi
O11320,C0376,2024-01-19,Completed,Net Banking,Pune,Maharashtra
O11321,C4878,2023-02-26,Completed,UPI,Bhopal,Madhya Pradesh
O11322,C2140,2024-05-28,Completed,COD,Ahmedabad,Gujarat
O11323,C1975,2023-12-11,Completed,COD,Ahmedabad,Gujarat
O11324,C2459,2024-02-09,Completed,Debit Card,Bhopal,Madhya Pradesh
O11325,C4502,2023-09-02,Completed,Credit Card,Bhopal,Madhya Pradesh
O11326,C2680,2025-05-08,Completed,Credit Card,Indore,Madhya Pradesh
O11327,C3610,2023-02-21,Completed,UPI,Indore,Madhya Pradesh
O11328,C2201,2023-07-28,Completed,UPI,Ahmedabad,Gujarat
O11329,C4397,2023-05-23,Completed,UPI,Gurugram,Haryana
O11330,C0413,2024-06-29,Completed,COD,Bhopal,Madhya Pradesh
O11331,C1379,2025-03-14,Completed,Credit Card,Nagpur,Maharashtra
O11332,C1094,2024-09-24,Completed,COD,Bhubaneswar,Odisha
O11333,C4687,2025-12-03,Completed,COD,Chandigarh,Chandigarh
O11334,C0711,2023-11-29,Completed,Credit Card,Kolkata,West Bengal
O11335,C3451,2023-09-04,Completed,UPI,Noida,Uttar Pradesh
O11336,C3487,2024-06-13,Completed,COD,Ahmedabad,Gujarat
O11337,C4893,2024-04-09,Completed,UPI,Lucknow,Uttar Pradesh
O11338,C3500,2023-10-28,Cancelled,UPI,Gurugram,Haryana
O11339,C3228,2024-09-11,Completed,UPI,Hyderabad,Telangana
O11340,C1612,2025-09-14,Completed,Credit Card,Gurugram,Haryana
O11341,C0731,2024-06-21,Completed,COD,Bengaluru,Karnataka
O11342,C0610,2024-01-03,Completed,Credit Card,Patna,Bihar
O11343,C2341,2023-12-23,Completed,Credit Card,Jaipur,Rajasthan
O11344,C1468,2023-11-27,Completed,Credit Card,Mumbai,Maharashtra
O11345,C1559,2025-06-03,Completed,Debit Card,Delhi,Delhi
O11346,C2520,2024-03-17,Completed,Debit Card,Mumbai,Maharashtra
O11347,C0230,2024-05-15,Returned,UPI,Bengaluru,Karnataka
O11348,C4453,2025-01-13,Completed,Credit Card,Delhi,Delhi
O11349,C0541,2025-05-22,Completed,UPI,Bhubaneswar,Odisha
O11350,C2875,2023-07-19,Completed,Debit Card,Delhi,Delhi
O11351,C0936,2024-07-04,Completed,COD,Indore,Madhya Pradesh
O11352,C3093,2023-07-19,Returned,Credit Card,Nagpur,Maharashtra
O11353,C3647,2023-12-05,Returned,UPI,Jaipur,Rajasthan
O11354,C2693,2024-11-09,Completed,UPI,Noida,Uttar Pradesh
O11355,C4623,2025-01-05,Completed,Debit Card,Patna,Bihar
O11356,C3070,2023-10-04,Cancelled,UPI,Patna,Bihar
O11357,C4719,2023-02-23,Completed,Credit Card,Indore,Madhya Pradesh
O11358,C2899,2023-06-13,Completed,Net Banking,Noida,Uttar Pradesh
O11359,C3408,2024-10-16,Completed,UPI,Chennai,Tamil Nadu
O11360,C4520,2023-03-17,Completed,UPI,Kolkata,West Bengal
O11361,C1899,2025-01-11,Cancelled,COD,Lucknow,Uttar Pradesh
O11362,C0004,2025-10-02,Returned,UPI,Patna,Bihar
O11363,C4565,2024-02-26,Cancelled,Net Banking,Ahmedabad,Gujarat
O11364,C4760,2024-07-30,Completed,COD,Mumbai,Maharashtra
O11365,C3626,2025-09-12,Completed,Credit Card,Surat,Gujarat
O11366,C2935,2024-05-20,Returned,Debit Card,Indore,Madhya Pradesh
O11367,C4634,2025-02-07,Completed,UPI,Lucknow,Uttar Pradesh
O11368,C2408,2025-12-16,Completed,UPI,Hyderabad,Telangana
O11369,C2568,2024-10-20,Completed,Credit Card,Chennai,Tamil Nadu
O11370,C1097,2025-11-18,Completed,Credit Card,Mumbai,Maharashtra
O11371,C1986,2024-03-09,Cancelled,Net Banking,Ahmedabad,Gujarat
O11372,C3150,2023-08-06,Completed,Credit Card,Bengaluru,Karnataka
O11373,C1358,2024-06-29,Completed,Debit Card,Mumbai,Maharashtra
O11374,C0079,2025-04-28,Completed,UPI,Delhi,Delhi
O11375,C1575,2024-04-10,Completed,Debit Card,Mumbai,Maharashtra
O11376,C1606,2024-07-19,Completed,UPI,Noida,Uttar Pradesh
O11377,C4252,2024-05-18,Completed,Debit Card,Delhi,Delhi
O11378,C4976,2024-01-23,Returned,COD,Nagpur,Maharashtra
O11379,C2987,2024-06-24,Cancelled,Credit Card,Chennai,Tamil Nadu
O11380,C0028,2023-03-20,Completed,UPI,Bengaluru,Karnataka
O11381,C1911,2024-04-27,Completed,Credit Card,Jaipur,Rajasthan
O11382,C4706,2023-11-05,Cancelled,COD,Kolkata,West Bengal
O11383,C1353,2024-02-23,Completed,Debit Card,Patna,Bihar
O11384,C3735,2023-08-23,Completed,Debit Card,Indore,Madhya Pradesh
O11385,C0419,2024-03-12,Cancelled,Debit Card,Patna,Bihar
O11386,C4118,2023-05-26,Completed,COD,Bhopal,Madhya Pradesh
O11387,C0261,2023-06-15,Completed,UPI,Bhubaneswar,Odisha
O11388,C2108,2024-08-20,Completed,COD,Bhopal,Madhya Pradesh
O11389,C2985,2024-03-21,Completed,COD,Indore,Madhya Pradesh
O11390,C4292,2024-10-15,Cancelled,Credit Card,Nagpur,Maharashtra
O11391,C0905,2023-02-16,Completed,Credit Card,Bengaluru,Karnataka
O11392,C2227,2025-08-08,Cancelled,Net Banking,Kochi,Kerala
O11393,C3854,2024-10-13,Completed,COD,Surat,Gujarat
O11394,C4421,2024-10-15,Returned,Net Banking,Bengaluru,Karnataka
O11395,C0568,2025-07-31,Completed,Debit Card,Indore,Madhya Pradesh
O11396,C0779,2024-10-15,Completed,UPI,Jaipur,Rajasthan
O11397,C0926,2025-09-09,Completed,UPI,Delhi,Delhi
O11398,C3239,2023-08-31,Completed,COD,Chennai,Tamil Nadu
O11399,C3480,2025-05-04,Completed,Debit Card,Chennai,Tamil Nadu
O11400,C1616,2025-06-22,Completed,UPI,Ahmedabad,Gujarat
O11401,C1850,2024-09-03,Completed,UPI,Indore,Madhya Pradesh
O11402,C1944,2023-11-17,Completed,UPI,Patna,Bihar
O11403,C2371,2025-03-15,Completed,UPI,Chandigarh,Chandigarh
O11404,C0042,2024-04-18,Completed,COD,Pune,Maharashtra
O11405,C3191,2024-12-08,Completed,COD,Kochi,Kerala
O11406,C4670,2023-09-29,Completed,COD,Lucknow,Uttar Pradesh
O11407,C1821,2024-04-11,Completed,UPI,Bhopal,Madhya Pradesh
O11408,C0441,2025-01-24,Cancelled,UPI,Jaipur,Rajasthan
O11409,C0104,2023-08-12,Completed,UPI,Bengaluru,Karnataka
O11410,C0569,2023-10-15,Completed,UPI,Delhi,Delhi
O11411,C0457,2023-12-07,Completed,UPI,Noida,Uttar Pradesh
O11412,C0311,2023-06-07,Completed,Net Banking,Ahmedabad,Gujarat
O11413,C1908,2024-10-21,Completed,COD,Indore,Madhya Pradesh
O11414,C1708,2023-07-05,Completed,UPI,Bhopal,Madhya Pradesh
O11415,C3456,2023-01-29,Completed,UPI,Hyderabad,Telangana
O11416,C1692,2025-06-15,Completed,UPI,Chandigarh,Chandigarh
O11417,C4503,2025-01-16,Completed,COD,Delhi,Delhi
O11418,C2893,2025-11-16,Completed,Debit Card,Mumbai,Maharashtra
O11419,C0581,2025-09-11,Completed,Debit Card,Ahmedabad,Gujarat
O11420,C2016,2024-06-16,Completed,COD,Bhubaneswar,Odisha
O11421,C4056,2025-07-01,Completed,UPI,Kochi,Kerala
O11422,C2645,2025-07-16,Completed,UPI,Surat,Gujarat
O11423,C1861,2023-06-21,Cancelled,UPI,Chandigarh,Chandigarh
O11424,C3685,2023-04-24,Returned,UPI,Delhi,Delhi
O11425,C3876,2025-11-11,Returned,Debit Card,Kochi,Kerala
O11426,C3292,2024-07-07,Completed,UPI,Jaipur,Rajasthan
O11427,C3232,2023-07-30,Completed,Credit Card,Chandigarh,Chandigarh
O11428,C0187,2025-03-26,Completed,Debit Card,Bhubaneswar,Odisha
O11429,C2944,2024-01-21,Cancelled,Credit Card,Chennai,Tamil Nadu
O11430,C4028,2025-06-19,Completed,UPI,Nagpur,Maharashtra
O11431,C1623,2025-12-12,Completed,Credit Card,Chennai,Tamil Nadu
O11432,C2512,2024-10-02,Completed,UPI,Jaipur,Rajasthan
O11433,C2378,2025-08-08,Completed,COD,Chennai,Tamil Nadu
O11434,C1891,2023-08-01,Cancelled,Credit Card,Pune,Maharashtra
O11435,C4586,2023-07-09,Completed,UPI,Lucknow,Uttar Pradesh
O11436,C0280,2025-10-10,Completed,Debit Card,Chennai,Tamil Nadu
O11437,C0855,2023-07-03,Completed,UPI,Bengaluru,Karnataka
O11438,C0398,2023-04-03,Completed,UPI,Chennai,Tamil Nadu
O11439,C4524,2024-12-16,Completed,UPI,Chandigarh,Chandigarh
O11440,C3504,2025-09-28,Completed,UPI,Bengaluru,Karnataka
O11441,C4471,2025-11-23,Cancelled,Net Banking,Nagpur,Maharashtra
O11442,C3872,2025-03-29,Completed,Credit Card,Bengaluru,Karnataka
O11443,C3796,2023-09-02,Completed,UPI,Mumbai,Maharashtra
O11444,C0632,2024-12-05,Cancelled,Credit Card,Jaipur,Rajasthan
O11445,C3037,2023-02-19,Completed,Credit Card,Gurugram,Haryana
O11446,C4793,2023-08-27,Completed,UPI,Surat,Gujarat
O11447,C0928,2023-11-15,Completed,Credit Card,Chandigarh,Chandigarh
O11448,C2028,2024-07-15,Completed,Debit Card,Kolkata,West Bengal
O11449,C1666,2025-01-29,Completed,UPI,Lucknow,Uttar Pradesh
O11450,C0078,2023-11-26,Completed,Credit Card,Jaipur,Rajasthan
O11451,C4584,2023-08-30,Completed,COD,Bhubaneswar,Odisha
O11452,C3242,2024-08-31,Completed,UPI,Lucknow,Uttar Pradesh
O11453,C1062,2024-09-03,Completed,Credit Card,Indore,Madhya Pradesh
O11454,C3362,2025-10-19,Completed,Net Banking,Ahmedabad,Gujarat
O11455,C4267,2025-08-03,Completed,COD,Surat,Gujarat
O11456,C4738,2025-05-15,Completed,Credit Card,Chandigarh,Chandigarh
O11457,C1700,2023-06-04,Returned,Debit Card,Lucknow,Uttar Pradesh
O11458,C0292,2024-06-25,Completed,Credit Card,Chennai,Tamil Nadu
O11459,C0581,2023-06-09,Completed,Net Banking,Ahmedabad,Gujarat
O11460,C4518,2025-02-28,Completed,UPI,Delhi,Delhi
O11461,C4201,2024-05-03,Completed,Debit Card,Gurugram,Haryana
O11462,C0880,2023-02-25,Cancelled,UPI,Chandigarh,Chandigarh
O11463,C1483,2025-05-01,Completed,UPI,Bengaluru,Karnataka
O11464,C2296,2025-05-18,Completed,Debit Card,Bhopal,Madhya Pradesh
O11465,C3445,2025-08-23,Completed,Debit Card,Hyderabad,Telangana
O11466,C1130,2024-11-13,Completed,UPI,Patna,Bihar
O11467,C0315,2023-08-04,Completed,UPI,Surat,Gujarat
O11468,C0609,2023-05-26,Cancelled,UPI,Nagpur,Maharashtra
O11469,C3926,2023-05-04,Completed,COD,Bhubaneswar,Odisha
O11470,C2993,2025-03-29,Completed,Credit Card,Hyderabad,Telangana
O11471,C2587,2023-11-28,Cancelled,Credit Card,Kolkata,West Bengal
O11472,C2120,2024-08-27,Completed,COD,Mumbai,Maharashtra
O11473,C0378,2023-07-08,Completed,Debit Card,Bengaluru,Karnataka
O11474,C0134,2023-05-24,Completed,Net Banking,Mumbai,Maharashtra
O11475,C3246,2025-04-09,Completed,Net Banking,Chennai,Tamil Nadu
O11476,C1817,2024-12-25,Completed,UPI,Delhi,Delhi
O11477,C4489,2025-04-28,Completed,Debit Card,Bhubaneswar,Odisha
O11478,C3136,2025-04-11,Cancelled,Credit Card,Delhi,Delhi
O11479,C4511,2024-08-29,Completed,Credit Card,Ahmedabad,Gujarat
O11480,C1137,2023-03-13,Completed,Debit Card,Mumbai,Maharashtra
O11481,C1752,2024-09-13,Completed,UPI,Kolkata,West Bengal
O11482,C4962,2025-08-03,Completed,COD,Mumbai,Maharashtra
O11483,C0290,2024-03-14,Completed,UPI,Bengaluru,Karnataka
O11484,C1507,2023-06-08,Completed,Credit Card,Nagpur,Maharashtra
O11485,C1339,2024-09-16,Completed,UPI,Bengaluru,Karnataka
O11486,C2892,2025-07-02,Completed,Credit Card,Lucknow,Uttar Pradesh
O11487,C4974,2023-12-04,Completed,Net Banking,Noida,Uttar Pradesh
O11488,C1985,2025-01-24,Cancelled,Credit Card,Bhopal,Madhya Pradesh
O11489,C0752,2025-09-09,Completed,Debit Card,Indore,Madhya Pradesh
O11490,C3590,2024-11-06,Completed,UPI,Kolkata,West Bengal
O11491,C0749,2024-01-04,Completed,Credit Card,Kolkata,West Bengal
O11492,C0365,2024-09-18,Completed,COD,Jaipur,Rajasthan
O11493,C0267,2025-08-26,Completed,Net Banking,Surat,Gujarat
O11494,C4502,2024-10-31,Completed,Credit Card,Bhopal,Madhya Pradesh
O11495,C3822,2023-11-20,Completed,COD,Lucknow,Uttar Pradesh
O11496,C4235,2025-02-28,Cancelled,UPI,Hyderabad,Telangana
O11497,C1189,2025-04-06,Completed,Credit Card,Patna,Bihar
O11498,C3178,2023-09-21,Completed,Debit Card,Nagpur,Maharashtra
O11499,C3221,2024-03-25,Returned,UPI,Delhi,Delhi
O11500,C2831,2024-07-02,Completed,COD,Patna,Bihar
O11501,C4967,2023-03-06,Completed,COD,Pune,Maharashtra
O11502,C0703,2024-03-01,Completed,COD,Bengaluru,Karnataka
O11503,C1699,2024-09-15,Completed,UPI,Lucknow,Uttar Pradesh
O11504,C0201,2023-12-19,Completed,UPI,Bengaluru,Karnataka
O11505,C4714,2025-08-02,Completed,Debit Card,Pune,Maharashtra
O11506,C3799,2024-08-02,Completed,Credit Card,Gurugram,Haryana
O11507,C2014,2025-10-04,Completed,Credit Card,Bhopal,Madhya Pradesh
O11508,C4953,2023-05-16,Completed,UPI,Hyderabad,Telangana
O11509,C3542,2025-10-07,Returned,Credit Card,Gurugram,Haryana
O11510,C2010,2024-12-26,Completed,COD,Surat,Gujarat
O11511,C3506,2025-01-22,Completed,Debit Card,Bhubaneswar,Odisha
O11512,C3101,2023-11-06,Completed,Credit Card,Chandigarh,Chandigarh
O11513,C4160,2023-06-05,Completed,Debit Card,Bhubaneswar,Odisha
O11514,C3738,2025-08-19,Cancelled,COD,Delhi,Delhi
O11515,C1712,2024-01-01,Completed,COD,Chennai,Tamil Nadu
O11516,C4347,2025-12-18,Completed,Credit Card,Pune,Maharashtra
O11517,C1730,2023-12-04,Cancelled,UPI,Bhubaneswar,Odisha
O11518,C3351,2024-04-16,Completed,UPI,Patna,Bihar
O11519,C4135,2023-10-16,Completed,Credit Card,Mumbai,Maharashtra
O11520,C0069,2024-01-09,Completed,UPI,Chandigarh,Chandigarh
O11521,C4373,2023-12-13,Completed,Credit Card,Chandigarh,Chandigarh
O11522,C3192,2024-09-24,Completed,Credit Card,Noida,Uttar Pradesh
O11523,C1110,2023-02-05,Completed,Debit Card,Nagpur,Maharashtra
O11524,C3019,2024-12-25,Completed,UPI,Bhopal,Madhya Pradesh
O11525,C2654,2024-04-03,Completed,UPI,Patna,Bihar
O11526,C0341,2025-06-09,Completed,COD,Patna,Bihar
O11527,C0421,2025-03-12,Completed,UPI,Bhopal,Madhya Pradesh
O11528,C2276,2025-10-23,Completed,Net Banking,Noida,Uttar Pradesh
O11529,C1919,2023-01-06,Completed,Credit Card,Hyderabad,Telangana
O11530,C0473,2024-09-04,Completed,UPI,Hyderabad,Telangana
O11531,C2136,2023-11-05,Completed,UPI,Delhi,Delhi
O11532,C3422,2023-12-25,Completed,Credit Card,Noida,Uttar Pradesh
O11533,C4963,2025-08-15,Completed,UPI,Nagpur,Maharashtra
O11534,C3029,2024-05-22,Completed,COD,Mumbai,Maharashtra
O11535,C2088,2024-04-09,Completed,COD,Delhi,Delhi
O11536,C3359,2024-11-06,Cancelled,Credit Card,Patna,Bihar
O11537,C0256,2025-03-12,Completed,Net Banking,Delhi,Delhi
O11538,C3870,2024-06-01,Completed,UPI,Chandigarh,Chandigarh
O11539,C1444,2025-09-25,Completed,COD,Nagpur,Maharashtra
O11540,C0539,2024-01-19,Returned,COD,Chandigarh,Chandigarh
O11541,C3388,2025-08-19,Completed,Credit Card,Gurugram,Haryana
O11542,C1824,2024-05-04,Completed,UPI,Gurugram,Haryana
O11543,C0858,2024-06-22,Completed,Credit Card,Bhopal,Madhya Pradesh
O11544,C0132,2024-07-04,Completed,Net Banking,Pune,Maharashtra
O11545,C2916,2024-08-30,Completed,UPI,Patna,Bihar
O11546,C4837,2023-06-11,Completed,UPI,Kochi,Kerala
O11547,C2587,2024-08-23,Completed,Debit Card,Kolkata,West Bengal
O11548,C3375,2024-10-26,Cancelled,Debit Card,Jaipur,Rajasthan
O11549,C2032,2025-04-23,Completed,UPI,Delhi,Delhi
O11550,C1926,2025-05-11,Completed,COD,Gurugram,Haryana
O11551,C2002,2023-08-31,Returned,Net Banking,Ahmedabad,Gujarat
O11552,C4378,2023-01-30,Completed,UPI,Ahmedabad,Gujarat
O11553,C2328,2024-04-25,Completed,Net Banking,Hyderabad,Telangana
O11554,C3572,2023-08-09,Completed,UPI,Ahmedabad,Gujarat
O11555,C3372,2024-01-06,Completed,UPI,Bhopal,Madhya Pradesh
O11556,C3982,2023-04-30,Completed,UPI,Kochi,Kerala
O11557,C0666,2024-05-24,Completed,Credit Card,Mumbai,Maharashtra
O11558,C1647,2024-05-28,Completed,Net Banking,Indore,Madhya Pradesh
O11559,C4567,2023-07-10,Completed,UPI,Bhopal,Madhya Pradesh
O11560,C4508,2025-11-06,Completed,Credit Card,Bhopal,Madhya Pradesh
O11561,C4609,2023-01-31,Cancelled,UPI,Bhubaneswar,Odisha
O11562,C1164,2025-06-15,Returned,UPI,Pune,Maharashtra
O11563,C2926,2025-12-29,Cancelled,Net Banking,Bengaluru,Karnataka
O11564,C4515,2024-01-27,Completed,Debit Card,Pune,Maharashtra
O11565,C3999,2023-01-24,Completed,Debit Card,Indore,Madhya Pradesh
O11566,C0825,2024-03-22,Completed,Debit Card,Indore,Madhya Pradesh
O11567,C0733,2023-06-17,Completed,UPI,Indore,Madhya Pradesh
O11568,C4487,2025-02-08,Completed,UPI,Lucknow,Uttar Pradesh
O11569,C1588,2023-10-16,Completed,Credit Card,Noida,Uttar Pradesh
O11570,C3665,2025-11-03,Completed,Net Banking,Hyderabad,Telangana
O11571,C4757,2024-03-13,Completed,Debit Card,Jaipur,Rajasthan
O11572,C0027,2023-02-24,Completed,Credit Card,Bhubaneswar,Odisha
O11573,C2671,2024-12-28,Completed,Credit Card,Kolkata,West Bengal
O11574,C0884,2023-03-25,Completed,Net Banking,Ahmedabad,Gujarat
O11575,C0127,2024-01-04,Completed,UPI,Chandigarh,Chandigarh
O11576,C1480,2025-06-14,Returned,UPI,Kochi,Kerala
O11577,C2329,2023-11-02,Returned,UPI,Ahmedabad,Gujarat
O11578,C0319,2024-12-10,Completed,COD,Noida,Uttar Pradesh
O11579,C2489,2023-07-19,Cancelled,COD,Pune,Maharashtra
O11580,C0341,2023-12-01,Completed,Credit Card,Patna,Bihar
O11581,C4790,2023-06-28,Completed,UPI,Lucknow,Uttar Pradesh
O11582,C4215,2024-03-25,Completed,UPI,Chennai,Tamil Nadu
O11583,C4874,2025-01-09,Completed,UPI,Pune,Maharashtra
O11584,C4096,2025-05-17,Completed,Net Banking,Ahmedabad,Gujarat
O11585,C4481,2025-09-04,Completed,COD,Ahmedabad,Gujarat
O11586,C1606,2024-10-27,Completed,Credit Card,Noida,Uttar Pradesh
O11587,C4182,2023-01-25,Completed,UPI,Ahmedabad,Gujarat
O11588,C2409,2024-04-20,Completed,COD,Bhubaneswar,Odisha
O11589,C3054,2025-02-21,Completed,Credit Card,Nagpur,Maharashtra
O11590,C2840,2023-07-21,Completed,UPI,Jaipur,Rajasthan
O11591,C1109,2024-09-01,Returned,UPI,Bhopal,Madhya Pradesh
O11592,C4455,2024-08-11,Returned,Debit Card,Chandigarh,Chandigarh
O11593,C3205,2024-03-12,Completed,Net Banking,Patna,Bihar
O11594,C3213,2025-05-21,Completed,Credit Card,Nagpur,Maharashtra
O11595,C4543,2023-04-21,Completed,UPI,Kolkata,West Bengal
O11596,C1926,2023-05-03,Completed,Credit Card,Gurugram,Haryana
O11597,C1079,2023-02-23,Completed,UPI,Surat,Gujarat
O11598,C4401,2023-06-16,Completed,COD,Noida,Uttar Pradesh
O11599,C1977,2025-09-16,Completed,UPI,Kolkata,West Bengal
O11600,C2819,2024-03-10,Completed,UPI,Chandigarh,Chandigarh
O11601,C4630,2025-08-17,Completed,Debit Card,Ahmedabad,Gujarat
O11602,C2083,2024-08-23,Completed,UPI,Kochi,Kerala
O11603,C3561,2025-10-31,Returned,UPI,Surat,Gujarat
O11604,C2730,2024-05-23,Completed,Credit Card,Ahmedabad,Gujarat
O11605,C1164,2024-07-17,Completed,COD,Pune,Maharashtra
O11606,C1015,2024-12-25,Completed,Credit Card,Nagpur,Maharashtra
O11607,C4737,2025-12-13,Completed,Net Banking,Hyderabad,Telangana
O11608,C3445,2023-09-04,Completed,Credit Card,Hyderabad,Telangana
O11609,C0759,2024-08-03,Completed,COD,Nagpur,Maharashtra
O11610,C3095,2023-05-20,Completed,Credit Card,Delhi,Delhi
O11611,C4380,2025-05-20,Cancelled,Credit Card,Indore,Madhya Pradesh
O11612,C0113,2024-02-09,Completed,Net Banking,Kochi,Kerala
O11613,C2421,2024-05-20,Completed,Debit Card,Bhubaneswar,Odisha
O11614,C4293,2024-08-03,Completed,UPI,Bhubaneswar,Odisha
O11615,C4989,2023-12-13,Completed,Credit Card,Ahmedabad,Gujarat
O11616,C0822,2025-05-12,Returned,UPI,Bhubaneswar,Odisha
O11617,C3640,2024-01-09,Completed,UPI,Pune,Maharashtra
O11618,C2446,2024-09-24,Completed,COD,Hyderabad,Telangana
O11619,C2200,2023-10-19,Completed,Debit Card,Noida,Uttar Pradesh
O11620,C4287,2023-10-04,Completed,UPI,Ahmedabad,Gujarat
O11621,C1820,2023-09-11,Completed,UPI,Delhi,Delhi
O11622,C0277,2024-10-20,Cancelled,Credit Card,Delhi,Delhi
O11623,C1267,2023-01-03,Completed,UPI,Bhopal,Madhya Pradesh
O11624,C0276,2024-04-01,Completed,UPI,Mumbai,Maharashtra
O11625,C2912,2024-02-22,Completed,UPI,Nagpur,Maharashtra
O11626,C1331,2023-06-06,Completed,Debit Card,Chennai,Tamil Nadu
O11627,C1894,2023-07-21,Completed,Credit Card,Pune,Maharashtra
O11628,C2344,2025-06-02,Completed,UPI,Lucknow,Uttar Pradesh
O11629,C3306,2024-11-27,Completed,COD,Chandigarh,Chandigarh
O11630,C2389,2023-11-25,Completed,COD,Chandigarh,Chandigarh
O11631,C0593,2023-02-09,Returned,Credit Card,Kochi,Kerala
O11632,C4979,2024-12-15,Returned,UPI,Delhi,Delhi
O11633,C1388,2023-05-27,Completed,Credit Card,Chandigarh,Chandigarh
O11634,C3996,2023-08-30,Completed,Debit Card,Ahmedabad,Gujarat
O11635,C1535,2023-06-28,Completed,UPI,Noida,Uttar Pradesh
O11636,C4110,2025-12-08,Completed,Debit Card,Kolkata,West Bengal
O11637,C1064,2023-06-29,Completed,Debit Card,Bengaluru,Karnataka
O11638,C3106,2024-10-23,Completed,COD,Patna,Bihar
O11639,C3905,2025-05-30,Completed,UPI,Pune,Maharashtra
O11640,C3306,2025-08-15,Returned,UPI,Chandigarh,Chandigarh
O11641,C1904,2025-01-20,Completed,UPI,Delhi,Delhi
O11642,C3362,2023-07-28,Completed,Net Banking,Ahmedabad,Gujarat
O11643,C0855,2024-09-22,Completed,UPI,Bengaluru,Karnataka
O11644,C3505,2024-06-26,Completed,COD,Bhubaneswar,Odisha
O11645,C2896,2023-12-15,Completed,Net Banking,Chandigarh,Chandigarh
O11646,C4051,2024-06-02,Cancelled,Net Banking,Jaipur,Rajasthan
O11647,C3813,2024-01-22,Completed,Credit Card,Jaipur,Rajasthan
O11648,C1916,2025-03-11,Completed,COD,Surat,Gujarat
O11649,C2999,2024-08-29,Completed,Debit Card,Bhubaneswar,Odisha
O11650,C1342,2023-12-10,Completed,COD,Nagpur,Maharashtra
O11651,C2688,2025-11-27,Completed,UPI,Pune,Maharashtra
O11652,C1862,2024-01-01,Cancelled,COD,Patna,Bihar
O11653,C2456,2024-01-16,Completed,Credit Card,Bhopal,Madhya Pradesh
O11654,C3793,2025-09-11,Cancelled,Credit Card,Kolkata,West Bengal
O11655,C2864,2024-05-05,Completed,Debit Card,Ahmedabad,Gujarat
O11656,C3152,2023-07-12,Completed,UPI,Chandigarh,Chandigarh
O11657,C3879,2023-03-22,Completed,UPI,Kochi,Kerala
O11658,C3063,2025-05-27,Completed,Credit Card,Surat,Gujarat
O11659,C1309,2023-05-09,Completed,UPI,Kolkata,West Bengal
O11660,C1702,2025-10-26,Completed,UPI,Jaipur,Rajasthan
O11661,C4414,2023-01-21,Completed,Net Banking,Kochi,Kerala
O11662,C4506,2025-04-30,Completed,UPI,Ahmedabad,Gujarat
O11663,C3214,2023-01-28,Completed,UPI,Noida,Uttar Pradesh
O11664,C2019,2024-03-25,Completed,UPI,Chandigarh,Chandigarh
O11665,C0247,2025-07-11,Completed,Credit Card,Bengaluru,Karnataka
O11666,C2225,2025-07-16,Completed,COD,Bhubaneswar,Odisha
O11667,C2859,2024-10-13,Completed,UPI,Surat,Gujarat
O11668,C1368,2025-04-12,Completed,Debit Card,Kolkata,West Bengal
O11669,C4360,2023-08-23,Completed,UPI,Kolkata,West Bengal
O11670,C4264,2024-02-28,Completed,COD,Noida,Uttar Pradesh
O11671,C0703,2024-08-27,Completed,Debit Card,Bengaluru,Karnataka
O11672,C1924,2023-03-23,Completed,COD,Lucknow,Uttar Pradesh
O11673,C1551,2023-11-14,Completed,COD,Kochi,Kerala
O11674,C1334,2023-12-31,Returned,COD,Jaipur,Rajasthan
O11675,C1799,2025-02-03,Cancelled,Net Banking,Chandigarh,Chandigarh
O11676,C3456,2025-01-09,Returned,Debit Card,Hyderabad,Telangana
O11677,C3366,2024-02-04,Completed,Debit Card,Bengaluru,Karnataka
O11678,C0664,2023-12-22,Completed,UPI,Kolkata,West Bengal
O11679,C2628,2025-07-24,Completed,UPI,Bengaluru,Karnataka
O11680,C2085,2023-08-23,Completed,Credit Card,Noida,Uttar Pradesh
O11681,C2936,2023-02-04,Completed,Debit Card,Jaipur,Rajasthan
O11682,C4643,2024-09-30,Completed,UPI,Kolkata,West Bengal
O11683,C4742,2023-12-05,Completed,UPI,Surat,Gujarat
O11684,C4974,2025-12-12,Completed,Debit Card,Noida,Uttar Pradesh
O11685,C4769,2024-03-18,Completed,UPI,Lucknow,Uttar Pradesh
O11686,C4468,2024-02-24,Cancelled,Credit Card,Surat,Gujarat
O11687,C4832,2024-12-06,Returned,Credit Card,Lucknow,Uttar Pradesh
O11688,C2150,2025-01-21,Completed,COD,Chennai,Tamil Nadu
O11689,C3427,2023-09-06,Completed,Credit Card,Bengaluru,Karnataka
O11690,C0480,2023-10-20,Completed,UPI,Kochi,Kerala
O11691,C2958,2023-07-26,Completed,UPI,Patna,Bihar
O11692,C3731,2024-03-10,Completed,UPI,Jaipur,Rajasthan
O11693,C1351,2023-08-27,Completed,UPI,Chennai,Tamil Nadu
O11694,C4013,2024-06-01,Completed,Debit Card,Delhi,Delhi
O11695,C0700,2025-01-06,Completed,Credit Card,Hyderabad,Telangana
O11696,C2648,2023-05-29,Completed,Debit Card,Bhubaneswar,Odisha
O11697,C1722,2023-02-26,Completed,Debit Card,Kolkata,West Bengal
O11698,C3160,2023-06-05,Completed,Credit Card,Ahmedabad,Gujarat
O11699,C0334,2024-06-19,Completed,Net Banking,Mumbai,Maharashtra
O11700,C0664,2023-04-25,Completed,COD,Kolkata,West Bengal
O11701,C0779,2024-08-26,Completed,UPI,Jaipur,Rajasthan
O11702,C1224,2023-11-27,Completed,Credit Card,Chandigarh,Chandigarh
O11703,C3455,2024-01-01,Completed,UPI,Kolkata,West Bengal
O11704,C3500,2025-06-04,Completed,Debit Card,Gurugram,Haryana
O11705,C2498,2025-11-26,Completed,UPI,Nagpur,Maharashtra
O11706,C0941,2023-10-24,Completed,Debit Card,Gurugram,Haryana
O11707,C2634,2024-04-09,Completed,UPI,Gurugram,Haryana
O11708,C1017,2025-04-26,Completed,UPI,Nagpur,Maharashtra
O11709,C4601,2025-01-07,Completed,UPI,Bhubaneswar,Odisha
O11710,C4534,2025-05-22,Returned,Net Banking,Mumbai,Maharashtra
O11711,C3722,2025-03-21,Completed,UPI,Nagpur,Maharashtra
O11712,C0006,2024-04-30,Completed,COD,Pune,Maharashtra
O11713,C2267,2024-02-03,Completed,COD,Patna,Bihar
O11714,C3988,2025-12-11,Completed,UPI,Jaipur,Rajasthan
O11715,C3793,2025-02-10,Completed,Credit Card,Kolkata,West Bengal
O11716,C0513,2025-07-02,Completed,COD,Jaipur,Rajasthan
O11717,C4965,2025-06-04,Completed,Debit Card,Surat,Gujarat
O11718,C3261,2024-06-02,Cancelled,UPI,Chennai,Tamil Nadu
O11719,C0975,2024-12-02,Completed,Net Banking,Jaipur,Rajasthan
O11720,C2817,2023-12-13,Cancelled,UPI,Bhubaneswar,Odisha
O11721,C0977,2023-02-27,Completed,UPI,Kochi,Kerala
O11722,C2734,2024-10-19,Completed,UPI,Bhubaneswar,Odisha
O11723,C0621,2023-06-27,Completed,Debit Card,Chennai,Tamil Nadu
O11724,C4651,2024-04-09,Completed,UPI,Patna,Bihar
O11725,C4646,2025-12-04,Completed,COD,Surat,Gujarat
O11726,C3842,2023-07-09,Completed,UPI,Bhubaneswar,Odisha
O11727,C0594,2024-01-01,Cancelled,UPI,Bengaluru,Karnataka
O11728,C1420,2023-07-12,Returned,COD,Mumbai,Maharashtra
O11729,C1943,2024-07-20,Completed,COD,Pune,Maharashtra
O11730,C0623,2023-10-21,Completed,Credit Card,Kolkata,West Bengal
O11731,C3849,2025-02-10,Completed,Credit Card,Indore,Madhya Pradesh
O11732,C4530,2025-10-07,Completed,Debit Card,Gurugram,Haryana
O11733,C3920,2024-06-10,Completed,Debit Card,Lucknow,Uttar Pradesh
O11734,C0318,2023-05-29,Completed,Credit Card,Bengaluru,Karnataka
O11735,C2583,2023-05-29,Completed,COD,Ahmedabad,Gujarat
O11736,C1525,2023-09-08,Completed,COD,Hyderabad,Telangana
O11737,C0893,2024-03-10,Completed,COD,Nagpur,Maharashtra
O11738,C0628,2023-08-02,Completed,UPI,Lucknow,Uttar Pradesh
O11739,C4254,2024-09-11,Completed,UPI,Hyderabad,Telangana
O11740,C3022,2023-02-04,Completed,UPI,Pune,Maharashtra
O11741,C1455,2024-01-16,Completed,COD,Bengaluru,Karnataka
O11742,C2772,2025-02-10,Completed,UPI,Indore,Madhya Pradesh
O11743,C0553,2023-08-15,Completed,UPI,Chandigarh,Chandigarh
O11744,C3591,2023-08-08,Cancelled,Net Banking,Bhubaneswar,Odisha
O11745,C4958,2025-03-08,Completed,UPI,Mumbai,Maharashtra
O11746,C2506,2023-09-22,Completed,UPI,Lucknow,Uttar Pradesh
O11747,C2086,2025-02-25,Completed,COD,Lucknow,Uttar Pradesh
O11748,C0676,2023-12-02,Completed,UPI,Gurugram,Haryana
O11749,C1594,2025-08-18,Completed,COD,Indore,Madhya Pradesh
O11750,C4398,2023-11-28,Completed,UPI,Pune,Maharashtra
O11751,C2683,2025-02-11,Completed,UPI,Bhubaneswar,Odisha
O11752,C3779,2024-12-24,Returned,UPI,Bhopal,Madhya Pradesh
O11753,C3265,2024-09-22,Cancelled,COD,Bengaluru,Karnataka
O11754,C1938,2024-12-06,Returned,COD,Nagpur,Maharashtra
O11755,C4994,2025-12-02,Completed,UPI,Bengaluru,Karnataka
O11756,C0616,2025-09-06,Completed,Debit Card,Bengaluru,Karnataka
O11757,C4228,2024-11-18,Completed,UPI,Kochi,Kerala
O11758,C1632,2024-03-17,Completed,Credit Card,Bhopal,Madhya Pradesh
O11759,C0945,2024-09-02,Completed,UPI,Patna,Bihar
O11760,C4981,2024-03-12,Completed,COD,Lucknow,Uttar Pradesh
O11761,C3477,2025-08-16,Completed,Credit Card,Noida,Uttar Pradesh
O11762,C0471,2025-06-20,Completed,Net Banking,Gurugram,Haryana
O11763,C1956,2025-03-11,Cancelled,Credit Card,Jaipur,Rajasthan
O11764,C2397,2023-06-20,Completed,Credit Card,Nagpur,Maharashtra
O11765,C3907,2023-11-06,Completed,Debit Card,Hyderabad,Telangana
O11766,C2091,2025-09-05,Completed,COD,Delhi,Delhi
O11767,C2824,2023-12-18,Completed,UPI,Ahmedabad,Gujarat
O11768,C2530,2025-05-09,Completed,Credit Card,Surat,Gujarat
O11769,C4174,2025-09-22,Cancelled,COD,Kochi,Kerala
O11770,C1060,2023-05-21,Completed,Credit Card,Bengaluru,Karnataka
O11771,C0647,2025-01-15,Completed,UPI,Noida,Uttar Pradesh
O11772,C1354,2023-08-09,Completed,UPI,Jaipur,Rajasthan
O11773,C2700,2025-01-12,Completed,COD,Kochi,Kerala
O11774,C0764,2025-04-19,Cancelled,UPI,Bengaluru,Karnataka
O11775,C4072,2023-04-23,Completed,UPI,Noida,Uttar Pradesh
O11776,C2327,2025-12-07,Completed,UPI,Delhi,Delhi
O11777,C0459,2024-11-06,Cancelled,UPI,Pune,Maharashtra
O11778,C0692,2023-06-22,Completed,UPI,Surat,Gujarat
O11779,C2573,2023-05-25,Cancelled,COD,Ahmedabad,Gujarat
O11780,C2540,2025-01-31,Completed,UPI,Nagpur,Maharashtra
O11781,C4170,2024-06-28,Completed,Credit Card,Kochi,Kerala
O11782,C0819,2023-11-17,Completed,COD,Gurugram,Haryana
O11783,C4251,2024-12-06,Completed,Net Banking,Gurugram,Haryana
O11784,C0519,2023-05-06,Completed,Debit Card,Gurugram,Haryana
O11785,C4471,2025-06-30,Completed,Net Banking,Nagpur,Maharashtra
O11786,C3992,2024-11-05,Completed,Credit Card,Pune,Maharashtra
O11787,C0343,2024-11-13,Completed,COD,Delhi,Delhi
O11788,C4644,2025-10-13,Completed,Net Banking,Chennai,Tamil Nadu
O11789,C2794,2023-08-04,Cancelled,UPI,Mumbai,Maharashtra
O11790,C3175,2025-01-12,Completed,UPI,Pune,Maharashtra
O11791,C4532,2023-08-25,Completed,Debit Card,Nagpur,Maharashtra
O11792,C0444,2023-04-06,Completed,UPI,Noida,Uttar Pradesh
O11793,C4575,2025-06-30,Completed,UPI,Indore,Madhya Pradesh
O11794,C3705,2023-03-13,Completed,COD,Pune,Maharashtra
O11795,C1901,2025-07-06,Completed,UPI,Bhubaneswar,Odisha
O11796,C1518,2025-08-09,Completed,UPI,Kochi,Kerala
O11797,C4133,2023-02-21,Returned,COD,Surat,Gujarat
O11798,C1557,2025-09-03,Completed,UPI,Ahmedabad,Gujarat
O11799,C0098,2023-06-04,Completed,COD,Delhi,Delhi
O11800,C2862,2023-11-16,Completed,Credit Card,Pune,Maharashtra
O11801,C1045,2023-10-28,Completed,COD,Hyderabad,Telangana
O11802,C0468,2023-07-14,Completed,COD,Bhubaneswar,Odisha
O11803,C0354,2025-11-15,Completed,Credit Card,Bengaluru,Karnataka
O11804,C0072,2023-07-28,Completed,Net Banking,Chandigarh,Chandigarh
O11805,C1376,2025-01-02,Completed,Debit Card,Chandigarh,Chandigarh
O11806,C1076,2025-04-25,Completed,Credit Card,Bhubaneswar,Odisha
O11807,C1246,2025-03-08,Completed,Credit Card,Nagpur,Maharashtra
O11808,C1024,2025-09-23,Completed,UPI,Pune,Maharashtra
O11809,C1821,2023-09-10,Cancelled,COD,Bhopal,Madhya Pradesh
O11810,C0990,2025-08-01,Returned,UPI,Indore,Madhya Pradesh
O11811,C4556,2024-09-05,Completed,UPI,Kochi,Kerala
O11812,C2549,2023-07-03,Completed,Debit Card,Bhubaneswar,Odisha
O11813,C4813,2024-05-13,Completed,UPI,Bengaluru,Karnataka
O11814,C4463,2025-05-06,Completed,Credit Card,Indore,Madhya Pradesh
O11815,C3722,2025-09-26,Completed,Credit Card,Nagpur,Maharashtra
O11816,C3108,2024-04-30,Completed,Credit Card,Lucknow,Uttar Pradesh
O11817,C4703,2023-07-14,Completed,UPI,Chennai,Tamil Nadu
O11818,C2576,2025-11-10,Returned,COD,Chennai,Tamil Nadu
O11819,C3047,2025-03-08,Returned,Debit Card,Patna,Bihar
O11820,C0749,2025-12-14,Completed,UPI,Kolkata,West Bengal
O11821,C1700,2025-10-22,Completed,UPI,Lucknow,Uttar Pradesh
O11822,C0602,2023-10-31,Completed,Credit Card,Noida,Uttar Pradesh
O11823,C4716,2023-03-30,Cancelled,Credit Card,Indore,Madhya Pradesh
O11824,C0255,2025-05-29,Completed,Net Banking,Hyderabad,Telangana
O11825,C2978,2025-10-04,Completed,UPI,Hyderabad,Telangana
O11826,C2725,2024-08-08,Completed,COD,Indore,Madhya Pradesh
O11827,C0836,2023-11-01,Completed,COD,Kolkata,West Bengal
O11828,C1851,2024-06-14,Returned,Credit Card,Bhopal,Madhya Pradesh
O11829,C4765,2023-10-11,Completed,COD,Pune,Maharashtra
O11830,C3103,2024-03-16,Completed,COD,Kochi,Kerala
O11831,C3650,2023-07-07,Completed,Debit Card,Kolkata,West Bengal
O11832,C2534,2025-04-26,Completed,UPI,Indore,Madhya Pradesh
O11833,C2307,2025-08-20,Completed,UPI,Bhopal,Madhya Pradesh
O11834,C4349,2025-01-14,Completed,Credit Card,Hyderabad,Telangana
O11835,C0494,2024-09-18,Completed,UPI,Pune,Maharashtra
O11836,C3306,2024-07-10,Completed,Credit Card,Chandigarh,Chandigarh
O11837,C1131,2025-09-25,Completed,Credit Card,Kolkata,West Bengal
O11838,C4432,2024-09-21,Completed,Credit Card,Lucknow,Uttar Pradesh
O11839,C3785,2024-01-07,Cancelled,Credit Card,Mumbai,Maharashtra
O11840,C2101,2023-11-05,Completed,UPI,Mumbai,Maharashtra
O11841,C4016,2023-04-12,Completed,UPI,Indore,Madhya Pradesh
O11842,C4041,2023-05-12,Completed,Credit Card,Jaipur,Rajasthan
O11843,C1777,2023-07-21,Returned,Credit Card,Nagpur,Maharashtra
O11844,C1868,2023-10-21,Completed,UPI,Gurugram,Haryana
O11845,C2735,2023-02-02,Completed,UPI,Kochi,Kerala
O11846,C3332,2023-01-18,Returned,UPI,Bhubaneswar,Odisha
O11847,C3441,2025-05-21,Completed,Credit Card,Bhopal,Madhya Pradesh
O11848,C0210,2024-11-02,Completed,Credit Card,Noida,Uttar Pradesh
O11849,C3114,2023-07-27,Completed,UPI,Bengaluru,Karnataka
O11850,C2730,2023-06-10,Cancelled,Debit Card,Ahmedabad,Gujarat
O11851,C4990,2023-11-15,Completed,Credit Card,Noida,Uttar Pradesh
O11852,C4070,2024-04-06,Returned,Debit Card,Nagpur,Maharashtra
O11853,C4433,2025-06-27,Completed,COD,Bengaluru,Karnataka
O11854,C4771,2023-02-21,Completed,UPI,Noida,Uttar Pradesh
O11855,C4201,2023-02-21,Completed,UPI,Gurugram,Haryana
O11856,C3762,2024-09-09,Returned,Debit Card,Bhopal,Madhya Pradesh
O11857,C4799,2024-09-01,Completed,Net Banking,Hyderabad,Telangana
O11858,C1148,2023-05-11,Cancelled,Credit Card,Pune,Maharashtra
O11859,C3782,2025-08-21,Completed,UPI,Bengaluru,Karnataka
O11860,C1291,2023-08-11,Completed,Net Banking,Chandigarh,Chandigarh
O11861,C3115,2023-11-11,Completed,Credit Card,Indore,Madhya Pradesh
O11862,C3879,2025-04-16,Cancelled,Credit Card,Kochi,Kerala
O11863,C2701,2024-05-26,Returned,Credit Card,Hyderabad,Telangana
O11864,C0674,2023-05-10,Cancelled,UPI,Indore,Madhya Pradesh
O11865,C2976,2024-12-08,Completed,COD,Patna,Bihar
O11866,C2372,2025-12-03,Returned,Debit Card,Bhubaneswar,Odisha
O11867,C0757,2023-07-07,Completed,Net Banking,Pune,Maharashtra
O11868,C4297,2023-09-01,Completed,UPI,Patna,Bihar
O11869,C4338,2025-07-11,Completed,Debit Card,Ahmedabad,Gujarat
O11870,C2902,2024-08-25,Returned,Credit Card,Pune,Maharashtra
O11871,C1488,2025-07-23,Completed,COD,Chennai,Tamil Nadu
O11872,C0968,2025-07-22,Completed,UPI,Surat,Gujarat
O11873,C3013,2023-11-15,Completed,COD,Lucknow,Uttar Pradesh
O11874,C2353,2025-08-11,Completed,Debit Card,Gurugram,Haryana
O11875,C4410,2023-10-01,Completed,Debit Card,Chennai,Tamil Nadu
O11876,C2844,2025-02-01,Completed,COD,Kochi,Kerala
O11877,C0883,2025-07-13,Completed,Credit Card,Ahmedabad,Gujarat
O11878,C0498,2023-03-12,Completed,Debit Card,Patna,Bihar
O11879,C3429,2023-01-24,Completed,Debit Card,Ahmedabad,Gujarat
O11880,C1906,2023-05-14,Completed,UPI,Chandigarh,Chandigarh
O11881,C1541,2025-01-27,Completed,UPI,Chandigarh,Chandigarh
O11882,C1999,2025-07-26,Completed,UPI,Bengaluru,Karnataka
O11883,C1333,2023-07-21,Completed,Debit Card,Nagpur,Maharashtra
O11884,C3367,2023-06-10,Completed,UPI,Jaipur,Rajasthan
O11885,C1573,2025-12-05,Completed,COD,Noida,Uttar Pradesh
O11886,C3665,2024-05-12,Completed,UPI,Hyderabad,Telangana
O11887,C3455,2023-04-15,Completed,Credit Card,Kolkata,West Bengal
O11888,C3817,2025-08-04,Completed,UPI,Lucknow,Uttar Pradesh
O11889,C1361,2024-06-08,Completed,UPI,Jaipur,Rajasthan
O11890,C0564,2025-04-01,Completed,UPI,Indore,Madhya Pradesh
O11891,C0734,2025-06-26,Completed,Net Banking,Indore,Madhya Pradesh
O11892,C0753,2025-09-10,Completed,UPI,Chennai,Tamil Nadu
O11893,C2357,2023-10-18,Completed,UPI,Hyderabad,Telangana
O11894,C4244,2023-12-05,Completed,COD,Noida,Uttar Pradesh
O11895,C2975,2023-01-13,Completed,Credit Card,Bengaluru,Karnataka
O11896,C3987,2024-06-17,Completed,Debit Card,Mumbai,Maharashtra
O11897,C2716,2024-07-05,Completed,COD,Lucknow,Uttar Pradesh
O11898,C1786,2023-05-07,Completed,Debit Card,Kochi,Kerala
O11899,C4788,2025-02-13,Completed,COD,Jaipur,Rajasthan
O11900,C2634,2025-10-09,Cancelled,Credit Card,Gurugram,Haryana
O11901,C2093,2025-04-02,Completed,Debit Card,Surat,Gujarat
O11902,C1806,2025-08-28,Completed,Net Banking,Hyderabad,Telangana
O11903,C3364,2023-08-10,Completed,COD,Hyderabad,Telangana
O11904,C4360,2024-02-01,Cancelled,Debit Card,Kolkata,West Bengal
O11905,C3056,2023-04-09,Completed,UPI,Jaipur,Rajasthan
O11906,C1249,2023-10-06,Completed,Net Banking,Bhopal,Madhya Pradesh
O11907,C0216,2024-11-23,Completed,UPI,Bengaluru,Karnataka
O11908,C3946,2025-02-26,Completed,UPI,Delhi,Delhi
O11909,C4327,2024-01-11,Completed,UPI,Mumbai,Maharashtra
O11910,C1726,2023-08-24,Cancelled,UPI,Kochi,Kerala
O11911,C2702,2024-10-19,Completed,COD,Ahmedabad,Gujarat
O11912,C1201,2023-03-09,Completed,UPI,Mumbai,Maharashtra
O11913,C3635,2025-08-25,Completed,UPI,Nagpur,Maharashtra
O11914,C1541,2025-03-24,Completed,UPI,Chandigarh,Chandigarh
O11915,C4803,2024-08-06,Completed,UPI,Gurugram,Haryana
O11916,C0513,2024-09-08,Completed,Debit Card,Jaipur,Rajasthan
O11917,C3712,2025-05-21,Returned,Debit Card,Noida,Uttar Pradesh
O11918,C3937,2025-03-28,Completed,Debit Card,Kochi,Kerala
O11919,C2353,2023-02-22,Completed,Debit Card,Gurugram,Haryana
O11920,C3833,2025-09-08,Completed,UPI,Indore,Madhya Pradesh
O11921,C4447,2024-12-16,Completed,Debit Card,Bhubaneswar,Odisha
O11922,C0803,2024-01-27,Completed,Debit Card,Hyderabad,Telangana
O11923,C4547,2025-11-21,Cancelled,UPI,Hyderabad,Telangana
O11924,C0902,2023-07-10,Cancelled,Credit Card,Gurugram,Haryana
O11925,C4159,2025-04-10,Completed,UPI,Chennai,Tamil Nadu
O11926,C1789,2023-02-20,Completed,UPI,Jaipur,Rajasthan
O11927,C4601,2024-06-21,Completed,Credit Card,Bhubaneswar,Odisha
O11928,C2313,2023-10-05,Completed,UPI,Gurugram,Haryana
O11929,C1700,2024-03-26,Completed,UPI,Lucknow,Uttar Pradesh
O11930,C3151,2023-11-30,Completed,UPI,Kochi,Kerala
O11931,C1209,2025-02-03,Completed,UPI,Nagpur,Maharashtra
O11932,C2994,2024-05-20,Completed,UPI,Noida,Uttar Pradesh
O11933,C2543,2024-04-26,Completed,Debit Card,Hyderabad,Telangana
O11934,C1595,2023-12-26,Completed,UPI,Pune,Maharashtra
O11935,C3442,2024-12-03,Completed,COD,Kolkata,West Bengal
O11936,C1839,2023-05-25,Completed,COD,Jaipur,Rajasthan
O11937,C4860,2024-07-06,Completed,Debit Card,Kolkata,West Bengal
O11938,C3673,2023-03-17,Completed,UPI,Ahmedabad,Gujarat
O11939,C2903,2024-11-03,Completed,COD,Bengaluru,Karnataka
O11940,C2340,2023-10-15,Completed,Credit Card,Chandigarh,Chandigarh
O11941,C4522,2025-12-25,Cancelled,UPI,Kolkata,West Bengal
O11942,C2343,2024-06-26,Completed,COD,Hyderabad,Telangana
O11943,C4929,2025-07-25,Cancelled,UPI,Gurugram,Haryana
O11944,C0500,2025-08-25,Completed,Credit Card,Noida,Uttar Pradesh
O11945,C3628,2023-07-18,Completed,Debit Card,Indore,Madhya Pradesh
O11946,C0845,2024-02-24,Completed,UPI,Mumbai,Maharashtra
O11947,C3664,2023-04-21,Completed,UPI,Indore,Madhya Pradesh
O11948,C1061,2023-04-04,Completed,Net Banking,Ahmedabad,Gujarat
O11949,C2682,2025-05-26,Completed,Debit Card,Kochi,Kerala
O11950,C1421,2023-12-26,Completed,UPI,Chandigarh,Chandigarh
O11951,C0750,2023-10-24,Completed,Credit Card,Bengaluru,Karnataka
O11952,C1948,2023-09-18,Completed,UPI,Chandigarh,Chandigarh
O11953,C1046,2024-12-25,Completed,COD,Delhi,Delhi
O11954,C3412,2023-11-14,Completed,Credit Card,Patna,Bihar
O11955,C4591,2023-09-29,Completed,COD,Surat,Gujarat
O11956,C3475,2023-07-27,Completed,Net Banking,Nagpur,Maharashtra
O11957,C1227,2025-05-27,Cancelled,Net Banking,Surat,Gujarat
O11958,C2974,2024-02-07,Completed,UPI,Chennai,Tamil Nadu
O11959,C1370,2024-03-18,Completed,Net Banking,Chennai,Tamil Nadu
O11960,C1039,2024-08-31,Completed,UPI,Noida,Uttar Pradesh
O11961,C1788,2025-12-28,Completed,UPI,Chennai,Tamil Nadu
O11962,C1653,2024-04-13,Completed,UPI,Gurugram,Haryana
O11963,C4716,2025-03-20,Cancelled,Debit Card,Indore,Madhya Pradesh
O11964,C4723,2025-04-03,Completed,Debit Card,Bengaluru,Karnataka
O11965,C4368,2025-07-31,Completed,COD,Delhi,Delhi
O11966,C0420,2025-05-25,Completed,Net Banking,Chennai,Tamil Nadu
O11967,C2898,2024-04-05,Completed,Credit Card,Kochi,Kerala
O11968,C4585,2023-04-01,Returned,Credit Card,Ahmedabad,Gujarat
O11969,C3303,2023-10-16,Completed,Debit Card,Hyderabad,Telangana
O11970,C0796,2025-03-04,Completed,Debit Card,Ahmedabad,Gujarat
O11971,C2810,2025-10-01,Completed,Credit Card,Nagpur,Maharashtra
O11972,C0467,2024-08-13,Completed,COD,Nagpur,Maharashtra
O11973,C4536,2024-07-09,Completed,UPI,Gurugram,Haryana
O11974,C1355,2024-08-05,Completed,Debit Card,Bengaluru,Karnataka
O11975,C0273,2024-07-01,Completed,UPI,Chandigarh,Chandigarh
O11976,C2750,2024-07-11,Completed,Credit Card,Surat,Gujarat
O11977,C3490,2025-08-03,Completed,COD,Surat,Gujarat
O11978,C3869,2023-08-12,Completed,UPI,Hyderabad,Telangana
O11979,C3652,2025-02-09,Completed,COD,Bhubaneswar,Odisha
O11980,C0956,2025-11-14,Completed,Credit Card,Patna,Bihar
O11981,C3410,2024-11-07,Completed,Debit Card,Bhubaneswar,Odisha
O11982,C1920,2023-06-13,Completed,Debit Card,Noida,Uttar Pradesh
O11983,C2933,2023-10-18,Completed,UPI,Bengaluru,Karnataka
O11984,C0188,2023-02-14,Completed,COD,Mumbai,Maharashtra
O11985,C0208,2024-01-03,Completed,UPI,Ahmedabad,Gujarat
O11986,C0074,2025-01-06,Completed,Credit Card,Indore,Madhya Pradesh
O11987,C4769,2023-05-26,Completed,Net Banking,Lucknow,Uttar Pradesh
O11988,C2620,2025-07-11,Completed,UPI,Kolkata,West Bengal
O11989,C1050,2023-12-16,Cancelled,Credit Card,Lucknow,Uttar Pradesh
O11990,C4970,2025-03-09,Completed,UPI,Patna,Bihar
O11991,C1882,2025-04-14,Completed,UPI,Surat,Gujarat
O11992,C0515,2025-08-05,Completed,UPI,Mumbai,Maharashtra
O11993,C3329,2025-10-30,Completed,COD,Hyderabad,Telangana
O11994,C0280,2024-06-03,Completed,Credit Card,Chennai,Tamil Nadu
O11995,C2987,2025-11-23,Completed,UPI,Chennai,Tamil Nadu
O11996,C4856,2023-08-22,Completed,Net Banking,Gurugram,Haryana
O11997,C0556,2024-06-07,Completed,UPI,Surat,Gujarat
O11998,C3380,2025-01-19,Cancelled,Debit Card,Indore,Madhya Pradesh
O11999,C0291,2025-08-10,Completed,Credit Card,Jaipur,Rajasthan
O12000,C4881,2024-01-21,Completed,Debit Card,Nagpur,Maharashtra
O12001,C2874,2023-09-30,Completed,UPI,Hyderabad,Telangana
O12002,C3019,2025-04-23,Completed,Debit Card,Bhopal,Madhya Pradesh
O12003,C1623,2023-11-23,Completed,COD,Chennai,Tamil Nadu
O12004,C4838,2023-12-01,Completed,UPI,Bengaluru,Karnataka
O12005,C3552,2024-05-28,Completed,UPI,Bhubaneswar,Odisha
O12006,C4179,2023-01-27,Cancelled,Net Banking,Kolkata,West Bengal
O12007,C3276,2024-10-26,Completed,UPI,Noida,Uttar Pradesh
O12008,C2012,2023-05-20,Completed,UPI,Nagpur,Maharashtra
O12009,C2690,2023-04-05,Completed,UPI,Bengaluru,Karnataka
O12010,C0083,2023-06-17,Completed,UPI,Gurugram,Haryana
O12011,C3996,2023-01-28,Cancelled,Credit Card,Ahmedabad,Gujarat
O12012,C0648,2024-08-06,Completed,UPI,Bhopal,Madhya Pradesh
O12013,C4247,2025-10-10,Completed,UPI,Chennai,Tamil Nadu
O12014,C3693,2023-11-04,Completed,COD,Gurugram,Haryana
O12015,C1758,2023-05-14,Cancelled,COD,Lucknow,Uttar Pradesh
O12016,C4956,2025-02-24,Completed,UPI,Bengaluru,Karnataka
O12017,C3340,2024-12-04,Completed,UPI,Jaipur,Rajasthan
O12018,C3658,2024-05-09,Completed,Net Banking,Surat,Gujarat
O12019,C4211,2023-12-21,Returned,Net Banking,Patna,Bihar
O12020,C3153,2024-06-30,Cancelled,Net Banking,Chandigarh,Chandigarh
O12021,C0726,2024-09-29,Returned,Net Banking,Nagpur,Maharashtra
O12022,C1108,2025-11-06,Completed,Debit Card,Bhubaneswar,Odisha
O12023,C4983,2023-04-20,Completed,UPI,Mumbai,Maharashtra
O12024,C2826,2023-01-10,Completed,Net Banking,Bhubaneswar,Odisha
O12025,C4906,2024-07-16,Cancelled,Debit Card,Lucknow,Uttar Pradesh
O12026,C2202,2025-04-28,Cancelled,Debit Card,Patna,Bihar
O12027,C1841,2025-01-18,Completed,COD,Ahmedabad,Gujarat
O12028,C4349,2024-08-31,Completed,Credit Card,Hyderabad,Telangana
O12029,C2496,2024-04-10,Completed,Credit Card,Bengaluru,Karnataka
O12030,C3945,2023-06-26,Completed,UPI,Surat,Gujarat
O12031,C0825,2025-09-12,Completed,UPI,Indore,Madhya Pradesh
O12032,C4603,2025-05-29,Completed,Credit Card,Hyderabad,Telangana
O12033,C1735,2025-08-18,Completed,Credit Card,Chennai,Tamil Nadu
O12034,C0351,2025-06-13,Completed,COD,Chandigarh,Chandigarh
O12035,C4914,2023-09-23,Returned,Credit Card,Noida,Uttar Pradesh
O12036,C2174,2023-01-25,Completed,COD,Nagpur,Maharashtra
O12037,C3286,2025-12-24,Cancelled,UPI,Delhi,Delhi
O12038,C0835,2024-03-02,Completed,Net Banking,Delhi,Delhi
O12039,C1988,2025-04-02,Completed,UPI,Ahmedabad,Gujarat
O12040,C3822,2024-03-30,Cancelled,Credit Card,Lucknow,Uttar Pradesh
O12041,C3672,2025-01-16,Completed,UPI,Bengaluru,Karnataka
O12042,C4992,2024-07-25,Cancelled,UPI,Patna,Bihar
O12043,C3003,2024-06-09,Completed,UPI,Hyderabad,Telangana
O12044,C2510,2023-03-28,Completed,Debit Card,Mumbai,Maharashtra
O12045,C2673,2025-11-03,Cancelled,Credit Card,Bhubaneswar,Odisha
O12046,C3443,2024-01-28,Completed,Net Banking,Jaipur,Rajasthan
O12047,C4159,2024-11-15,Completed,Debit Card,Chennai,Tamil Nadu
O12048,C4847,2024-05-28,Completed,Credit Card,Pune,Maharashtra
O12049,C4122,2025-01-25,Cancelled,Debit Card,Surat,Gujarat
O12050,C4097,2023-06-09,Completed,UPI,Jaipur,Rajasthan
O12051,C1938,2023-08-06,Completed,Credit Card,Nagpur,Maharashtra
O12052,C0298,2025-02-21,Completed,Debit Card,Delhi,Delhi
O12053,C2302,2024-06-29,Completed,UPI,Indore,Madhya Pradesh
O12054,C3939,2023-02-09,Completed,Debit Card,Hyderabad,Telangana
O12055,C1595,2023-01-26,Completed,Credit Card,Pune,Maharashtra
O12056,C3366,2024-05-05,Cancelled,Credit Card,Bengaluru,Karnataka
O12057,C3216,2025-11-14,Completed,Debit Card,Jaipur,Rajasthan
O12058,C4305,2023-07-18,Completed,Credit Card,Gurugram,Haryana
O12059,C3298,2024-01-06,Completed,UPI,Kolkata,West Bengal
O12060,C1482,2023-04-01,Completed,UPI,Patna,Bihar
O12061,C4380,2024-02-03,Completed,Debit Card,Indore,Madhya Pradesh
O12062,C3675,2024-04-04,Completed,UPI,Delhi,Delhi
O12063,C3183,2024-07-10,Completed,COD,Nagpur,Maharashtra
O12064,C4446,2023-08-13,Completed,Credit Card,Nagpur,Maharashtra
O12065,C3152,2025-02-27,Cancelled,Debit Card,Chandigarh,Chandigarh
O12066,C3788,2023-03-30,Completed,UPI,Indore,Madhya Pradesh
O12067,C1774,2024-07-26,Completed,UPI,Ahmedabad,Gujarat
O12068,C1352,2024-12-12,Completed,COD,Mumbai,Maharashtra
O12069,C1318,2023-12-10,Completed,UPI,Ahmedabad,Gujarat
O12070,C4280,2024-04-14,Cancelled,UPI,Nagpur,Maharashtra
O12071,C2031,2025-06-30,Completed,UPI,Pune,Maharashtra
O12072,C0212,2025-04-18,Completed,UPI,Delhi,Delhi
O12073,C1275,2025-02-24,Completed,UPI,Bengaluru,Karnataka
O12074,C4263,2025-10-15,Completed,COD,Kochi,Kerala
O12075,C3615,2025-11-12,Completed,UPI,Nagpur,Maharashtra
O12076,C3735,2024-06-21,Completed,COD,Indore,Madhya Pradesh
O12077,C1186,2023-08-18,Completed,Credit Card,Ahmedabad,Gujarat
O12078,C0875,2023-05-10,Cancelled,COD,Chennai,Tamil Nadu
O12079,C4503,2024-09-18,Completed,COD,Delhi,Delhi
O12080,C3464,2023-06-15,Completed,UPI,Mumbai,Maharashtra
O12081,C2486,2024-11-12,Completed,Debit Card,Bhubaneswar,Odisha
O12082,C4501,2024-07-28,Completed,UPI,Indore,Madhya Pradesh
O12083,C4371,2023-08-31,Completed,COD,Mumbai,Maharashtra
O12084,C3399,2024-01-03,Completed,COD,Indore,Madhya Pradesh
O12085,C4888,2024-11-29,Cancelled,UPI,Indore,Madhya Pradesh
O12086,C0136,2024-09-18,Completed,Credit Card,Chandigarh,Chandigarh
O12087,C0333,2023-09-15,Completed,Credit Card,Mumbai,Maharashtra
O12088,C1027,2023-07-26,Completed,Credit Card,Gurugram,Haryana
O12089,C3234,2023-09-13,Cancelled,UPI,Nagpur,Maharashtra
O12090,C1536,2023-09-04,Completed,UPI,Noida,Uttar Pradesh
O12091,C2125,2023-06-27,Completed,COD,Indore,Madhya Pradesh
O12092,C2233,2023-02-07,Returned,UPI,Pune,Maharashtra
O12093,C3958,2024-01-27,Completed,UPI,Bhopal,Madhya Pradesh
O12094,C2618,2024-08-14,Cancelled,UPI,Mumbai,Maharashtra
O12095,C0953,2024-10-21,Completed,UPI,Ahmedabad,Gujarat
O12096,C3370,2025-03-04,Completed,Debit Card,Chandigarh,Chandigarh
O12097,C3354,2025-07-19,Completed,Credit Card,Pune,Maharashtra
O12098,C1987,2023-05-01,Completed,Credit Card,Kolkata,West Bengal
O12099,C4568,2023-12-03,Completed,Debit Card,Ahmedabad,Gujarat
O12100,C3464,2024-11-14,Completed,COD,Mumbai,Maharashtra
O12101,C0165,2023-05-15,Cancelled,UPI,Pune,Maharashtra
O12102,C1992,2025-11-24,Cancelled,UPI,Bengaluru,Karnataka
O12103,C2706,2025-11-01,Completed,UPI,Bhubaneswar,Odisha
O12104,C1740,2024-01-04,Completed,COD,Bhopal,Madhya Pradesh
O12105,C4260,2025-11-30,Cancelled,Credit Card,Indore,Madhya Pradesh
O12106,C0104,2023-02-23,Completed,UPI,Bengaluru,Karnataka
O12107,C4692,2023-10-08,Completed,UPI,Indore,Madhya Pradesh
O12108,C4216,2023-09-06,Completed,COD,Lucknow,Uttar Pradesh
O12109,C1128,2025-10-17,Completed,UPI,Mumbai,Maharashtra
O12110,C0364,2025-06-08,Completed,UPI,Chennai,Tamil Nadu
O12111,C1570,2024-08-09,Completed,Debit Card,Kolkata,West Bengal
O12112,C0369,2023-12-23,Completed,COD,Indore,Madhya Pradesh
O12113,C3950,2024-05-01,Completed,Credit Card,Gurugram,Haryana
O12114,C3758,2025-12-04,Completed,COD,Bhubaneswar,Odisha
O12115,C3398,2024-06-15,Completed,Credit Card,Nagpur,Maharashtra
O12116,C4231,2025-01-26,Completed,Debit Card,Chennai,Tamil Nadu
O12117,C2093,2025-09-09,Completed,Credit Card,Surat,Gujarat
O12118,C1516,2023-07-26,Completed,COD,Bengaluru,Karnataka
O12119,C0595,2024-11-09,Completed,UPI,Kolkata,West Bengal
O12120,C1446,2023-10-12,Completed,COD,Nagpur,Maharashtra
O12121,C3623,2025-07-26,Completed,Debit Card,Lucknow,Uttar Pradesh
O12122,C0766,2023-04-06,Completed,COD,Chandigarh,Chandigarh
O12123,C3217,2025-04-03,Completed,Debit Card,Kolkata,West Bengal
O12124,C1341,2025-06-01,Returned,Credit Card,Noida,Uttar Pradesh
O12125,C1587,2024-05-24,Completed,UPI,Jaipur,Rajasthan
O12126,C3651,2025-04-05,Completed,COD,Kolkata,West Bengal
O12127,C4632,2023-03-02,Completed,COD,Ahmedabad,Gujarat
O12128,C0634,2023-03-30,Returned,Credit Card,Delhi,Delhi
O12129,C4757,2023-03-11,Completed,UPI,Jaipur,Rajasthan
O12130,C0459,2024-11-15,Completed,Debit Card,Pune,Maharashtra
O12131,C2473,2024-01-28,Completed,UPI,Hyderabad,Telangana
O12132,C1681,2024-09-15,Completed,UPI,Pune,Maharashtra
O12133,C4851,2024-04-10,Cancelled,UPI,Lucknow,Uttar Pradesh
O12134,C1894,2025-10-18,Completed,Debit Card,Pune,Maharashtra
O12135,C2116,2024-03-07,Completed,COD,Gurugram,Haryana
O12136,C0509,2025-07-23,Completed,UPI,Kochi,Kerala
O12137,C0736,2023-10-01,Completed,Net Banking,Kochi,Kerala
O12138,C2752,2023-08-21,Completed,Credit Card,Bengaluru,Karnataka
O12139,C2172,2025-06-03,Completed,Net Banking,Nagpur,Maharashtra
O12140,C2844,2025-05-05,Completed,UPI,Kochi,Kerala
O12141,C0292,2025-03-13,Completed,Credit Card,Chennai,Tamil Nadu
O12142,C4517,2024-12-10,Completed,Credit Card,Nagpur,Maharashtra
O12143,C1919,2025-04-28,Completed,Credit Card,Hyderabad,Telangana
O12144,C0812,2023-06-03,Returned,Net Banking,Ahmedabad,Gujarat
O12145,C2098,2023-09-11,Completed,COD,Jaipur,Rajasthan
O12146,C2010,2024-11-22,Completed,COD,Surat,Gujarat
O12147,C4279,2023-01-08,Completed,UPI,Chennai,Tamil Nadu
O12148,C4343,2023-02-04,Completed,UPI,Patna,Bihar
O12149,C0650,2025-03-12,Completed,UPI,Bhopal,Madhya Pradesh
O12150,C2598,2023-05-20,Completed,COD,Kolkata,West Bengal
O12151,C0561,2023-06-04,Completed,Credit Card,Gurugram,Haryana
O12152,C0770,2024-10-20,Completed,Net Banking,Indore,Madhya Pradesh
O12153,C4652,2023-11-09,Completed,UPI,Bhopal,Madhya Pradesh
O12154,C0504,2024-07-19,Completed,UPI,Lucknow,Uttar Pradesh
O12155,C0628,2024-12-01,Completed,Net Banking,Lucknow,Uttar Pradesh
O12156,C3385,2024-02-06,Completed,COD,Lucknow,Uttar Pradesh
O12157,C3863,2025-01-02,Completed,Credit Card,Noida,Uttar Pradesh
O12158,C3360,2024-01-19,Completed,COD,Ahmedabad,Gujarat
O12159,C4257,2025-05-01,Completed,Net Banking,Ahmedabad,Gujarat
O12160,C2175,2024-10-22,Cancelled,COD,Patna,Bihar
O12161,C3528,2025-02-21,Returned,COD,Jaipur,Rajasthan
O12162,C2538,2023-12-09,Completed,UPI,Bengaluru,Karnataka
O12163,C2287,2025-05-05,Completed,Credit Card,Jaipur,Rajasthan
O12164,C2224,2024-07-29,Completed,COD,Chennai,Tamil Nadu
O12165,C2258,2025-02-20,Completed,Credit Card,Noida,Uttar Pradesh
O12166,C3581,2024-05-17,Completed,Debit Card,Chandigarh,Chandigarh
O12167,C1996,2024-07-19,Returned,Net Banking,Mumbai,Maharashtra
O12168,C0634,2024-10-01,Completed,UPI,Delhi,Delhi
O12169,C0501,2025-04-02,Completed,Credit Card,Indore,Madhya Pradesh
O12170,C1564,2024-11-22,Returned,Credit Card,Chandigarh,Chandigarh
O12171,C4076,2024-10-20,Cancelled,UPI,Indore,Madhya Pradesh
O12172,C1175,2023-07-03,Completed,UPI,Bengaluru,Karnataka
O12173,C1599,2024-04-18,Completed,COD,Hyderabad,Telangana
O12174,C2159,2023-04-07,Completed,Net Banking,Kolkata,West Bengal
O12175,C3714,2023-12-02,Cancelled,Debit Card,Surat,Gujarat
O12176,C1985,2024-02-07,Returned,Credit Card,Bhopal,Madhya Pradesh
O12177,C0520,2023-08-24,Completed,Debit Card,Ahmedabad,Gujarat
O12178,C1918,2024-08-28,Completed,Net Banking,Chennai,Tamil Nadu
O12179,C1329,2023-08-11,Completed,UPI,Kolkata,West Bengal
O12180,C0933,2025-07-04,Completed,Debit Card,Indore,Madhya Pradesh
O12181,C1542,2024-09-14,Completed,Credit Card,Delhi,Delhi
O12182,C0408,2023-03-03,Cancelled,Debit Card,Surat,Gujarat
O12183,C1532,2023-08-27,Completed,UPI,Chandigarh,Chandigarh
O12184,C0624,2024-07-11,Completed,Net Banking,Bengaluru,Karnataka
O12185,C2767,2025-01-25,Completed,UPI,Nagpur,Maharashtra
O12186,C4648,2024-08-29,Cancelled,UPI,Delhi,Delhi
O12187,C2828,2024-01-20,Completed,UPI,Pune,Maharashtra
O12188,C4416,2025-07-31,Completed,Debit Card,Pune,Maharashtra
O12189,C0667,2023-12-29,Completed,Debit Card,Noida,Uttar Pradesh
O12190,C0628,2024-07-25,Completed,UPI,Lucknow,Uttar Pradesh
O12191,C3109,2025-09-03,Completed,UPI,Lucknow,Uttar Pradesh
O12192,C3277,2025-08-17,Completed,UPI,Chennai,Tamil Nadu
O12193,C1785,2025-12-14,Completed,Debit Card,Surat,Gujarat
O12194,C1134,2023-10-14,Completed,Net Banking,Hyderabad,Telangana
O12195,C1510,2025-06-19,Completed,UPI,Kochi,Kerala
O12196,C3390,2025-06-05,Completed,Credit Card,Chandigarh,Chandigarh
O12197,C1859,2024-11-24,Completed,UPI,Bhopal,Madhya Pradesh
O12198,C1616,2023-06-30,Completed,Credit Card,Ahmedabad,Gujarat
O12199,C3854,2025-10-23,Completed,Debit Card,Surat,Gujarat
O12200,C4706,2024-01-30,Cancelled,Credit Card,Kolkata,West Bengal
O12201,C4575,2023-10-25,Completed,Credit Card,Indore,Madhya Pradesh
O12202,C4684,2024-11-25,Completed,COD,Nagpur,Maharashtra
O12203,C3866,2025-06-27,Completed,COD,Noida,Uttar Pradesh
O12204,C4689,2023-05-20,Cancelled,Net Banking,Bengaluru,Karnataka
O12205,C2412,2025-01-19,Cancelled,Credit Card,Indore,Madhya Pradesh
O12206,C0309,2023-01-10,Completed,UPI,Mumbai,Maharashtra
O12207,C4363,2025-06-15,Completed,Debit Card,Kochi,Kerala
O12208,C1833,2025-08-10,Completed,COD,Ahmedabad,Gujarat
O12209,C4782,2023-03-12,Completed,Net Banking,Hyderabad,Telangana
O12210,C2308,2025-06-25,Completed,UPI,Chandigarh,Chandigarh
O12211,C2001,2023-05-07,Completed,COD,Bhubaneswar,Odisha
O12212,C0667,2023-09-17,Completed,Credit Card,Noida,Uttar Pradesh
O12213,C1685,2023-08-16,Completed,UPI,Bengaluru,Karnataka
O12214,C3077,2024-03-20,Returned,UPI,Gurugram,Haryana
O12215,C0446,2025-02-16,Completed,COD,Patna,Bihar
O12216,C4384,2023-08-28,Cancelled,UPI,Pune,Maharashtra
O12217,C1082,2024-01-15,Completed,Debit Card,Lucknow,Uttar Pradesh
O12218,C3144,2023-11-28,Cancelled,Credit Card,Kochi,Kerala
O12219,C4890,2025-07-14,Completed,UPI,Chennai,Tamil Nadu
O12220,C3752,2024-02-21,Cancelled,COD,Mumbai,Maharashtra
O12221,C4871,2023-06-14,Completed,UPI,Mumbai,Maharashtra
O12222,C4373,2025-04-29,Returned,COD,Chandigarh,Chandigarh
O12223,C1546,2023-08-27,Cancelled,Credit Card,Patna,Bihar
O12224,C3646,2023-10-06,Completed,UPI,Mumbai,Maharashtra
O12225,C4832,2023-03-11,Completed,COD,Lucknow,Uttar Pradesh
O12226,C3208,2023-01-19,Cancelled,COD,Nagpur,Maharashtra
O12227,C2784,2023-08-26,Completed,UPI,Kolkata,West Bengal
O12228,C0114,2025-06-29,Cancelled,Credit Card,Pune,Maharashtra
O12229,C0772,2023-03-11,Completed,UPI,Indore,Madhya Pradesh
O12230,C1013,2023-07-17,Completed,COD,Patna,Bihar
O12231,C3684,2025-10-13,Completed,Net Banking,Gurugram,Haryana
O12232,C3251,2025-04-23,Completed,Credit Card,Hyderabad,Telangana
O12233,C1253,2023-07-13,Completed,UPI,Chennai,Tamil Nadu
O12234,C3103,2023-05-12,Completed,COD,Kochi,Kerala
O12235,C4204,2024-01-10,Completed,Credit Card,Bengaluru,Karnataka
O12236,C4378,2025-12-29,Completed,Credit Card,Ahmedabad,Gujarat
O12237,C2669,2025-02-05,Completed,UPI,Indore,Madhya Pradesh
O12238,C2577,2025-01-15,Completed,Debit Card,Ahmedabad,Gujarat
O12239,C4091,2024-01-06,Completed,Debit Card,Jaipur,Rajasthan
O12240,C1428,2023-08-18,Completed,UPI,Chandigarh,Chandigarh
O12241,C3242,2025-01-24,Cancelled,UPI,Lucknow,Uttar Pradesh
O12242,C0878,2025-08-11,Completed,Credit Card,Kochi,Kerala
O12243,C1199,2025-07-12,Completed,Credit Card,Gurugram,Haryana
O12244,C0454,2023-07-02,Returned,UPI,Bengaluru,Karnataka
O12245,C4605,2023-12-21,Completed,UPI,Surat,Gujarat
O12246,C1264,2025-08-27,Cancelled,UPI,Surat,Gujarat
O12247,C2144,2024-07-18,Returned,COD,Bhubaneswar,Odisha
O12248,C3586,2025-09-21,Returned,UPI,Lucknow,Uttar Pradesh
O12249,C4187,2023-01-28,Completed,COD,Bhubaneswar,Odisha
O12250,C4329,2025-03-24,Completed,Credit Card,Noida,Uttar Pradesh
O12251,C4755,2024-03-26,Completed,Debit Card,Indore,Madhya Pradesh
O12252,C3059,2024-05-01,Completed,Net Banking,Kolkata,West Bengal
O12253,C2857,2023-07-26,Completed,UPI,Chandigarh,Chandigarh
O12254,C0912,2024-11-09,Completed,Debit Card,Indore,Madhya Pradesh
O12255,C2772,2023-08-02,Completed,Debit Card,Indore,Madhya Pradesh
O12256,C1468,2023-01-27,Completed,Net Banking,Mumbai,Maharashtra
O12257,C0441,2025-11-24,Completed,UPI,Jaipur,Rajasthan
O12258,C0996,2025-03-25,Completed,Credit Card,Bengaluru,Karnataka
O12259,C2112,2025-03-30,Completed,Net Banking,Noida,Uttar Pradesh
O12260,C4101,2023-03-10,Completed,UPI,Pune,Maharashtra
O12261,C3730,2023-07-13,Cancelled,Net Banking,Surat,Gujarat
O12262,C3469,2023-10-24,Completed,COD,Ahmedabad,Gujarat
O12263,C4713,2024-07-10,Cancelled,UPI,Chandigarh,Chandigarh
O12264,C3840,2025-08-24,Completed,UPI,Lucknow,Uttar Pradesh
O12265,C4461,2023-10-19,Completed,UPI,Ahmedabad,Gujarat
O12266,C2839,2024-08-25,Completed,UPI,Pune,Maharashtra
O12267,C4721,2023-11-22,Completed,Credit Card,Bengaluru,Karnataka
O12268,C4603,2024-11-06,Completed,Net Banking,Hyderabad,Telangana
O12269,C0523,2025-10-11,Completed,Credit Card,Delhi,Delhi
O12270,C0706,2023-06-30,Completed,Credit Card,Gurugram,Haryana
O12271,C1760,2025-02-06,Completed,UPI,Noida,Uttar Pradesh
O12272,C0250,2023-12-27,Completed,Debit Card,Noida,Uttar Pradesh
O12273,C4997,2024-02-28,Completed,Credit Card,Lucknow,Uttar Pradesh
O12274,C4345,2024-09-01,Completed,COD,Ahmedabad,Gujarat
O12275,C1375,2023-05-04,Completed,Credit Card,Surat,Gujarat
O12276,C1827,2023-06-27,Completed,COD,Nagpur,Maharashtra
O12277,C2131,2023-11-26,Returned,COD,Kochi,Kerala
O12278,C3479,2025-08-20,Completed,UPI,Jaipur,Rajasthan
O12279,C1104,2023-06-12,Completed,UPI,Jaipur,Rajasthan
O12280,C3994,2025-03-23,Completed,UPI,Gurugram,Haryana
O12281,C0259,2024-05-07,Completed,UPI,Kochi,Kerala
O12282,C4218,2025-05-27,Completed,UPI,Hyderabad,Telangana
O12283,C1148,2024-04-15,Completed,Credit Card,Pune,Maharashtra
O12284,C0905,2023-12-07,Cancelled,UPI,Bengaluru,Karnataka
O12285,C2140,2023-06-04,Completed,Credit Card,Ahmedabad,Gujarat
O12286,C3179,2025-01-29,Completed,UPI,Jaipur,Rajasthan
O12287,C4148,2024-08-07,Completed,Credit Card,Kochi,Kerala
O12288,C4390,2023-04-10,Completed,Net Banking,Noida,Uttar Pradesh
O12289,C2348,2023-08-14,Completed,Debit Card,Kochi,Kerala
O12290,C1592,2025-11-19,Completed,Credit Card,Noida,Uttar Pradesh
O12291,C2242,2025-01-04,Completed,COD,Indore,Madhya Pradesh
O12292,C3629,2025-11-05,Completed,UPI,Chennai,Tamil Nadu
O12293,C0855,2024-12-18,Returned,UPI,Bengaluru,Karnataka
O12294,C0751,2024-04-02,Completed,Net Banking,Gurugram,Haryana
O12295,C4050,2023-08-04,Completed,COD,Mumbai,Maharashtra
O12296,C2368,2024-09-03,Completed,UPI,Kolkata,West Bengal
O12297,C0239,2024-06-19,Completed,UPI,Nagpur,Maharashtra
O12298,C2696,2024-03-08,Cancelled,Credit Card,Kolkata,West Bengal
O12299,C4637,2025-08-16,Completed,Net Banking,Ahmedabad,Gujarat
O12300,C1317,2024-07-11,Completed,Credit Card,Hyderabad,Telangana
O12301,C2305,2023-08-28,Cancelled,UPI,Indore,Madhya Pradesh
O12302,C0108,2025-03-26,Completed,Credit Card,Indore,Madhya Pradesh
O12303,C1605,2023-04-12,Completed,UPI,Patna,Bihar
O12304,C1909,2024-10-26,Completed,UPI,Chandigarh,Chandigarh
O12305,C2231,2025-12-02,Completed,UPI,Indore,Madhya Pradesh
O12306,C3778,2023-11-17,Completed,Credit Card,Bhubaneswar,Odisha
O12307,C0367,2025-03-19,Completed,Debit Card,Delhi,Delhi
O12308,C4927,2024-02-17,Completed,Debit Card,Jaipur,Rajasthan
O12309,C2910,2025-07-16,Completed,Debit Card,Ahmedabad,Gujarat
O12310,C3595,2023-02-03,Completed,Debit Card,Hyderabad,Telangana
O12311,C2922,2025-01-19,Completed,COD,Kolkata,West Bengal
O12312,C4269,2024-03-20,Completed,UPI,Patna,Bihar
O12313,C1741,2023-06-29,Completed,UPI,Lucknow,Uttar Pradesh
O12314,C2819,2024-12-17,Completed,UPI,Chandigarh,Chandigarh
O12315,C1354,2025-08-26,Cancelled,UPI,Jaipur,Rajasthan
O12316,C0452,2023-11-08,Returned,UPI,Bengaluru,Karnataka
O12317,C4567,2023-01-06,Returned,COD,Bhopal,Madhya Pradesh
O12318,C4417,2024-07-01,Completed,UPI,Ahmedabad,Gujarat
O12319,C4537,2024-09-29,Completed,UPI,Pune,Maharashtra
O12320,C2447,2024-04-02,Completed,Credit Card,Pune,Maharashtra
O12321,C2236,2024-07-24,Completed,UPI,Patna,Bihar
O12322,C3510,2023-03-09,Completed,UPI,Pune,Maharashtra
O12323,C0885,2023-04-30,Completed,UPI,Pune,Maharashtra
O12324,C3520,2025-08-21,Completed,COD,Noida,Uttar Pradesh
O12325,C0743,2025-04-27,Completed,UPI,Indore,Madhya Pradesh
O12326,C2040,2025-05-24,Cancelled,UPI,Delhi,Delhi
O12327,C2563,2025-08-04,Completed,COD,Pune,Maharashtra
O12328,C1261,2025-10-06,Completed,UPI,Chandigarh,Chandigarh
O12329,C4277,2023-12-12,Completed,Credit Card,Chandigarh,Chandigarh
O12330,C4506,2025-07-22,Completed,UPI,Ahmedabad,Gujarat
O12331,C2335,2024-09-19,Cancelled,COD,Kochi,Kerala
O12332,C0386,2024-09-05,Completed,Debit Card,Nagpur,Maharashtra
O12333,C0603,2023-10-02,Completed,UPI,Chandigarh,Chandigarh
O12334,C0443,2024-09-21,Completed,Net Banking,Hyderabad,Telangana
O12335,C3308,2025-12-24,Completed,Credit Card,Lucknow,Uttar Pradesh
O12336,C2633,2023-03-10,Completed,COD,Kolkata,West Bengal
O12337,C3968,2024-12-27,Completed,COD,Surat,Gujarat
O12338,C3302,2023-11-05,Completed,Credit Card,Delhi,Delhi
O12339,C2302,2023-05-27,Completed,Debit Card,Indore,Madhya Pradesh
O12340,C4451,2024-07-31,Completed,UPI,Hyderabad,Telangana
O12341,C3567,2024-05-22,Completed,UPI,Bengaluru,Karnataka
O12342,C2477,2023-06-25,Cancelled,UPI,Patna,Bihar
O12343,C4571,2024-07-31,Completed,UPI,Hyderabad,Telangana
O12344,C4011,2023-07-20,Completed,Net Banking,Gurugram,Haryana
O12345,C2390,2025-11-07,Completed,Net Banking,Bhopal,Madhya Pradesh
O12346,C1831,2024-12-13,Completed,UPI,Patna,Bihar
O12347,C4074,2025-12-10,Completed,UPI,Chandigarh,Chandigarh
O12348,C3415,2023-07-07,Cancelled,Credit Card,Kolkata,West Bengal
O12349,C4830,2023-08-18,Completed,Credit Card,Surat,Gujarat
O12350,C2267,2025-08-12,Cancelled,Debit Card,Patna,Bihar
O12351,C0596,2025-04-25,Completed,Credit Card,Noida,Uttar Pradesh
O12352,C0191,2024-03-02,Completed,Credit Card,Surat,Gujarat
O12353,C3463,2024-04-22,Completed,Debit Card,Surat,Gujarat
O12354,C0644,2025-11-22,Completed,UPI,Pune,Maharashtra
O12355,C4190,2025-01-19,Completed,UPI,Lucknow,Uttar Pradesh
O12356,C1119,2024-08-15,Completed,UPI,Ahmedabad,Gujarat
O12357,C3768,2025-05-16,Completed,Debit Card,Surat,Gujarat
O12358,C1668,2024-05-28,Completed,UPI,Kochi,Kerala
O12359,C1106,2023-11-28,Completed,Net Banking,Bhopal,Madhya Pradesh
O12360,C4436,2024-06-16,Completed,UPI,Chennai,Tamil Nadu
O12361,C2856,2023-01-05,Completed,Credit Card,Ahmedabad,Gujarat
O12362,C2160,2023-10-11,Completed,UPI,Indore,Madhya Pradesh
O12363,C4399,2023-10-31,Completed,Net Banking,Bengaluru,Karnataka
O12364,C4147,2025-05-13,Completed,UPI,Chandigarh,Chandigarh
O12365,C0806,2025-05-16,Completed,Credit Card,Nagpur,Maharashtra
O12366,C0701,2025-04-17,Completed,Net Banking,Ahmedabad,Gujarat
O12367,C3792,2023-06-17,Completed,UPI,Surat,Gujarat
O12368,C4757,2023-01-06,Completed,Credit Card,Jaipur,Rajasthan
O12369,C1801,2023-05-22,Completed,Credit Card,Patna,Bihar
O12370,C1908,2024-01-10,Completed,UPI,Indore,Madhya Pradesh
O12371,C1137,2024-01-30,Returned,Debit Card,Mumbai,Maharashtra
O12372,C4132,2025-11-13,Cancelled,Credit Card,Indore,Madhya Pradesh
O12373,C0623,2023-04-19,Completed,UPI,Kolkata,West Bengal
O12374,C2897,2023-07-29,Completed,Debit Card,Lucknow,Uttar Pradesh
O12375,C4969,2024-08-29,Completed,Credit Card,Delhi,Delhi
O12376,C1416,2025-03-07,Completed,Credit Card,Kochi,Kerala
O12377,C2063,2023-01-02,Completed,Net Banking,Lucknow,Uttar Pradesh
O12378,C2688,2025-01-12,Returned,Credit Card,Pune,Maharashtra
O12379,C4263,2025-02-04,Completed,COD,Kochi,Kerala
O12380,C1689,2023-03-17,Completed,COD,Ahmedabad,Gujarat
O12381,C4159,2023-07-31,Cancelled,Credit Card,Chennai,Tamil Nadu
O12382,C0203,2023-07-06,Completed,COD,Bhubaneswar,Odisha
O12383,C1539,2023-11-06,Completed,UPI,Kolkata,West Bengal
O12384,C1125,2025-08-23,Returned,UPI,Kochi,Kerala
O12385,C0895,2025-06-06,Completed,Debit Card,Indore,Madhya Pradesh
O12386,C1556,2023-07-30,Completed,Net Banking,Lucknow,Uttar Pradesh
O12387,C2451,2023-12-17,Completed,UPI,Delhi,Delhi
O12388,C0787,2023-11-18,Completed,COD,Delhi,Delhi
O12389,C0976,2023-07-26,Completed,UPI,Gurugram,Haryana
O12390,C4930,2024-10-19,Completed,Credit Card,Gurugram,Haryana
O12391,C4289,2023-03-06,Completed,Debit Card,Bhubaneswar,Odisha
O12392,C2947,2024-02-20,Completed,Credit Card,Chennai,Tamil Nadu
O12393,C2200,2025-10-19,Completed,UPI,Noida,Uttar Pradesh
O12394,C3878,2024-04-21,Completed,UPI,Gurugram,Haryana
O12395,C4482,2024-01-05,Completed,Net Banking,Gurugram,Haryana
O12396,C3280,2024-11-03,Completed,Credit Card,Mumbai,Maharashtra
O12397,C3037,2025-01-12,Completed,UPI,Gurugram,Haryana
O12398,C4076,2024-10-15,Completed,UPI,Indore,Madhya Pradesh
O12399,C4268,2024-03-07,Cancelled,UPI,Delhi,Delhi
O12400,C0337,2023-08-27,Completed,Credit Card,Bhubaneswar,Odisha
O12401,C3668,2023-10-20,Completed,Debit Card,Nagpur,Maharashtra
O12402,C2940,2023-08-25,Completed,Net Banking,Hyderabad,Telangana
O12403,C0605,2024-10-06,Completed,COD,Delhi,Delhi
O12404,C2537,2024-12-01,Completed,Debit Card,Lucknow,Uttar Pradesh
O12405,C0666,2023-11-21,Completed,Debit Card,Mumbai,Maharashtra
O12406,C2918,2024-02-26,Returned,Credit Card,Chandigarh,Chandigarh
O12407,C1233,2024-03-05,Completed,Credit Card,Pune,Maharashtra
O12408,C3788,2023-12-20,Completed,COD,Indore,Madhya Pradesh
O12409,C0352,2023-10-20,Completed,UPI,Bhubaneswar,Odisha
O12410,C1762,2025-03-05,Completed,UPI,Ahmedabad,Gujarat
O12411,C2896,2024-09-15,Completed,Net Banking,Chandigarh,Chandigarh
O12412,C3767,2024-01-16,Completed,Credit Card,Bengaluru,Karnataka
O12413,C4571,2023-08-13,Completed,Credit Card,Hyderabad,Telangana
O12414,C2525,2025-06-21,Completed,COD,Surat,Gujarat
O12415,C1150,2024-11-01,Completed,COD,Chandigarh,Chandigarh
O12416,C4539,2024-06-03,Completed,UPI,Kolkata,West Bengal
O12417,C4351,2024-08-29,Completed,Debit Card,Hyderabad,Telangana
O12418,C0070,2024-11-07,Completed,UPI,Noida,Uttar Pradesh
O12419,C0578,2024-03-18,Completed,UPI,Bhopal,Madhya Pradesh
O12420,C4591,2024-12-19,Completed,Net Banking,Surat,Gujarat
O12421,C4085,2023-07-01,Completed,Debit Card,Bhubaneswar,Odisha
O12422,C4877,2024-03-17,Completed,Net Banking,Ahmedabad,Gujarat
O12423,C2451,2024-08-30,Completed,COD,Delhi,Delhi
O12424,C4947,2025-08-01,Completed,Credit Card,Mumbai,Maharashtra
O12425,C0129,2023-09-24,Completed,COD,Patna,Bihar
O12426,C1507,2025-07-18,Completed,COD,Nagpur,Maharashtra
O12427,C4089,2025-03-11,Completed,UPI,Mumbai,Maharashtra
O12428,C1649,2024-04-09,Completed,Debit Card,Hyderabad,Telangana
O12429,C3168,2025-09-19,Completed,UPI,Chandigarh,Chandigarh
O12430,C2549,2024-05-22,Completed,UPI,Bhubaneswar,Odisha
O12431,C1480,2023-04-23,Completed,UPI,Kochi,Kerala
O12432,C1803,2023-05-12,Completed,Credit Card,Mumbai,Maharashtra
O12433,C0008,2025-07-13,Completed,Credit Card,Patna,Bihar
O12434,C0220,2025-05-24,Completed,UPI,Bhubaneswar,Odisha
O12435,C0725,2023-04-13,Completed,Debit Card,Surat,Gujarat
O12436,C4198,2024-11-12,Completed,Debit Card,Bengaluru,Karnataka
O12437,C2050,2025-09-05,Completed,UPI,Bhubaneswar,Odisha
O12438,C3786,2023-03-07,Completed,Net Banking,Bengaluru,Karnataka
O12439,C3913,2023-05-15,Returned,COD,Noida,Uttar Pradesh
O12440,C2743,2023-02-26,Completed,COD,Ahmedabad,Gujarat
O12441,C0771,2025-02-28,Completed,UPI,Mumbai,Maharashtra
O12442,C4930,2025-06-25,Completed,Net Banking,Gurugram,Haryana
O12443,C0740,2024-11-24,Completed,Net Banking,Gurugram,Haryana
O12444,C4296,2025-11-03,Completed,Credit Card,Kochi,Kerala
O12445,C4122,2025-06-17,Returned,Net Banking,Surat,Gujarat
O12446,C2018,2024-09-17,Completed,Debit Card,Surat,Gujarat
O12447,C4198,2024-04-10,Completed,UPI,Bengaluru,Karnataka
O12448,C0197,2025-10-20,Completed,COD,Bengaluru,Karnataka
O12449,C0510,2023-01-27,Returned,Credit Card,Chandigarh,Chandigarh
O12450,C1996,2025-02-10,Completed,UPI,Mumbai,Maharashtra
O12451,C1015,2023-11-16,Completed,UPI,Nagpur,Maharashtra
O12452,C3102,2023-08-07,Completed,Credit Card,Indore,Madhya Pradesh
O12453,C0923,2024-02-23,Completed,Debit Card,Lucknow,Uttar Pradesh
O12454,C2347,2024-08-28,Cancelled,COD,Kochi,Kerala
O12455,C3205,2023-03-10,Completed,Credit Card,Patna,Bihar
O12456,C1792,2024-11-13,Completed,Credit Card,Kolkata,West Bengal
O12457,C1556,2025-08-26,Completed,Debit Card,Lucknow,Uttar Pradesh
O12458,C0021,2024-04-05,Cancelled,Credit Card,Lucknow,Uttar Pradesh
O12459,C1923,2025-09-29,Completed,Debit Card,Pune,Maharashtra
O12460,C1065,2023-05-29,Completed,Debit Card,Gurugram,Haryana
O12461,C1984,2023-07-12,Completed,Net Banking,Chennai,Tamil Nadu
O12462,C1900,2023-06-11,Completed,Debit Card,Hyderabad,Telangana
O12463,C3544,2025-09-02,Returned,Debit Card,Pune,Maharashtra
O12464,C0967,2025-01-11,Completed,COD,Hyderabad,Telangana
O12465,C2507,2024-07-06,Completed,COD,Pune,Maharashtra
O12466,C0514,2023-06-11,Returned,UPI,Noida,Uttar Pradesh
O12467,C3575,2023-06-02,Completed,Credit Card,Lucknow,Uttar Pradesh
O12468,C3116,2023-11-17,Completed,Net Banking,Bengaluru,Karnataka
O12469,C0041,2024-01-15,Completed,Net Banking,Indore,Madhya Pradesh
O12470,C0263,2025-02-01,Completed,UPI,Pune,Maharashtra
O12471,C1033,2025-02-28,Completed,Credit Card,Gurugram,Haryana
O12472,C3125,2024-12-01,Completed,UPI,Delhi,Delhi
O12473,C1820,2025-01-21,Completed,COD,Delhi,Delhi
O12474,C0128,2025-07-29,Completed,COD,Indore,Madhya Pradesh
O12475,C2579,2024-08-03,Completed,Credit Card,Indore,Madhya Pradesh
O12476,C4621,2024-02-16,Completed,Debit Card,Kolkata,West Bengal
O12477,C4853,2024-07-09,Completed,COD,Patna,Bihar
O12478,C3014,2024-09-12,Completed,Debit Card,Mumbai,Maharashtra
O12479,C3212,2023-12-15,Completed,UPI,Kolkata,West Bengal
O12480,C0894,2025-09-15,Completed,Debit Card,Delhi,Delhi
O12481,C2807,2024-01-04,Completed,UPI,Lucknow,Uttar Pradesh
O12482,C2280,2023-03-10,Cancelled,Debit Card,Gurugram,Haryana
O12483,C4184,2023-05-24,Completed,UPI,Delhi,Delhi
O12484,C2814,2023-02-25,Completed,UPI,Bengaluru,Karnataka
O12485,C1788,2024-06-03,Completed,UPI,Chennai,Tamil Nadu
O12486,C4733,2023-03-31,Completed,Credit Card,Patna,Bihar
O12487,C2249,2024-01-11,Completed,Net Banking,Indore,Madhya Pradesh
O12488,C3034,2025-02-15,Returned,UPI,Bengaluru,Karnataka
O12489,C2409,2025-09-24,Completed,Net Banking,Bhubaneswar,Odisha
O12490,C2180,2023-12-03,Completed,UPI,Surat,Gujarat
O12491,C0177,2024-05-20,Completed,Net Banking,Delhi,Delhi
O12492,C3124,2023-04-18,Completed,Net Banking,Bengaluru,Karnataka
O12493,C0022,2024-08-29,Completed,UPI,Surat,Gujarat
O12494,C0653,2024-05-25,Completed,COD,Surat,Gujarat
O12495,C3391,2023-11-17,Completed,Credit Card,Ahmedabad,Gujarat
O12496,C0783,2023-10-13,Completed,Debit Card,Mumbai,Maharashtra
O12497,C0168,2025-03-25,Completed,COD,Nagpur,Maharashtra
O12498,C1062,2025-05-05,Completed,UPI,Indore,Madhya Pradesh
O12499,C0873,2024-08-09,Completed,COD,Kochi,Kerala
O12500,C1782,2023-12-28,Completed,UPI,Delhi,Delhi
O12501,C1397,2023-08-10,Completed,Debit Card,Jaipur,Rajasthan
O12502,C0632,2024-12-16,Completed,Credit Card,Jaipur,Rajasthan
O12503,C1602,2024-03-13,Completed,Debit Card,Jaipur,Rajasthan
O12504,C2882,2025-10-03,Completed,Debit Card,Bhubaneswar,Odisha
O12505,C1451,2024-07-26,Completed,COD,Kochi,Kerala
O12506,C1864,2024-03-23,Completed,COD,Indore,Madhya Pradesh
O12507,C0722,2023-10-28,Returned,Credit Card,Indore,Madhya Pradesh
O12508,C4536,2025-08-30,Completed,Credit Card,Gurugram,Haryana
O12509,C3337,2024-07-02,Completed,UPI,Bhopal,Madhya Pradesh
O12510,C0243,2025-09-21,Returned,COD,Ahmedabad,Gujarat
O12511,C2649,2025-09-30,Completed,Net Banking,Mumbai,Maharashtra
O12512,C4639,2024-09-05,Completed,UPI,Chennai,Tamil Nadu
O12513,C4373,2024-07-15,Completed,Credit Card,Chandigarh,Chandigarh
O12514,C4646,2024-05-22,Returned,COD,Surat,Gujarat
O12515,C0403,2025-06-09,Completed,Debit Card,Gurugram,Haryana
O12516,C1454,2025-04-18,Completed,COD,Hyderabad,Telangana
O12517,C0997,2025-03-09,Completed,UPI,Bhubaneswar,Odisha
O12518,C4172,2025-06-01,Completed,COD,Surat,Gujarat
O12519,C3151,2025-03-26,Completed,UPI,Kochi,Kerala
O12520,C4414,2024-05-13,Completed,Credit Card,Kochi,Kerala
O12521,C3502,2024-03-29,Completed,UPI,Pune,Maharashtra
O12522,C1187,2025-09-11,Returned,Net Banking,Nagpur,Maharashtra
O12523,C1382,2023-09-06,Returned,UPI,Chandigarh,Chandigarh
O12524,C4425,2024-10-20,Completed,UPI,Surat,Gujarat
O12525,C1855,2025-02-21,Completed,COD,Surat,Gujarat
O12526,C1905,2024-11-05,Cancelled,Credit Card,Bhopal,Madhya Pradesh
O12527,C3667,2024-11-19,Completed,COD,Noida,Uttar Pradesh
O12528,C1949,2023-08-18,Completed,Debit Card,Mumbai,Maharashtra
O12529,C4034,2023-08-12,Completed,UPI,Bengaluru,Karnataka
O12530,C4572,2023-02-23,Completed,Credit Card,Kolkata,West Bengal
O12531,C3528,2025-11-25,Completed,UPI,Jaipur,Rajasthan
O12532,C1753,2024-11-30,Completed,UPI,Bhubaneswar,Odisha
O12533,C1738,2024-04-26,Completed,UPI,Gurugram,Haryana
O12534,C1814,2024-08-08,Completed,COD,Gurugram,Haryana
O12535,C1955,2023-10-16,Completed,UPI,Pune,Maharashtra
O12536,C4010,2023-11-07,Completed,UPI,Mumbai,Maharashtra
O12537,C0538,2024-04-02,Completed,Net Banking,Chandigarh,Chandigarh
O12538,C2391,2023-02-20,Cancelled,Credit Card,Kolkata,West Bengal
O12539,C1790,2023-12-08,Completed,Credit Card,Mumbai,Maharashtra
O12540,C1191,2024-07-16,Completed,Net Banking,Lucknow,Uttar Pradesh
O12541,C3937,2025-09-09,Completed,Debit Card,Kochi,Kerala
O12542,C1496,2024-04-01,Completed,COD,Indore,Madhya Pradesh
O12543,C2188,2025-01-20,Completed,COD,Lucknow,Uttar Pradesh
O12544,C4524,2025-05-01,Completed,Debit Card,Chandigarh,Chandigarh
O12545,C3371,2023-09-23,Completed,Debit Card,Indore,Madhya Pradesh
O12546,C1260,2023-01-26,Completed,Credit Card,Hyderabad,Telangana
O12547,C4076,2025-12-09,Completed,UPI,Indore,Madhya Pradesh
O12548,C3031,2025-07-31,Returned,UPI,Hyderabad,Telangana
O12549,C4696,2024-10-02,Completed,UPI,Nagpur,Maharashtra
O12550,C0097,2023-12-31,Completed,UPI,Mumbai,Maharashtra
O12551,C4574,2023-05-25,Completed,Credit Card,Jaipur,Rajasthan
O12552,C4587,2023-06-16,Returned,Credit Card,Gurugram,Haryana
O12553,C1320,2025-12-02,Completed,Debit Card,Gurugram,Haryana
O12554,C4502,2025-08-29,Cancelled,COD,Bhopal,Madhya Pradesh
O12555,C0715,2025-11-04,Completed,Debit Card,Bhopal,Madhya Pradesh
O12556,C2495,2023-05-09,Completed,UPI,Chennai,Tamil Nadu
O12557,C2747,2023-02-27,Completed,UPI,Jaipur,Rajasthan
O12558,C4044,2023-02-23,Cancelled,UPI,Gurugram,Haryana
O12559,C0585,2023-05-13,Completed,COD,Hyderabad,Telangana
O12560,C0954,2023-07-29,Completed,Credit Card,Indore,Madhya Pradesh
O12561,C2898,2023-08-30,Cancelled,COD,Kochi,Kerala
O12562,C2031,2024-01-18,Completed,UPI,Pune,Maharashtra
O12563,C0594,2023-08-03,Completed,Debit Card,Bengaluru,Karnataka
O12564,C1832,2025-12-30,Completed,Debit Card,Bengaluru,Karnataka
O12565,C0356,2025-03-24,Completed,COD,Bhubaneswar,Odisha
O12566,C1677,2023-03-25,Completed,Credit Card,Kochi,Kerala
O12567,C3119,2024-10-24,Completed,COD,Ahmedabad,Gujarat
O12568,C0112,2025-08-11,Returned,Net Banking,Chennai,Tamil Nadu
O12569,C3735,2023-03-23,Completed,Net Banking,Indore,Madhya Pradesh
O12570,C4471,2025-03-11,Completed,UPI,Nagpur,Maharashtra
O12571,C0845,2023-03-30,Completed,Debit Card,Mumbai,Maharashtra
O12572,C2174,2023-06-09,Completed,UPI,Nagpur,Maharashtra
O12573,C3079,2025-10-04,Completed,Net Banking,Noida,Uttar Pradesh
O12574,C2610,2024-01-05,Completed,Net Banking,Jaipur,Rajasthan
O12575,C1384,2024-07-15,Completed,Credit Card,Bengaluru,Karnataka
O12576,C3971,2023-06-28,Completed,Net Banking,Ahmedabad,Gujarat
O12577,C0362,2025-01-01,Completed,COD,Nagpur,Maharashtra
O12578,C0679,2024-05-29,Completed,Debit Card,Hyderabad,Telangana
O12579,C2812,2023-04-26,Completed,Credit Card,Ahmedabad,Gujarat
O12580,C2823,2024-02-05,Cancelled,Credit Card,Nagpur,Maharashtra
O12581,C1732,2023-10-26,Completed,Net Banking,Bengaluru,Karnataka
O12582,C1288,2024-10-30,Completed,UPI,Delhi,Delhi
O12583,C4896,2024-05-24,Completed,COD,Bhubaneswar,Odisha
O12584,C0275,2023-02-21,Completed,UPI,Ahmedabad,Gujarat
O12585,C0906,2025-10-04,Completed,Debit Card,Pune,Maharashtra
O12586,C1883,2024-06-23,Completed,UPI,Lucknow,Uttar Pradesh
O12587,C0492,2023-07-31,Completed,UPI,Chandigarh,Chandigarh
O12588,C4755,2025-02-08,Completed,Net Banking,Indore,Madhya Pradesh
O12589,C0541,2025-01-01,Cancelled,Credit Card,Bhubaneswar,Odisha
O12590,C2887,2024-06-12,Completed,Credit Card,Indore,Madhya Pradesh
O12591,C4416,2024-12-24,Completed,Debit Card,Pune,Maharashtra
O12592,C0456,2025-10-09,Completed,Credit Card,Hyderabad,Telangana
O12593,C0651,2025-03-06,Completed,Credit Card,Chennai,Tamil Nadu
O12594,C1313,2025-07-17,Completed,Credit Card,Chandigarh,Chandigarh
O12595,C1305,2023-03-26,Completed,Net Banking,Bhopal,Madhya Pradesh
O12596,C4513,2024-02-25,Completed,COD,Gurugram,Haryana
O12597,C3610,2023-07-29,Completed,UPI,Indore,Madhya Pradesh
O12598,C0804,2023-03-03,Completed,COD,Indore,Madhya Pradesh
O12599,C0798,2023-01-05,Completed,Credit Card,Hyderabad,Telangana
O12600,C3385,2024-05-10,Completed,UPI,Lucknow,Uttar Pradesh
O12601,C4705,2024-12-31,Completed,COD,Kolkata,West Bengal
O12602,C2013,2023-06-28,Completed,UPI,Surat,Gujarat
O12603,C2841,2025-12-25,Cancelled,UPI,Pune,Maharashtra
O12604,C3063,2024-06-12,Completed,UPI,Surat,Gujarat
O12605,C1081,2024-01-22,Completed,Net Banking,Pune,Maharashtra
O12606,C1314,2024-07-05,Completed,COD,Mumbai,Maharashtra
O12607,C2646,2023-12-02,Completed,UPI,Delhi,Delhi
O12608,C3635,2024-08-10,Cancelled,Credit Card,Nagpur,Maharashtra
O12609,C2054,2025-01-27,Completed,UPI,Bengaluru,Karnataka
O12610,C3515,2025-12-10,Cancelled,UPI,Bhubaneswar,Odisha
O12611,C0310,2024-10-02,Completed,Net Banking,Nagpur,Maharashtra
O12612,C0785,2023-11-03,Completed,COD,Kolkata,West Bengal
O12613,C1615,2024-12-21,Cancelled,Net Banking,Chandigarh,Chandigarh
O12614,C0823,2023-07-30,Completed,UPI,Nagpur,Maharashtra
O12615,C1328,2025-07-23,Completed,Debit Card,Bengaluru,Karnataka
O12616,C0058,2023-02-18,Completed,UPI,Bhopal,Madhya Pradesh
O12617,C1249,2024-03-16,Completed,Credit Card,Bhopal,Madhya Pradesh
O12618,C1450,2023-09-03,Completed,COD,Noida,Uttar Pradesh
O12619,C0518,2024-07-04,Returned,UPI,Kolkata,West Bengal
O12620,C2078,2024-03-27,Completed,Credit Card,Bengaluru,Karnataka
O12621,C0151,2024-10-16,Completed,Credit Card,Ahmedabad,Gujarat
O12622,C4644,2023-09-04,Completed,Debit Card,Chennai,Tamil Nadu
O12623,C2158,2023-12-27,Completed,UPI,Mumbai,Maharashtra
O12624,C3674,2024-10-29,Completed,UPI,Kochi,Kerala
O12625,C2514,2023-01-16,Completed,Debit Card,Nagpur,Maharashtra
O12626,C2285,2024-01-25,Completed,Debit Card,Nagpur,Maharashtra
O12627,C1395,2023-12-14,Completed,Debit Card,Delhi,Delhi
O12628,C1706,2025-07-16,Completed,UPI,Ahmedabad,Gujarat
O12629,C1173,2023-10-08,Completed,UPI,Bhubaneswar,Odisha
O12630,C2422,2023-05-25,Cancelled,COD,Lucknow,Uttar Pradesh
O12631,C0600,2023-02-15,Completed,UPI,Mumbai,Maharashtra
O12632,C3505,2024-04-07,Completed,Credit Card,Bhubaneswar,Odisha
O12633,C2300,2025-03-31,Completed,Credit Card,Noida,Uttar Pradesh
O12634,C4016,2024-05-08,Completed,UPI,Indore,Madhya Pradesh
O12635,C1497,2023-05-13,Completed,Credit Card,Mumbai,Maharashtra
O12636,C3118,2023-09-25,Completed,COD,Noida,Uttar Pradesh
O12637,C4703,2024-08-15,Completed,UPI,Chennai,Tamil Nadu
O12638,C0435,2024-10-31,Completed,Credit Card,Bengaluru,Karnataka
O12639,C2659,2025-09-05,Completed,UPI,Patna,Bihar
O12640,C3700,2023-08-12,Completed,Net Banking,Bhopal,Madhya Pradesh
O12641,C2324,2025-06-30,Completed,UPI,Bhopal,Madhya Pradesh
O12642,C2896,2023-01-02,Completed,UPI,Chandigarh,Chandigarh
O12643,C1532,2025-08-29,Completed,UPI,Chandigarh,Chandigarh
O12644,C3167,2024-09-28,Completed,UPI,Mumbai,Maharashtra
O12645,C4763,2023-04-27,Completed,Credit Card,Bhopal,Madhya Pradesh
O12646,C0782,2024-03-12,Completed,Debit Card,Bhubaneswar,Odisha
O12647,C1426,2023-11-07,Completed,Credit Card,Ahmedabad,Gujarat
O12648,C4929,2025-10-09,Completed,COD,Gurugram,Haryana
O12649,C2552,2023-08-05,Completed,UPI,Ahmedabad,Gujarat
O12650,C3487,2024-07-24,Returned,Debit Card,Ahmedabad,Gujarat
O12651,C2324,2023-12-11,Completed,UPI,Bhopal,Madhya Pradesh
O12652,C4422,2023-03-19,Returned,Debit Card,Bengaluru,Karnataka
O12653,C0557,2024-08-19,Completed,Net Banking,Patna,Bihar
O12654,C0513,2025-10-24,Completed,Net Banking,Jaipur,Rajasthan
O12655,C3219,2024-10-30,Completed,Debit Card,Bhopal,Madhya Pradesh
O12656,C4152,2025-06-17,Completed,Net Banking,Lucknow,Uttar Pradesh
O12657,C4116,2023-11-06,Completed,Debit Card,Chennai,Tamil Nadu
O12658,C3542,2023-02-13,Completed,Net Banking,Gurugram,Haryana
O12659,C2900,2025-07-04,Completed,COD,Gurugram,Haryana
O12660,C4097,2024-03-28,Completed,UPI,Jaipur,Rajasthan
O12661,C2961,2025-10-04,Completed,Credit Card,Kolkata,West Bengal
O12662,C4944,2024-12-30,Completed,UPI,Chennai,Tamil Nadu
O12663,C1253,2023-07-13,Completed,UPI,Chennai,Tamil Nadu
O12664,C0725,2025-11-01,Completed,Credit Card,Surat,Gujarat
O12665,C1307,2025-08-11,Completed,UPI,Chennai,Tamil Nadu
O12666,C0760,2024-12-17,Completed,UPI,Chandigarh,Chandigarh
O12667,C0227,2023-12-14,Completed,Credit Card,Chennai,Tamil Nadu
O12668,C4798,2024-03-15,Completed,UPI,Nagpur,Maharashtra
O12669,C0308,2025-01-01,Completed,Net Banking,Lucknow,Uttar Pradesh
O12670,C3379,2023-10-29,Completed,COD,Patna,Bihar
O12671,C3010,2023-12-15,Completed,Net Banking,Chandigarh,Chandigarh
O12672,C1518,2023-05-01,Completed,COD,Kochi,Kerala
O12673,C1532,2025-02-24,Cancelled,Debit Card,Chandigarh,Chandigarh
O12674,C1845,2024-07-08,Completed,Credit Card,Bhopal,Madhya Pradesh
O12675,C2669,2023-07-27,Completed,UPI,Indore,Madhya Pradesh
O12676,C4749,2024-04-18,Cancelled,UPI,Hyderabad,Telangana
O12677,C0797,2023-08-02,Cancelled,Debit Card,Chennai,Tamil Nadu
O12678,C4576,2023-03-18,Completed,Credit Card,Surat,Gujarat
O12679,C1780,2023-09-09,Completed,UPI,Kochi,Kerala
O12680,C4993,2024-07-25,Completed,UPI,Chandigarh,Chandigarh
O12681,C0586,2023-08-01,Completed,UPI,Nagpur,Maharashtra
O12682,C1379,2024-05-12,Completed,UPI,Nagpur,Maharashtra
O12683,C4358,2024-12-05,Completed,COD,Kochi,Kerala
O12684,C4791,2023-01-29,Completed,Debit Card,Bhubaneswar,Odisha
O12685,C3811,2025-06-15,Completed,UPI,Pune,Maharashtra
O12686,C4032,2023-03-14,Completed,UPI,Nagpur,Maharashtra
O12687,C2725,2025-02-27,Completed,UPI,Indore,Madhya Pradesh
O12688,C1848,2023-07-25,Completed,Credit Card,Surat,Gujarat
O12689,C2238,2023-02-21,Completed,UPI,Chennai,Tamil Nadu
O12690,C1042,2025-09-29,Completed,COD,Noida,Uttar Pradesh
O12691,C4840,2023-11-18,Cancelled,COD,Surat,Gujarat
O12692,C3486,2024-09-18,Completed,UPI,Lucknow,Uttar Pradesh
O12693,C0243,2025-12-21,Completed,Debit Card,Ahmedabad,Gujarat
O12694,C2101,2023-01-19,Completed,Credit Card,Mumbai,Maharashtra
O12695,C1250,2023-11-07,Completed,Net Banking,Chandigarh,Chandigarh
O12696,C1738,2024-08-13,Completed,COD,Gurugram,Haryana
O12697,C3670,2024-06-06,Completed,Credit Card,Patna,Bihar
O12698,C1919,2024-10-17,Completed,Debit Card,Hyderabad,Telangana
O12699,C4415,2023-03-26,Completed,UPI,Hyderabad,Telangana
O12700,C2755,2025-08-15,Returned,COD,Noida,Uttar Pradesh
O12701,C1393,2023-01-03,Completed,Credit Card,Surat,Gujarat
O12702,C0248,2025-02-09,Returned,Credit Card,Noida,Uttar Pradesh
O12703,C4273,2024-02-09,Completed,Credit Card,Bhubaneswar,Odisha
O12704,C1686,2025-12-02,Completed,UPI,Chennai,Tamil Nadu
O12705,C1932,2023-08-21,Returned,COD,Indore,Madhya Pradesh
O12706,C4017,2024-05-22,Completed,COD,Chandigarh,Chandigarh
O12707,C4109,2025-07-04,Completed,UPI,Jaipur,Rajasthan
O12708,C3433,2025-09-12,Completed,Credit Card,Bhopal,Madhya Pradesh
O12709,C4385,2023-01-21,Cancelled,UPI,Chandigarh,Chandigarh
O12710,C4527,2025-10-30,Returned,UPI,Jaipur,Rajasthan
O12711,C3985,2023-02-14,Completed,UPI,Gurugram,Haryana
O12712,C3823,2024-08-27,Completed,COD,Kolkata,West Bengal
O12713,C2082,2025-10-23,Returned,Debit Card,Noida,Uttar Pradesh
O12714,C1348,2023-02-12,Completed,Credit Card,Jaipur,Rajasthan
O12715,C4737,2023-10-24,Completed,Net Banking,Hyderabad,Telangana
O12716,C0133,2024-01-12,Returned,COD,Gurugram,Haryana
O12717,C3624,2025-07-25,Completed,UPI,Nagpur,Maharashtra
O12718,C1855,2024-12-17,Completed,UPI,Surat,Gujarat
O12719,C2945,2024-09-27,Completed,UPI,Pune,Maharashtra
O12720,C0401,2024-01-12,Completed,UPI,Bhubaneswar,Odisha
O12721,C0606,2023-02-16,Completed,COD,Delhi,Delhi
O12722,C4707,2023-11-27,Completed,COD,Noida,Uttar Pradesh
O12723,C0132,2023-08-24,Completed,UPI,Pune,Maharashtra
O12724,C4489,2025-05-11,Completed,Credit Card,Bhubaneswar,Odisha
O12725,C4909,2023-10-12,Completed,UPI,Bhubaneswar,Odisha
O12726,C4677,2025-01-23,Completed,UPI,Ahmedabad,Gujarat
O12727,C4507,2024-12-16,Completed,UPI,Ahmedabad,Gujarat
O12728,C4441,2024-12-12,Completed,COD,Hyderabad,Telangana
O12729,C0804,2025-12-16,Completed,UPI,Indore,Madhya Pradesh
O12730,C3268,2024-03-12,Completed,COD,Noida,Uttar Pradesh
O12731,C4290,2023-04-29,Cancelled,Debit Card,Ahmedabad,Gujarat
O12732,C3634,2024-07-24,Completed,Debit Card,Hyderabad,Telangana
O12733,C2677,2025-08-05,Completed,COD,Hyderabad,Telangana
O12734,C1216,2023-02-27,Completed,UPI,Chennai,Tamil Nadu
O12735,C2478,2024-05-14,Completed,COD,Hyderabad,Telangana
O12736,C2265,2024-12-31,Completed,UPI,Surat,Gujarat
O12737,C0970,2025-03-06,Completed,Net Banking,Chennai,Tamil Nadu
O12738,C0601,2024-04-26,Completed,COD,Lucknow,Uttar Pradesh
O12739,C4456,2023-11-22,Completed,Net Banking,Nagpur,Maharashtra
O12740,C1333,2025-12-22,Completed,Net Banking,Nagpur,Maharashtra
O12741,C2717,2023-08-19,Returned,UPI,Gurugram,Haryana
O12742,C4517,2024-07-08,Completed,Net Banking,Nagpur,Maharashtra
O12743,C0782,2024-02-27,Completed,UPI,Bhubaneswar,Odisha
O12744,C3809,2024-12-30,Completed,Debit Card,Chandigarh,Chandigarh
O12745,C1435,2023-07-22,Completed,COD,Jaipur,Rajasthan
O12746,C4339,2024-11-20,Completed,Credit Card,Ahmedabad,Gujarat
O12747,C1017,2025-02-22,Completed,UPI,Nagpur,Maharashtra
O12748,C2220,2024-03-28,Completed,COD,Chandigarh,Chandigarh
O12749,C2703,2025-10-23,Completed,UPI,Bengaluru,Karnataka
O12750,C3907,2025-12-10,Cancelled,UPI,Hyderabad,Telangana
O12751,C2817,2024-11-02,Completed,Credit Card,Bhubaneswar,Odisha
O12752,C3992,2025-10-17,Completed,COD,Pune,Maharashtra
O12753,C0460,2024-04-24,Completed,COD,Chennai,Tamil Nadu
O12754,C3641,2025-06-04,Completed,Credit Card,Kolkata,West Bengal
O12755,C0532,2024-01-31,Completed,Credit Card,Bhopal,Madhya Pradesh
O12756,C1978,2023-06-08,Completed,COD,Jaipur,Rajasthan
O12757,C3278,2024-04-09,Completed,Credit Card,Chandigarh,Chandigarh
O12758,C3765,2024-07-24,Completed,Credit Card,Lucknow,Uttar Pradesh
O12759,C0291,2025-10-10,Completed,UPI,Jaipur,Rajasthan
O12760,C3576,2024-07-12,Completed,Net Banking,Hyderabad,Telangana
O12761,C4755,2025-09-08,Completed,Credit Card,Indore,Madhya Pradesh
O12762,C4650,2025-10-17,Cancelled,Debit Card,Gurugram,Haryana
O12763,C2476,2024-06-26,Completed,UPI,Noida,Uttar Pradesh
O12764,C0513,2023-09-04,Completed,Debit Card,Jaipur,Rajasthan
O12765,C1640,2024-11-29,Completed,Credit Card,Nagpur,Maharashtra
O12766,C0255,2024-08-15,Completed,UPI,Hyderabad,Telangana
O12767,C4817,2025-04-21,Completed,COD,Delhi,Delhi
O12768,C2638,2025-10-25,Completed,COD,Indore,Madhya Pradesh
O12769,C1966,2024-05-30,Completed,UPI,Chandigarh,Chandigarh
O12770,C0051,2024-05-01,Returned,Credit Card,Ahmedabad,Gujarat
O12771,C0800,2024-10-16,Returned,UPI,Mumbai,Maharashtra
O12772,C0100,2025-06-16,Completed,Credit Card,Chennai,Tamil Nadu
O12773,C1748,2023-11-08,Completed,Credit Card,Indore,Madhya Pradesh
O12774,C2512,2024-12-24,Completed,Debit Card,Jaipur,Rajasthan
O12775,C0237,2025-02-01,Completed,UPI,Bhubaneswar,Odisha
O12776,C0472,2025-09-21,Completed,UPI,Nagpur,Maharashtra
O12777,C2205,2024-11-24,Cancelled,Debit Card,Ahmedabad,Gujarat
O12778,C0139,2023-07-28,Completed,Net Banking,Bhopal,Madhya Pradesh
O12779,C2863,2024-12-18,Cancelled,Net Banking,Chennai,Tamil Nadu
O12780,C1384,2025-01-19,Cancelled,COD,Bengaluru,Karnataka
O12781,C3096,2023-06-08,Completed,UPI,Ahmedabad,Gujarat
O12782,C4502,2024-04-05,Completed,UPI,Bhopal,Madhya Pradesh
O12783,C1713,2025-10-20,Completed,Debit Card,Indore,Madhya Pradesh
O12784,C0951,2023-02-23,Completed,UPI,Kolkata,West Bengal
O12785,C3797,2024-01-28,Completed,Credit Card,Hyderabad,Telangana
O12786,C2374,2023-09-01,Completed,Net Banking,Pune,Maharashtra
O12787,C1358,2025-01-13,Completed,UPI,Mumbai,Maharashtra
O12788,C4425,2025-04-17,Completed,COD,Surat,Gujarat
O12789,C1700,2025-06-20,Returned,UPI,Lucknow,Uttar Pradesh
O12790,C2137,2023-10-18,Completed,UPI,Hyderabad,Telangana
O12791,C4111,2023-05-11,Completed,Credit Card,Nagpur,Maharashtra
O12792,C3373,2023-10-05,Completed,UPI,Hyderabad,Telangana
O12793,C0634,2023-05-22,Completed,Net Banking,Delhi,Delhi
O12794,C1884,2023-03-08,Returned,Credit Card,Hyderabad,Telangana
O12795,C2317,2025-06-01,Completed,Debit Card,Chennai,Tamil Nadu
O12796,C1129,2025-12-18,Cancelled,Debit Card,Chennai,Tamil Nadu
O12797,C2387,2024-01-28,Cancelled,COD,Kochi,Kerala
O12798,C0392,2024-05-23,Completed,COD,Surat,Gujarat
O12799,C0169,2023-06-25,Completed,Credit Card,Chennai,Tamil Nadu
O12800,C3089,2023-02-06,Completed,COD,Ahmedabad,Gujarat
O12801,C2053,2025-07-04,Completed,Debit Card,Kolkata,West Bengal
O12802,C3966,2024-08-19,Cancelled,Debit Card,Bhubaneswar,Odisha
O12803,C3209,2024-03-09,Completed,UPI,Indore,Madhya Pradesh
O12804,C4715,2024-05-10,Completed,UPI,Bhopal,Madhya Pradesh
O12805,C1186,2025-06-10,Completed,Debit Card,Ahmedabad,Gujarat
O12806,C4865,2025-10-02,Completed,UPI,Surat,Gujarat
O12807,C2728,2023-11-01,Completed,Credit Card,Kolkata,West Bengal
O12808,C3510,2023-09-13,Completed,Credit Card,Pune,Maharashtra
O12809,C4478,2024-08-09,Completed,UPI,Patna,Bihar
O12810,C4578,2024-09-13,Completed,Credit Card,Kochi,Kerala
O12811,C3427,2025-10-26,Completed,Credit Card,Bengaluru,Karnataka
O12812,C4721,2025-04-28,Completed,UPI,Bengaluru,Karnataka
O12813,C1714,2025-08-07,Completed,Credit Card,Chennai,Tamil Nadu
O12814,C2513,2024-10-18,Returned,UPI,Pune,Maharashtra
O12815,C3262,2025-10-22,Completed,Credit Card,Surat,Gujarat
O12816,C4590,2025-07-16,Completed,Debit Card,Bengaluru,Karnataka
O12817,C2679,2025-03-28,Completed,UPI,Kolkata,West Bengal
O12818,C0282,2023-08-16,Completed,UPI,Gurugram,Haryana
O12819,C4927,2023-03-24,Completed,UPI,Jaipur,Rajasthan
O12820,C0430,2025-09-01,Completed,COD,Bhopal,Madhya Pradesh
O12821,C2629,2024-03-16,Completed,Credit Card,Jaipur,Rajasthan
O12822,C4954,2025-12-04,Completed,Credit Card,Gurugram,Haryana
O12823,C4349,2024-12-11,Completed,Credit Card,Hyderabad,Telangana
O12824,C4659,2023-06-24,Completed,Credit Card,Indore,Madhya Pradesh
O12825,C3213,2024-01-19,Completed,Net Banking,Nagpur,Maharashtra
O12826,C4633,2024-02-12,Completed,COD,Noida,Uttar Pradesh
O12827,C2946,2023-07-11,Completed,Debit Card,Hyderabad,Telangana
O12828,C2318,2025-05-05,Cancelled,UPI,Indore,Madhya Pradesh
O12829,C3985,2024-04-08,Completed,Credit Card,Gurugram,Haryana
O12830,C3433,2024-12-21,Completed,Debit Card,Bhopal,Madhya Pradesh
O12831,C2664,2023-01-29,Completed,Credit Card,Surat,Gujarat
O12832,C0936,2025-12-07,Completed,Credit Card,Indore,Madhya Pradesh
O12833,C2343,2023-09-24,Completed,UPI,Hyderabad,Telangana
O12834,C1689,2024-01-22,Completed,UPI,Ahmedabad,Gujarat
O12835,C0883,2024-11-12,Cancelled,UPI,Ahmedabad,Gujarat
O12836,C2520,2025-11-05,Completed,Debit Card,Mumbai,Maharashtra
O12837,C0817,2025-10-09,Returned,UPI,Kolkata,West Bengal
O12838,C3233,2024-03-24,Completed,Net Banking,Gurugram,Haryana
O12839,C3867,2023-12-13,Cancelled,UPI,Kolkata,West Bengal
O12840,C2847,2023-10-14,Completed,UPI,Chandigarh,Chandigarh
O12841,C4976,2025-09-26,Cancelled,COD,Nagpur,Maharashtra
O12842,C0678,2024-01-12,Completed,Credit Card,Chennai,Tamil Nadu
O12843,C2255,2024-02-26,Completed,Credit Card,Kochi,Kerala
O12844,C2984,2025-07-20,Completed,UPI,Kolkata,West Bengal
O12845,C2490,2025-02-02,Completed,UPI,Lucknow,Uttar Pradesh
O12846,C2315,2025-01-14,Completed,Debit Card,Bhopal,Madhya Pradesh
O12847,C2447,2023-08-07,Completed,Credit Card,Pune,Maharashtra
O12848,C1889,2023-02-26,Returned,Credit Card,Hyderabad,Telangana
O12849,C1721,2024-11-17,Cancelled,Credit Card,Indore,Madhya Pradesh
O12850,C1904,2023-04-24,Cancelled,UPI,Delhi,Delhi
O12851,C0224,2024-04-19,Completed,COD,Surat,Gujarat
O12852,C4761,2025-12-27,Completed,Net Banking,Ahmedabad,Gujarat
O12853,C0935,2023-02-27,Completed,COD,Chennai,Tamil Nadu
O12854,C1313,2023-10-31,Completed,Credit Card,Chandigarh,Chandigarh
O12855,C1309,2025-09-24,Cancelled,Net Banking,Kolkata,West Bengal
O12856,C0226,2023-10-30,Cancelled,Debit Card,Chennai,Tamil Nadu
O12857,C0200,2025-06-29,Completed,COD,Gurugram,Haryana
O12858,C4600,2025-01-03,Cancelled,Debit Card,Noida,Uttar Pradesh
O12859,C4107,2024-12-18,Completed,Debit Card,Bhopal,Madhya Pradesh
O12860,C2885,2025-05-12,Completed,Debit Card,Bhopal,Madhya Pradesh
O12861,C2325,2023-01-02,Cancelled,UPI,Chennai,Tamil Nadu
O12862,C3994,2025-11-29,Completed,UPI,Gurugram,Haryana
O12863,C3934,2025-12-07,Completed,COD,Lucknow,Uttar Pradesh
O12864,C1598,2024-12-12,Completed,UPI,Surat,Gujarat
O12865,C0005,2023-02-26,Completed,UPI,Ahmedabad,Gujarat
O12866,C0280,2023-01-12,Completed,UPI,Chennai,Tamil Nadu
O12867,C3020,2024-04-02,Completed,UPI,Bhopal,Madhya Pradesh
O12868,C2365,2024-11-21,Returned,Credit Card,Ahmedabad,Gujarat
O12869,C0127,2024-06-24,Cancelled,Debit Card,Chandigarh,Chandigarh
O12870,C4400,2023-12-05,Completed,COD,Surat,Gujarat
O12871,C2797,2025-01-28,Completed,UPI,Delhi,Delhi
O12872,C4827,2023-09-13,Completed,UPI,Bhubaneswar,Odisha
O12873,C3250,2025-12-05,Completed,Credit Card,Nagpur,Maharashtra
O12874,C3902,2025-11-09,Completed,UPI,Patna,Bihar
O12875,C4586,2025-12-18,Completed,COD,Lucknow,Uttar Pradesh
O12876,C4533,2023-08-28,Completed,Debit Card,Gurugram,Haryana
O12877,C3702,2024-01-11,Completed,Credit Card,Gurugram,Haryana
O12878,C0483,2025-11-25,Cancelled,UPI,Indore,Madhya Pradesh
O12879,C3040,2025-05-07,Completed,COD,Ahmedabad,Gujarat
O12880,C4411,2024-01-22,Completed,Credit Card,Kolkata,West Bengal
O12881,C1508,2025-03-22,Completed,Credit Card,Ahmedabad,Gujarat
O12882,C3169,2023-07-02,Completed,Debit Card,Indore,Madhya Pradesh
O12883,C0939,2023-11-12,Completed,Net Banking,Chandigarh,Chandigarh
O12884,C0017,2023-03-26,Cancelled,UPI,Delhi,Delhi
O12885,C4543,2025-04-08,Returned,UPI,Kolkata,West Bengal
O12886,C4375,2025-12-08,Completed,UPI,Noida,Uttar Pradesh
O12887,C3943,2025-03-22,Completed,Debit Card,Lucknow,Uttar Pradesh
O12888,C4548,2025-08-05,Completed,UPI,Nagpur,Maharashtra
O12889,C2714,2025-04-19,Cancelled,Credit Card,Gurugram,Haryana
O12890,C4702,2025-05-06,Completed,Debit Card,Indore,Madhya Pradesh
O12891,C3886,2025-08-02,Completed,Debit Card,Nagpur,Maharashtra
O12892,C3618,2023-10-29,Completed,Credit Card,Lucknow,Uttar Pradesh
O12893,C1034,2025-08-07,Completed,Debit Card,Noida,Uttar Pradesh
O12894,C1812,2024-12-24,Completed,Net Banking,Chandigarh,Chandigarh
O12895,C2008,2024-10-12,Completed,UPI,Surat,Gujarat
O12896,C4197,2024-09-07,Completed,Debit Card,Nagpur,Maharashtra
O12897,C0470,2025-12-24,Completed,Credit Card,Chandigarh,Chandigarh
O12898,C1325,2024-01-07,Completed,UPI,Mumbai,Maharashtra
O12899,C3278,2024-06-23,Completed,UPI,Chandigarh,Chandigarh
O12900,C1625,2023-01-09,Cancelled,COD,Bengaluru,Karnataka
O12901,C1236,2023-06-11,Completed,Credit Card,Surat,Gujarat
O12902,C0119,2025-01-04,Cancelled,UPI,Chandigarh,Chandigarh
O12903,C1884,2024-10-04,Completed,Net Banking,Hyderabad,Telangana
O12904,C2005,2024-10-02,Completed,Debit Card,Chennai,Tamil Nadu
O12905,C0788,2025-04-07,Completed,Credit Card,Kolkata,West Bengal
O12906,C2476,2025-05-14,Completed,Debit Card,Noida,Uttar Pradesh
O12907,C2768,2024-10-09,Completed,UPI,Mumbai,Maharashtra
O12908,C1428,2025-07-02,Completed,UPI,Chandigarh,Chandigarh
O12909,C0243,2023-04-07,Completed,UPI,Ahmedabad,Gujarat
O12910,C4039,2024-05-04,Completed,Credit Card,Delhi,Delhi
O12911,C4723,2024-06-04,Completed,COD,Bengaluru,Karnataka
O12912,C3914,2023-10-05,Completed,Credit Card,Delhi,Delhi
O12913,C0016,2025-06-24,Returned,UPI,Mumbai,Maharashtra
O12914,C4612,2024-05-16,Completed,Debit Card,Delhi,Delhi
O12915,C2783,2025-09-19,Cancelled,COD,Gurugram,Haryana
O12916,C1824,2024-05-10,Completed,UPI,Gurugram,Haryana
O12917,C4924,2023-11-19,Completed,COD,Bhubaneswar,Odisha
O12918,C0011,2023-01-09,Completed,UPI,Ahmedabad,Gujarat
O12919,C0279,2025-10-22,Cancelled,UPI,Delhi,Delhi
O12920,C2943,2024-11-03,Completed,Credit Card,Mumbai,Maharashtra
O12921,C4429,2023-03-05,Completed,UPI,Kolkata,West Bengal
O12922,C2792,2024-02-14,Completed,COD,Bengaluru,Karnataka
O12923,C2086,2023-04-02,Returned,COD,Lucknow,Uttar Pradesh
O12924,C1107,2025-12-05,Completed,Debit Card,Bengaluru,Karnataka
O12925,C0032,2024-09-16,Completed,UPI,Jaipur,Rajasthan
O12926,C3126,2023-09-08,Completed,UPI,Hyderabad,Telangana
O12927,C0737,2024-03-31,Completed,Debit Card,Mumbai,Maharashtra
O12928,C1849,2025-07-29,Completed,UPI,Chennai,Tamil Nadu
O12929,C3033,2025-02-10,Completed,Credit Card,Nagpur,Maharashtra
O12930,C3609,2024-09-01,Completed,UPI,Surat,Gujarat
O12931,C4141,2025-09-10,Completed,Credit Card,Kolkata,West Bengal
O12932,C2678,2025-05-26,Completed,UPI,Indore,Madhya Pradesh
O12933,C0294,2024-12-07,Completed,UPI,Kochi,Kerala
O12934,C3197,2023-10-12,Completed,Credit Card,Chandigarh,Chandigarh
O12935,C1572,2024-10-22,Completed,Credit Card,Kochi,Kerala
O12936,C3049,2024-04-19,Completed,Credit Card,Indore,Madhya Pradesh
O12937,C2940,2025-06-14,Completed,UPI,Hyderabad,Telangana
O12938,C4263,2025-10-20,Returned,UPI,Kochi,Kerala
O12939,C0269,2023-11-02,Completed,UPI,Gurugram,Haryana
O12940,C1148,2025-05-06,Completed,Debit Card,Pune,Maharashtra
O12941,C3343,2025-06-12,Completed,UPI,Kolkata,West Bengal
O12942,C0880,2024-05-29,Completed,COD,Chandigarh,Chandigarh
O12943,C0059,2024-03-24,Completed,COD,Mumbai,Maharashtra
O12944,C2498,2025-03-01,Completed,COD,Nagpur,Maharashtra
O12945,C3892,2025-05-24,Completed,COD,Patna,Bihar
O12946,C0217,2025-02-11,Cancelled,Debit Card,Pune,Maharashtra
O12947,C4340,2023-08-11,Completed,COD,Ahmedabad,Gujarat
O12948,C4613,2025-03-13,Completed,Debit Card,Bhubaneswar,Odisha
O12949,C2312,2025-01-16,Completed,UPI,Bengaluru,Karnataka
O12950,C4957,2024-07-30,Completed,Debit Card,Gurugram,Haryana
O12951,C0734,2024-12-28,Completed,Debit Card,Indore,Madhya Pradesh
O12952,C2503,2024-04-26,Completed,UPI,Delhi,Delhi
O12953,C4640,2023-10-01,Completed,COD,Chandigarh,Chandigarh
O12954,C2422,2023-10-08,Cancelled,COD,Lucknow,Uttar Pradesh
O12955,C3378,2025-10-17,Cancelled,Credit Card,Noida,Uttar Pradesh
O12956,C0374,2025-08-15,Completed,Credit Card,Delhi,Delhi
O12957,C0112,2023-08-18,Completed,Credit Card,Chennai,Tamil Nadu
O12958,C2541,2023-07-13,Cancelled,Debit Card,Pune,Maharashtra
O12959,C0294,2024-05-03,Completed,UPI,Kochi,Kerala
O12960,C2470,2025-06-07,Completed,COD,Bhopal,Madhya Pradesh
O12961,C2199,2023-07-21,Completed,UPI,Lucknow,Uttar Pradesh
O12962,C3269,2025-06-10,Completed,UPI,Kochi,Kerala
O12963,C0168,2024-07-29,Cancelled,COD,Nagpur,Maharashtra
O12964,C3154,2024-11-02,Completed,UPI,Mumbai,Maharashtra
O12965,C0070,2025-12-21,Completed,COD,Noida,Uttar Pradesh
O12966,C1426,2023-04-30,Completed,Net Banking,Ahmedabad,Gujarat
O12967,C2573,2025-03-22,Completed,UPI,Ahmedabad,Gujarat
O12968,C1655,2025-11-02,Completed,Net Banking,Bhopal,Madhya Pradesh
O12969,C2260,2025-03-28,Completed,Credit Card,Hyderabad,Telangana
O12970,C0102,2024-02-16,Completed,UPI,Bhopal,Madhya Pradesh
O12971,C1732,2023-08-19,Completed,Credit Card,Bengaluru,Karnataka
O12972,C1362,2025-08-26,Completed,COD,Indore,Madhya Pradesh
O12973,C0333,2023-08-16,Returned,Debit Card,Mumbai,Maharashtra
O12974,C2253,2024-03-05,Completed,Credit Card,Hyderabad,Telangana
O12975,C4325,2023-05-25,Completed,UPI,Pune,Maharashtra
O12976,C3261,2023-06-10,Completed,Debit Card,Chennai,Tamil Nadu
O12977,C1123,2025-05-16,Completed,UPI,Jaipur,Rajasthan
O12978,C1958,2023-10-16,Completed,UPI,Patna,Bihar
O12979,C1960,2023-03-25,Cancelled,Debit Card,Kochi,Kerala
O12980,C0460,2025-07-14,Completed,Credit Card,Chennai,Tamil Nadu
O12981,C1218,2024-06-17,Completed,UPI,Kolkata,West Bengal
O12982,C4986,2023-05-05,Completed,Debit Card,Bhopal,Madhya Pradesh
O12983,C0931,2023-06-30,Completed,UPI,Chandigarh,Chandigarh
O12984,C0311,2025-09-11,Completed,COD,Ahmedabad,Gujarat
O12985,C2890,2024-03-05,Completed,Credit Card,Mumbai,Maharashtra
O12986,C1759,2025-12-03,Completed,Credit Card,Ahmedabad,Gujarat
O12987,C4342,2025-04-22,Completed,Debit Card,Ahmedabad,Gujarat
O12988,C0472,2024-01-05,Completed,UPI,Nagpur,Maharashtra
O12989,C4418,2025-07-18,Completed,Debit Card,Chandigarh,Chandigarh
O12990,C4237,2024-02-23,Completed,COD,Lucknow,Uttar Pradesh
O12991,C3181,2025-08-21,Completed,COD,Gurugram,Haryana
O12992,C2361,2025-02-15,Completed,Debit Card,Lucknow,Uttar Pradesh
O12993,C1145,2025-03-03,Completed,Net Banking,Mumbai,Maharashtra
O12994,C0099,2023-03-20,Completed,Credit Card,Surat,Gujarat
O12995,C3650,2025-07-25,Returned,UPI,Kolkata,West Bengal
O12996,C0494,2024-12-07,Completed,Debit Card,Pune,Maharashtra
O12997,C2158,2023-10-16,Completed,COD,Mumbai,Maharashtra
O12998,C4580,2025-09-03,Completed,UPI,Mumbai,Maharashtra
O12999,C2178,2025-08-18,Completed,UPI,Mumbai,Maharashtra
O13000,C1424,2025-05-21,Cancelled,Net Banking,Jaipur,Rajasthan
O13001,C4936,2023-03-22,Completed,COD,Bhubaneswar,Odisha
O13002,C0506,2024-07-23,Completed,UPI,Nagpur,Maharashtra
O13003,C4306,2025-03-22,Completed,Credit Card,Bhubaneswar,Odisha
O13004,C0361,2024-05-16,Completed,UPI,Gurugram,Haryana
O13005,C0154,2025-12-07,Completed,UPI,Delhi,Delhi
O13006,C0533,2025-07-21,Cancelled,UPI,Pune,Maharashtra
O13007,C2012,2024-10-26,Cancelled,UPI,Nagpur,Maharashtra
O13008,C2358,2024-02-13,Completed,Credit Card,Indore,Madhya Pradesh
O13009,C2784,2025-04-04,Completed,UPI,Kolkata,West Bengal
O13010,C1970,2025-11-02,Completed,COD,Chennai,Tamil Nadu
O13011,C4972,2023-08-12,Completed,COD,Pune,Maharashtra
O13012,C2348,2023-08-15,Cancelled,Credit Card,Kochi,Kerala
O13013,C4437,2025-09-14,Completed,UPI,Bhubaneswar,Odisha
O13014,C0635,2023-07-10,Completed,Net Banking,Gurugram,Haryana
O13015,C2602,2025-01-31,Completed,Credit Card,Chennai,Tamil Nadu
O13016,C1193,2024-12-02,Completed,Credit Card,Bengaluru,Karnataka
O13017,C4516,2025-10-20,Completed,UPI,Patna,Bihar
O13018,C0737,2024-04-12,Completed,UPI,Mumbai,Maharashtra
O13019,C2437,2023-01-28,Completed,COD,Gurugram,Haryana
O13020,C1209,2025-09-10,Cancelled,Credit Card,Nagpur,Maharashtra
O13021,C2059,2025-12-01,Completed,Net Banking,Lucknow,Uttar Pradesh
O13022,C0608,2023-02-07,Completed,Net Banking,Indore,Madhya Pradesh
O13023,C3066,2024-05-24,Completed,UPI,Bhubaneswar,Odisha
O13024,C3750,2023-06-12,Returned,Net Banking,Lucknow,Uttar Pradesh
O13025,C4327,2023-10-31,Completed,Net Banking,Mumbai,Maharashtra
O13026,C2038,2025-01-16,Completed,COD,Kochi,Kerala
O13027,C2186,2025-02-20,Completed,Credit Card,Kolkata,West Bengal
O13028,C0997,2023-02-23,Completed,UPI,Bhubaneswar,Odisha
O13029,C2579,2024-01-09,Completed,UPI,Indore,Madhya Pradesh
O13030,C1180,2025-05-26,Completed,UPI,Patna,Bihar
O13031,C4703,2025-01-19,Cancelled,COD,Chennai,Tamil Nadu
O13032,C1921,2025-12-01,Completed,Net Banking,Gurugram,Haryana
O13033,C3232,2024-12-28,Completed,COD,Chandigarh,Chandigarh
O13034,C1333,2024-08-29,Completed,Debit Card,Nagpur,Maharashtra
O13035,C2745,2025-03-28,Completed,Credit Card,Jaipur,Rajasthan
O13036,C2261,2024-09-28,Completed,Debit Card,Bhopal,Madhya Pradesh
O13037,C3499,2023-12-08,Completed,Debit Card,Mumbai,Maharashtra
O13038,C3414,2024-10-22,Completed,UPI,Noida,Uttar Pradesh
O13039,C0206,2023-06-11,Cancelled,Debit Card,Jaipur,Rajasthan
O13040,C1810,2023-02-09,Completed,UPI,Mumbai,Maharashtra
O13041,C0900,2025-03-08,Completed,UPI,Gurugram,Haryana
O13042,C0748,2024-12-10,Completed,Credit Card,Noida,Uttar Pradesh
O13043,C4973,2024-09-20,Completed,Credit Card,Indore,Madhya Pradesh
O13044,C2630,2023-01-25,Completed,Debit Card,Bhubaneswar,Odisha
O13045,C2443,2025-08-22,Completed,Credit Card,Chennai,Tamil Nadu
O13046,C4433,2023-03-08,Completed,UPI,Bengaluru,Karnataka
O13047,C1762,2024-11-27,Completed,Net Banking,Ahmedabad,Gujarat
O13048,C4877,2023-10-30,Completed,COD,Ahmedabad,Gujarat
O13049,C4375,2025-10-15,Completed,COD,Noida,Uttar Pradesh
O13050,C2297,2024-04-22,Completed,COD,Patna,Bihar
O13051,C4929,2023-04-15,Completed,UPI,Gurugram,Haryana
O13052,C1732,2024-10-18,Completed,Net Banking,Bengaluru,Karnataka
O13053,C3999,2025-12-09,Completed,Net Banking,Indore,Madhya Pradesh
O13054,C2960,2024-08-24,Completed,UPI,Nagpur,Maharashtra
O13055,C0939,2024-01-24,Completed,UPI,Chandigarh,Chandigarh
O13056,C4620,2025-08-21,Cancelled,Net Banking,Chennai,Tamil Nadu
O13057,C4556,2024-03-04,Returned,UPI,Kochi,Kerala
O13058,C2165,2023-01-17,Completed,COD,Chandigarh,Chandigarh
O13059,C2874,2024-03-18,Completed,UPI,Hyderabad,Telangana
O13060,C1451,2025-10-13,Completed,Debit Card,Kochi,Kerala
O13061,C1204,2024-01-13,Returned,Debit Card,Chennai,Tamil Nadu
O13062,C1873,2024-01-27,Cancelled,Net Banking,Mumbai,Maharashtra
O13063,C4492,2023-01-30,Completed,Debit Card,Jaipur,Rajasthan
O13064,C3025,2023-05-11,Completed,UPI,Delhi,Delhi
O13065,C2056,2024-02-05,Completed,Credit Card,Indore,Madhya Pradesh
O13066,C2192,2023-05-03,Completed,UPI,Nagpur,Maharashtra
O13067,C1679,2023-02-20,Completed,Credit Card,Bhubaneswar,Odisha
O13068,C4383,2025-07-08,Completed,Credit Card,Indore,Madhya Pradesh
O13069,C2538,2023-03-15,Completed,UPI,Bengaluru,Karnataka
O13070,C1666,2023-04-21,Completed,Debit Card,Lucknow,Uttar Pradesh
O13071,C4729,2023-06-26,Completed,UPI,Bhopal,Madhya Pradesh
O13072,C4825,2025-11-09,Completed,COD,Chennai,Tamil Nadu
O13073,C4127,2023-07-24,Completed,UPI,Mumbai,Maharashtra
O13074,C3012,2024-06-24,Completed,Credit Card,Bengaluru,Karnataka
O13075,C0244,2025-10-29,Completed,COD,Bhubaneswar,Odisha
O13076,C0140,2025-11-22,Completed,COD,Bhubaneswar,Odisha
O13077,C2449,2023-06-01,Completed,Credit Card,Noida,Uttar Pradesh
O13078,C0725,2023-03-21,Completed,UPI,Surat,Gujarat
O13079,C1565,2025-04-25,Completed,Credit Card,Delhi,Delhi
O13080,C4260,2023-05-06,Returned,COD,Indore,Madhya Pradesh
O13081,C0104,2024-05-22,Completed,UPI,Bengaluru,Karnataka
O13082,C4048,2024-01-10,Completed,UPI,Gurugram,Haryana
O13083,C0063,2025-09-15,Completed,Credit Card,Surat,Gujarat
O13084,C2063,2024-06-17,Completed,Credit Card,Lucknow,Uttar Pradesh
O13085,C3870,2023-05-31,Completed,UPI,Chandigarh,Chandigarh
O13086,C3566,2023-08-06,Completed,Credit Card,Indore,Madhya Pradesh
O13087,C2227,2023-10-09,Completed,UPI,Kochi,Kerala
O13088,C1547,2023-11-01,Completed,UPI,Gurugram,Haryana
O13089,C4823,2024-10-23,Completed,COD,Gurugram,Haryana
O13090,C4073,2024-10-15,Completed,Credit Card,Mumbai,Maharashtra
O13091,C4834,2025-12-23,Completed,UPI,Lucknow,Uttar Pradesh
O13092,C3647,2023-06-22,Completed,Net Banking,Jaipur,Rajasthan
O13093,C1791,2024-12-04,Completed,UPI,Noida,Uttar Pradesh
O13094,C0130,2024-02-01,Completed,UPI,Hyderabad,Telangana
O13095,C3016,2025-01-13,Completed,Net Banking,Gurugram,Haryana
O13096,C0927,2023-02-20,Completed,UPI,Kolkata,West Bengal
O13097,C1981,2024-09-11,Completed,Net Banking,Chandigarh,Chandigarh
O13098,C1726,2025-06-02,Completed,Debit Card,Kochi,Kerala
O13099,C1820,2023-10-02,Completed,Credit Card,Delhi,Delhi
O13100,C4545,2024-11-18,Cancelled,Credit Card,Gurugram,Haryana
O13101,C2208,2025-05-15,Cancelled,Credit Card,Nagpur,Maharashtra
O13102,C3289,2024-08-06,Completed,COD,Chandigarh,Chandigarh
O13103,C4784,2023-12-28,Completed,UPI,Lucknow,Uttar Pradesh
O13104,C2896,2024-02-04,Completed,COD,Chandigarh,Chandigarh
O13105,C1757,2025-03-05,Completed,Net Banking,Noida,Uttar Pradesh
O13106,C2538,2024-07-16,Completed,Credit Card,Bengaluru,Karnataka
O13107,C2328,2023-08-15,Completed,UPI,Hyderabad,Telangana
O13108,C2129,2023-01-17,Completed,UPI,Bengaluru,Karnataka
O13109,C3197,2023-08-08,Completed,UPI,Chandigarh,Chandigarh
O13110,C2218,2024-08-06,Completed,UPI,Patna,Bihar
O13111,C3654,2024-03-27,Completed,UPI,Bengaluru,Karnataka
O13112,C3162,2024-09-17,Cancelled,Debit Card,Mumbai,Maharashtra
O13113,C2428,2024-04-14,Completed,Credit Card,Chandigarh,Chandigarh
O13114,C4956,2023-12-17,Returned,COD,Bengaluru,Karnataka
O13115,C4260,2025-06-21,Completed,Credit Card,Indore,Madhya Pradesh
O13116,C0415,2023-03-05,Completed,UPI,Bengaluru,Karnataka
O13117,C4095,2025-08-07,Completed,UPI,Hyderabad,Telangana
O13118,C4251,2024-03-14,Completed,Debit Card,Gurugram,Haryana
O13119,C1836,2025-06-15,Completed,Debit Card,Lucknow,Uttar Pradesh
O13120,C2069,2024-08-03,Completed,Debit Card,Kochi,Kerala
O13121,C2871,2023-02-01,Completed,UPI,Noida,Uttar Pradesh
O13122,C1023,2023-01-01,Completed,COD,Nagpur,Maharashtra
O13123,C0399,2024-12-06,Completed,UPI,Hyderabad,Telangana
O13124,C2978,2025-10-02,Completed,UPI,Hyderabad,Telangana
O13125,C2920,2024-12-16,Completed,Debit Card,Chennai,Tamil Nadu
O13126,C3971,2024-08-08,Completed,Debit Card,Ahmedabad,Gujarat
O13127,C0129,2023-06-01,Completed,Credit Card,Patna,Bihar
O13128,C1533,2024-01-05,Cancelled,UPI,Nagpur,Maharashtra
O13129,C1051,2024-07-16,Completed,UPI,Lucknow,Uttar Pradesh
O13130,C2953,2025-04-28,Completed,UPI,Lucknow,Uttar Pradesh
O13131,C0344,2023-09-15,Completed,Debit Card,Ahmedabad,Gujarat
O13132,C1425,2024-06-05,Completed,Debit Card,Nagpur,Maharashtra
O13133,C0604,2025-08-22,Completed,Debit Card,Chennai,Tamil Nadu
O13134,C1591,2024-10-07,Completed,COD,Ahmedabad,Gujarat
O13135,C4829,2023-07-09,Completed,UPI,Chandigarh,Chandigarh
O13136,C4252,2024-07-31,Completed,Debit Card,Delhi,Delhi
O13137,C2149,2025-04-15,Completed,UPI,Noida,Uttar Pradesh
O13138,C0748,2025-05-12,Completed,Credit Card,Noida,Uttar Pradesh
O13139,C0500,2024-10-09,Returned,Debit Card,Noida,Uttar Pradesh
O13140,C3357,2024-08-29,Cancelled,Debit Card,Gurugram,Haryana
O13141,C0386,2024-05-19,Completed,UPI,Nagpur,Maharashtra
O13142,C4234,2024-01-13,Completed,UPI,Noida,Uttar Pradesh
O13143,C4344,2023-12-11,Completed,COD,Kochi,Kerala
O13144,C1736,2025-09-09,Completed,COD,Delhi,Delhi
O13145,C2558,2025-03-21,Completed,UPI,Delhi,Delhi
O13146,C4823,2023-03-04,Completed,Credit Card,Gurugram,Haryana
O13147,C1179,2025-04-28,Completed,UPI,Chandigarh,Chandigarh
O13148,C0880,2025-02-18,Completed,Debit Card,Chandigarh,Chandigarh
O13149,C1506,2025-05-15,Completed,Debit Card,Kochi,Kerala
O13150,C1007,2025-08-05,Completed,UPI,Gurugram,Haryana
O13151,C3658,2024-06-22,Completed,Credit Card,Surat,Gujarat
O13152,C2306,2025-06-23,Cancelled,COD,Gurugram,Haryana
O13153,C0273,2024-07-01,Completed,UPI,Chandigarh,Chandigarh
O13154,C2896,2024-04-12,Completed,COD,Chandigarh,Chandigarh
O13155,C3096,2023-08-22,Completed,UPI,Ahmedabad,Gujarat
O13156,C2873,2023-03-20,Completed,COD,Mumbai,Maharashtra
O13157,C1607,2025-09-26,Cancelled,UPI,Bhopal,Madhya Pradesh
O13158,C4691,2025-02-28,Completed,UPI,Kochi,Kerala
O13159,C2448,2025-12-06,Completed,UPI,Pune,Maharashtra
O13160,C2852,2024-06-12,Completed,COD,Bhopal,Madhya Pradesh
O13161,C1325,2025-06-15,Completed,Credit Card,Mumbai,Maharashtra
O13162,C2058,2023-12-11,Cancelled,Credit Card,Bhubaneswar,Odisha
O13163,C3903,2023-10-03,Cancelled,UPI,Chandigarh,Chandigarh
O13164,C3123,2024-02-07,Completed,UPI,Pune,Maharashtra
O13165,C2767,2023-09-11,Cancelled,Credit Card,Nagpur,Maharashtra
O13166,C2155,2025-11-04,Completed,UPI,Pune,Maharashtra
O13167,C4867,2025-09-27,Completed,Net Banking,Bhopal,Madhya Pradesh
O13168,C1730,2024-06-20,Completed,Credit Card,Bhubaneswar,Odisha
O13169,C4586,2023-06-12,Completed,UPI,Lucknow,Uttar Pradesh
O13170,C2723,2023-03-04,Completed,UPI,Jaipur,Rajasthan
O13171,C4571,2023-08-31,Completed,UPI,Hyderabad,Telangana
O13172,C4677,2023-10-30,Completed,UPI,Ahmedabad,Gujarat
O13173,C2895,2025-08-20,Completed,UPI,Patna,Bihar
O13174,C3364,2023-11-16,Completed,UPI,Hyderabad,Telangana
O13175,C1841,2025-11-11,Completed,COD,Ahmedabad,Gujarat
O13176,C1962,2025-08-22,Completed,UPI,Hyderabad,Telangana
O13177,C4425,2024-05-04,Completed,COD,Surat,Gujarat
O13178,C4863,2024-09-09,Completed,Credit Card,Indore,Madhya Pradesh
O13179,C4602,2025-04-21,Completed,COD,Bhopal,Madhya Pradesh
O13180,C2676,2024-01-18,Completed,Debit Card,Bengaluru,Karnataka
O13181,C1940,2024-01-05,Completed,UPI,Chennai,Tamil Nadu
O13182,C4574,2025-01-09,Completed,Net Banking,Jaipur,Rajasthan
O13183,C0014,2024-02-13,Completed,UPI,Bhopal,Madhya Pradesh
O13184,C4823,2025-04-08,Completed,UPI,Gurugram,Haryana
O13185,C3059,2023-09-18,Completed,Net Banking,Kolkata,West Bengal
O13186,C0746,2023-01-28,Completed,UPI,Indore,Madhya Pradesh
O13187,C2011,2025-04-28,Completed,Debit Card,Bhopal,Madhya Pradesh
O13188,C2614,2024-03-25,Completed,Net Banking,Surat,Gujarat
O13189,C4571,2024-06-10,Completed,Debit Card,Hyderabad,Telangana
O13190,C2947,2023-07-02,Completed,Debit Card,Chennai,Tamil Nadu
O13191,C4620,2024-01-11,Cancelled,Debit Card,Chennai,Tamil Nadu
O13192,C3183,2023-07-29,Completed,Credit Card,Nagpur,Maharashtra
O13193,C3487,2024-06-09,Completed,Net Banking,Ahmedabad,Gujarat
O13194,C4507,2023-02-01,Completed,Credit Card,Ahmedabad,Gujarat
O13195,C4079,2023-02-13,Returned,Debit Card,Bengaluru,Karnataka
O13196,C1908,2025-06-04,Completed,Debit Card,Indore,Madhya Pradesh
O13197,C3992,2023-04-26,Completed,Credit Card,Pune,Maharashtra
O13198,C1648,2024-01-07,Completed,COD,Mumbai,Maharashtra
O13199,C4777,2025-09-21,Completed,UPI,Chandigarh,Chandigarh
O13200,C2664,2024-03-17,Completed,Credit Card,Surat,Gujarat
O13201,C1883,2024-09-05,Completed,Debit Card,Lucknow,Uttar Pradesh
O13202,C0329,2025-10-24,Completed,UPI,Kochi,Kerala
O13203,C4368,2025-10-05,Completed,Net Banking,Delhi,Delhi
O13204,C4271,2023-08-26,Completed,COD,Bhopal,Madhya Pradesh
O13205,C2206,2023-02-28,Completed,UPI,Nagpur,Maharashtra
O13206,C4718,2025-07-13,Completed,UPI,Patna,Bihar
O13207,C1688,2025-07-03,Completed,Debit Card,Delhi,Delhi
O13208,C4330,2025-02-10,Completed,UPI,Kolkata,West Bengal
O13209,C4237,2025-08-12,Cancelled,COD,Lucknow,Uttar Pradesh
O13210,C2167,2023-10-30,Cancelled,UPI,Chandigarh,Chandigarh
O13211,C0382,2025-09-07,Completed,COD,Chennai,Tamil Nadu
O13212,C3593,2024-04-25,Completed,Credit Card,Gurugram,Haryana
O13213,C1434,2023-08-17,Completed,Credit Card,Lucknow,Uttar Pradesh
O13214,C4145,2023-02-23,Completed,UPI,Bengaluru,Karnataka
O13215,C3882,2024-03-17,Completed,Net Banking,Jaipur,Rajasthan
O13216,C3442,2024-07-28,Completed,UPI,Kolkata,West Bengal
O13217,C3405,2024-08-07,Cancelled,UPI,Noida,Uttar Pradesh
O13218,C4245,2024-08-14,Completed,UPI,Patna,Bihar
O13219,C2205,2023-05-10,Cancelled,Credit Card,Ahmedabad,Gujarat
O13220,C2200,2024-05-31,Cancelled,UPI,Noida,Uttar Pradesh
O13221,C3533,2025-08-01,Completed,Credit Card,Chandigarh,Chandigarh
O13222,C4472,2023-06-30,Completed,COD,Pune,Maharashtra
O13223,C2730,2024-09-09,Completed,Credit Card,Ahmedabad,Gujarat
O13224,C0596,2025-10-04,Completed,UPI,Noida,Uttar Pradesh
O13225,C3911,2023-08-25,Completed,UPI,Kochi,Kerala
O13226,C3497,2024-05-26,Completed,UPI,Hyderabad,Telangana
O13227,C3120,2024-06-16,Completed,COD,Nagpur,Maharashtra
O13228,C3801,2025-08-19,Returned,UPI,Indore,Madhya Pradesh
O13229,C2637,2023-08-13,Completed,UPI,Mumbai,Maharashtra
O13230,C3071,2023-07-22,Cancelled,Net Banking,Delhi,Delhi
O13231,C2824,2025-11-30,Completed,Credit Card,Ahmedabad,Gujarat
O13232,C1493,2025-05-04,Completed,Credit Card,Bengaluru,Karnataka
O13233,C3317,2025-07-22,Completed,Net Banking,Nagpur,Maharashtra
O13234,C3903,2023-05-16,Completed,Credit Card,Chandigarh,Chandigarh
O13235,C2310,2025-11-22,Completed,UPI,Chennai,Tamil Nadu
O13236,C4938,2025-11-18,Completed,COD,Hyderabad,Telangana
O13237,C4585,2025-12-16,Completed,UPI,Ahmedabad,Gujarat
O13238,C3861,2025-09-16,Cancelled,Credit Card,Patna,Bihar
O13239,C3214,2024-03-20,Returned,COD,Noida,Uttar Pradesh
O13240,C3297,2024-01-06,Completed,Net Banking,Bengaluru,Karnataka
O13241,C3593,2025-07-27,Completed,Debit Card,Gurugram,Haryana
O13242,C1524,2024-09-29,Completed,Credit Card,Bhubaneswar,Odisha
O13243,C3556,2025-07-10,Completed,UPI,Chandigarh,Chandigarh
O13244,C4260,2024-04-30,Completed,Debit Card,Indore,Madhya Pradesh
O13245,C0975,2023-09-15,Completed,UPI,Jaipur,Rajasthan
O13246,C1671,2024-03-14,Completed,Credit Card,Chennai,Tamil Nadu
O13247,C4230,2024-08-24,Completed,Debit Card,Chennai,Tamil Nadu
O13248,C4806,2023-01-18,Completed,Debit Card,Bengaluru,Karnataka
O13249,C3895,2023-08-07,Returned,UPI,Hyderabad,Telangana
O13250,C2804,2024-05-26,Completed,Credit Card,Kolkata,West Bengal
O13251,C1532,2023-07-28,Returned,UPI,Chandigarh,Chandigarh
O13252,C3817,2024-06-10,Completed,UPI,Lucknow,Uttar Pradesh
O13253,C2213,2023-08-23,Completed,UPI,Delhi,Delhi
O13254,C4657,2023-07-30,Completed,Net Banking,Jaipur,Rajasthan
O13255,C4080,2023-09-30,Cancelled,Debit Card,Gurugram,Haryana
O13256,C0582,2023-05-24,Completed,COD,Noida,Uttar Pradesh
O13257,C3558,2025-01-03,Cancelled,Credit Card,Jaipur,Rajasthan
O13258,C3530,2024-05-16,Completed,UPI,Delhi,Delhi
O13259,C2383,2024-03-19,Completed,UPI,Noida,Uttar Pradesh
O13260,C2685,2023-06-29,Completed,UPI,Hyderabad,Telangana
O13261,C0231,2025-10-13,Completed,COD,Gurugram,Haryana
O13262,C1884,2023-06-28,Cancelled,UPI,Hyderabad,Telangana
O13263,C4099,2023-10-26,Completed,UPI,Surat,Gujarat
O13264,C1912,2025-01-24,Completed,COD,Indore,Madhya Pradesh
O13265,C0685,2023-01-09,Completed,UPI,Chennai,Tamil Nadu
O13266,C4177,2023-07-11,Completed,Credit Card,Ahmedabad,Gujarat
O13267,C1956,2025-10-22,Completed,UPI,Jaipur,Rajasthan
O13268,C1299,2025-10-23,Completed,COD,Kochi,Kerala
O13269,C4484,2025-08-07,Completed,Debit Card,Indore,Madhya Pradesh
O13270,C4923,2024-05-06,Completed,Credit Card,Bhubaneswar,Odisha
O13271,C1369,2025-02-18,Completed,COD,Ahmedabad,Gujarat
O13272,C2267,2025-08-25,Completed,Debit Card,Patna,Bihar
O13273,C0652,2025-10-14,Completed,COD,Nagpur,Maharashtra
O13274,C2111,2024-11-07,Completed,Net Banking,Bhubaneswar,Odisha
O13275,C3099,2024-12-25,Completed,UPI,Bengaluru,Karnataka
O13276,C2756,2023-07-14,Completed,UPI,Chennai,Tamil Nadu
O13277,C3736,2024-05-13,Cancelled,Credit Card,Pune,Maharashtra
O13278,C4049,2024-07-21,Cancelled,Credit Card,Gurugram,Haryana
O13279,C1178,2023-06-03,Completed,COD,Nagpur,Maharashtra
O13280,C2258,2025-12-05,Completed,UPI,Noida,Uttar Pradesh
O13281,C1043,2023-06-30,Completed,Credit Card,Kolkata,West Bengal
O13282,C2557,2023-08-14,Completed,Credit Card,Bhopal,Madhya Pradesh
O13283,C3685,2025-11-21,Completed,Credit Card,Delhi,Delhi
O13284,C2936,2023-12-13,Completed,UPI,Jaipur,Rajasthan
O13285,C1624,2024-03-21,Completed,UPI,Jaipur,Rajasthan
O13286,C2085,2023-06-24,Completed,UPI,Noida,Uttar Pradesh
O13287,C2455,2025-04-08,Completed,Credit Card,Kochi,Kerala
O13288,C2472,2023-09-09,Cancelled,Credit Card,Chandigarh,Chandigarh
O13289,C4779,2024-10-12,Completed,UPI,Kolkata,West Bengal
O13290,C2386,2024-04-28,Returned,Debit Card,Nagpur,Maharashtra
O13291,C1295,2024-09-15,Completed,COD,Noida,Uttar Pradesh
O13292,C4069,2023-06-07,Completed,UPI,Bhubaneswar,Odisha
O13293,C0919,2024-07-22,Cancelled,Debit Card,Chennai,Tamil Nadu
O13294,C4748,2025-10-21,Completed,UPI,Surat,Gujarat
O13295,C1604,2023-01-09,Returned,COD,Kochi,Kerala
O13296,C2996,2024-05-23,Completed,Net Banking,Nagpur,Maharashtra
O13297,C3387,2024-06-27,Returned,UPI,Chandigarh,Chandigarh
O13298,C1082,2024-08-11,Completed,COD,Lucknow,Uttar Pradesh
O13299,C0376,2025-03-23,Completed,UPI,Pune,Maharashtra
O13300,C1409,2023-04-05,Completed,Net Banking,Lucknow,Uttar Pradesh
O13301,C2104,2024-11-27,Completed,Credit Card,Hyderabad,Telangana
O13302,C0017,2025-08-30,Completed,Credit Card,Delhi,Delhi
O13303,C0433,2025-07-10,Completed,COD,Gurugram,Haryana
O13304,C4051,2025-09-11,Completed,UPI,Jaipur,Rajasthan
O13305,C0237,2023-04-27,Completed,Credit Card,Bhubaneswar,Odisha
O13306,C0307,2023-12-26,Completed,UPI,Mumbai,Maharashtra
O13307,C4529,2025-11-19,Cancelled,Debit Card,Bengaluru,Karnataka
O13308,C0024,2023-11-21,Completed,COD,Indore,Madhya Pradesh
O13309,C3310,2023-03-15,Completed,COD,Indore,Madhya Pradesh
O13310,C1014,2025-09-05,Completed,Credit Card,Noida,Uttar Pradesh
O13311,C0681,2025-03-17,Completed,COD,Nagpur,Maharashtra
O13312,C1849,2024-07-04,Completed,UPI,Chennai,Tamil Nadu
O13313,C1516,2024-02-08,Returned,Debit Card,Bengaluru,Karnataka
O13314,C0952,2023-04-14,Completed,UPI,Kolkata,West Bengal
O13315,C0415,2024-12-06,Completed,UPI,Bengaluru,Karnataka
O13316,C4849,2023-05-23,Completed,Debit Card,Mumbai,Maharashtra
O13317,C1424,2024-12-14,Cancelled,UPI,Jaipur,Rajasthan
O13318,C4512,2025-07-05,Returned,Credit Card,Lucknow,Uttar Pradesh
O13319,C4972,2023-07-26,Cancelled,COD,Pune,Maharashtra
O13320,C4986,2024-06-29,Completed,Credit Card,Bhopal,Madhya Pradesh
O13321,C4773,2025-04-03,Completed,Credit Card,Chennai,Tamil Nadu
O13322,C2448,2023-09-20,Completed,Credit Card,Pune,Maharashtra
O13323,C2189,2023-06-21,Completed,COD,Chandigarh,Chandigarh
O13324,C3192,2023-12-28,Completed,Credit Card,Noida,Uttar Pradesh
O13325,C0450,2023-02-11,Cancelled,COD,Chennai,Tamil Nadu
O13326,C2936,2023-10-01,Completed,UPI,Jaipur,Rajasthan
O13327,C3177,2024-05-14,Completed,Credit Card,Delhi,Delhi
O13328,C4946,2023-05-12,Completed,UPI,Bhopal,Madhya Pradesh
O13329,C0092,2025-06-28,Completed,Credit Card,Jaipur,Rajasthan
O13330,C4517,2024-02-29,Completed,Credit Card,Nagpur,Maharashtra
O13331,C2600,2025-07-31,Cancelled,Credit Card,Delhi,Delhi
O13332,C2952,2024-08-31,Completed,Credit Card,Gurugram,Haryana
O13333,C3126,2025-12-12,Completed,Credit Card,Hyderabad,Telangana
O13334,C3719,2025-02-27,Completed,COD,Patna,Bihar
O13335,C1538,2023-07-13,Completed,UPI,Indore,Madhya Pradesh
O13336,C3169,2025-10-03,Completed,Credit Card,Indore,Madhya Pradesh
O13337,C1896,2024-04-08,Completed,UPI,Pune,Maharashtra
O13338,C0185,2023-07-12,Completed,UPI,Kolkata,West Bengal
O13339,C1457,2024-01-22,Completed,UPI,Bhopal,Madhya Pradesh
O13340,C1495,2024-10-18,Cancelled,Debit Card,Kolkata,West Bengal
O13341,C1149,2025-09-27,Completed,Debit Card,Lucknow,Uttar Pradesh
O13342,C3406,2025-03-05,Completed,UPI,Nagpur,Maharashtra
O13343,C1288,2025-10-16,Cancelled,Net Banking,Delhi,Delhi
O13344,C4948,2023-04-18,Completed,UPI,Chandigarh,Chandigarh
O13345,C2239,2023-09-13,Cancelled,COD,Ahmedabad,Gujarat
O13346,C1874,2024-01-25,Cancelled,UPI,Kochi,Kerala
O13347,C1751,2024-12-25,Completed,Credit Card,Bhopal,Madhya Pradesh
O13348,C1245,2025-10-31,Completed,Debit Card,Pune,Maharashtra
O13349,C2247,2025-11-24,Completed,Credit Card,Jaipur,Rajasthan
O13350,C0174,2024-06-23,Returned,Credit Card,Mumbai,Maharashtra
O13351,C4313,2025-05-05,Completed,COD,Kochi,Kerala
O13352,C3278,2023-04-19,Completed,Debit Card,Chandigarh,Chandigarh
O13353,C2022,2023-01-24,Completed,COD,Chennai,Tamil Nadu
O13354,C1397,2024-05-13,Completed,UPI,Jaipur,Rajasthan
O13355,C0174,2025-09-16,Completed,UPI,Mumbai,Maharashtra
O13356,C3395,2024-01-07,Completed,Net Banking,Patna,Bihar
O13357,C2624,2024-02-01,Completed,UPI,Hyderabad,Telangana
O13358,C2889,2023-09-29,Completed,UPI,Pune,Maharashtra
O13359,C2247,2023-02-19,Cancelled,UPI,Jaipur,Rajasthan
O13360,C3079,2023-03-12,Completed,Debit Card,Noida,Uttar Pradesh
O13361,C3052,2024-05-06,Completed,Credit Card,Pune,Maharashtra
O13362,C4730,2024-04-18,Completed,UPI,Ahmedabad,Gujarat
O13363,C1700,2023-01-24,Completed,UPI,Lucknow,Uttar Pradesh
O13364,C0963,2025-09-19,Cancelled,Credit Card,Ahmedabad,Gujarat
O13365,C3092,2024-04-13,Completed,UPI,Nagpur,Maharashtra
O13366,C3785,2023-08-02,Completed,UPI,Mumbai,Maharashtra
O13367,C1845,2023-05-27,Completed,Debit Card,Bhopal,Madhya Pradesh
O13368,C4694,2025-07-28,Completed,UPI,Indore,Madhya Pradesh
O13369,C3252,2024-01-17,Completed,UPI,Indore,Madhya Pradesh
O13370,C1751,2025-10-25,Completed,Credit Card,Bhopal,Madhya Pradesh
O13371,C0893,2025-04-23,Completed,Net Banking,Nagpur,Maharashtra
O13372,C0215,2025-05-21,Completed,UPI,Lucknow,Uttar Pradesh
O13373,C3430,2024-01-25,Completed,UPI,Bhopal,Madhya Pradesh
O13374,C4980,2025-04-29,Returned,Credit Card,Indore,Madhya Pradesh
O13375,C3645,2025-10-27,Completed,UPI,Nagpur,Maharashtra
O13376,C2616,2024-12-23,Completed,Debit Card,Chandigarh,Chandigarh
O13377,C0606,2025-02-21,Completed,COD,Delhi,Delhi
O13378,C0552,2025-04-06,Completed,UPI,Bhopal,Madhya Pradesh
O13379,C4415,2023-01-04,Returned,Debit Card,Hyderabad,Telangana
O13380,C2514,2023-04-16,Returned,COD,Nagpur,Maharashtra
O13381,C4825,2023-02-09,Completed,COD,Chennai,Tamil Nadu
O13382,C1178,2024-07-30,Completed,Credit Card,Nagpur,Maharashtra
O13383,C4447,2024-06-30,Completed,UPI,Bhubaneswar,Odisha
O13384,C1484,2024-07-09,Completed,Debit Card,Nagpur,Maharashtra
O13385,C3312,2024-10-23,Completed,Debit Card,Kochi,Kerala
O13386,C4286,2024-07-30,Completed,Debit Card,Bhopal,Madhya Pradesh
O13387,C1546,2023-12-10,Cancelled,Net Banking,Patna,Bihar
O13388,C1497,2025-02-26,Completed,Debit Card,Mumbai,Maharashtra
O13389,C4783,2023-06-13,Completed,Credit Card,Kolkata,West Bengal
O13390,C0073,2024-02-06,Completed,Credit Card,Jaipur,Rajasthan
O13391,C4037,2024-04-29,Returned,UPI,Surat,Gujarat
O13392,C2227,2023-12-19,Completed,UPI,Kochi,Kerala
O13393,C1091,2024-11-03,Completed,Debit Card,Delhi,Delhi
O13394,C1617,2025-04-16,Completed,UPI,Gurugram,Haryana
O13395,C4173,2023-09-22,Completed,UPI,Kolkata,West Bengal
O13396,C4803,2025-12-01,Completed,UPI,Gurugram,Haryana
O13397,C0988,2025-09-17,Completed,Net Banking,Ahmedabad,Gujarat
O13398,C2116,2023-07-26,Cancelled,Credit Card,Gurugram,Haryana
O13399,C1592,2023-04-20,Completed,UPI,Noida,Uttar Pradesh
O13400,C0588,2023-03-13,Completed,COD,Delhi,Delhi
O13401,C0843,2024-02-12,Returned,Credit Card,Chandigarh,Chandigarh
O13402,C3650,2025-04-19,Returned,UPI,Kolkata,West Bengal
O13403,C3617,2024-12-09,Completed,Debit Card,Lucknow,Uttar Pradesh
O13404,C1566,2023-10-06,Completed,Credit Card,Chandigarh,Chandigarh
O13405,C3610,2023-02-20,Completed,Debit Card,Indore,Madhya Pradesh
O13406,C2930,2024-03-06,Completed,UPI,Bhopal,Madhya Pradesh
O13407,C0722,2024-07-04,Returned,UPI,Indore,Madhya Pradesh
O13408,C1805,2023-11-20,Completed,Credit Card,Kochi,Kerala
O13409,C4420,2024-01-10,Completed,UPI,Kolkata,West Bengal
O13410,C3195,2025-05-23,Completed,Debit Card,Indore,Madhya Pradesh
O13411,C0655,2024-07-01,Completed,COD,Indore,Madhya Pradesh
O13412,C0145,2025-07-26,Completed,COD,Bhubaneswar,Odisha
O13413,C1697,2024-01-11,Completed,COD,Kochi,Kerala
O13414,C4240,2023-04-19,Completed,UPI,Kochi,Kerala
O13415,C2712,2024-05-05,Completed,Debit Card,Gurugram,Haryana
O13416,C0893,2025-11-08,Completed,Credit Card,Nagpur,Maharashtra
O13417,C2565,2024-07-02,Completed,COD,Noida,Uttar Pradesh
O13418,C4291,2023-08-21,Completed,Debit Card,Ahmedabad,Gujarat
O13419,C3555,2024-07-07,Completed,UPI,Bhubaneswar,Odisha
O13420,C1661,2025-08-20,Completed,UPI,Delhi,Delhi
O13421,C3547,2025-05-22,Returned,Credit Card,Ahmedabad,Gujarat
O13422,C4914,2023-04-17,Completed,UPI,Noida,Uttar Pradesh
O13423,C2777,2023-03-01,Completed,UPI,Indore,Madhya Pradesh
O13424,C3921,2024-01-07,Completed,COD,Noida,Uttar Pradesh
O13425,C1137,2023-04-28,Completed,UPI,Mumbai,Maharashtra
O13426,C1300,2024-11-10,Completed,UPI,Indore,Madhya Pradesh
O13427,C2524,2023-10-13,Completed,UPI,Mumbai,Maharashtra
O13428,C3250,2023-01-19,Completed,Debit Card,Nagpur,Maharashtra
O13429,C1661,2025-10-02,Completed,Debit Card,Delhi,Delhi
O13430,C1315,2024-08-24,Cancelled,UPI,Pune,Maharashtra
O13431,C0434,2025-10-10,Cancelled,UPI,Noida,Uttar Pradesh
O13432,C4513,2023-04-26,Completed,UPI,Gurugram,Haryana
O13433,C1859,2025-11-29,Completed,Net Banking,Bhopal,Madhya Pradesh
O13434,C0711,2023-05-01,Completed,UPI,Kolkata,West Bengal
O13435,C0138,2024-09-13,Completed,Net Banking,Bhopal,Madhya Pradesh
O13436,C3561,2023-12-30,Completed,COD,Surat,Gujarat
O13437,C1754,2023-07-24,Completed,UPI,Chandigarh,Chandigarh
O13438,C2857,2024-04-30,Completed,Debit Card,Chandigarh,Chandigarh
O13439,C1185,2024-11-01,Completed,Credit Card,Jaipur,Rajasthan
O13440,C0734,2025-04-25,Completed,Net Banking,Indore,Madhya Pradesh
O13441,C1852,2023-04-05,Completed,Debit Card,Hyderabad,Telangana
O13442,C1354,2024-06-29,Completed,Credit Card,Jaipur,Rajasthan
O13443,C0395,2025-01-23,Completed,Debit Card,Delhi,Delhi
O13444,C2518,2023-11-26,Completed,UPI,Kochi,Kerala
O13445,C3328,2025-04-04,Completed,UPI,Patna,Bihar
O13446,C4055,2024-10-22,Completed,Debit Card,Patna,Bihar
O13447,C2067,2024-09-06,Completed,UPI,Bengaluru,Karnataka
O13448,C4904,2023-11-06,Completed,UPI,Gurugram,Haryana
O13449,C0247,2024-11-07,Completed,Debit Card,Bengaluru,Karnataka
O13450,C3139,2023-06-17,Completed,Net Banking,Mumbai,Maharashtra
O13451,C0342,2024-06-15,Completed,Net Banking,Chennai,Tamil Nadu
O13452,C2972,2023-07-18,Completed,COD,Chandigarh,Chandigarh
O13453,C3769,2024-02-06,Completed,Credit Card,Mumbai,Maharashtra
O13454,C2435,2025-01-14,Completed,COD,Bengaluru,Karnataka
O13455,C0342,2023-06-21,Cancelled,Credit Card,Chennai,Tamil Nadu
O13456,C0108,2023-07-03,Completed,Credit Card,Indore,Madhya Pradesh
O13457,C4729,2023-01-17,Completed,UPI,Bhopal,Madhya Pradesh
O13458,C4692,2024-07-07,Completed,Net Banking,Indore,Madhya Pradesh
O13459,C1797,2025-08-24,Completed,Credit Card,Chandigarh,Chandigarh
O13460,C4681,2023-06-05,Completed,Debit Card,Chandigarh,Chandigarh
O13461,C2525,2025-11-10,Completed,UPI,Surat,Gujarat
O13462,C2385,2024-10-01,Completed,Credit Card,Gurugram,Haryana
O13463,C3532,2024-04-02,Completed,Net Banking,Mumbai,Maharashtra
O13464,C2361,2025-10-02,Completed,Debit Card,Lucknow,Uttar Pradesh
O13465,C0609,2025-12-11,Completed,COD,Nagpur,Maharashtra
O13466,C2642,2025-03-16,Completed,Credit Card,Mumbai,Maharashtra
O13467,C2348,2024-01-20,Completed,UPI,Kochi,Kerala
O13468,C2740,2024-08-09,Completed,UPI,Jaipur,Rajasthan
O13469,C4824,2025-07-17,Completed,UPI,Indore,Madhya Pradesh
O13470,C4332,2025-05-12,Completed,UPI,Bhubaneswar,Odisha
O13471,C0211,2025-11-09,Completed,Credit Card,Ahmedabad,Gujarat
O13472,C0286,2024-08-03,Completed,UPI,Nagpur,Maharashtra
O13473,C2471,2024-10-27,Completed,Net Banking,Jaipur,Rajasthan
O13474,C0494,2025-03-27,Completed,COD,Pune,Maharashtra
O13475,C1018,2023-04-16,Cancelled,UPI,Bhubaneswar,Odisha
O13476,C3491,2023-11-23,Completed,Debit Card,Chennai,Tamil Nadu
O13477,C2885,2025-02-24,Completed,Credit Card,Bhopal,Madhya Pradesh
O13478,C2815,2023-09-22,Completed,UPI,Surat,Gujarat
O13479,C1990,2023-11-18,Completed,COD,Bengaluru,Karnataka
O13480,C0523,2023-11-12,Completed,UPI,Delhi,Delhi
O13481,C4915,2023-04-18,Completed,Debit Card,Chennai,Tamil Nadu
O13482,C2367,2024-06-24,Returned,UPI,Lucknow,Uttar Pradesh
O13483,C3451,2025-09-20,Completed,COD,Noida,Uttar Pradesh
O13484,C1657,2024-07-28,Completed,Debit Card,Chandigarh,Chandigarh
O13485,C3065,2023-08-26,Completed,COD,Bhopal,Madhya Pradesh
O13486,C2743,2025-10-29,Completed,UPI,Ahmedabad,Gujarat
O13487,C0590,2023-12-02,Completed,UPI,Chandigarh,Chandigarh
O13488,C0635,2023-01-01,Completed,UPI,Gurugram,Haryana
O13489,C4041,2023-05-01,Completed,COD,Jaipur,Rajasthan
O13490,C0208,2025-10-29,Completed,UPI,Ahmedabad,Gujarat
O13491,C2234,2023-11-09,Completed,UPI,Gurugram,Haryana
O13492,C0977,2023-07-03,Completed,Credit Card,Kochi,Kerala
O13493,C2065,2025-06-07,Returned,UPI,Noida,Uttar Pradesh
O13494,C1314,2025-02-07,Completed,COD,Mumbai,Maharashtra
O13495,C4350,2025-10-16,Returned,UPI,Chandigarh,Chandigarh
O13496,C0971,2023-11-26,Completed,Debit Card,Chennai,Tamil Nadu
O13497,C4707,2024-04-15,Completed,Credit Card,Noida,Uttar Pradesh
O13498,C1480,2025-04-01,Completed,UPI,Kochi,Kerala
O13499,C1171,2025-11-08,Completed,UPI,Hyderabad,Telangana
O13500,C4980,2025-11-07,Completed,Credit Card,Indore,Madhya Pradesh
O13501,C3186,2023-05-07,Completed,UPI,Hyderabad,Telangana
O13502,C1400,2025-10-17,Returned,UPI,Chandigarh,Chandigarh
O13503,C4602,2024-11-30,Cancelled,UPI,Bhopal,Madhya Pradesh
O13504,C3394,2023-01-16,Completed,COD,Indore,Madhya Pradesh
O13505,C2376,2024-10-14,Completed,UPI,Kochi,Kerala
O13506,C4445,2024-03-12,Completed,COD,Noida,Uttar Pradesh
O13507,C0199,2023-01-06,Completed,UPI,Hyderabad,Telangana
O13508,C3249,2023-10-08,Completed,COD,Patna,Bihar
O13509,C1148,2023-01-15,Completed,Debit Card,Pune,Maharashtra
O13510,C4707,2024-04-10,Completed,Credit Card,Noida,Uttar Pradesh
O13511,C4036,2024-01-21,Completed,UPI,Patna,Bihar
O13512,C2283,2025-01-31,Completed,UPI,Bengaluru,Karnataka
O13513,C1726,2025-05-23,Returned,Debit Card,Kochi,Kerala
O13514,C1318,2023-08-26,Completed,Credit Card,Ahmedabad,Gujarat
O13515,C4881,2025-07-14,Completed,Credit Card,Nagpur,Maharashtra
O13516,C3969,2024-04-15,Completed,UPI,Chandigarh,Chandigarh
O13517,C3090,2025-10-13,Completed,Credit Card,Bhubaneswar,Odisha
O13518,C1427,2023-08-03,Completed,Credit Card,Mumbai,Maharashtra
O13519,C2429,2025-06-17,Cancelled,UPI,Kolkata,West Bengal
O13520,C1842,2023-03-18,Completed,Net Banking,Surat,Gujarat
O13521,C4864,2024-01-19,Completed,COD,Indore,Madhya Pradesh
O13522,C3894,2025-08-04,Completed,UPI,Ahmedabad,Gujarat
O13523,C2145,2023-05-01,Completed,Credit Card,Bhubaneswar,Odisha
O13524,C1494,2025-01-13,Cancelled,Credit Card,Delhi,Delhi
O13525,C0705,2023-05-25,Completed,UPI,Noida,Uttar Pradesh
O13526,C1769,2024-04-29,Completed,Credit Card,Patna,Bihar
O13527,C1070,2025-04-16,Completed,UPI,Bengaluru,Karnataka
O13528,C3875,2024-05-19,Completed,UPI,Delhi,Delhi
O13529,C2284,2024-04-07,Completed,Net Banking,Pune,Maharashtra
O13530,C0769,2023-05-31,Completed,Credit Card,Hyderabad,Telangana
O13531,C3724,2025-07-27,Completed,UPI,Delhi,Delhi
O13532,C0260,2025-11-23,Completed,Debit Card,Surat,Gujarat
O13533,C2944,2024-01-04,Completed,Net Banking,Chennai,Tamil Nadu
O13534,C1588,2023-06-21,Returned,UPI,Noida,Uttar Pradesh
O13535,C0084,2025-12-29,Completed,Debit Card,Nagpur,Maharashtra
O13536,C4506,2024-12-20,Completed,COD,Ahmedabad,Gujarat
O13537,C3562,2024-03-14,Completed,COD,Pune,Maharashtra
O13538,C1640,2024-07-23,Completed,Debit Card,Nagpur,Maharashtra
O13539,C2394,2024-11-13,Returned,COD,Surat,Gujarat
O13540,C2971,2023-04-21,Completed,UPI,Nagpur,Maharashtra
O13541,C2685,2023-06-05,Returned,UPI,Hyderabad,Telangana
O13542,C2231,2024-07-06,Cancelled,UPI,Indore,Madhya Pradesh
O13543,C3399,2024-12-13,Completed,UPI,Indore,Madhya Pradesh
O13544,C3638,2025-09-11,Completed,UPI,Ahmedabad,Gujarat
O13545,C0814,2025-04-28,Cancelled,COD,Chandigarh,Chandigarh
O13546,C3748,2024-05-17,Completed,COD,Jaipur,Rajasthan
O13547,C0896,2024-04-01,Completed,UPI,Mumbai,Maharashtra
O13548,C0661,2024-02-11,Completed,Net Banking,Pune,Maharashtra
O13549,C2850,2024-11-22,Completed,Credit Card,Delhi,Delhi
O13550,C2426,2025-10-15,Cancelled,UPI,Patna,Bihar
O13551,C1111,2025-06-02,Completed,Debit Card,Lucknow,Uttar Pradesh
O13552,C3746,2025-08-23,Completed,Credit Card,Noida,Uttar Pradesh
O13553,C1159,2023-09-14,Completed,UPI,Patna,Bihar
O13554,C2138,2025-08-09,Completed,Net Banking,Hyderabad,Telangana
O13555,C4916,2024-01-22,Completed,Credit Card,Hyderabad,Telangana
O13556,C1841,2025-06-14,Returned,Debit Card,Ahmedabad,Gujarat
O13557,C1911,2024-09-12,Completed,Net Banking,Jaipur,Rajasthan
O13558,C3665,2023-12-10,Completed,COD,Hyderabad,Telangana
O13559,C2911,2024-03-01,Completed,UPI,Mumbai,Maharashtra
O13560,C0743,2025-04-28,Completed,UPI,Indore,Madhya Pradesh
O13561,C3161,2025-01-16,Completed,UPI,Nagpur,Maharashtra
O13562,C1317,2023-10-21,Completed,UPI,Hyderabad,Telangana
O13563,C4542,2025-12-01,Cancelled,Net Banking,Mumbai,Maharashtra
O13564,C3806,2025-12-09,Completed,COD,Chandigarh,Chandigarh
O13565,C1041,2025-02-20,Completed,UPI,Nagpur,Maharashtra
O13566,C1732,2023-10-16,Completed,Net Banking,Bengaluru,Karnataka
O13567,C1656,2024-08-01,Completed,UPI,Bengaluru,Karnataka
O13568,C1568,2023-11-19,Returned,COD,Pune,Maharashtra
O13569,C1811,2023-11-22,Completed,UPI,Noida,Uttar Pradesh
O13570,C2329,2025-01-02,Completed,UPI,Ahmedabad,Gujarat
O13571,C3017,2025-01-04,Completed,Credit Card,Nagpur,Maharashtra
O13572,C1495,2023-06-16,Completed,Debit Card,Kolkata,West Bengal
O13573,C0605,2023-03-26,Completed,UPI,Delhi,Delhi
O13574,C0478,2023-04-25,Completed,COD,Jaipur,Rajasthan
O13575,C4706,2025-05-14,Completed,Net Banking,Kolkata,West Bengal
O13576,C0142,2025-12-09,Completed,UPI,Pune,Maharashtra
O13577,C4656,2024-04-02,Completed,Debit Card,Ahmedabad,Gujarat
O13578,C2099,2024-01-07,Returned,UPI,Kolkata,West Bengal
O13579,C2571,2023-09-16,Completed,UPI,Bhopal,Madhya Pradesh
O13580,C4027,2025-03-26,Cancelled,COD,Pune,Maharashtra
O13581,C1287,2023-08-13,Completed,UPI,Chennai,Tamil Nadu
O13582,C4805,2024-04-28,Completed,COD,Kolkata,West Bengal
O13583,C1210,2023-12-14,Completed,Credit Card,Indore,Madhya Pradesh
O13584,C0808,2023-12-07,Cancelled,UPI,Gurugram,Haryana
O13585,C2129,2024-11-29,Completed,Net Banking,Bengaluru,Karnataka
O13586,C3806,2024-02-17,Completed,Credit Card,Chandigarh,Chandigarh
O13587,C4505,2025-10-02,Completed,Debit Card,Kochi,Kerala
O13588,C0974,2025-04-12,Completed,Credit Card,Nagpur,Maharashtra
O13589,C2939,2025-07-04,Completed,UPI,Surat,Gujarat
O13590,C0086,2023-10-09,Completed,Credit Card,Bengaluru,Karnataka
O13591,C1797,2024-06-22,Returned,UPI,Chandigarh,Chandigarh
O13592,C1308,2024-10-24,Returned,Debit Card,Patna,Bihar
O13593,C0460,2023-07-18,Completed,Credit Card,Chennai,Tamil Nadu
O13594,C2509,2025-02-28,Completed,UPI,Nagpur,Maharashtra
O13595,C1145,2023-08-15,Completed,COD,Mumbai,Maharashtra
O13596,C3889,2025-10-03,Cancelled,COD,Jaipur,Rajasthan
O13597,C4665,2025-01-02,Completed,Debit Card,Chennai,Tamil Nadu
O13598,C3261,2025-05-18,Completed,UPI,Chennai,Tamil Nadu
O13599,C4646,2023-08-16,Cancelled,Debit Card,Surat,Gujarat
O13600,C1410,2023-03-08,Completed,Credit Card,Lucknow,Uttar Pradesh
O13601,C4267,2023-12-04,Completed,Credit Card,Surat,Gujarat
O13602,C1354,2024-09-01,Completed,Debit Card,Jaipur,Rajasthan
O13603,C4131,2025-10-06,Completed,Debit Card,Patna,Bihar
O13604,C1225,2023-04-24,Completed,COD,Indore,Madhya Pradesh
O13605,C1192,2023-04-14,Completed,Net Banking,Pune,Maharashtra
O13606,C1533,2024-03-03,Completed,Debit Card,Nagpur,Maharashtra
O13607,C1917,2024-05-17,Completed,Credit Card,Nagpur,Maharashtra
O13608,C3318,2023-08-02,Completed,Credit Card,Hyderabad,Telangana
O13609,C1248,2025-08-14,Completed,UPI,Bengaluru,Karnataka
O13610,C2618,2023-05-25,Completed,UPI,Mumbai,Maharashtra
O13611,C4633,2024-08-31,Completed,UPI,Noida,Uttar Pradesh
O13612,C2026,2023-02-27,Completed,Net Banking,Delhi,Delhi
O13613,C3512,2024-11-08,Returned,COD,Nagpur,Maharashtra
O13614,C4640,2024-08-03,Completed,UPI,Chandigarh,Chandigarh
O13615,C3693,2023-05-03,Completed,Credit Card,Gurugram,Haryana
O13616,C4841,2024-07-02,Completed,UPI,Mumbai,Maharashtra
O13617,C4629,2023-08-23,Completed,UPI,Bengaluru,Karnataka
O13618,C3484,2024-05-05,Completed,Debit Card,Lucknow,Uttar Pradesh
O13619,C3324,2023-03-16,Completed,Credit Card,Kolkata,West Bengal
O13620,C1939,2023-10-22,Completed,COD,Surat,Gujarat
O13621,C1016,2024-05-14,Completed,UPI,Pune,Maharashtra
O13622,C2584,2024-11-16,Completed,Credit Card,Noida,Uttar Pradesh
O13623,C0928,2024-10-17,Completed,Credit Card,Chandigarh,Chandigarh
O13624,C1512,2023-12-10,Completed,Net Banking,Bhubaneswar,Odisha
O13625,C1738,2023-06-08,Completed,Credit Card,Gurugram,Haryana
O13626,C3039,2025-02-20,Completed,UPI,Pune,Maharashtra
O13627,C1722,2023-02-16,Completed,UPI,Kolkata,West Bengal
O13628,C2767,2023-12-29,Completed,UPI,Nagpur,Maharashtra
O13629,C4703,2024-09-05,Returned,Net Banking,Chennai,Tamil Nadu
O13630,C3420,2025-02-23,Completed,Debit Card,Kolkata,West Bengal
O13631,C2826,2025-09-30,Completed,UPI,Bhubaneswar,Odisha
O13632,C4422,2025-06-03,Completed,Debit Card,Bengaluru,Karnataka
O13633,C2735,2023-06-19,Completed,UPI,Kochi,Kerala
O13634,C0219,2024-08-16,Completed,Credit Card,Surat,Gujarat
O13635,C0522,2025-04-02,Completed,UPI,Chandigarh,Chandigarh
O13636,C0405,2024-05-26,Completed,COD,Chennai,Tamil Nadu
O13637,C0580,2023-01-29,Cancelled,Net Banking,Hyderabad,Telangana
O13638,C4886,2025-08-20,Completed,COD,Surat,Gujarat
O13639,C1855,2023-06-11,Completed,UPI,Surat,Gujarat
O13640,C4422,2025-09-17,Completed,COD,Bengaluru,Karnataka
O13641,C3698,2024-07-12,Completed,UPI,Bhubaneswar,Odisha
O13642,C1836,2023-04-10,Completed,Net Banking,Lucknow,Uttar Pradesh
O13643,C0158,2023-02-26,Completed,UPI,Indore,Madhya Pradesh
O13644,C3176,2024-04-27,Completed,UPI,Pune,Maharashtra
O13645,C1622,2025-05-15,Completed,COD,Gurugram,Haryana
O13646,C3678,2024-10-11,Completed,UPI,Hyderabad,Telangana
O13647,C0806,2023-02-08,Completed,Credit Card,Nagpur,Maharashtra
O13648,C1306,2023-04-23,Completed,UPI,Chennai,Tamil Nadu
O13649,C2195,2024-10-12,Completed,Debit Card,Delhi,Delhi
O13650,C0514,2024-02-06,Completed,Debit Card,Noida,Uttar Pradesh
O13651,C0504,2024-01-16,Completed,COD,Lucknow,Uttar Pradesh
O13652,C4509,2023-03-19,Cancelled,UPI,Delhi,Delhi
O13653,C2640,2024-09-22,Completed,COD,Bhopal,Madhya Pradesh
O13654,C0766,2023-08-17,Completed,Credit Card,Chandigarh,Chandigarh
O13655,C0237,2024-04-29,Completed,UPI,Bhubaneswar,Odisha
O13656,C4492,2024-11-07,Completed,UPI,Jaipur,Rajasthan
O13657,C2005,2025-10-03,Completed,COD,Chennai,Tamil Nadu
O13658,C1800,2025-05-09,Completed,UPI,Jaipur,Rajasthan
O13659,C3388,2025-12-05,Completed,COD,Gurugram,Haryana
O13660,C4000,2024-08-13,Completed,Net Banking,Delhi,Delhi
O13661,C1447,2025-10-09,Completed,UPI,Lucknow,Uttar Pradesh
O13662,C0132,2023-12-17,Completed,COD,Pune,Maharashtra
O13663,C3676,2024-11-04,Completed,UPI,Kochi,Kerala
O13664,C2035,2023-09-16,Completed,UPI,Kolkata,West Bengal
O13665,C4214,2023-02-25,Completed,Debit Card,Surat,Gujarat
O13666,C4734,2025-12-17,Returned,Debit Card,Noida,Uttar Pradesh
O13667,C2045,2023-09-21,Completed,UPI,Mumbai,Maharashtra
O13668,C4435,2024-06-21,Completed,Credit Card,Nagpur,Maharashtra
O13669,C1459,2025-08-11,Completed,Credit Card,Patna,Bihar
O13670,C2023,2024-02-26,Cancelled,UPI,Bhubaneswar,Odisha
O13671,C1949,2025-12-08,Completed,Credit Card,Mumbai,Maharashtra
O13672,C1621,2024-03-18,Completed,Credit Card,Noida,Uttar Pradesh
O13673,C4772,2023-01-21,Cancelled,UPI,Noida,Uttar Pradesh
O13674,C3814,2024-02-01,Returned,Debit Card,Hyderabad,Telangana
O13675,C2162,2023-12-21,Completed,UPI,Pune,Maharashtra
O13676,C4402,2024-01-22,Completed,Credit Card,Surat,Gujarat
O13677,C1758,2025-07-16,Returned,UPI,Lucknow,Uttar Pradesh
O13678,C4719,2024-04-23,Completed,Credit Card,Indore,Madhya Pradesh
O13679,C4151,2023-01-07,Completed,COD,Pune,Maharashtra
O13680,C0524,2025-01-09,Completed,Debit Card,Bhubaneswar,Odisha
O13681,C2482,2023-04-09,Completed,UPI,Kolkata,West Bengal
O13682,C4286,2024-11-29,Completed,COD,Bhopal,Madhya Pradesh
O13683,C4485,2023-05-10,Completed,UPI,Jaipur,Rajasthan
O13684,C0346,2024-11-14,Completed,UPI,Bhopal,Madhya Pradesh
O13685,C2313,2025-12-25,Completed,Credit Card,Gurugram,Haryana
O13686,C1699,2023-01-18,Completed,UPI,Lucknow,Uttar Pradesh
O13687,C0141,2024-12-19,Completed,COD,Patna,Bihar
O13688,C4335,2023-09-25,Cancelled,Credit Card,Bhubaneswar,Odisha
O13689,C1122,2023-12-30,Completed,Credit Card,Pune,Maharashtra
O13690,C2884,2023-11-12,Completed,UPI,Delhi,Delhi
O13691,C1035,2024-04-28,Completed,COD,Delhi,Delhi
O13692,C4274,2025-09-14,Completed,Net Banking,Kolkata,West Bengal
O13693,C0983,2023-11-06,Completed,COD,Chennai,Tamil Nadu
O13694,C2445,2025-11-29,Completed,UPI,Kolkata,West Bengal
O13695,C3461,2024-11-13,Cancelled,Debit Card,Patna,Bihar
O13696,C2585,2024-05-16,Completed,UPI,Lucknow,Uttar Pradesh
O13697,C4734,2023-01-04,Completed,UPI,Noida,Uttar Pradesh
O13698,C2314,2024-04-04,Cancelled,Credit Card,Pune,Maharashtra
O13699,C1157,2025-09-13,Completed,Debit Card,Hyderabad,Telangana
O13700,C1578,2024-02-11,Returned,UPI,Nagpur,Maharashtra
O13701,C3033,2023-06-19,Completed,Debit Card,Nagpur,Maharashtra
O13702,C1308,2025-05-08,Cancelled,COD,Patna,Bihar
O13703,C4235,2025-03-19,Completed,UPI,Hyderabad,Telangana
O13704,C4165,2024-08-30,Completed,Credit Card,Chennai,Tamil Nadu
O13705,C2853,2024-07-01,Completed,Credit Card,Gurugram,Haryana
O13706,C2225,2023-07-01,Completed,COD,Bhubaneswar,Odisha
O13707,C3445,2024-04-10,Completed,COD,Hyderabad,Telangana
O13708,C4641,2023-12-13,Completed,COD,Chennai,Tamil Nadu
O13709,C1252,2025-06-21,Completed,Debit Card,Bengaluru,Karnataka
O13710,C1672,2024-02-29,Completed,Debit Card,Chennai,Tamil Nadu
O13711,C1396,2025-05-19,Completed,Credit Card,Surat,Gujarat
O13712,C1015,2024-09-21,Completed,UPI,Nagpur,Maharashtra
O13713,C4742,2023-12-06,Completed,Credit Card,Surat,Gujarat
O13714,C3215,2023-09-09,Cancelled,COD,Ahmedabad,Gujarat
O13715,C0757,2023-04-09,Completed,Credit Card,Pune,Maharashtra
O13716,C2032,2024-05-09,Completed,Net Banking,Delhi,Delhi
O13717,C2621,2025-02-01,Completed,UPI,Chennai,Tamil Nadu
O13718,C2430,2024-08-22,Completed,Credit Card,Nagpur,Maharashtra
O13719,C4567,2025-03-05,Completed,UPI,Bhopal,Madhya Pradesh
O13720,C1232,2025-12-08,Completed,UPI,Indore,Madhya Pradesh
O13721,C4025,2024-08-07,Completed,COD,Nagpur,Maharashtra
O13722,C0035,2024-12-10,Completed,COD,Hyderabad,Telangana
O13723,C3675,2024-02-19,Completed,UPI,Delhi,Delhi
O13724,C0021,2024-10-26,Returned,Net Banking,Lucknow,Uttar Pradesh
O13725,C2313,2025-11-05,Cancelled,COD,Gurugram,Haryana
O13726,C3472,2023-04-19,Completed,COD,Delhi,Delhi
O13727,C0457,2023-03-28,Completed,UPI,Noida,Uttar Pradesh
O13728,C2998,2024-01-02,Returned,Credit Card,Indore,Madhya Pradesh
O13729,C4479,2024-10-18,Completed,UPI,Surat,Gujarat
O13730,C2583,2023-01-09,Completed,Credit Card,Ahmedabad,Gujarat
O13731,C1063,2025-06-21,Cancelled,UPI,Chennai,Tamil Nadu
O13732,C1591,2024-06-13,Completed,COD,Ahmedabad,Gujarat
O13733,C1866,2025-12-04,Returned,Credit Card,Hyderabad,Telangana
O13734,C0047,2024-02-12,Cancelled,UPI,Kochi,Kerala
O13735,C4842,2025-10-27,Completed,COD,Lucknow,Uttar Pradesh
O13736,C4635,2023-10-03,Returned,UPI,Bhubaneswar,Odisha
O13737,C4775,2025-01-18,Completed,Net Banking,Mumbai,Maharashtra
O13738,C3989,2025-09-20,Completed,UPI,Lucknow,Uttar Pradesh
O13739,C1654,2025-06-08,Completed,Debit Card,Gurugram,Haryana
O13740,C0045,2024-02-07,Cancelled,Debit Card,Indore,Madhya Pradesh
O13741,C4371,2024-01-01,Completed,COD,Mumbai,Maharashtra
O13742,C3765,2024-12-02,Returned,Credit Card,Lucknow,Uttar Pradesh
O13743,C3033,2025-11-03,Completed,UPI,Nagpur,Maharashtra
O13744,C3383,2025-07-16,Completed,UPI,Bhopal,Madhya Pradesh
O13745,C4328,2025-05-17,Completed,Net Banking,Bhubaneswar,Odisha
O13746,C0086,2024-11-19,Completed,Credit Card,Bengaluru,Karnataka
O13747,C3177,2024-08-24,Completed,COD,Delhi,Delhi
O13748,C4273,2025-09-06,Cancelled,Debit Card,Bhubaneswar,Odisha
O13749,C1614,2025-01-04,Completed,Debit Card,Hyderabad,Telangana
O13750,C3292,2023-05-16,Completed,Net Banking,Jaipur,Rajasthan
O13751,C0588,2025-05-31,Completed,Credit Card,Delhi,Delhi
O13752,C0603,2023-05-18,Completed,Debit Card,Chandigarh,Chandigarh
O13753,C3517,2024-02-24,Cancelled,COD,Noida,Uttar Pradesh
O13754,C1257,2023-01-24,Completed,UPI,Pune,Maharashtra
O13755,C2162,2024-05-27,Cancelled,Net Banking,Pune,Maharashtra
O13756,C4680,2025-10-10,Completed,UPI,Nagpur,Maharashtra
O13757,C3036,2023-11-26,Completed,Debit Card,Ahmedabad,Gujarat
O13758,C2418,2024-04-02,Returned,Net Banking,Jaipur,Rajasthan
O13759,C3023,2024-02-21,Cancelled,COD,Hyderabad,Telangana
O13760,C2120,2025-01-11,Completed,UPI,Mumbai,Maharashtra
O13761,C4956,2023-03-18,Completed,UPI,Bengaluru,Karnataka
O13762,C2401,2025-12-21,Cancelled,Credit Card,Nagpur,Maharashtra
O13763,C0810,2024-11-14,Completed,Credit Card,Indore,Madhya Pradesh
O13764,C2789,2023-06-24,Completed,Debit Card,Hyderabad,Telangana
O13765,C0638,2024-03-22,Completed,COD,Hyderabad,Telangana
O13766,C0153,2023-01-22,Completed,COD,Chennai,Tamil Nadu
O13767,C2434,2025-07-25,Completed,UPI,Lucknow,Uttar Pradesh
O13768,C2739,2024-06-07,Completed,UPI,Kochi,Kerala
O13769,C0139,2025-08-26,Cancelled,UPI,Bhopal,Madhya Pradesh
O13770,C0726,2025-06-17,Returned,UPI,Nagpur,Maharashtra
O13771,C3543,2023-04-10,Completed,Credit Card,Chandigarh,Chandigarh
O13772,C2366,2025-04-21,Completed,UPI,Pune,Maharashtra
O13773,C0019,2025-02-14,Completed,Credit Card,Bhopal,Madhya Pradesh
O13774,C1437,2023-07-03,Completed,UPI,Indore,Madhya Pradesh
O13775,C1962,2023-10-06,Returned,Credit Card,Hyderabad,Telangana
O13776,C2455,2023-10-26,Completed,Credit Card,Kochi,Kerala
O13777,C1852,2023-10-07,Completed,COD,Hyderabad,Telangana
O13778,C0863,2024-01-22,Completed,COD,Mumbai,Maharashtra
O13779,C0101,2023-08-13,Completed,Credit Card,Bengaluru,Karnataka
O13780,C0593,2024-02-02,Completed,Credit Card,Kochi,Kerala
O13781,C3925,2025-05-04,Completed,UPI,Indore,Madhya Pradesh
O13782,C4462,2023-06-04,Completed,UPI,Ahmedabad,Gujarat
O13783,C2510,2024-10-13,Cancelled,COD,Mumbai,Maharashtra
O13784,C1956,2025-12-05,Completed,COD,Jaipur,Rajasthan
O13785,C1655,2024-12-11,Completed,UPI,Bhopal,Madhya Pradesh
O13786,C4428,2023-08-16,Completed,COD,Ahmedabad,Gujarat
O13787,C4781,2023-10-29,Completed,Debit Card,Bhopal,Madhya Pradesh
O13788,C1689,2024-07-23,Completed,COD,Ahmedabad,Gujarat
O13789,C0911,2023-05-22,Completed,Credit Card,Indore,Madhya Pradesh
O13790,C4642,2024-03-02,Cancelled,UPI,Chandigarh,Chandigarh
O13791,C1182,2024-04-19,Completed,UPI,Jaipur,Rajasthan
O13792,C2957,2024-06-20,Completed,Credit Card,Indore,Madhya Pradesh
O13793,C0605,2025-12-03,Completed,Debit Card,Delhi,Delhi
O13794,C2371,2025-06-23,Returned,COD,Chandigarh,Chandigarh
O13795,C2011,2025-05-09,Completed,Debit Card,Bhopal,Madhya Pradesh
O13796,C4136,2023-08-29,Completed,Credit Card,Noida,Uttar Pradesh
O13797,C0203,2024-01-30,Completed,Debit Card,Bhubaneswar,Odisha
O13798,C0243,2025-12-25,Completed,UPI,Ahmedabad,Gujarat
O13799,C1530,2023-10-05,Completed,Net Banking,Ahmedabad,Gujarat
O13800,C3741,2024-08-21,Cancelled,UPI,Pune,Maharashtra
O13801,C2722,2025-07-13,Returned,Debit Card,Kochi,Kerala
O13802,C0660,2025-05-07,Completed,UPI,Gurugram,Haryana
O13803,C0713,2024-07-06,Completed,UPI,Chennai,Tamil Nadu
O13804,C3896,2025-06-09,Completed,Debit Card,Noida,Uttar Pradesh
O13805,C1175,2025-01-07,Cancelled,Debit Card,Bengaluru,Karnataka
O13806,C0247,2023-02-17,Completed,UPI,Bengaluru,Karnataka
O13807,C0731,2023-10-10,Returned,Debit Card,Bengaluru,Karnataka
O13808,C3928,2025-01-10,Completed,UPI,Bengaluru,Karnataka
O13809,C3944,2025-08-02,Completed,Net Banking,Pune,Maharashtra
O13810,C1561,2024-08-04,Completed,Debit Card,Delhi,Delhi
O13811,C0985,2025-09-11,Completed,UPI,Hyderabad,Telangana
O13812,C0496,2025-05-29,Completed,UPI,Chennai,Tamil Nadu
O13813,C2663,2023-08-21,Completed,UPI,Bhubaneswar,Odisha
O13814,C2127,2025-01-14,Completed,UPI,Gurugram,Haryana
O13815,C2576,2025-02-23,Returned,Credit Card,Chennai,Tamil Nadu
O13816,C1083,2025-02-03,Completed,UPI,Pune,Maharashtra
O13817,C2754,2024-12-11,Completed,Credit Card,Kochi,Kerala
O13818,C4995,2023-01-06,Cancelled,UPI,Bhopal,Madhya Pradesh
O13819,C2959,2025-10-30,Cancelled,Debit Card,Nagpur,Maharashtra
O13820,C0544,2024-10-04,Completed,Credit Card,Pune,Maharashtra
O13821,C3064,2023-04-22,Completed,Debit Card,Bhopal,Madhya Pradesh
O13822,C1903,2023-03-21,Completed,Net Banking,Pune,Maharashtra
O13823,C4315,2024-03-28,Completed,Credit Card,Pune,Maharashtra
O13824,C3172,2023-02-17,Cancelled,UPI,Bengaluru,Karnataka
O13825,C2151,2023-04-01,Completed,Net Banking,Bhubaneswar,Odisha
O13826,C0884,2024-11-26,Completed,UPI,Ahmedabad,Gujarat
O13827,C2678,2023-03-17,Completed,COD,Indore,Madhya Pradesh
O13828,C2803,2023-09-20,Completed,UPI,Bhopal,Madhya Pradesh
O13829,C3976,2024-02-05,Completed,Debit Card,Noida,Uttar Pradesh
O13830,C0007,2025-09-27,Completed,Credit Card,Gurugram,Haryana
O13831,C2436,2023-08-04,Completed,COD,Kochi,Kerala
O13832,C1546,2023-02-06,Completed,Debit Card,Patna,Bihar
O13833,C4924,2025-06-21,Completed,UPI,Bhubaneswar,Odisha
O13834,C2090,2025-06-05,Completed,Debit Card,Kochi,Kerala
O13835,C4192,2023-11-16,Completed,UPI,Chandigarh,Chandigarh
O13836,C2294,2024-04-13,Returned,UPI,Kochi,Kerala
O13837,C4210,2023-02-14,Completed,UPI,Indore,Madhya Pradesh
O13838,C2592,2025-05-27,Cancelled,UPI,Bengaluru,Karnataka
O13839,C4426,2025-06-22,Returned,Debit Card,Kolkata,West Bengal
O13840,C3575,2023-12-13,Completed,Net Banking,Lucknow,Uttar Pradesh
O13841,C4041,2025-05-04,Returned,Debit Card,Jaipur,Rajasthan
O13842,C3225,2025-08-19,Completed,Debit Card,Mumbai,Maharashtra
O13843,C1241,2025-03-22,Returned,COD,Pune,Maharashtra
O13844,C3830,2023-11-23,Cancelled,COD,Bengaluru,Karnataka
O13845,C3494,2024-05-28,Cancelled,UPI,Chandigarh,Chandigarh
O13846,C3591,2023-03-21,Completed,Debit Card,Bhubaneswar,Odisha
O13847,C0717,2023-09-19,Cancelled,UPI,Mumbai,Maharashtra
O13848,C0264,2024-08-23,Returned,Credit Card,Bengaluru,Karnataka
O13849,C0318,2024-07-10,Completed,UPI,Bengaluru,Karnataka
O13850,C2208,2023-09-23,Completed,UPI,Nagpur,Maharashtra
O13851,C2525,2025-10-15,Completed,UPI,Surat,Gujarat
O13852,C0641,2025-01-25,Completed,Net Banking,Ahmedabad,Gujarat
O13853,C0859,2024-01-28,Completed,UPI,Noida,Uttar Pradesh
O13854,C4244,2023-01-02,Completed,Debit Card,Noida,Uttar Pradesh
O13855,C1471,2024-05-10,Returned,COD,Bengaluru,Karnataka
O13856,C0975,2025-01-07,Completed,Credit Card,Jaipur,Rajasthan
O13857,C1286,2025-01-15,Completed,Debit Card,Bhubaneswar,Odisha
O13858,C0052,2024-09-24,Completed,UPI,Hyderabad,Telangana
O13859,C4354,2025-09-06,Completed,Credit Card,Noida,Uttar Pradesh
O13860,C1020,2024-06-18,Completed,Net Banking,Nagpur,Maharashtra
O13861,C3623,2024-02-25,Completed,UPI,Lucknow,Uttar Pradesh
O13862,C4344,2024-06-09,Completed,UPI,Kochi,Kerala
O13863,C1913,2024-04-15,Completed,UPI,Lucknow,Uttar Pradesh
O13864,C0288,2025-01-26,Completed,Credit Card,Kochi,Kerala
O13865,C4640,2023-10-18,Completed,COD,Chandigarh,Chandigarh
O13866,C4739,2024-09-24,Completed,Net Banking,Kolkata,West Bengal
O13867,C3902,2025-09-27,Completed,UPI,Patna,Bihar
O13868,C4109,2024-05-07,Completed,UPI,Jaipur,Rajasthan
O13869,C4934,2025-05-17,Completed,UPI,Indore,Madhya Pradesh
O13870,C2581,2025-05-06,Completed,Net Banking,Surat,Gujarat
O13871,C3517,2024-04-06,Completed,UPI,Noida,Uttar Pradesh
O13872,C1550,2024-05-10,Completed,UPI,Bhopal,Madhya Pradesh
O13873,C4935,2023-01-26,Completed,Debit Card,Indore,Madhya Pradesh
O13874,C2667,2025-02-04,Completed,UPI,Bengaluru,Karnataka
O13875,C2454,2025-09-05,Completed,UPI,Jaipur,Rajasthan
O13876,C1568,2023-01-30,Completed,UPI,Pune,Maharashtra
O13877,C3753,2024-01-31,Completed,Net Banking,Kolkata,West Bengal
O13878,C0288,2025-04-29,Completed,UPI,Kochi,Kerala
O13879,C2474,2023-11-30,Cancelled,UPI,Patna,Bihar
O13880,C0436,2023-05-28,Completed,Debit Card,Nagpur,Maharashtra
O13881,C0990,2024-07-25,Completed,UPI,Indore,Madhya Pradesh
O13882,C3560,2025-03-12,Returned,Debit Card,Gurugram,Haryana
O13883,C2406,2023-07-14,Completed,Credit Card,Nagpur,Maharashtra
O13884,C0255,2024-04-27,Completed,UPI,Hyderabad,Telangana
O13885,C2010,2023-05-07,Completed,Credit Card,Surat,Gujarat
O13886,C1835,2023-08-13,Cancelled,Net Banking,Kochi,Kerala
O13887,C4262,2025-02-25,Returned,COD,Kochi,Kerala
O13888,C0465,2024-07-17,Completed,Net Banking,Jaipur,Rajasthan
O13889,C4352,2024-07-09,Completed,Net Banking,Chennai,Tamil Nadu
O13890,C0423,2023-06-04,Returned,COD,Delhi,Delhi
O13891,C4294,2023-02-07,Cancelled,UPI,Bhubaneswar,Odisha
O13892,C4653,2024-08-26,Cancelled,Debit Card,Bhopal,Madhya Pradesh
O13893,C1896,2025-09-06,Completed,Credit Card,Pune,Maharashtra
O13894,C1289,2023-01-13,Completed,Credit Card,Nagpur,Maharashtra
O13895,C1349,2023-12-15,Completed,COD,Hyderabad,Telangana
O13896,C0555,2024-02-09,Completed,UPI,Indore,Madhya Pradesh
O13897,C0007,2025-03-20,Completed,UPI,Gurugram,Haryana
O13898,C1766,2023-08-13,Completed,Net Banking,Indore,Madhya Pradesh
O13899,C2092,2025-05-13,Completed,Debit Card,Kochi,Kerala
O13900,C3244,2023-10-31,Cancelled,UPI,Patna,Bihar
O13901,C3174,2025-12-05,Completed,UPI,Kochi,Kerala
O13902,C4831,2023-08-08,Completed,Credit Card,Indore,Madhya Pradesh
O13903,C1658,2023-03-19,Completed,COD,Noida,Uttar Pradesh
O13904,C0812,2025-04-04,Completed,COD,Ahmedabad,Gujarat
O13905,C1229,2023-10-05,Completed,Credit Card,Nagpur,Maharashtra
O13906,C1963,2024-06-12,Completed,UPI,Kolkata,West Bengal
O13907,C0491,2024-04-25,Cancelled,COD,Pune,Maharashtra
O13908,C0318,2025-03-04,Completed,Net Banking,Bengaluru,Karnataka
O13909,C4314,2024-11-09,Completed,Credit Card,Bhubaneswar,Odisha
O13910,C2549,2025-12-30,Completed,UPI,Bhubaneswar,Odisha
O13911,C1841,2024-12-29,Completed,Debit Card,Ahmedabad,Gujarat
O13912,C1217,2025-01-21,Returned,UPI,Surat,Gujarat
O13913,C0333,2024-07-06,Completed,Debit Card,Mumbai,Maharashtra
O13914,C1177,2023-02-19,Completed,UPI,Patna,Bihar
O13915,C2601,2025-07-23,Completed,Credit Card,Ahmedabad,Gujarat
O13916,C3095,2024-02-06,Completed,Debit Card,Delhi,Delhi
O13917,C2264,2025-01-25,Completed,Credit Card,Chandigarh,Chandigarh
O13918,C1067,2025-06-14,Completed,COD,Indore,Madhya Pradesh
O13919,C3433,2023-03-07,Completed,UPI,Bhopal,Madhya Pradesh
O13920,C2791,2024-09-17,Completed,UPI,Chandigarh,Chandigarh
O13921,C2462,2025-07-27,Cancelled,Credit Card,Bengaluru,Karnataka
O13922,C3490,2023-09-26,Completed,Net Banking,Surat,Gujarat
O13923,C2670,2024-02-20,Cancelled,COD,Pune,Maharashtra
O13924,C1674,2024-06-05,Completed,UPI,Chandigarh,Chandigarh
O13925,C2364,2024-05-13,Completed,UPI,Kolkata,West Bengal
O13926,C3969,2024-02-05,Returned,Credit Card,Chandigarh,Chandigarh
O13927,C3724,2024-07-19,Completed,Debit Card,Delhi,Delhi
O13928,C3502,2025-04-18,Completed,Net Banking,Pune,Maharashtra
O13929,C2815,2023-11-02,Completed,Debit Card,Surat,Gujarat
O13930,C0349,2025-12-18,Completed,COD,Hyderabad,Telangana
O13931,C2123,2025-07-20,Completed,Debit Card,Patna,Bihar
O13932,C4134,2023-09-19,Completed,UPI,Nagpur,Maharashtra
O13933,C3518,2024-03-25,Completed,COD,Hyderabad,Telangana
O13934,C0212,2025-05-26,Completed,UPI,Delhi,Delhi
O13935,C3530,2023-02-01,Completed,UPI,Delhi,Delhi
O13936,C4881,2025-03-31,Completed,COD,Nagpur,Maharashtra
O13937,C3637,2023-03-10,Completed,Net Banking,Mumbai,Maharashtra
O13938,C4101,2023-03-24,Completed,UPI,Pune,Maharashtra
O13939,C1267,2025-02-08,Completed,Credit Card,Bhopal,Madhya Pradesh
O13940,C0148,2025-03-21,Completed,Credit Card,Bengaluru,Karnataka
O13941,C1710,2024-04-15,Cancelled,Credit Card,Bhubaneswar,Odisha
O13942,C3023,2025-10-24,Completed,Debit Card,Hyderabad,Telangana
O13943,C3991,2024-08-09,Completed,COD,Kochi,Kerala
O13944,C3465,2023-05-28,Completed,Net Banking,Mumbai,Maharashtra
O13945,C3837,2023-05-02,Returned,COD,Nagpur,Maharashtra
O13946,C3322,2025-11-03,Completed,UPI,Bengaluru,Karnataka
O13947,C4524,2024-05-21,Completed,UPI,Chandigarh,Chandigarh
O13948,C0369,2024-11-19,Returned,Debit Card,Indore,Madhya Pradesh
O13949,C3981,2024-06-16,Completed,Debit Card,Gurugram,Haryana
O13950,C4744,2023-11-13,Completed,UPI,Indore,Madhya Pradesh
O13951,C1471,2023-05-29,Completed,UPI,Bengaluru,Karnataka
O13952,C3094,2024-05-19,Completed,UPI,Nagpur,Maharashtra
O13953,C2598,2025-02-16,Completed,Credit Card,Kolkata,West Bengal
O13954,C4635,2024-05-09,Completed,UPI,Bhubaneswar,Odisha
O13955,C3354,2025-07-03,Completed,Credit Card,Pune,Maharashtra
O13956,C1303,2024-03-08,Cancelled,Credit Card,Nagpur,Maharashtra
O13957,C3325,2024-08-14,Completed,Credit Card,Nagpur,Maharashtra
O13958,C1895,2023-09-21,Cancelled,Debit Card,Chandigarh,Chandigarh
O13959,C4063,2024-11-27,Completed,Credit Card,Kolkata,West Bengal
O13960,C2525,2024-08-23,Completed,Credit Card,Surat,Gujarat
O13961,C1089,2024-02-09,Completed,Debit Card,Noida,Uttar Pradesh
O13962,C1327,2023-09-21,Completed,UPI,Nagpur,Maharashtra
O13963,C4270,2024-10-20,Completed,Credit Card,Indore,Madhya Pradesh
O13964,C1284,2025-03-08,Completed,UPI,Lucknow,Uttar Pradesh
O13965,C3357,2023-08-16,Completed,UPI,Gurugram,Haryana
O13966,C1103,2025-09-22,Completed,UPI,Kolkata,West Bengal
O13967,C1068,2025-07-04,Cancelled,UPI,Ahmedabad,Gujarat
O13968,C0745,2024-01-07,Completed,Credit Card,Patna,Bihar
O13969,C3075,2023-12-27,Completed,Credit Card,Noida,Uttar Pradesh
O13970,C2491,2025-02-01,Cancelled,COD,Bhopal,Madhya Pradesh
O13971,C2127,2023-11-30,Completed,Debit Card,Gurugram,Haryana
O13972,C3765,2023-08-03,Cancelled,Credit Card,Lucknow,Uttar Pradesh
O13973,C2863,2023-06-27,Completed,UPI,Chennai,Tamil Nadu
O13974,C3079,2025-11-20,Completed,UPI,Noida,Uttar Pradesh
O13975,C0883,2025-05-07,Cancelled,Debit Card,Ahmedabad,Gujarat
O13976,C2561,2024-10-01,Completed,UPI,Bengaluru,Karnataka
O13977,C4792,2024-01-02,Completed,Credit Card,Kolkata,West Bengal
O13978,C3835,2023-08-16,Cancelled,Debit Card,Jaipur,Rajasthan
O13979,C2775,2023-04-26,Completed,UPI,Bhopal,Madhya Pradesh
O13980,C0077,2024-04-03,Completed,Credit Card,Pune,Maharashtra
O13981,C3115,2023-11-18,Completed,UPI,Indore,Madhya Pradesh
O13982,C3229,2025-05-21,Completed,Debit Card,Noida,Uttar Pradesh
O13983,C1013,2024-02-29,Completed,UPI,Patna,Bihar
O13984,C4286,2023-07-02,Completed,UPI,Bhopal,Madhya Pradesh
O13985,C0875,2024-05-31,Completed,COD,Chennai,Tamil Nadu
O13986,C4358,2025-10-11,Cancelled,Credit Card,Kochi,Kerala
O13987,C3557,2024-01-06,Completed,UPI,Ahmedabad,Gujarat
O13988,C2326,2023-10-24,Returned,Debit Card,Bengaluru,Karnataka
O13989,C1726,2025-09-21,Completed,UPI,Kochi,Kerala
O13990,C3989,2025-12-14,Cancelled,UPI,Lucknow,Uttar Pradesh
O13991,C2355,2023-10-28,Completed,COD,Gurugram,Haryana
O13992,C3968,2024-10-29,Completed,Credit Card,Surat,Gujarat
O13993,C2655,2023-09-13,Completed,UPI,Surat,Gujarat
O13994,C3228,2024-11-10,Completed,Net Banking,Hyderabad,Telangana
O13995,C4396,2024-01-16,Returned,UPI,Kolkata,West Bengal
O13996,C2395,2024-06-06,Completed,UPI,Chandigarh,Chandigarh
O13997,C4522,2025-09-30,Completed,UPI,Kolkata,West Bengal
O13998,C0042,2024-11-20,Completed,UPI,Pune,Maharashtra
O13999,C4734,2023-05-03,Completed,UPI,Noida,Uttar Pradesh
O14000,C1849,2024-04-23,Completed,Debit Card,Chennai,Tamil Nadu
O14001,C2125,2024-07-13,Completed,Debit Card,Indore,Madhya Pradesh
O14002,C4192,2024-04-12,Completed,COD,Chandigarh,Chandigarh
O14003,C2867,2023-07-01,Completed,Credit Card,Indore,Madhya Pradesh
O14004,C4833,2024-01-25,Completed,Credit Card,Kochi,Kerala
O14005,C1647,2025-01-22,Completed,Credit Card,Indore,Madhya Pradesh
O14006,C0205,2023-09-13,Completed,COD,Bhubaneswar,Odisha
O14007,C3335,2023-08-01,Returned,UPI,Nagpur,Maharashtra
O14008,C3660,2025-06-17,Completed,COD,Chandigarh,Chandigarh
O14009,C0655,2023-08-08,Completed,UPI,Indore,Madhya Pradesh
O14010,C2363,2024-06-23,Completed,UPI,Chennai,Tamil Nadu
O14011,C1393,2024-02-27,Completed,UPI,Surat,Gujarat
O14012,C3669,2024-12-28,Completed,Credit Card,Gurugram,Haryana
O14013,C4840,2023-07-18,Completed,Net Banking,Surat,Gujarat
O14014,C0285,2023-05-09,Completed,UPI,Nagpur,Maharashtra
O14015,C1341,2023-06-10,Completed,Credit Card,Noida,Uttar Pradesh
O14016,C0512,2025-11-22,Cancelled,UPI,Lucknow,Uttar Pradesh
O14017,C3056,2023-01-11,Completed,Debit Card,Jaipur,Rajasthan
O14018,C4125,2024-05-21,Completed,Credit Card,Ahmedabad,Gujarat
O14019,C3812,2023-07-09,Returned,Debit Card,Nagpur,Maharashtra
O14020,C3366,2025-04-21,Completed,COD,Bengaluru,Karnataka
O14021,C3079,2023-09-02,Completed,UPI,Noida,Uttar Pradesh
O14022,C4638,2024-01-28,Cancelled,Net Banking,Patna,Bihar
O14023,C2263,2025-02-14,Completed,Credit Card,Mumbai,Maharashtra
O14024,C4723,2025-08-12,Completed,Net Banking,Bengaluru,Karnataka
O14025,C4024,2025-12-28,Completed,UPI,Chennai,Tamil Nadu
O14026,C0215,2025-03-23,Completed,COD,Lucknow,Uttar Pradesh
O14027,C3242,2023-04-17,Completed,UPI,Lucknow,Uttar Pradesh
O14028,C2269,2025-09-30,Cancelled,Debit Card,Indore,Madhya Pradesh
O14029,C3332,2025-04-14,Completed,Net Banking,Bhubaneswar,Odisha
O14030,C2309,2023-12-26,Completed,COD,Patna,Bihar
O14031,C1838,2025-07-13,Completed,Credit Card,Kochi,Kerala
O14032,C0566,2023-05-30,Completed,UPI,Nagpur,Maharashtra
O14033,C3692,2025-07-18,Completed,Debit Card,Bengaluru,Karnataka
O14034,C3899,2023-04-09,Completed,Debit Card,Indore,Madhya Pradesh
O14035,C0801,2024-10-17,Completed,Credit Card,Bhubaneswar,Odisha
O14036,C1279,2025-03-22,Completed,COD,Nagpur,Maharashtra
O14037,C1302,2024-04-07,Cancelled,UPI,Indore,Madhya Pradesh
O14038,C3631,2025-06-08,Completed,Credit Card,Nagpur,Maharashtra
O14039,C4742,2024-08-21,Cancelled,Credit Card,Surat,Gujarat
O14040,C3505,2023-10-29,Completed,UPI,Bhubaneswar,Odisha
O14041,C0992,2025-01-20,Completed,UPI,Jaipur,Rajasthan
O14042,C4725,2023-06-30,Completed,Debit Card,Bhubaneswar,Odisha
O14043,C2526,2025-10-19,Completed,UPI,Mumbai,Maharashtra
O14044,C2430,2024-11-15,Returned,COD,Nagpur,Maharashtra
O14045,C4915,2023-07-11,Completed,Net Banking,Chennai,Tamil Nadu
O14046,C2601,2023-04-04,Completed,UPI,Ahmedabad,Gujarat
O14047,C3161,2025-06-17,Completed,COD,Nagpur,Maharashtra
O14048,C2140,2025-08-29,Completed,Credit Card,Ahmedabad,Gujarat
O14049,C0377,2024-11-01,Completed,Credit Card,Chennai,Tamil Nadu
O14050,C1105,2024-03-09,Completed,Debit Card,Mumbai,Maharashtra
O14051,C2148,2023-11-26,Completed,COD,Pune,Maharashtra
O14052,C1614,2024-06-10,Returned,Net Banking,Hyderabad,Telangana
O14053,C2848,2023-01-21,Completed,Debit Card,Kochi,Kerala
O14054,C3468,2023-01-21,Returned,Debit Card,Lucknow,Uttar Pradesh
O14055,C0023,2023-11-12,Completed,Debit Card,Indore,Madhya Pradesh
O14056,C2704,2024-09-09,Completed,Credit Card,Gurugram,Haryana
O14057,C4012,2025-01-14,Completed,UPI,Chandigarh,Chandigarh
O14058,C4866,2025-12-24,Completed,UPI,Lucknow,Uttar Pradesh
O14059,C3349,2023-05-29,Completed,UPI,Surat,Gujarat
O14060,C3770,2023-10-09,Completed,Debit Card,Lucknow,Uttar Pradesh
O14061,C0919,2025-12-14,Completed,UPI,Chennai,Tamil Nadu
O14062,C1980,2023-04-23,Completed,Credit Card,Hyderabad,Telangana
O14063,C0377,2025-12-05,Completed,UPI,Chennai,Tamil Nadu
O14064,C1251,2024-03-21,Cancelled,COD,Mumbai,Maharashtra
O14065,C1197,2025-12-29,Completed,Debit Card,Bhopal,Madhya Pradesh
O14066,C1671,2023-07-01,Completed,Credit Card,Chennai,Tamil Nadu
O14067,C3141,2025-09-07,Completed,Credit Card,Jaipur,Rajasthan
O14068,C3353,2023-11-06,Completed,Net Banking,Chandigarh,Chandigarh
O14069,C2911,2025-08-06,Completed,COD,Mumbai,Maharashtra
O14070,C4966,2023-12-09,Cancelled,COD,Kochi,Kerala
O14071,C1357,2024-08-30,Completed,UPI,Bengaluru,Karnataka
O14072,C1767,2025-09-30,Completed,UPI,Mumbai,Maharashtra
O14073,C1366,2024-07-01,Completed,UPI,Mumbai,Maharashtra
O14074,C2365,2023-02-03,Completed,Debit Card,Ahmedabad,Gujarat
O14075,C3977,2024-01-25,Completed,Debit Card,Delhi,Delhi
O14076,C3842,2025-07-22,Completed,Debit Card,Bhubaneswar,Odisha
O14077,C3245,2023-10-16,Completed,UPI,Chandigarh,Chandigarh
O14078,C0544,2025-08-28,Completed,UPI,Pune,Maharashtra
O14079,C3272,2024-07-20,Completed,Debit Card,Jaipur,Rajasthan
O14080,C3664,2024-06-18,Completed,UPI,Indore,Madhya Pradesh
O14081,C0776,2025-02-03,Completed,UPI,Bhopal,Madhya Pradesh
O14082,C1621,2024-07-09,Completed,Credit Card,Noida,Uttar Pradesh
O14083,C4313,2025-11-17,Completed,COD,Kochi,Kerala
O14084,C0532,2024-07-29,Cancelled,Debit Card,Bhopal,Madhya Pradesh
O14085,C4545,2025-03-26,Completed,UPI,Gurugram,Haryana
O14086,C0889,2023-11-11,Completed,UPI,Kolkata,West Bengal
O14087,C1914,2025-09-05,Completed,Debit Card,Lucknow,Uttar Pradesh
O14088,C4057,2025-03-21,Completed,Net Banking,Ahmedabad,Gujarat
O14089,C0393,2024-11-13,Cancelled,COD,Pune,Maharashtra
O14090,C1622,2024-10-14,Completed,UPI,Gurugram,Haryana
O14091,C3458,2024-07-08,Completed,UPI,Gurugram,Haryana
O14092,C2364,2025-02-19,Completed,Credit Card,Kolkata,West Bengal
O14093,C1349,2024-05-18,Completed,Credit Card,Hyderabad,Telangana
O14094,C2861,2024-12-31,Returned,UPI,Chandigarh,Chandigarh
O14095,C0318,2024-02-09,Completed,Debit Card,Bengaluru,Karnataka
O14096,C4475,2024-12-12,Completed,UPI,Kochi,Kerala
O14097,C0705,2023-06-03,Completed,UPI,Noida,Uttar Pradesh
O14098,C3772,2023-08-02,Completed,COD,Patna,Bihar
O14099,C1042,2025-12-08,Completed,Debit Card,Noida,Uttar Pradesh
O14100,C2875,2024-05-12,Cancelled,Debit Card,Delhi,Delhi
O14101,C4245,2023-12-08,Cancelled,Net Banking,Patna,Bihar
O14102,C4654,2025-02-19,Completed,UPI,Pune,Maharashtra
O14103,C2510,2024-02-27,Completed,Debit Card,Mumbai,Maharashtra
O14104,C4007,2023-09-01,Returned,UPI,Lucknow,Uttar Pradesh
O14105,C3811,2024-07-07,Completed,UPI,Pune,Maharashtra
O14106,C3025,2025-06-26,Completed,Credit Card,Delhi,Delhi
O14107,C4791,2024-06-08,Completed,UPI,Bhubaneswar,Odisha
O14108,C4643,2024-12-16,Completed,Credit Card,Kolkata,West Bengal
O14109,C2128,2023-07-19,Returned,UPI,Jaipur,Rajasthan
O14110,C4614,2025-10-05,Completed,Debit Card,Kolkata,West Bengal
O14111,C2750,2023-10-07,Completed,UPI,Surat,Gujarat
O14112,C0244,2025-12-23,Completed,UPI,Bhubaneswar,Odisha
O14113,C0009,2025-02-24,Completed,COD,Patna,Bihar
O14114,C3655,2025-09-19,Completed,Credit Card,Nagpur,Maharashtra
O14115,C2694,2023-02-22,Completed,Credit Card,Gurugram,Haryana
O14116,C1324,2025-11-16,Completed,UPI,Patna,Bihar
O14117,C2297,2024-01-09,Completed,UPI,Patna,Bihar
O14118,C2371,2023-02-05,Completed,Credit Card,Chandigarh,Chandigarh
O14119,C2604,2025-08-21,Returned,Debit Card,Patna,Bihar
O14120,C3534,2024-09-03,Completed,COD,Jaipur,Rajasthan
O14121,C0393,2025-08-04,Completed,COD,Pune,Maharashtra
O14122,C1252,2024-11-18,Completed,UPI,Bengaluru,Karnataka
O14123,C2967,2024-12-18,Completed,UPI,Bhopal,Madhya Pradesh
O14124,C4665,2024-09-09,Completed,UPI,Chennai,Tamil Nadu
O14125,C4340,2024-09-04,Completed,UPI,Ahmedabad,Gujarat
O14126,C3129,2024-09-14,Completed,Credit Card,Indore,Madhya Pradesh
O14127,C1167,2024-03-29,Completed,UPI,Mumbai,Maharashtra
O14128,C2567,2023-06-28,Completed,Debit Card,Gurugram,Haryana
O14129,C3008,2025-11-03,Completed,UPI,Chandigarh,Chandigarh
O14130,C0193,2024-11-13,Returned,COD,Delhi,Delhi
O14131,C0327,2023-02-03,Completed,Debit Card,Kochi,Kerala
O14132,C4121,2024-12-10,Completed,Net Banking,Patna,Bihar
O14133,C4198,2024-05-24,Completed,Net Banking,Bengaluru,Karnataka
O14134,C0663,2023-07-07,Cancelled,Debit Card,Mumbai,Maharashtra
O14135,C4313,2025-01-19,Completed,UPI,Kochi,Kerala
O14136,C4838,2023-11-24,Completed,UPI,Bengaluru,Karnataka
O14137,C4026,2024-12-17,Completed,UPI,Bengaluru,Karnataka
O14138,C4363,2023-10-18,Completed,Credit Card,Kochi,Kerala
O14139,C4258,2023-04-07,Completed,Credit Card,Bhopal,Madhya Pradesh
O14140,C4774,2024-05-06,Completed,Debit Card,Pune,Maharashtra
O14141,C0886,2025-03-11,Completed,UPI,Ahmedabad,Gujarat
O14142,C3954,2023-04-25,Completed,Debit Card,Jaipur,Rajasthan
O14143,C2295,2023-11-06,Completed,UPI,Pune,Maharashtra
O14144,C3468,2024-07-04,Completed,COD,Lucknow,Uttar Pradesh
O14145,C1033,2025-03-16,Completed,UPI,Gurugram,Haryana
O14146,C1472,2024-08-07,Completed,Credit Card,Chandigarh,Chandigarh
O14147,C2645,2023-04-22,Completed,Credit Card,Surat,Gujarat
O14148,C4072,2024-07-30,Completed,Credit Card,Noida,Uttar Pradesh
O14149,C1149,2023-12-22,Completed,UPI,Lucknow,Uttar Pradesh
O14150,C0041,2023-11-11,Completed,Net Banking,Indore,Madhya Pradesh
O14151,C3757,2023-07-13,Completed,Credit Card,Noida,Uttar Pradesh
O14152,C3757,2024-06-08,Completed,Credit Card,Noida,Uttar Pradesh
O14153,C3411,2025-09-05,Completed,UPI,Jaipur,Rajasthan
O14154,C2967,2024-09-02,Completed,COD,Bhopal,Madhya Pradesh
O14155,C3797,2025-03-30,Returned,UPI,Hyderabad,Telangana
O14156,C3281,2025-07-14,Completed,UPI,Surat,Gujarat
O14157,C3448,2024-10-13,Completed,Credit Card,Bhopal,Madhya Pradesh
O14158,C0085,2023-07-23,Completed,Net Banking,Ahmedabad,Gujarat
O14159,C4303,2024-02-09,Cancelled,UPI,Jaipur,Rajasthan
O14160,C3419,2023-08-08,Cancelled,UPI,Chennai,Tamil Nadu
O14161,C4257,2023-10-27,Returned,Debit Card,Ahmedabad,Gujarat
O14162,C4546,2025-10-07,Cancelled,Debit Card,Bhubaneswar,Odisha
O14163,C2164,2025-07-08,Completed,COD,Delhi,Delhi
O14164,C4458,2024-03-01,Completed,Credit Card,Noida,Uttar Pradesh
O14165,C2960,2024-09-26,Completed,Credit Card,Nagpur,Maharashtra
O14166,C2231,2025-08-02,Completed,Credit Card,Indore,Madhya Pradesh
O14167,C2724,2025-09-04,Completed,Credit Card,Gurugram,Haryana
O14168,C2640,2023-08-22,Completed,Net Banking,Bhopal,Madhya Pradesh
O14169,C1031,2023-03-31,Returned,Credit Card,Surat,Gujarat
O14170,C0931,2025-09-30,Returned,UPI,Chandigarh,Chandigarh
O14171,C4859,2025-01-28,Completed,UPI,Surat,Gujarat
O14172,C2660,2024-10-21,Completed,Net Banking,Indore,Madhya Pradesh
O14173,C1822,2025-01-24,Cancelled,Credit Card,Pune,Maharashtra
O14174,C3810,2024-03-27,Completed,UPI,Hyderabad,Telangana
O14175,C1594,2025-07-20,Completed,UPI,Indore,Madhya Pradesh
O14176,C1121,2023-02-17,Completed,UPI,Chandigarh,Chandigarh
O14177,C1682,2023-08-11,Completed,Debit Card,Kolkata,West Bengal
O14178,C1925,2024-12-13,Completed,Debit Card,Noida,Uttar Pradesh
O14179,C2441,2024-04-10,Cancelled,UPI,Nagpur,Maharashtra
O14180,C4564,2025-12-19,Completed,COD,Surat,Gujarat
O14181,C3443,2023-01-17,Completed,Debit Card,Jaipur,Rajasthan
O14182,C1208,2024-11-09,Completed,Debit Card,Lucknow,Uttar Pradesh
O14183,C1167,2024-04-15,Completed,Debit Card,Mumbai,Maharashtra
O14184,C0062,2025-09-15,Completed,COD,Kochi,Kerala
O14185,C0163,2025-04-08,Completed,Credit Card,Bhubaneswar,Odisha
O14186,C4648,2024-06-23,Completed,Credit Card,Delhi,Delhi
O14187,C1084,2023-07-25,Cancelled,UPI,Delhi,Delhi
O14188,C0239,2024-04-24,Completed,Credit Card,Nagpur,Maharashtra
O14189,C2616,2023-03-14,Cancelled,Credit Card,Chandigarh,Chandigarh
O14190,C2794,2024-08-04,Completed,Net Banking,Mumbai,Maharashtra
O14191,C3787,2024-12-19,Completed,UPI,Kolkata,West Bengal
O14192,C2041,2024-06-25,Completed,Debit Card,Noida,Uttar Pradesh
O14193,C3113,2024-10-17,Returned,UPI,Jaipur,Rajasthan
O14194,C0438,2025-01-27,Completed,Net Banking,Lucknow,Uttar Pradesh
O14195,C0529,2025-02-18,Completed,Credit Card,Hyderabad,Telangana
O14196,C0105,2025-02-09,Completed,Credit Card,Delhi,Delhi
O14197,C4478,2023-03-08,Cancelled,UPI,Patna,Bihar
O14198,C1239,2025-05-03,Completed,UPI,Noida,Uttar Pradesh
O14199,C3977,2024-01-06,Returned,Debit Card,Delhi,Delhi
O14200,C2265,2023-12-30,Cancelled,Debit Card,Surat,Gujarat
O14201,C0151,2024-02-04,Completed,COD,Ahmedabad,Gujarat
O14202,C1794,2025-04-29,Completed,Credit Card,Delhi,Delhi
O14203,C0631,2023-09-17,Completed,UPI,Kochi,Kerala
O14204,C4518,2025-12-04,Completed,Debit Card,Delhi,Delhi
O14205,C4742,2025-06-16,Completed,COD,Surat,Gujarat
O14206,C1968,2023-11-11,Completed,Net Banking,Hyderabad,Telangana
O14207,C0207,2025-06-25,Cancelled,Debit Card,Delhi,Delhi
O14208,C2823,2025-07-28,Completed,UPI,Nagpur,Maharashtra
O14209,C0834,2023-08-17,Completed,Credit Card,Bengaluru,Karnataka
O14210,C3774,2025-01-19,Completed,Credit Card,Indore,Madhya Pradesh
O14211,C3742,2023-04-28,Cancelled,Credit Card,Indore,Madhya Pradesh
O14212,C1501,2023-05-06,Completed,UPI,Noida,Uttar Pradesh
O14213,C2636,2025-09-12,Completed,UPI,Patna,Bihar
O14214,C4322,2023-05-12,Completed,Credit Card,Patna,Bihar
O14215,C0804,2023-12-12,Completed,COD,Indore,Madhya Pradesh
O14216,C1858,2023-03-25,Completed,UPI,Noida,Uttar Pradesh
O14217,C3148,2023-02-11,Completed,UPI,Bengaluru,Karnataka
O14218,C4612,2024-03-10,Cancelled,Debit Card,Delhi,Delhi
O14219,C1847,2023-02-17,Cancelled,Debit Card,Mumbai,Maharashtra
O14220,C4283,2025-12-01,Cancelled,Credit Card,Hyderabad,Telangana
O14221,C3720,2023-07-04,Completed,UPI,Chennai,Tamil Nadu
O14222,C4035,2024-02-05,Completed,Credit Card,Indore,Madhya Pradesh
O14223,C2587,2025-08-28,Completed,COD,Kolkata,West Bengal
O14224,C4744,2024-05-16,Completed,UPI,Indore,Madhya Pradesh
O14225,C2066,2024-01-02,Cancelled,UPI,Chandigarh,Chandigarh
O14226,C4381,2023-09-18,Completed,COD,Lucknow,Uttar Pradesh
O14227,C2980,2025-12-23,Returned,Credit Card,Patna,Bihar
O14228,C3971,2024-11-22,Completed,Debit Card,Ahmedabad,Gujarat
O14229,C2953,2024-05-14,Completed,Debit Card,Lucknow,Uttar Pradesh
O14230,C4746,2025-12-19,Completed,UPI,Ahmedabad,Gujarat
O14231,C1243,2023-12-22,Cancelled,UPI,Noida,Uttar Pradesh
O14232,C2692,2024-10-07,Completed,UPI,Indore,Madhya Pradesh
O14233,C1968,2025-05-05,Completed,UPI,Hyderabad,Telangana
O14234,C2405,2024-02-09,Completed,UPI,Delhi,Delhi
O14235,C0256,2023-01-18,Completed,Net Banking,Delhi,Delhi
O14236,C2656,2024-01-03,Completed,UPI,Nagpur,Maharashtra
O14237,C1837,2023-08-09,Completed,UPI,Mumbai,Maharashtra
O14238,C0179,2023-09-30,Completed,UPI,Mumbai,Maharashtra
O14239,C4184,2025-08-22,Completed,UPI,Delhi,Delhi
O14240,C4941,2023-06-22,Completed,UPI,Chennai,Tamil Nadu
O14241,C3467,2023-05-03,Completed,UPI,Chandigarh,Chandigarh
O14242,C0028,2024-04-11,Completed,Credit Card,Bengaluru,Karnataka
O14243,C2745,2024-09-27,Completed,Credit Card,Jaipur,Rajasthan
O14244,C0054,2025-03-26,Completed,UPI,Kolkata,West Bengal
O14245,C0321,2024-11-20,Completed,Credit Card,Pune,Maharashtra
O14246,C3631,2024-10-10,Completed,UPI,Nagpur,Maharashtra
O14247,C3306,2024-05-15,Completed,Debit Card,Chandigarh,Chandigarh
O14248,C3825,2023-11-17,Completed,UPI,Kolkata,West Bengal
O14249,C0332,2023-03-02,Completed,Debit Card,Indore,Madhya Pradesh
O14250,C1718,2023-05-06,Completed,Credit Card,Nagpur,Maharashtra
O14251,C3544,2023-07-11,Returned,UPI,Pune,Maharashtra
O14252,C0317,2023-07-12,Returned,UPI,Lucknow,Uttar Pradesh
O14253,C3552,2024-08-11,Cancelled,UPI,Bhubaneswar,Odisha
O14254,C2909,2025-11-12,Completed,Credit Card,Surat,Gujarat
O14255,C2918,2025-01-12,Returned,COD,Chandigarh,Chandigarh
O14256,C4317,2024-01-18,Completed,COD,Nagpur,Maharashtra
O14257,C1363,2025-04-05,Completed,Credit Card,Ahmedabad,Gujarat
O14258,C0148,2024-12-04,Completed,COD,Bengaluru,Karnataka
O14259,C1733,2024-08-31,Completed,COD,Kolkata,West Bengal
O14260,C2629,2023-08-13,Completed,Debit Card,Jaipur,Rajasthan
O14261,C4574,2023-01-12,Completed,UPI,Jaipur,Rajasthan
O14262,C4019,2023-12-14,Completed,COD,Nagpur,Maharashtra
O14263,C1210,2025-03-13,Completed,Credit Card,Indore,Madhya Pradesh
O14264,C0170,2023-03-15,Cancelled,Credit Card,Nagpur,Maharashtra
O14265,C1568,2025-06-07,Returned,Debit Card,Pune,Maharashtra
O14266,C4397,2023-07-16,Completed,Net Banking,Gurugram,Haryana
O14267,C3436,2023-07-10,Returned,Credit Card,Surat,Gujarat
O14268,C1878,2025-07-25,Completed,UPI,Kochi,Kerala
O14269,C4053,2025-12-23,Completed,UPI,Indore,Madhya Pradesh
O14270,C3036,2024-10-12,Completed,UPI,Ahmedabad,Gujarat
O14271,C3249,2024-05-08,Completed,Credit Card,Patna,Bihar
O14272,C3874,2025-12-24,Completed,UPI,Kolkata,West Bengal
O14273,C2192,2024-10-24,Completed,Debit Card,Nagpur,Maharashtra
O14274,C0523,2023-09-17,Completed,Credit Card,Delhi,Delhi
O14275,C3553,2023-06-18,Completed,Credit Card,Indore,Madhya Pradesh
O14276,C2707,2023-06-26,Returned,UPI,Nagpur,Maharashtra
O14277,C2533,2024-08-09,Completed,Debit Card,Bhopal,Madhya Pradesh
O14278,C0822,2023-02-24,Completed,Debit Card,Bhubaneswar,Odisha
O14279,C3509,2024-09-25,Completed,COD,Nagpur,Maharashtra
O14280,C0195,2024-06-22,Completed,Net Banking,Kolkata,West Bengal
O14281,C0466,2024-11-17,Completed,UPI,Nagpur,Maharashtra
O14282,C3026,2023-05-16,Cancelled,UPI,Bengaluru,Karnataka
O14283,C3148,2025-11-12,Completed,Credit Card,Bengaluru,Karnataka
O14284,C2538,2024-06-21,Completed,Net Banking,Bengaluru,Karnataka
O14285,C0100,2023-06-11,Completed,UPI,Chennai,Tamil Nadu
O14286,C0116,2023-06-09,Completed,Debit Card,Indore,Madhya Pradesh
O14287,C4476,2024-06-01,Completed,UPI,Noida,Uttar Pradesh
O14288,C2872,2023-11-11,Completed,Credit Card,Noida,Uttar Pradesh
O14289,C2111,2024-11-20,Returned,Net Banking,Bhubaneswar,Odisha
O14290,C1272,2024-12-08,Completed,Credit Card,Chandigarh,Chandigarh
O14291,C2691,2023-09-21,Cancelled,Debit Card,Chandigarh,Chandigarh
O14292,C1435,2025-07-30,Completed,Credit Card,Jaipur,Rajasthan
O14293,C1903,2023-12-06,Completed,COD,Pune,Maharashtra
O14294,C3024,2024-04-06,Completed,UPI,Gurugram,Haryana
O14295,C2776,2023-11-10,Completed,COD,Kochi,Kerala
O14296,C2594,2025-06-02,Returned,Credit Card,Bengaluru,Karnataka
O14297,C4940,2023-05-11,Cancelled,UPI,Noida,Uttar Pradesh
O14298,C4394,2023-03-20,Completed,UPI,Bhopal,Madhya Pradesh
O14299,C4392,2024-10-28,Completed,UPI,Surat,Gujarat
O14300,C3599,2023-03-06,Returned,UPI,Hyderabad,Telangana
O14301,C4211,2024-07-22,Completed,UPI,Patna,Bihar
O14302,C4048,2025-08-05,Completed,UPI,Gurugram,Haryana
O14303,C2927,2025-08-04,Cancelled,Credit Card,Chandigarh,Chandigarh
O14304,C3214,2025-02-23,Cancelled,Net Banking,Noida,Uttar Pradesh
O14305,C2667,2023-02-21,Completed,Credit Card,Bengaluru,Karnataka
O14306,C1827,2025-08-01,Completed,Credit Card,Nagpur,Maharashtra
O14307,C1026,2025-04-05,Completed,UPI,Chandigarh,Chandigarh
O14308,C0786,2025-11-15,Returned,UPI,Chennai,Tamil Nadu
O14309,C4131,2025-11-16,Completed,UPI,Patna,Bihar
O14310,C1801,2023-12-03,Completed,COD,Patna,Bihar
O14311,C3290,2023-05-19,Cancelled,Net Banking,Chandigarh,Chandigarh
O14312,C0361,2024-01-27,Completed,Debit Card,Gurugram,Haryana
O14313,C4390,2023-08-22,Completed,UPI,Noida,Uttar Pradesh
O14314,C3398,2024-03-07,Completed,Credit Card,Nagpur,Maharashtra
O14315,C1227,2023-10-15,Completed,Credit Card,Surat,Gujarat
O14316,C2641,2023-01-29,Completed,Net Banking,Jaipur,Rajasthan
O14317,C3650,2024-08-30,Completed,Debit Card,Kolkata,West Bengal
O14318,C4357,2024-05-18,Cancelled,Debit Card,Patna,Bihar
O14319,C3204,2024-09-24,Completed,Credit Card,Mumbai,Maharashtra
O14320,C1801,2024-09-07,Completed,Debit Card,Patna,Bihar
O14321,C3397,2024-10-14,Completed,Debit Card,Delhi,Delhi
O14322,C1417,2023-10-25,Completed,Credit Card,Chandigarh,Chandigarh
O14323,C4498,2025-03-04,Completed,COD,Mumbai,Maharashtra
O14324,C0336,2024-12-25,Completed,UPI,Nagpur,Maharashtra
O14325,C3010,2025-07-07,Completed,Net Banking,Chandigarh,Chandigarh
O14326,C1962,2025-07-28,Completed,COD,Hyderabad,Telangana
O14327,C0844,2025-01-29,Completed,Credit Card,Ahmedabad,Gujarat
O14328,C1641,2025-04-05,Returned,COD,Gurugram,Haryana
O14329,C4141,2025-04-23,Completed,COD,Kolkata,West Bengal
O14330,C1125,2023-04-10,Completed,Credit Card,Kochi,Kerala
O14331,C4712,2023-10-01,Completed,COD,Kochi,Kerala
O14332,C2310,2023-10-25,Completed,UPI,Chennai,Tamil Nadu
O14333,C0765,2023-07-31,Completed,Credit Card,Jaipur,Rajasthan
O14334,C1701,2025-10-22,Completed,UPI,Bhopal,Madhya Pradesh
O14335,C2340,2025-08-13,Completed,UPI,Chandigarh,Chandigarh
O14336,C3728,2023-10-16,Completed,COD,Delhi,Delhi
O14337,C4630,2023-07-28,Returned,UPI,Ahmedabad,Gujarat
O14338,C1093,2024-09-03,Completed,Debit Card,Chennai,Tamil Nadu
O14339,C1605,2024-11-27,Completed,UPI,Patna,Bihar
O14340,C1270,2024-03-21,Completed,Credit Card,Lucknow,Uttar Pradesh
O14341,C4671,2023-07-10,Completed,UPI,Indore,Madhya Pradesh
O14342,C4333,2025-04-20,Completed,Debit Card,Indore,Madhya Pradesh
O14343,C3403,2024-11-01,Completed,COD,Jaipur,Rajasthan
O14344,C0531,2024-08-19,Completed,Credit Card,Gurugram,Haryana
O14345,C2791,2025-11-11,Cancelled,COD,Chandigarh,Chandigarh
O14346,C2513,2023-09-30,Returned,UPI,Pune,Maharashtra
O14347,C1253,2023-10-16,Completed,COD,Chennai,Tamil Nadu
O14348,C3942,2023-07-11,Completed,Debit Card,Nagpur,Maharashtra
O14349,C2430,2023-09-23,Completed,Credit Card,Nagpur,Maharashtra
O14350,C4223,2025-04-15,Completed,COD,Patna,Bihar
O14351,C0658,2023-08-31,Completed,Credit Card,Mumbai,Maharashtra
O14352,C1865,2024-11-08,Completed,COD,Indore,Madhya Pradesh
O14353,C1169,2025-09-18,Completed,Debit Card,Chennai,Tamil Nadu
O14354,C2601,2024-11-11,Completed,Credit Card,Ahmedabad,Gujarat
O14355,C2487,2023-07-31,Completed,UPI,Indore,Madhya Pradesh
O14356,C2456,2024-12-01,Cancelled,Net Banking,Bhopal,Madhya Pradesh
O14357,C2844,2025-06-29,Completed,UPI,Kochi,Kerala
O14358,C1731,2025-03-30,Returned,COD,Delhi,Delhi
O14359,C3812,2023-01-08,Completed,Credit Card,Nagpur,Maharashtra
O14360,C4043,2024-08-08,Completed,Debit Card,Bhopal,Madhya Pradesh
O14361,C3239,2023-03-19,Completed,UPI,Chennai,Tamil Nadu
O14362,C2690,2025-06-10,Completed,Credit Card,Bengaluru,Karnataka
O14363,C3334,2024-11-29,Completed,UPI,Indore,Madhya Pradesh
O14364,C3333,2024-07-24,Cancelled,Net Banking,Surat,Gujarat
O14365,C1199,2025-11-18,Completed,UPI,Gurugram,Haryana
O14366,C1381,2024-08-27,Completed,Credit Card,Ahmedabad,Gujarat
O14367,C4866,2023-03-03,Completed,UPI,Lucknow,Uttar Pradesh
O14368,C1191,2024-03-03,Completed,COD,Lucknow,Uttar Pradesh
O14369,C1343,2024-04-27,Completed,Credit Card,Bengaluru,Karnataka
O14370,C1655,2025-04-09,Completed,UPI,Bhopal,Madhya Pradesh
O14371,C4754,2025-12-27,Completed,Credit Card,Ahmedabad,Gujarat
O14372,C3407,2025-02-03,Cancelled,UPI,Noida,Uttar Pradesh
O14373,C0989,2024-03-29,Cancelled,UPI,Indore,Madhya Pradesh
O14374,C3546,2023-01-17,Cancelled,Credit Card,Pune,Maharashtra
O14375,C3217,2025-08-02,Cancelled,UPI,Kolkata,West Bengal
O14376,C1078,2023-06-01,Completed,UPI,Kochi,Kerala
O14377,C0122,2024-04-05,Cancelled,UPI,Nagpur,Maharashtra
O14378,C3196,2023-09-05,Completed,Credit Card,Hyderabad,Telangana
O14379,C2215,2023-06-06,Completed,COD,Ahmedabad,Gujarat
O14380,C2992,2024-08-22,Completed,Debit Card,Kolkata,West Bengal
O14381,C0834,2023-04-08,Returned,UPI,Bengaluru,Karnataka
O14382,C1679,2024-06-22,Completed,Debit Card,Bhubaneswar,Odisha
O14383,C2070,2023-10-23,Completed,UPI,Kolkata,West Bengal
O14384,C1885,2024-02-04,Returned,Credit Card,Noida,Uttar Pradesh
O14385,C4057,2023-01-13,Completed,COD,Ahmedabad,Gujarat
O14386,C1963,2024-03-13,Completed,Credit Card,Kolkata,West Bengal
O14387,C4024,2024-10-26,Completed,UPI,Chennai,Tamil Nadu
O14388,C0408,2024-02-04,Completed,Net Banking,Surat,Gujarat
O14389,C4578,2025-12-03,Completed,UPI,Kochi,Kerala
O14390,C2370,2024-01-09,Completed,UPI,Hyderabad,Telangana
O14391,C2163,2025-09-30,Returned,COD,Chennai,Tamil Nadu
O14392,C2320,2024-07-12,Completed,COD,Lucknow,Uttar Pradesh
O14393,C3240,2024-04-29,Completed,UPI,Nagpur,Maharashtra
O14394,C1893,2024-02-21,Completed,Credit Card,Lucknow,Uttar Pradesh
O14395,C2298,2024-10-27,Cancelled,UPI,Patna,Bihar
O14396,C3839,2024-04-27,Completed,COD,Jaipur,Rajasthan
O14397,C1490,2025-04-18,Completed,Credit Card,Kolkata,West Bengal
O14398,C2053,2023-04-16,Completed,Credit Card,Kolkata,West Bengal
O14399,C4010,2025-03-01,Completed,UPI,Mumbai,Maharashtra
O14400,C1901,2025-03-22,Completed,Debit Card,Bhubaneswar,Odisha
O14401,C1822,2025-04-29,Completed,Debit Card,Pune,Maharashtra
O14402,C2911,2023-06-19,Completed,UPI,Mumbai,Maharashtra
O14403,C4361,2025-02-18,Completed,COD,Lucknow,Uttar Pradesh
O14404,C1273,2024-05-24,Cancelled,UPI,Chandigarh,Chandigarh
O14405,C1887,2023-12-16,Completed,COD,Nagpur,Maharashtra
O14406,C1833,2024-04-10,Completed,Debit Card,Ahmedabad,Gujarat
O14407,C2867,2024-03-24,Completed,COD,Indore,Madhya Pradesh
O14408,C0697,2024-09-23,Completed,Debit Card,Patna,Bihar
O14409,C4837,2025-02-03,Completed,Credit Card,Kochi,Kerala
O14410,C2365,2023-07-21,Completed,UPI,Ahmedabad,Gujarat
O14411,C4870,2025-11-14,Completed,Debit Card,Pune,Maharashtra
O14412,C4215,2024-01-04,Completed,UPI,Chennai,Tamil Nadu
O14413,C1770,2024-01-20,Completed,UPI,Lucknow,Uttar Pradesh
O14414,C2842,2023-10-01,Cancelled,UPI,Chandigarh,Chandigarh
O14415,C2250,2025-12-06,Completed,Debit Card,Noida,Uttar Pradesh
O14416,C3125,2023-12-01,Completed,COD,Delhi,Delhi
O14417,C2365,2024-06-17,Completed,UPI,Ahmedabad,Gujarat
O14418,C3745,2023-12-10,Completed,UPI,Bhubaneswar,Odisha
O14419,C1118,2023-04-17,Completed,Credit Card,Jaipur,Rajasthan
O14420,C3164,2025-07-10,Completed,UPI,Surat,Gujarat
O14421,C0813,2023-12-12,Completed,Debit Card,Gurugram,Haryana
O14422,C0038,2024-12-10,Cancelled,UPI,Jaipur,Rajasthan
O14423,C2461,2025-09-19,Completed,UPI,Pune,Maharashtra
O14424,C4339,2024-03-22,Completed,UPI,Ahmedabad,Gujarat
O14425,C3720,2024-04-06,Completed,UPI,Chennai,Tamil Nadu
O14426,C0855,2025-03-16,Completed,UPI,Bengaluru,Karnataka
O14427,C3947,2025-12-08,Completed,Net Banking,Nagpur,Maharashtra
O14428,C2249,2024-10-18,Completed,Debit Card,Indore,Madhya Pradesh
O14429,C2355,2025-12-16,Completed,UPI,Gurugram,Haryana
O14430,C4043,2023-12-05,Completed,Credit Card,Bhopal,Madhya Pradesh
O14431,C1798,2025-10-28,Completed,UPI,Jaipur,Rajasthan
O14432,C0175,2024-11-26,Completed,Debit Card,Chennai,Tamil Nadu
O14433,C1713,2023-01-23,Completed,COD,Indore,Madhya Pradesh
O14434,C3020,2025-12-03,Returned,Credit Card,Bhopal,Madhya Pradesh
O14435,C3064,2024-03-12,Completed,Credit Card,Bhopal,Madhya Pradesh
O14436,C0672,2025-06-27,Completed,Credit Card,Kolkata,West Bengal
O14437,C0694,2025-12-28,Completed,Credit Card,Gurugram,Haryana
O14438,C0548,2024-08-16,Completed,UPI,Nagpur,Maharashtra
O14439,C1123,2024-05-27,Completed,Credit Card,Jaipur,Rajasthan
O14440,C3298,2025-09-23,Completed,Net Banking,Kolkata,West Bengal
O14441,C3987,2023-10-04,Completed,COD,Mumbai,Maharashtra
O14442,C2597,2024-05-06,Completed,COD,Ahmedabad,Gujarat
O14443,C4369,2023-03-24,Completed,UPI,Lucknow,Uttar Pradesh
O14444,C3024,2023-04-12,Completed,Debit Card,Gurugram,Haryana
O14445,C0784,2024-04-12,Completed,COD,Chandigarh,Chandigarh
O14446,C1210,2025-03-09,Completed,UPI,Indore,Madhya Pradesh
O14447,C0940,2025-09-24,Completed,COD,Mumbai,Maharashtra
O14448,C4548,2023-11-28,Completed,UPI,Nagpur,Maharashtra
O14449,C1529,2025-08-10,Cancelled,Net Banking,Mumbai,Maharashtra
O14450,C0094,2025-09-26,Completed,UPI,Jaipur,Rajasthan
O14451,C1331,2025-05-31,Completed,UPI,Chennai,Tamil Nadu
O14452,C1762,2023-04-04,Completed,UPI,Ahmedabad,Gujarat
O14453,C2222,2025-07-11,Completed,UPI,Bengaluru,Karnataka
O14454,C2743,2025-12-29,Completed,COD,Ahmedabad,Gujarat
O14455,C1097,2024-05-20,Completed,UPI,Mumbai,Maharashtra
O14456,C2104,2024-08-04,Completed,COD,Hyderabad,Telangana
O14457,C2743,2025-06-29,Completed,COD,Ahmedabad,Gujarat
O14458,C4730,2023-11-08,Completed,Net Banking,Ahmedabad,Gujarat
O14459,C2292,2023-12-24,Completed,COD,Kochi,Kerala
O14460,C4300,2023-05-22,Returned,Net Banking,Chandigarh,Chandigarh
O14461,C3663,2025-04-10,Cancelled,UPI,Bengaluru,Karnataka
O14462,C0016,2023-06-20,Completed,Net Banking,Mumbai,Maharashtra
O14463,C0126,2023-01-12,Completed,UPI,Pune,Maharashtra
O14464,C3423,2025-12-14,Completed,UPI,Kochi,Kerala
O14465,C4175,2024-05-16,Completed,UPI,Ahmedabad,Gujarat
O14466,C3573,2025-09-07,Completed,Debit Card,Hyderabad,Telangana
O14467,C0789,2025-06-04,Completed,UPI,Kolkata,West Bengal
O14468,C2353,2025-07-04,Completed,UPI,Gurugram,Haryana
O14469,C1512,2025-06-10,Completed,Debit Card,Bhubaneswar,Odisha
O14470,C4221,2024-08-25,Completed,Credit Card,Mumbai,Maharashtra
O14471,C4714,2023-11-21,Returned,UPI,Pune,Maharashtra
O14472,C4838,2024-05-11,Completed,Credit Card,Bengaluru,Karnataka
O14473,C3718,2023-11-12,Returned,UPI,Bhopal,Madhya Pradesh
O14474,C0081,2023-06-21,Completed,Credit Card,Ahmedabad,Gujarat
O14475,C1645,2024-08-03,Completed,Credit Card,Hyderabad,Telangana
O14476,C0175,2023-03-25,Completed,Net Banking,Chennai,Tamil Nadu
O14477,C0676,2023-03-29,Completed,COD,Gurugram,Haryana
O14478,C0348,2025-02-04,Completed,UPI,Pune,Maharashtra
O14479,C1913,2025-08-01,Completed,UPI,Lucknow,Uttar Pradesh
O14480,C1391,2025-01-02,Returned,COD,Kolkata,West Bengal
O14481,C1559,2025-01-15,Completed,Credit Card,Delhi,Delhi
O14482,C1439,2024-06-19,Completed,Debit Card,Hyderabad,Telangana
O14483,C2926,2023-11-24,Completed,Credit Card,Bengaluru,Karnataka
O14484,C4820,2023-04-08,Completed,COD,Jaipur,Rajasthan
O14485,C4704,2023-08-02,Completed,UPI,Bhubaneswar,Odisha
O14486,C3793,2025-03-17,Returned,Debit Card,Kolkata,West Bengal
O14487,C0358,2023-11-07,Completed,COD,Chandigarh,Chandigarh
O14488,C3398,2023-07-02,Completed,UPI,Nagpur,Maharashtra
O14489,C1089,2023-07-17,Completed,UPI,Noida,Uttar Pradesh
O14490,C0293,2024-02-14,Completed,Credit Card,Nagpur,Maharashtra
O14491,C0991,2024-12-21,Completed,COD,Jaipur,Rajasthan
O14492,C3403,2023-12-23,Cancelled,COD,Jaipur,Rajasthan
O14493,C2577,2025-05-05,Cancelled,Credit Card,Ahmedabad,Gujarat
O14494,C0820,2024-10-15,Completed,Debit Card,Bhubaneswar,Odisha
O14495,C3491,2024-10-04,Completed,COD,Chennai,Tamil Nadu
O14496,C4226,2025-08-22,Completed,UPI,Gurugram,Haryana
O14497,C3621,2024-09-30,Completed,COD,Nagpur,Maharashtra
O14498,C3429,2025-01-30,Completed,UPI,Ahmedabad,Gujarat
O14499,C2508,2023-09-21,Returned,Credit Card,Delhi,Delhi
O14500,C4689,2024-12-29,Cancelled,Net Banking,Bengaluru,Karnataka
O14501,C2990,2024-06-10,Completed,Credit Card,Chennai,Tamil Nadu
O14502,C1925,2025-01-10,Completed,UPI,Noida,Uttar Pradesh
O14503,C4710,2023-12-31,Completed,COD,Nagpur,Maharashtra
O14504,C4635,2023-01-09,Completed,Credit Card,Bhubaneswar,Odisha
O14505,C4357,2023-04-23,Completed,UPI,Patna,Bihar
O14506,C3645,2024-04-19,Completed,UPI,Nagpur,Maharashtra
O14507,C3208,2024-04-23,Completed,UPI,Nagpur,Maharashtra
O14508,C2657,2025-04-27,Completed,UPI,Chennai,Tamil Nadu
O14509,C1685,2024-04-26,Completed,Debit Card,Bengaluru,Karnataka
O14510,C1251,2024-03-03,Completed,Credit Card,Mumbai,Maharashtra
O14511,C1813,2023-07-04,Completed,COD,Jaipur,Rajasthan
O14512,C1843,2024-12-16,Cancelled,Credit Card,Mumbai,Maharashtra
O14513,C0228,2024-08-03,Completed,UPI,Jaipur,Rajasthan
O14514,C3899,2024-01-11,Completed,UPI,Indore,Madhya Pradesh
O14515,C2306,2024-11-09,Completed,UPI,Gurugram,Haryana
O14516,C2874,2025-07-18,Completed,Net Banking,Hyderabad,Telangana
O14517,C3292,2024-03-21,Completed,UPI,Jaipur,Rajasthan
O14518,C1260,2025-11-01,Completed,Credit Card,Hyderabad,Telangana
O14519,C3461,2024-07-19,Completed,COD,Patna,Bihar
O14520,C2393,2025-05-21,Completed,Net Banking,Gurugram,Haryana
O14521,C2698,2024-04-29,Completed,UPI,Kochi,Kerala
O14522,C2515,2023-12-02,Completed,UPI,Nagpur,Maharashtra
O14523,C4285,2025-01-06,Completed,UPI,Ahmedabad,Gujarat
O14524,C3440,2024-11-07,Completed,UPI,Patna,Bihar
O14525,C3170,2023-10-01,Completed,Credit Card,Mumbai,Maharashtra
O14526,C0665,2023-08-19,Completed,Debit Card,Noida,Uttar Pradesh
O14527,C4117,2023-08-19,Completed,Debit Card,Lucknow,Uttar Pradesh
O14528,C1184,2024-12-10,Completed,UPI,Jaipur,Rajasthan
O14529,C4525,2024-05-29,Completed,Debit Card,Gurugram,Haryana
O14530,C2633,2023-04-22,Completed,UPI,Kolkata,West Bengal
O14531,C3066,2025-07-21,Cancelled,COD,Bhubaneswar,Odisha
O14532,C1890,2025-11-25,Returned,COD,Patna,Bihar
O14533,C3119,2023-01-04,Completed,Credit Card,Ahmedabad,Gujarat
O14534,C4319,2023-04-19,Completed,UPI,Lucknow,Uttar Pradesh
O14535,C0960,2025-01-08,Completed,Net Banking,Noida,Uttar Pradesh
O14536,C0158,2023-02-18,Cancelled,COD,Indore,Madhya Pradesh
O14537,C2008,2024-04-24,Cancelled,UPI,Surat,Gujarat
O14538,C4897,2024-06-05,Completed,Credit Card,Chennai,Tamil Nadu
O14539,C0722,2025-07-13,Completed,UPI,Indore,Madhya Pradesh
O14540,C1255,2024-01-11,Completed,UPI,Ahmedabad,Gujarat
O14541,C2346,2024-08-10,Completed,UPI,Nagpur,Maharashtra
O14542,C4541,2024-09-26,Completed,Debit Card,Kolkata,West Bengal
O14543,C0105,2024-10-10,Completed,UPI,Delhi,Delhi
O14544,C1662,2025-10-21,Completed,UPI,Bengaluru,Karnataka
O14545,C4979,2024-12-23,Cancelled,UPI,Delhi,Delhi
O14546,C1092,2024-01-02,Returned,UPI,Indore,Madhya Pradesh
O14547,C0538,2023-05-26,Completed,COD,Chandigarh,Chandigarh
O14548,C2721,2024-09-04,Cancelled,Debit Card,Pune,Maharashtra
O14549,C4897,2025-04-16,Returned,Credit Card,Chennai,Tamil Nadu
O14550,C1065,2023-08-20,Completed,UPI,Gurugram,Haryana
O14551,C1572,2024-09-10,Completed,COD,Kochi,Kerala
O14552,C3016,2024-04-13,Cancelled,Net Banking,Gurugram,Haryana
O14553,C3447,2023-07-31,Completed,Credit Card,Surat,Gujarat
O14554,C1430,2023-09-22,Cancelled,UPI,Surat,Gujarat
O14555,C0242,2024-09-16,Completed,Debit Card,Kolkata,West Bengal
O14556,C1363,2025-10-13,Completed,UPI,Ahmedabad,Gujarat
O14557,C2068,2025-01-31,Completed,UPI,Lucknow,Uttar Pradesh
O14558,C1879,2023-12-15,Completed,Credit Card,Indore,Madhya Pradesh
O14559,C2889,2023-10-22,Completed,UPI,Pune,Maharashtra
O14560,C0301,2023-07-07,Completed,Net Banking,Lucknow,Uttar Pradesh
O14561,C4261,2025-04-06,Completed,COD,Nagpur,Maharashtra
O14562,C2829,2025-06-14,Cancelled,UPI,Nagpur,Maharashtra
O14563,C3763,2025-06-20,Cancelled,Net Banking,Pune,Maharashtra
O14564,C3689,2023-11-27,Cancelled,UPI,Ahmedabad,Gujarat
O14565,C2401,2023-02-10,Completed,Credit Card,Nagpur,Maharashtra
O14566,C3159,2025-01-25,Completed,Credit Card,Mumbai,Maharashtra
O14567,C1021,2025-07-11,Completed,Debit Card,Bhubaneswar,Odisha
O14568,C1550,2025-10-14,Completed,UPI,Bhopal,Madhya Pradesh
O14569,C2919,2023-08-27,Completed,Net Banking,Indore,Madhya Pradesh
O14570,C0878,2024-08-21,Completed,UPI,Kochi,Kerala
O14571,C3081,2024-10-23,Completed,Debit Card,Indore,Madhya Pradesh
O14572,C3535,2023-01-05,Completed,COD,Hyderabad,Telangana
O14573,C3608,2023-11-14,Completed,COD,Kochi,Kerala
O14574,C1321,2024-11-01,Completed,Credit Card,Chandigarh,Chandigarh
O14575,C3104,2023-02-16,Completed,Debit Card,Surat,Gujarat
O14576,C4527,2025-11-15,Completed,UPI,Jaipur,Rajasthan
O14577,C2837,2023-10-26,Cancelled,COD,Nagpur,Maharashtra
O14578,C2118,2023-03-02,Completed,Debit Card,Chennai,Tamil Nadu
O14579,C1135,2025-09-24,Completed,Credit Card,Jaipur,Rajasthan
O14580,C3161,2024-01-19,Completed,UPI,Nagpur,Maharashtra
O14581,C4098,2025-01-25,Completed,Credit Card,Chennai,Tamil Nadu
O14582,C3128,2024-07-29,Completed,UPI,Delhi,Delhi
O14583,C2718,2025-08-24,Completed,Debit Card,Jaipur,Rajasthan
O14584,C2592,2023-06-26,Returned,COD,Bengaluru,Karnataka
O14585,C0190,2023-04-03,Cancelled,Debit Card,Patna,Bihar
O14586,C2770,2023-10-03,Returned,Credit Card,Ahmedabad,Gujarat
O14587,C3555,2024-06-17,Completed,Net Banking,Bhubaneswar,Odisha
O14588,C3380,2023-07-02,Cancelled,Credit Card,Indore,Madhya Pradesh
O14589,C4118,2025-05-13,Completed,UPI,Bhopal,Madhya Pradesh
O14590,C3558,2024-02-16,Completed,Debit Card,Jaipur,Rajasthan
O14591,C1570,2025-11-20,Returned,Credit Card,Kolkata,West Bengal
O14592,C3926,2023-08-03,Completed,Net Banking,Bhubaneswar,Odisha
O14593,C1488,2025-09-05,Completed,COD,Chennai,Tamil Nadu
O14594,C0568,2023-12-18,Completed,Net Banking,Indore,Madhya Pradesh
O14595,C3824,2025-07-15,Completed,UPI,Surat,Gujarat
O14596,C3505,2023-08-20,Completed,UPI,Bhubaneswar,Odisha
O14597,C2623,2023-09-10,Completed,Debit Card,Delhi,Delhi
O14598,C4902,2025-06-23,Completed,UPI,Kochi,Kerala
O14599,C0914,2024-03-09,Cancelled,Debit Card,Bhubaneswar,Odisha
O14600,C4864,2025-01-10,Returned,Debit Card,Indore,Madhya Pradesh
O14601,C0048,2024-12-24,Completed,Debit Card,Nagpur,Maharashtra
O14602,C0744,2023-03-25,Completed,Credit Card,Kochi,Kerala
O14603,C2734,2024-12-12,Returned,Debit Card,Bhubaneswar,Odisha
O14604,C2673,2025-09-24,Completed,COD,Bhubaneswar,Odisha
O14605,C4477,2023-08-05,Completed,Debit Card,Chandigarh,Chandigarh
O14606,C4406,2024-05-25,Returned,COD,Chandigarh,Chandigarh
O14607,C0542,2023-09-15,Completed,Net Banking,Ahmedabad,Gujarat
O14608,C4863,2023-08-17,Completed,UPI,Indore,Madhya Pradesh
O14609,C1207,2023-10-25,Completed,COD,Nagpur,Maharashtra
O14610,C0184,2024-09-09,Cancelled,UPI,Nagpur,Maharashtra
O14611,C4010,2024-05-19,Completed,Credit Card,Mumbai,Maharashtra
O14612,C1982,2024-10-12,Completed,Net Banking,Nagpur,Maharashtra
O14613,C4735,2024-03-15,Returned,Debit Card,Delhi,Delhi
O14614,C4690,2023-06-22,Completed,UPI,Kochi,Kerala
O14615,C1257,2025-07-29,Completed,Credit Card,Pune,Maharashtra
O14616,C2752,2024-10-30,Completed,COD,Bengaluru,Karnataka
O14617,C4097,2023-06-11,Completed,Credit Card,Jaipur,Rajasthan
O14618,C3577,2024-08-29,Completed,COD,Bengaluru,Karnataka
O14619,C4815,2025-05-07,Completed,COD,Bhopal,Madhya Pradesh
O14620,C3781,2023-01-20,Completed,COD,Bhubaneswar,Odisha
O14621,C0283,2024-08-04,Completed,UPI,Hyderabad,Telangana
O14622,C3601,2024-02-06,Completed,Credit Card,Jaipur,Rajasthan
O14623,C1210,2024-12-12,Completed,UPI,Indore,Madhya Pradesh
O14624,C0441,2023-11-04,Completed,Credit Card,Jaipur,Rajasthan
O14625,C3808,2024-07-02,Completed,UPI,Nagpur,Maharashtra
O14626,C4735,2025-11-05,Cancelled,UPI,Delhi,Delhi
O14627,C0474,2023-07-02,Completed,Net Banking,Bhopal,Madhya Pradesh
O14628,C1858,2025-05-17,Completed,Debit Card,Noida,Uttar Pradesh
O14629,C2780,2025-11-03,Completed,UPI,Gurugram,Haryana
O14630,C4756,2023-01-24,Completed,Credit Card,Patna,Bihar
O14631,C4388,2025-03-16,Completed,Debit Card,Ahmedabad,Gujarat
O14632,C4343,2023-08-24,Completed,Debit Card,Patna,Bihar
O14633,C1942,2025-04-29,Completed,Credit Card,Bengaluru,Karnataka
O14634,C4284,2024-05-17,Returned,Debit Card,Patna,Bihar
O14635,C1547,2023-09-12,Completed,UPI,Gurugram,Haryana
O14636,C3356,2024-01-12,Completed,Credit Card,Indore,Madhya Pradesh
O14637,C0557,2025-02-05,Completed,Debit Card,Patna,Bihar
O14638,C4343,2024-02-26,Completed,Credit Card,Patna,Bihar
O14639,C3478,2023-05-11,Returned,COD,Bhopal,Madhya Pradesh
O14640,C3231,2025-08-01,Completed,Credit Card,Gurugram,Haryana
O14641,C3339,2023-08-07,Completed,UPI,Indore,Madhya Pradesh
O14642,C1827,2023-07-16,Returned,UPI,Nagpur,Maharashtra
O14643,C2199,2024-08-17,Completed,Credit Card,Lucknow,Uttar Pradesh
O14644,C3357,2025-02-21,Completed,Credit Card,Gurugram,Haryana
O14645,C4076,2024-09-09,Completed,UPI,Indore,Madhya Pradesh
O14646,C4220,2024-11-26,Completed,Credit Card,Patna,Bihar
O14647,C3812,2025-04-23,Returned,UPI,Nagpur,Maharashtra
O14648,C1895,2024-01-24,Completed,UPI,Chandigarh,Chandigarh
O14649,C1753,2024-05-29,Completed,Debit Card,Bhubaneswar,Odisha
O14650,C4755,2023-02-16,Completed,Net Banking,Indore,Madhya Pradesh
O14651,C3802,2025-01-20,Cancelled,UPI,Gurugram,Haryana
O14652,C2656,2023-09-28,Completed,UPI,Nagpur,Maharashtra
O14653,C3519,2024-02-26,Completed,Credit Card,Delhi,Delhi
O14654,C1481,2025-11-17,Completed,UPI,Bhubaneswar,Odisha
O14655,C2579,2023-03-28,Completed,UPI,Indore,Madhya Pradesh
O14656,C4821,2024-11-17,Completed,Net Banking,Jaipur,Rajasthan
O14657,C1554,2024-12-19,Completed,COD,Bhubaneswar,Odisha
O14658,C0646,2025-05-11,Completed,Debit Card,Bengaluru,Karnataka
O14659,C1827,2025-01-27,Completed,UPI,Nagpur,Maharashtra
O14660,C1550,2023-02-23,Completed,UPI,Bhopal,Madhya Pradesh
O14661,C1699,2023-03-24,Completed,Credit Card,Lucknow,Uttar Pradesh
O14662,C3571,2024-06-27,Completed,Debit Card,Indore,Madhya Pradesh
O14663,C4614,2024-01-20,Completed,Debit Card,Kolkata,West Bengal
O14664,C3427,2024-06-06,Cancelled,UPI,Bengaluru,Karnataka
O14665,C3705,2023-08-11,Completed,Credit Card,Pune,Maharashtra
O14666,C3225,2023-10-13,Completed,UPI,Mumbai,Maharashtra
O14667,C4425,2025-04-03,Cancelled,Net Banking,Surat,Gujarat
O14668,C4786,2024-03-19,Returned,Credit Card,Indore,Madhya Pradesh
O14669,C4575,2023-03-30,Completed,Credit Card,Indore,Madhya Pradesh
O14670,C0391,2025-02-05,Completed,COD,Surat,Gujarat
O14671,C4508,2023-09-26,Completed,COD,Bhopal,Madhya Pradesh
O14672,C1282,2025-06-26,Completed,Credit Card,Bhopal,Madhya Pradesh
O14673,C4965,2025-11-21,Cancelled,Debit Card,Surat,Gujarat
O14674,C0507,2023-03-28,Completed,UPI,Kolkata,West Bengal
O14675,C1723,2023-04-03,Completed,UPI,Bhopal,Madhya Pradesh
O14676,C0958,2025-03-12,Completed,Credit Card,Chandigarh,Chandigarh
O14677,C1735,2024-08-17,Cancelled,COD,Chennai,Tamil Nadu
O14678,C0763,2023-06-03,Completed,Credit Card,Lucknow,Uttar Pradesh
O14679,C2556,2025-06-14,Completed,Credit Card,Ahmedabad,Gujarat
O14680,C2612,2025-06-08,Completed,Debit Card,Patna,Bihar
O14681,C3694,2024-02-22,Completed,COD,Bhopal,Madhya Pradesh
O14682,C1760,2023-09-10,Completed,COD,Noida,Uttar Pradesh
O14683,C2890,2025-02-06,Returned,UPI,Mumbai,Maharashtra
O14684,C1343,2023-06-08,Returned,Net Banking,Bengaluru,Karnataka
O14685,C4081,2023-11-08,Completed,UPI,Bengaluru,Karnataka
O14686,C1637,2025-03-09,Completed,Credit Card,Bhopal,Madhya Pradesh
O14687,C3510,2024-08-03,Completed,COD,Pune,Maharashtra
O14688,C0550,2024-03-10,Completed,Debit Card,Kolkata,West Bengal
O14689,C2006,2025-10-02,Completed,Debit Card,Chandigarh,Chandigarh
O14690,C2184,2023-09-22,Completed,UPI,Jaipur,Rajasthan
O14691,C2566,2025-10-28,Completed,Credit Card,Patna,Bihar
O14692,C0759,2025-10-14,Completed,Net Banking,Nagpur,Maharashtra
O14693,C0324,2023-04-17,Cancelled,UPI,Bhubaneswar,Odisha
O14694,C1926,2025-07-20,Completed,UPI,Gurugram,Haryana
O14695,C0111,2025-01-08,Completed,Credit Card,Delhi,Delhi
O14696,C1824,2025-12-28,Returned,UPI,Gurugram,Haryana
O14697,C3622,2024-03-15,Completed,Debit Card,Patna,Bihar
O14698,C1139,2025-04-21,Completed,UPI,Chennai,Tamil Nadu
O14699,C1721,2025-06-13,Completed,Credit Card,Indore,Madhya Pradesh
O14700,C0724,2024-10-12,Completed,Credit Card,Patna,Bihar
O14701,C2413,2024-06-03,Completed,Debit Card,Kolkata,West Bengal
O14702,C0767,2025-12-27,Completed,UPI,Noida,Uttar Pradesh
O14703,C4928,2023-05-26,Completed,Credit Card,Pune,Maharashtra
O14704,C3382,2024-01-19,Completed,Debit Card,Nagpur,Maharashtra
O14705,C2161,2024-04-12,Cancelled,Debit Card,Lucknow,Uttar Pradesh
O14706,C1294,2025-01-31,Returned,COD,Hyderabad,Telangana
O14707,C2368,2025-06-08,Completed,Net Banking,Kolkata,West Bengal
O14708,C4018,2024-05-29,Completed,COD,Surat,Gujarat
O14709,C4271,2023-04-30,Completed,Net Banking,Bhopal,Madhya Pradesh
O14710,C1959,2025-01-19,Completed,UPI,Pune,Maharashtra
O14711,C4222,2023-02-24,Completed,Debit Card,Lucknow,Uttar Pradesh
O14712,C0995,2025-12-29,Completed,UPI,Jaipur,Rajasthan
O14713,C1852,2023-12-22,Completed,COD,Hyderabad,Telangana
O14714,C2977,2025-02-12,Returned,COD,Chandigarh,Chandigarh
O14715,C3872,2025-06-30,Completed,UPI,Bengaluru,Karnataka
O14716,C3224,2025-10-05,Completed,Credit Card,Jaipur,Rajasthan
O14717,C4011,2025-08-19,Completed,COD,Gurugram,Haryana
O14718,C4295,2023-08-06,Completed,Credit Card,Surat,Gujarat
O14719,C1223,2024-12-24,Completed,Credit Card,Jaipur,Rajasthan
O14720,C4783,2023-09-21,Completed,UPI,Kolkata,West Bengal
O14721,C1477,2023-12-10,Completed,Debit Card,Bhubaneswar,Odisha
O14722,C4878,2025-04-06,Completed,UPI,Bhopal,Madhya Pradesh
O14723,C0941,2024-06-04,Completed,Credit Card,Gurugram,Haryana
O14724,C3252,2025-12-01,Completed,COD,Indore,Madhya Pradesh
O14725,C0818,2025-11-07,Completed,Credit Card,Hyderabad,Telangana
O14726,C3917,2024-03-07,Completed,COD,Surat,Gujarat
O14727,C2071,2023-11-26,Completed,COD,Bengaluru,Karnataka
O14728,C0637,2023-10-03,Completed,UPI,Chandigarh,Chandigarh
O14729,C4807,2025-07-25,Completed,COD,Delhi,Delhi
O14730,C2377,2024-12-27,Completed,UPI,Bengaluru,Karnataka
O14731,C3676,2025-01-16,Completed,UPI,Kochi,Kerala
O14732,C3402,2025-12-09,Cancelled,COD,Indore,Madhya Pradesh
O14733,C2521,2023-05-13,Cancelled,Debit Card,Delhi,Delhi
O14734,C2526,2024-11-30,Completed,UPI,Mumbai,Maharashtra
O14735,C2636,2025-09-13,Completed,UPI,Patna,Bihar
O14736,C4215,2024-08-07,Completed,Credit Card,Chennai,Tamil Nadu
O14737,C0260,2025-03-21,Completed,Net Banking,Surat,Gujarat
O14738,C2997,2023-04-15,Returned,UPI,Chandigarh,Chandigarh
O14739,C0756,2023-10-19,Completed,COD,Nagpur,Maharashtra
O14740,C4102,2023-08-20,Completed,UPI,Bhubaneswar,Odisha
O14741,C0066,2023-09-16,Completed,Debit Card,Kochi,Kerala
O14742,C4078,2025-08-14,Completed,Debit Card,Lucknow,Uttar Pradesh
O14743,C2779,2023-04-22,Completed,UPI,Jaipur,Rajasthan
O14744,C1170,2025-12-04,Completed,UPI,Delhi,Delhi
O14745,C4125,2023-08-13,Completed,UPI,Ahmedabad,Gujarat
O14746,C1667,2025-06-22,Completed,Credit Card,Bhopal,Madhya Pradesh
O14747,C0660,2025-07-06,Completed,Net Banking,Gurugram,Haryana
O14748,C4996,2024-08-03,Returned,Net Banking,Bengaluru,Karnataka
O14749,C5000,2025-01-05,Completed,UPI,Nagpur,Maharashtra
O14750,C3542,2024-07-14,Completed,COD,Gurugram,Haryana
O14751,C0361,2025-09-29,Returned,UPI,Gurugram,Haryana
O14752,C3798,2025-06-05,Completed,COD,Delhi,Delhi
O14753,C2074,2024-01-15,Completed,Debit Card,Bhubaneswar,Odisha
O14754,C3362,2024-04-01,Cancelled,Net Banking,Ahmedabad,Gujarat
O14755,C2119,2023-03-25,Completed,Credit Card,Gurugram,Haryana
O14756,C3934,2023-12-25,Completed,Debit Card,Lucknow,Uttar Pradesh
O14757,C3761,2023-02-27,Completed,Debit Card,Nagpur,Maharashtra
O14758,C0177,2024-11-14,Cancelled,Credit Card,Delhi,Delhi
O14759,C4041,2024-03-12,Completed,Net Banking,Jaipur,Rajasthan
O14760,C1313,2025-10-10,Completed,UPI,Chandigarh,Chandigarh
O14761,C4671,2025-05-23,Completed,Net Banking,Indore,Madhya Pradesh
O14762,C4000,2025-02-02,Completed,COD,Delhi,Delhi
O14763,C3048,2025-04-19,Returned,Debit Card,Chandigarh,Chandigarh
O14764,C0531,2024-10-10,Completed,UPI,Gurugram,Haryana
O14765,C3556,2024-06-01,Completed,UPI,Chandigarh,Chandigarh
O14766,C3506,2025-02-25,Returned,COD,Bhubaneswar,Odisha
O14767,C4589,2023-03-27,Returned,Debit Card,Chennai,Tamil Nadu
O14768,C3418,2025-05-28,Completed,Net Banking,Kochi,Kerala
O14769,C3651,2025-09-06,Returned,Credit Card,Kolkata,West Bengal
O14770,C1262,2024-10-28,Completed,COD,Noida,Uttar Pradesh
O14771,C2887,2023-09-21,Completed,COD,Indore,Madhya Pradesh
O14772,C4943,2023-11-19,Completed,Net Banking,Patna,Bihar
O14773,C4389,2023-01-11,Completed,UPI,Bhubaneswar,Odisha
O14774,C0256,2023-09-20,Cancelled,Credit Card,Delhi,Delhi
O14775,C1779,2025-11-13,Completed,UPI,Ahmedabad,Gujarat
O14776,C4761,2025-06-26,Completed,Credit Card,Ahmedabad,Gujarat
O14777,C4361,2025-04-19,Completed,Debit Card,Lucknow,Uttar Pradesh
O14778,C1981,2024-03-29,Completed,UPI,Chandigarh,Chandigarh
O14779,C1588,2023-10-07,Completed,UPI,Noida,Uttar Pradesh
O14780,C3553,2024-07-03,Completed,Debit Card,Indore,Madhya Pradesh
O14781,C0401,2023-07-18,Completed,Credit Card,Bhubaneswar,Odisha
O14782,C4873,2024-10-31,Completed,Credit Card,Ahmedabad,Gujarat
O14783,C3638,2023-10-13,Completed,Credit Card,Ahmedabad,Gujarat
O14784,C1215,2025-06-03,Completed,Credit Card,Nagpur,Maharashtra
O14785,C1148,2023-09-15,Completed,UPI,Pune,Maharashtra
O14786,C3949,2025-02-14,Completed,Credit Card,Kolkata,West Bengal
O14787,C2451,2024-10-18,Completed,UPI,Delhi,Delhi
O14788,C3394,2024-05-25,Completed,UPI,Indore,Madhya Pradesh
O14789,C3143,2024-07-13,Completed,Debit Card,Kochi,Kerala
O14790,C0874,2023-03-05,Completed,Debit Card,Bengaluru,Karnataka
O14791,C0374,2024-12-01,Cancelled,UPI,Delhi,Delhi
O14792,C1195,2023-05-21,Completed,UPI,Noida,Uttar Pradesh
O14793,C3528,2025-09-04,Returned,UPI,Jaipur,Rajasthan
O14794,C4958,2025-01-09,Returned,Credit Card,Mumbai,Maharashtra
O14795,C3482,2023-04-17,Completed,Credit Card,Hyderabad,Telangana
O14796,C4397,2023-08-01,Completed,COD,Gurugram,Haryana
O14797,C2150,2025-11-05,Completed,UPI,Chennai,Tamil Nadu
O14798,C2058,2024-01-23,Cancelled,Credit Card,Bhubaneswar,Odisha
O14799,C3113,2023-09-15,Completed,Credit Card,Jaipur,Rajasthan
O14800,C2418,2025-04-12,Completed,COD,Jaipur,Rajasthan
O14801,C0126,2025-03-08,Cancelled,UPI,Pune,Maharashtra
O14802,C2833,2025-06-04,Completed,UPI,Jaipur,Rajasthan
O14803,C4479,2023-02-07,Completed,Credit Card,Surat,Gujarat
O14804,C0450,2025-07-04,Returned,Debit Card,Chennai,Tamil Nadu
O14805,C4619,2025-11-14,Completed,COD,Kochi,Kerala
O14806,C1010,2025-06-11,Completed,UPI,Kolkata,West Bengal
O14807,C3779,2025-12-11,Completed,UPI,Bhopal,Madhya Pradesh
O14808,C0942,2025-04-30,Completed,UPI,Gurugram,Haryana
O14809,C3604,2023-03-02,Completed,UPI,Noida,Uttar Pradesh
O14810,C3981,2023-04-21,Completed,Net Banking,Gurugram,Haryana
O14811,C4369,2023-09-15,Completed,Credit Card,Lucknow,Uttar Pradesh
O14812,C0502,2023-05-15,Completed,UPI,Bhopal,Madhya Pradesh
O14813,C3819,2023-03-01,Completed,UPI,Jaipur,Rajasthan
O14814,C1251,2023-07-08,Cancelled,COD,Mumbai,Maharashtra
O14815,C2389,2023-12-02,Completed,Debit Card,Chandigarh,Chandigarh
O14816,C2320,2024-09-16,Completed,Credit Card,Lucknow,Uttar Pradesh
O14817,C3196,2025-11-16,Completed,Debit Card,Hyderabad,Telangana
O14818,C2958,2025-10-21,Completed,Debit Card,Patna,Bihar
O14819,C1197,2024-12-26,Completed,UPI,Bhopal,Madhya Pradesh
O14820,C3275,2023-03-27,Completed,UPI,Chandigarh,Chandigarh
O14821,C1057,2024-10-28,Completed,Net Banking,Pune,Maharashtra
O14822,C2259,2023-03-21,Completed,UPI,Lucknow,Uttar Pradesh
O14823,C4909,2024-07-25,Completed,Credit Card,Bhubaneswar,Odisha
O14824,C3049,2025-03-13,Completed,Net Banking,Indore,Madhya Pradesh
O14825,C3123,2025-03-11,Cancelled,Credit Card,Pune,Maharashtra
O14826,C1907,2025-05-24,Completed,Credit Card,Lucknow,Uttar Pradesh
O14827,C2940,2023-06-24,Returned,COD,Hyderabad,Telangana
O14828,C3479,2025-05-15,Cancelled,UPI,Jaipur,Rajasthan
O14829,C0541,2025-05-13,Completed,Credit Card,Bhubaneswar,Odisha
O14830,C0518,2025-12-18,Completed,UPI,Kolkata,West Bengal
O14831,C4229,2024-02-10,Cancelled,UPI,Mumbai,Maharashtra
O14832,C0424,2024-05-01,Completed,Credit Card,Delhi,Delhi
O14833,C0858,2025-01-23,Completed,Debit Card,Bhopal,Madhya Pradesh
O14834,C4178,2023-10-10,Completed,COD,Chandigarh,Chandigarh
O14835,C2837,2025-01-06,Completed,Credit Card,Nagpur,Maharashtra
O14836,C1753,2024-03-31,Completed,UPI,Bhubaneswar,Odisha
O14837,C1667,2023-08-10,Completed,COD,Bhopal,Madhya Pradesh
O14838,C1864,2025-05-29,Completed,UPI,Indore,Madhya Pradesh
O14839,C4462,2024-12-16,Completed,COD,Ahmedabad,Gujarat
O14840,C2414,2025-11-30,Completed,Debit Card,Indore,Madhya Pradesh
O14841,C2119,2024-11-13,Completed,UPI,Gurugram,Haryana
O14842,C4422,2025-02-18,Completed,UPI,Bengaluru,Karnataka
O14843,C1350,2024-12-08,Completed,Credit Card,Kochi,Kerala
O14844,C2892,2023-09-07,Completed,COD,Lucknow,Uttar Pradesh
O14845,C1071,2024-12-07,Completed,Credit Card,Kochi,Kerala
O14846,C1754,2023-01-04,Cancelled,Debit Card,Chandigarh,Chandigarh
O14847,C2137,2024-03-24,Completed,Debit Card,Hyderabad,Telangana
O14848,C3859,2025-06-05,Completed,Credit Card,Bengaluru,Karnataka
O14849,C1421,2024-05-25,Completed,Credit Card,Chandigarh,Chandigarh
O14850,C3488,2025-06-16,Completed,UPI,Mumbai,Maharashtra
O14851,C2942,2023-02-15,Completed,Net Banking,Pune,Maharashtra
O14852,C4266,2023-11-27,Completed,Debit Card,Noida,Uttar Pradesh
O14853,C1389,2023-05-06,Completed,UPI,Chandigarh,Chandigarh
O14854,C0620,2024-08-07,Returned,UPI,Nagpur,Maharashtra
O14855,C3400,2023-12-16,Cancelled,UPI,Bhubaneswar,Odisha
O14856,C1257,2023-10-05,Completed,UPI,Pune,Maharashtra
O14857,C4778,2023-11-26,Completed,UPI,Chennai,Tamil Nadu
O14858,C3719,2024-04-22,Completed,Debit Card,Patna,Bihar
O14859,C1011,2024-05-24,Completed,Credit Card,Delhi,Delhi
O14860,C2684,2025-01-26,Completed,COD,Kochi,Kerala
O14861,C0426,2025-07-11,Completed,UPI,Lucknow,Uttar Pradesh
O14862,C4025,2023-01-31,Cancelled,Debit Card,Nagpur,Maharashtra
O14863,C0217,2025-11-27,Completed,COD,Pune,Maharashtra
O14864,C0610,2024-07-04,Completed,Credit Card,Patna,Bihar
O14865,C4454,2024-11-06,Cancelled,UPI,Indore,Madhya Pradesh
O14866,C0186,2023-12-22,Completed,Credit Card,Chennai,Tamil Nadu
O14867,C0725,2025-08-18,Completed,COD,Surat,Gujarat
O14868,C4966,2023-09-24,Completed,COD,Kochi,Kerala
O14869,C0824,2023-10-17,Completed,UPI,Bhopal,Madhya Pradesh
O14870,C1768,2025-11-09,Completed,Credit Card,Delhi,Delhi
O14871,C1978,2023-03-04,Completed,Debit Card,Jaipur,Rajasthan
O14872,C4775,2023-06-19,Completed,UPI,Mumbai,Maharashtra
O14873,C3890,2023-01-13,Cancelled,UPI,Noida,Uttar Pradesh
O14874,C1185,2024-10-10,Completed,UPI,Jaipur,Rajasthan
O14875,C4380,2024-01-24,Completed,UPI,Indore,Madhya Pradesh
O14876,C0184,2025-01-05,Completed,UPI,Nagpur,Maharashtra
O14877,C3609,2023-12-23,Completed,Credit Card,Surat,Gujarat
O14878,C3767,2024-09-24,Completed,Debit Card,Bengaluru,Karnataka
O14879,C1620,2023-07-17,Completed,COD,Kolkata,West Bengal
O14880,C4327,2023-06-06,Completed,UPI,Mumbai,Maharashtra
O14881,C2436,2023-09-27,Completed,UPI,Kochi,Kerala
O14882,C0735,2023-03-03,Cancelled,UPI,Kochi,Kerala
O14883,C0158,2024-05-12,Completed,COD,Indore,Madhya Pradesh
O14884,C1342,2025-01-07,Completed,COD,Nagpur,Maharashtra
O14885,C3493,2023-04-27,Completed,UPI,Bhopal,Madhya Pradesh
O14886,C3255,2025-07-03,Completed,UPI,Gurugram,Haryana
O14887,C1076,2025-09-08,Completed,COD,Bhubaneswar,Odisha
O14888,C1862,2024-12-18,Cancelled,Debit Card,Patna,Bihar
O14889,C2630,2025-05-17,Completed,Credit Card,Bhubaneswar,Odisha
O14890,C5000,2023-10-28,Completed,Credit Card,Nagpur,Maharashtra
O14891,C2965,2023-11-23,Completed,COD,Surat,Gujarat
O14892,C0889,2025-08-07,Completed,UPI,Kolkata,West Bengal
O14893,C1134,2025-01-02,Returned,Credit Card,Hyderabad,Telangana
O14894,C4239,2024-06-05,Completed,UPI,Kolkata,West Bengal
O14895,C4303,2025-10-24,Completed,Credit Card,Jaipur,Rajasthan
O14896,C0166,2023-06-30,Completed,Net Banking,Mumbai,Maharashtra
O14897,C3757,2024-04-30,Returned,UPI,Noida,Uttar Pradesh
O14898,C4490,2024-06-15,Completed,Net Banking,Delhi,Delhi
O14899,C0121,2024-12-11,Completed,Debit Card,Pune,Maharashtra
O14900,C2998,2023-04-06,Completed,UPI,Indore,Madhya Pradesh
O14901,C4509,2025-02-28,Completed,Debit Card,Delhi,Delhi
O14902,C3212,2023-03-30,Completed,UPI,Kolkata,West Bengal
O14903,C1976,2025-08-04,Completed,UPI,Delhi,Delhi
O14904,C3156,2025-07-11,Completed,UPI,Gurugram,Haryana
O14905,C0421,2024-06-07,Completed,UPI,Bhopal,Madhya Pradesh
O14906,C1730,2023-01-28,Completed,COD,Bhubaneswar,Odisha
O14907,C2836,2023-10-02,Completed,COD,Jaipur,Rajasthan
O14908,C4364,2024-07-08,Cancelled,Credit Card,Bengaluru,Karnataka
O14909,C2086,2024-04-09,Completed,Credit Card,Lucknow,Uttar Pradesh
O14910,C2386,2023-04-09,Completed,Debit Card,Nagpur,Maharashtra
O14911,C1778,2024-10-16,Completed,Debit Card,Bhopal,Madhya Pradesh
O14912,C2378,2024-03-28,Completed,UPI,Chennai,Tamil Nadu
O14913,C4295,2023-10-19,Returned,UPI,Surat,Gujarat
O14914,C2858,2025-10-14,Completed,Credit Card,Bhopal,Madhya Pradesh
O14915,C4101,2023-10-28,Completed,Debit Card,Pune,Maharashtra
O14916,C1456,2023-06-23,Completed,COD,Bhubaneswar,Odisha
O14917,C0989,2023-01-30,Completed,UPI,Indore,Madhya Pradesh
O14918,C4991,2023-09-08,Completed,Credit Card,Patna,Bihar
O14919,C1891,2024-09-12,Completed,UPI,Pune,Maharashtra
O14920,C2483,2023-12-10,Completed,COD,Indore,Madhya Pradesh
O14921,C0650,2025-11-26,Completed,Debit Card,Bhopal,Madhya Pradesh
O14922,C1829,2025-09-29,Completed,Debit Card,Bhopal,Madhya Pradesh
O14923,C2429,2023-12-12,Completed,COD,Kolkata,West Bengal
O14924,C4675,2024-06-19,Returned,Credit Card,Chandigarh,Chandigarh
O14925,C2318,2023-12-10,Completed,UPI,Indore,Madhya Pradesh
O14926,C0047,2025-05-16,Completed,COD,Kochi,Kerala
O14927,C4461,2023-03-27,Completed,COD,Ahmedabad,Gujarat
O14928,C2116,2025-11-06,Completed,UPI,Gurugram,Haryana
O14929,C2255,2023-09-01,Completed,COD,Kochi,Kerala
O14930,C0073,2025-02-18,Completed,UPI,Jaipur,Rajasthan
O14931,C3458,2023-01-06,Completed,UPI,Gurugram,Haryana
O14932,C2023,2025-08-20,Completed,UPI,Bhubaneswar,Odisha
O14933,C4086,2024-01-16,Completed,Net Banking,Patna,Bihar
O14934,C2078,2025-02-17,Completed,UPI,Bengaluru,Karnataka
O14935,C1027,2023-05-04,Completed,Net Banking,Gurugram,Haryana
O14936,C1544,2025-12-19,Completed,Debit Card,Jaipur,Rajasthan
O14937,C4617,2024-05-15,Completed,UPI,Bhubaneswar,Odisha
O14938,C4497,2023-01-10,Completed,Credit Card,Patna,Bihar
O14939,C2037,2025-08-28,Completed,COD,Mumbai,Maharashtra
O14940,C4750,2024-08-18,Completed,Credit Card,Chandigarh,Chandigarh
O14941,C0848,2024-04-01,Completed,UPI,Chennai,Tamil Nadu
O14942,C4081,2024-09-03,Completed,UPI,Bengaluru,Karnataka
O14943,C1496,2024-12-27,Completed,UPI,Indore,Madhya Pradesh
O14944,C0935,2024-08-19,Completed,UPI,Chennai,Tamil Nadu
O14945,C1396,2025-10-25,Returned,UPI,Surat,Gujarat
O14946,C0539,2023-10-14,Completed,Debit Card,Chandigarh,Chandigarh
O14947,C3420,2023-07-26,Completed,Credit Card,Kolkata,West Bengal
O14948,C0071,2024-07-03,Completed,Credit Card,Indore,Madhya Pradesh
O14949,C0256,2024-11-22,Cancelled,UPI,Delhi,Delhi
O14950,C2195,2025-06-29,Completed,Net Banking,Delhi,Delhi
O14951,C0902,2025-11-08,Completed,Credit Card,Gurugram,Haryana
O14952,C0670,2024-12-14,Completed,COD,Mumbai,Maharashtra
O14953,C1884,2025-05-31,Completed,Credit Card,Hyderabad,Telangana
O14954,C0140,2024-08-22,Completed,UPI,Bhubaneswar,Odisha
O14955,C2703,2025-08-09,Cancelled,COD,Bengaluru,Karnataka
O14956,C2669,2023-08-31,Completed,COD,Indore,Madhya Pradesh
O14957,C1447,2024-10-21,Completed,UPI,Lucknow,Uttar Pradesh
O14958,C2919,2025-09-23,Returned,Debit Card,Indore,Madhya Pradesh
O14959,C3904,2025-08-28,Completed,UPI,Hyderabad,Telangana
O14960,C4160,2024-10-12,Completed,UPI,Bhubaneswar,Odisha
O14961,C1295,2025-06-04,Completed,COD,Noida,Uttar Pradesh
O14962,C0868,2023-04-13,Cancelled,Net Banking,Ahmedabad,Gujarat
O14963,C2883,2025-02-08,Completed,UPI,Nagpur,Maharashtra
O14964,C4609,2023-05-28,Completed,Credit Card,Bhubaneswar,Odisha
O14965,C1417,2025-03-29,Completed,Debit Card,Chandigarh,Chandigarh
O14966,C3073,2025-10-06,Completed,Debit Card,Patna,Bihar
O14967,C3333,2024-10-31,Returned,Credit Card,Surat,Gujarat
O14968,C4964,2025-02-07,Returned,Debit Card,Surat,Gujarat
O14969,C4874,2024-02-23,Returned,Debit Card,Pune,Maharashtra
O14970,C2583,2025-02-15,Completed,UPI,Ahmedabad,Gujarat
O14971,C0359,2024-06-16,Completed,Debit Card,Noida,Uttar Pradesh
O14972,C1501,2025-06-26,Completed,Credit Card,Noida,Uttar Pradesh
O14973,C1939,2023-08-16,Completed,UPI,Surat,Gujarat
O14974,C0815,2025-11-26,Completed,UPI,Bhopal,Madhya Pradesh
O14975,C0596,2025-09-16,Cancelled,Debit Card,Noida,Uttar Pradesh
O14976,C0227,2023-06-27,Completed,UPI,Chennai,Tamil Nadu
O14977,C2996,2024-04-12,Returned,COD,Nagpur,Maharashtra
O14978,C3836,2024-09-13,Cancelled,UPI,Gurugram,Haryana
O14979,C4913,2023-06-05,Completed,COD,Surat,Gujarat
O14980,C3319,2023-09-17,Cancelled,COD,Kochi,Kerala
O14981,C2065,2024-01-31,Completed,Net Banking,Noida,Uttar Pradesh
O14982,C2352,2025-07-21,Completed,Credit Card,Surat,Gujarat
O14983,C1538,2023-09-17,Completed,UPI,Indore,Madhya Pradesh
O14984,C1365,2023-09-28,Completed,Debit Card,Patna,Bihar
O14985,C2829,2024-02-16,Completed,UPI,Nagpur,Maharashtra
O14986,C1085,2025-11-26,Cancelled,UPI,Gurugram,Haryana
O14987,C0267,2024-01-28,Cancelled,COD,Surat,Gujarat
O14988,C1271,2023-07-14,Returned,UPI,Mumbai,Maharashtra
O14989,C0035,2024-01-02,Completed,Credit Card,Hyderabad,Telangana
O14990,C4882,2025-06-12,Completed,COD,Nagpur,Maharashtra
O14991,C0068,2024-08-16,Completed,UPI,Surat,Gujarat
O14992,C0189,2024-07-15,Cancelled,COD,Kolkata,West Bengal
O14993,C4137,2024-06-20,Completed,UPI,Bhopal,Madhya Pradesh
O14994,C4704,2024-07-25,Completed,Credit Card,Bhubaneswar,Odisha
O14995,C0683,2023-11-04,Completed,UPI,Nagpur,Maharashtra
O14996,C2955,2024-08-04,Completed,Debit Card,Bengaluru,Karnataka
O14997,C3139,2024-10-27,Completed,Credit Card,Mumbai,Maharashtra
O14998,C1332,2024-07-13,Completed,Net Banking,Indore,Madhya Pradesh
O14999,C3191,2024-07-19,Completed,Debit Card,Kochi,Kerala
O15000,C0853,2023-10-04,Completed,Debit Card,Indore,Madhya Pradesh
