payment_id,order_id,payment_date,payment_method,payment_status,amount
PAY00001,O00001,2025-09-01,Credit Card,Failed,255.24
PAY00002,O00002,2025-12-29,UPI,Success,1957.84
PAY00003,O00003,2025-10-08,Credit Card,Success,4357.71
PAY00004,O00004,2025-01-26,UPI,Success,2223.66
PAY00005,O00005,2025-10-04,UPI,Success,1734.3
PAY00006,O00006,2024-07-03,UPI,Success,137331.56
PAY00007,O00007,2025-07-04,UPI,Success,5536.61
PAY00008,O00008,2024-04-28,UPI,Success,123925.15
PAY00009,O00009,2024-08-10,UPI,Success,4724.91
PAY00010,O00010,2023-10-11,UPI,Success,531.51
PAY00011,O00011,2024-09-21,Credit Card,Success,2446.52
PAY00012,O00012,2024-02-23,Credit Card,Success,28606.33
PAY00013,O00013,2023-08-12,COD,Success,15911.92
PAY00014,O00014,2023-03-23,COD,Success,68290.16
PAY00015,O00015,2025-04-05,COD,Success,1326.64
PAY00016,O00016,2024-11-14,Credit Card,Success,27262.77
PAY00017,O00017,2024-02-18,UPI,Refunded,97620.75
PAY00018,O00018,2023-12-01,Credit Card,Success,636.25
PAY00019,O00019,2025-06-07,Debit Card,Success,64436.43
PAY00020,O00020,2025-10-24,Credit Card,Success,99280.21
PAY00021,O00021,2023-09-15,Debit Card,Success,4356.83
PAY00022,O00022,2025-02-03,Debit Card,Success,15607.49
PAY00023,O00023,2025-04-17,COD,Failed,37113.32
PAY00024,O00024,2024-04-01,Net Banking,Success,3518.01
PAY00025,O00025,2023-01-19,COD,Success,27034.0
PAY00026,O00026,2025-08-12,UPI,Failed,29284.63
PAY00027,O00027,2025-09-05,Net Banking,Success,2087.06
PAY00028,O00028,2024-03-09,Debit Card,Success,17726.28
PAY00029,O00029,2023-09-09,Debit Card,Success,24323.4
PAY00030,O00030,2025-03-08,UPI,Success,24434.93
PAY00031,O00031,2025-06-25,Credit Card,Success,50104.21
PAY00032,O00032,2024-10-10,Debit Card,Success,4196.23
PAY00033,O00033,2025-06-28,UPI,Success,7464.08
PAY00034,O00034,2025-01-08,UPI,Success,766.44
PAY00035,O00035,2023-08-09,Credit Card,Success,35506.44
PAY00036,O00036,2023-04-24,Credit Card,Success,2144.11
PAY00037,O00037,2024-07-15,UPI,Success,49888.4
PAY00038,O00038,2025-12-19,Credit Card,Success,843.34
PAY00039,O00039,2023-07-16,UPI,Success,22451.56
PAY00040,O00040,2025-11-09,Credit Card,Success,3651.62
PAY00041,O00041,2025-02-20,UPI,Success,21570.51
PAY00042,O00042,2023-08-04,Net Banking,Success,3210.68
PAY00043,O00043,2024-09-28,UPI,Success,705.48
PAY00044,O00044,2025-11-05,Credit Card,Success,20668.37
PAY00045,O00045,2024-11-09,UPI,Success,4464.22
PAY00046,O00046,2024-10-21,UPI,Success,1095.01
PAY00047,O00047,2023-08-22,UPI,Success,121985.87
PAY00048,O00048,2023-01-27,Net Banking,Success,2322.39
PAY00049,O00049,2025-07-26,UPI,Success,14092.7
PAY00050,O00050,2025-10-15,Credit Card,Success,3472.79
PAY00051,O00051,2023-03-13,Debit Card,Success,2009.99
PAY00052,O00052,2023-01-26,COD,Success,103667.63
PAY00053,O00053,2024-04-03,Debit Card,Success,8652.73
PAY00054,O00054,2023-07-31,UPI,Success,5502.0
PAY00055,O00055,2024-06-26,Credit Card,Success,100481.88
PAY00056,O00056,2025-02-10,Net Banking,Success,7022.1
PAY00057,O00057,2025-11-29,COD,Success,22918.59
PAY00058,O00058,2024-11-07,Credit Card,Success,100513.05
PAY00059,O00059,2023-04-07,Credit Card,Success,3998.05
PAY00060,O00060,2023-08-09,UPI,Success,11507.84
PAY00061,O00061,2025-06-26,Credit Card,Success,2963.09
PAY00062,O00062,2025-12-27,UPI,Success,49265.97
PAY00063,O00063,2023-07-14,UPI,Success,56528.23
PAY00064,O00064,2023-06-25,Credit Card,Success,47694.64
PAY00065,O00065,2023-04-22,UPI,Success,14712.17
PAY00066,O00066,2023-04-22,UPI,Success,45574.02
PAY00067,O00067,2024-03-28,UPI,Success,2137.93
PAY00068,O00068,2024-02-18,Net Banking,Success,7288.66
PAY00069,O00069,2024-08-28,COD,Success,10260.8
PAY00070,O00070,2025-08-18,Credit Card,Success,4417.68
PAY00071,O00071,2023-07-07,UPI,Success,41756.76
PAY00072,O00072,2023-02-20,Credit Card,Refunded,16847.14
PAY00073,O00073,2025-11-30,Debit Card,Failed,6601.9
PAY00074,O00074,2023-12-22,UPI,Success,17844.34
PAY00075,O00075,2023-12-29,Net Banking,Success,4298.16
PAY00076,O00076,2024-06-19,Debit Card,Success,72791.99
PAY00077,O00077,2023-02-05,Net Banking,Success,554.76
PAY00078,O00078,2023-10-06,Credit Card,Success,60097.55
PAY00079,O00079,2025-10-07,Debit Card,Success,2398.78
PAY00080,O00080,2023-07-01,Credit Card,Success,8035.32
PAY00081,O00081,2024-04-16,UPI,Success,50352.79
PAY00082,O00082,2024-02-21,COD,Failed,18002.54
PAY00083,O00083,2025-06-09,Credit Card,Success,6938.08
PAY00084,O00084,2024-02-09,Credit Card,Failed,5432.53
PAY00085,O00085,2024-05-29,UPI,Success,104611.35
PAY00086,O00086,2024-07-20,Credit Card,Success,41398.08
PAY00087,O00087,2024-03-17,Debit Card,Success,61983.97
PAY00088,O00088,2025-09-18,Debit Card,Success,10942.26
PAY00089,O00089,2025-12-07,COD,Success,14956.51
PAY00090,O00090,2023-03-16,Net Banking,Success,2335.36
PAY00091,O00091,2024-02-10,Credit Card,Success,7091.93
PAY00092,O00092,2023-01-05,UPI,Success,6387.51
PAY00093,O00093,2025-10-31,Credit Card,Success,7575.47
PAY00094,O00094,2024-05-29,UPI,Success,50229.72
PAY00095,O00095,2024-06-24,Debit Card,Refunded,2625.06
PAY00096,O00096,2023-10-18,Credit Card,Failed,29024.76
PAY00097,O00097,2023-06-30,UPI,Success,2405.45
PAY00098,O00098,2023-09-24,COD,Success,18047.17
PAY00099,O00099,2023-03-25,Debit Card,Success,22069.6
PAY00100,O00100,2023-09-16,UPI,Success,465.89
PAY00101,O00101,2025-08-08,UPI,Success,14654.36
PAY00102,O00102,2023-07-18,COD,Success,13576.61
PAY00103,O00103,2024-10-09,Credit Card,Success,53443.73
PAY00104,O00104,2023-09-25,Net Banking,Failed,68232.28
PAY00105,O00105,2025-09-23,Credit Card,Success,34249.84
PAY00106,O00106,2025-05-19,UPI,Refunded,3095.61
PAY00107,O00107,2025-01-02,Credit Card,Success,45007.87
PAY00108,O00108,2025-05-10,UPI,Success,5726.77
PAY00109,O00109,2023-01-21,COD,Failed,7961.37
PAY00110,O00110,2024-01-08,Debit Card,Refunded,1104.75
PAY00111,O00111,2025-11-14,Net Banking,Success,9442.3
PAY00112,O00112,2024-09-12,Debit Card,Success,10687.63
PAY00113,O00113,2024-10-05,UPI,Failed,1666.31
PAY00114,O00114,2024-01-14,Credit Card,Success,10805.52
PAY00115,O00115,2025-03-29,Credit Card,Success,3645.89
PAY00116,O00116,2025-04-05,COD,Success,800.98
PAY00117,O00117,2023-03-31,Credit Card,Success,8917.6
PAY00118,O00118,2023-05-26,Credit Card,Success,6840.45
PAY00119,O00119,2024-09-14,UPI,Success,101165.18
PAY00120,O00120,2025-05-15,UPI,Success,984.75
PAY00121,O00121,2023-07-25,Credit Card,Success,4551.42
PAY00122,O00122,2025-05-14,Debit Card,Refunded,3306.22
PAY00123,O00123,2023-06-03,Credit Card,Success,736.0
PAY00124,O00124,2024-06-12,Credit Card,Refunded,474.37
PAY00125,O00125,2023-12-05,UPI,Failed,9661.93
PAY00126,O00126,2025-01-19,Debit Card,Success,6245.62
PAY00127,O00127,2025-12-17,UPI,Success,7158.22
PAY00128,O00128,2024-07-11,Credit Card,Success,10062.76
PAY00129,O00129,2025-01-23,UPI,Success,54732.56
PAY00130,O00130,2025-07-20,Credit Card,Success,13190.44
PAY00131,O00131,2024-07-05,UPI,Success,25617.58
PAY00132,O00132,2023-04-10,Net Banking,Failed,27415.31
PAY00133,O00133,2025-03-05,Credit Card,Success,67832.56
PAY00134,O00134,2024-02-28,Debit Card,Success,92000.25
PAY00135,O00135,2023-03-22,COD,Success,8821.36
PAY00136,O00136,2023-10-16,UPI,Success,1820.56
PAY00137,O00137,2025-04-26,Credit Card,Success,1812.74
PAY00138,O00138,2023-06-20,COD,Success,1130.6
PAY00139,O00139,2023-03-12,Credit Card,Success,4570.35
PAY00140,O00140,2023-09-20,Credit Card,Failed,19839.55
PAY00141,O00141,2024-12-14,UPI,Success,9587.28
PAY00142,O00142,2024-12-23,Credit Card,Success,1249.39
PAY00143,O00143,2024-06-15,Debit Card,Success,329.1
PAY00144,O00144,2025-02-23,UPI,Success,2030.31
PAY00145,O00145,2023-07-31,Credit Card,Success,7136.01
PAY00146,O00146,2023-04-29,Credit Card,Failed,7631.0
PAY00147,O00147,2024-09-07,COD,Success,1542.85
PAY00148,O00148,2023-11-11,Credit Card,Success,55858.93
PAY00149,O00149,2023-01-11,Net Banking,Success,24783.23
PAY00150,O00150,2025-12-11,Credit Card,Success,9130.33
PAY00151,O00151,2025-10-28,Debit Card,Success,6178.37
PAY00152,O00152,2025-08-14,UPI,Failed,2365.81
PAY00153,O00153,2023-09-18,UPI,Failed,47307.36
PAY00154,O00154,2023-07-20,COD,Success,2334.13
PAY00155,O00155,2023-11-26,Credit Card,Success,1784.67
PAY00156,O00156,2023-04-01,Net Banking,Success,44139.62
PAY00157,O00157,2024-08-15,Debit Card,Success,55454.73
PAY00158,O00158,2023-02-25,Credit Card,Success,2386.5
PAY00159,O00159,2023-04-04,COD,Success,32252.0
PAY00160,O00160,2023-02-26,Credit Card,Success,6275.59
PAY00161,O00161,2023-03-04,UPI,Success,57413.36
PAY00162,O00162,2023-04-27,UPI,Success,53449.85
PAY00163,O00163,2024-08-12,COD,Success,30782.06
PAY00164,O00164,2023-08-26,Credit Card,Success,19837.78
PAY00165,O00165,2023-02-03,Debit Card,Success,2737.3
PAY00166,O00166,2025-02-24,UPI,Success,105748.25
PAY00167,O00167,2023-01-21,COD,Success,8244.32
PAY00168,O00168,2025-07-08,COD,Success,1240.73
PAY00169,O00169,2023-10-29,Credit Card,Failed,14380.34
PAY00170,O00170,2023-10-24,Debit Card,Failed,52894.35
PAY00171,O00171,2025-02-11,Credit Card,Success,29631.11
PAY00172,O00172,2025-12-03,Credit Card,Success,40100.52
PAY00173,O00173,2024-02-24,COD,Success,37398.8
PAY00174,O00174,2023-03-03,Net Banking,Success,29352.17
PAY00175,O00175,2025-05-08,UPI,Success,654.12
PAY00176,O00176,2024-06-23,UPI,Success,773.34
PAY00177,O00177,2024-11-27,UPI,Success,2333.13
PAY00178,O00178,2025-03-30,COD,Success,79153.2
PAY00179,O00179,2025-11-25,Debit Card,Success,20368.49
PAY00180,O00180,2025-07-09,UPI,Success,1412.27
PAY00181,O00181,2025-09-02,UPI,Success,138247.62
PAY00182,O00182,2024-06-27,Debit Card,Refunded,1152.38
PAY00183,O00183,2025-03-01,UPI,Success,35316.64
PAY00184,O00184,2023-02-02,UPI,Success,15515.91
PAY00185,O00185,2024-08-03,Credit Card,Success,196.89
PAY00186,O00186,2023-12-19,COD,Success,116493.83
PAY00187,O00187,2023-09-13,UPI,Success,16663.32
PAY00188,O00188,2025-12-09,Debit Card,Success,1753.31
PAY00189,O00189,2025-11-12,COD,Success,101858.12
PAY00190,O00190,2023-10-02,UPI,Success,9196.15
PAY00191,O00191,2024-11-24,Debit Card,Success,11334.43
PAY00192,O00192,2023-09-07,COD,Success,2135.57
PAY00193,O00193,2025-06-22,UPI,Success,164287.03
PAY00194,O00194,2023-08-22,Net Banking,Success,33134.84
PAY00195,O00195,2024-03-05,UPI,Success,16856.47
PAY00196,O00196,2025-08-15,UPI,Success,1332.36
PAY00197,O00197,2024-09-26,COD,Success,157089.15
PAY00198,O00198,2023-08-31,Credit Card,Success,60695.96
PAY00199,O00199,2023-05-15,Debit Card,Success,10853.31
PAY00200,O00200,2025-12-30,Credit Card,Success,136319.91
PAY00201,O00201,2025-10-22,Debit Card,Success,23741.79
PAY00202,O00202,2023-08-08,UPI,Success,17517.07
PAY00203,O00203,2024-11-29,UPI,Success,1217.91
PAY00204,O00204,2023-11-03,Debit Card,Success,110883.5
PAY00205,O00205,2023-11-11,UPI,Success,16121.05
PAY00206,O00206,2025-07-12,COD,Success,92945.46
PAY00207,O00207,2023-10-09,Net Banking,Failed,10222.62
PAY00208,O00208,2023-02-06,UPI,Failed,13833.7
PAY00209,O00209,2023-03-11,COD,Success,63764.88
PAY00210,O00210,2023-12-27,UPI,Success,16573.44
PAY00211,O00211,2024-02-14,COD,Refunded,11081.68
PAY00212,O00212,2024-08-03,Net Banking,Success,4433.33
PAY00213,O00213,2024-06-04,Credit Card,Failed,107275.97
PAY00214,O00214,2024-08-30,Credit Card,Failed,3692.28
PAY00215,O00215,2023-03-24,Debit Card,Refunded,1681.35
PAY00216,O00216,2023-09-08,COD,Success,22723.47
PAY00217,O00217,2025-11-29,UPI,Success,19582.48
PAY00218,O00218,2023-02-16,Credit Card,Success,26183.97
PAY00219,O00219,2023-05-19,Credit Card,Success,1782.11
PAY00220,O00220,2025-04-03,COD,Success,2452.36
PAY00221,O00221,2025-09-06,UPI,Success,3367.87
PAY00222,O00222,2025-03-30,Debit Card,Success,127467.02
PAY00223,O00223,2024-01-03,UPI,Success,540.48
PAY00224,O00224,2023-08-17,COD,Success,1517.73
PAY00225,O00225,2023-07-04,UPI,Success,20595.8
PAY00226,O00226,2024-04-13,Net Banking,Success,16343.43
PAY00227,O00227,2025-04-19,UPI,Success,38897.46
PAY00228,O00228,2023-07-25,UPI,Success,1358.98
PAY00229,O00229,2025-09-02,Credit Card,Failed,1092.95
PAY00230,O00230,2024-09-15,UPI,Success,7434.83
PAY00231,O00231,2025-12-28,Debit Card,Failed,396.47
PAY00232,O00232,2025-05-18,COD,Failed,551.0
PAY00233,O00233,2024-07-05,Debit Card,Success,29118.04
PAY00234,O00234,2024-08-27,Net Banking,Success,20401.61
PAY00235,O00235,2025-01-25,Credit Card,Success,1661.15
PAY00236,O00236,2024-09-20,Net Banking,Failed,1450.06
PAY00237,O00237,2025-10-14,UPI,Success,47882.7
PAY00238,O00238,2023-04-05,COD,Success,37044.64
PAY00239,O00239,2024-11-16,UPI,Success,2380.15
PAY00240,O00240,2025-03-08,Credit Card,Refunded,2255.91
PAY00241,O00241,2024-01-06,Credit Card,Refunded,7934.68
PAY00242,O00242,2023-10-08,COD,Success,34241.63
PAY00243,O00243,2023-12-17,Debit Card,Success,2436.7
PAY00244,O00244,2024-02-12,Credit Card,Success,20059.18
PAY00245,O00245,2024-03-23,COD,Success,11208.87
PAY00246,O00246,2023-11-21,COD,Success,641.74
PAY00247,O00247,2024-09-23,UPI,Success,18337.28
PAY00248,O00248,2023-03-15,COD,Success,25032.7
PAY00249,O00249,2024-06-01,Credit Card,Failed,5027.13
PAY00250,O00250,2023-01-23,COD,Success,7529.49
PAY00251,O00251,2023-06-28,UPI,Failed,8088.35
PAY00252,O00252,2024-12-10,UPI,Success,349.65
PAY00253,O00253,2025-07-26,Debit Card,Success,93359.47
PAY00254,O00254,2025-10-17,UPI,Success,9868.7
PAY00255,O00255,2025-08-07,Credit Card,Failed,40414.95
PAY00256,O00256,2024-06-15,Debit Card,Success,52518.64
PAY00257,O00257,2023-12-31,Debit Card,Success,35095.2
PAY00258,O00258,2024-02-29,Debit Card,Success,13332.78
PAY00259,O00259,2025-08-18,Debit Card,Failed,3651.62
PAY00260,O00260,2025-12-08,UPI,Refunded,1060.83
PAY00261,O00261,2024-11-04,UPI,Success,1457.44
PAY00262,O00262,2025-11-20,COD,Success,21837.07
PAY00263,O00263,2025-10-11,COD,Failed,58728.26
PAY00264,O00264,2025-05-30,UPI,Success,3744.4
PAY00265,O00265,2025-08-05,COD,Success,2940.83
PAY00266,O00266,2025-09-16,UPI,Success,9009.63
PAY00267,O00267,2023-06-01,UPI,Success,3428.97
PAY00268,O00268,2023-09-14,Credit Card,Success,37695.14
PAY00269,O00269,2024-12-05,Debit Card,Success,123951.06
PAY00270,O00270,2024-10-17,UPI,Success,3038.47
PAY00271,O00271,2025-01-27,COD,Success,2069.0
PAY00272,O00272,2025-11-23,Net Banking,Failed,875.54
PAY00273,O00273,2023-07-07,Net Banking,Success,26576.11
PAY00274,O00274,2025-05-29,UPI,Success,1900.16
PAY00275,O00275,2024-11-03,COD,Refunded,13073.87
PAY00276,O00276,2025-05-25,Credit Card,Success,1272.5
PAY00277,O00277,2023-04-29,Debit Card,Success,47155.38
PAY00278,O00278,2025-12-18,Net Banking,Failed,787.04
PAY00279,O00279,2025-11-07,Debit Card,Success,32589.73
PAY00280,O00280,2025-05-21,Credit Card,Success,63065.42
PAY00281,O00281,2024-04-03,Credit Card,Failed,4433.33
PAY00282,O00282,2024-12-06,Debit Card,Success,9017.78
PAY00283,O00283,2024-10-05,Net Banking,Success,88708.17
PAY00284,O00284,2025-08-23,COD,Success,22475.93
PAY00285,O00285,2023-07-31,Credit Card,Success,2770.24
PAY00286,O00286,2024-05-02,UPI,Refunded,713.62
PAY00287,O00287,2025-06-10,UPI,Success,2972.59
PAY00288,O00288,2025-10-24,UPI,Success,14380.34
PAY00289,O00289,2025-09-30,UPI,Success,3555.39
PAY00290,O00290,2025-09-13,Debit Card,Success,2348.74
PAY00291,O00291,2023-12-09,COD,Success,101608.07
PAY00292,O00292,2025-12-18,UPI,Success,110195.86
PAY00293,O00293,2023-10-23,COD,Refunded,40553.94
PAY00294,O00294,2023-01-28,Debit Card,Failed,6421.35
PAY00295,O00295,2025-05-08,Credit Card,Success,5820.81
PAY00296,O00296,2024-07-26,Debit Card,Success,15618.58
PAY00297,O00297,2025-07-18,COD,Success,175881.58
PAY00298,O00298,2025-11-21,Credit Card,Failed,1403.25
PAY00299,O00299,2024-02-03,Credit Card,Success,111852.66
PAY00300,O00300,2025-11-08,UPI,Failed,38534.59
PAY00301,O00301,2024-08-23,UPI,Failed,1272.5
PAY00302,O00302,2025-12-11,Net Banking,Success,4606.14
PAY00303,O00303,2024-01-07,UPI,Success,5074.63
PAY00304,O00304,2023-06-13,Debit Card,Success,4222.58
PAY00305,O00305,2024-03-25,Net Banking,Failed,27979.67
PAY00306,O00306,2024-06-27,COD,Success,3170.65
PAY00307,O00307,2024-12-12,UPI,Failed,2119.56
PAY00308,O00308,2023-12-19,COD,Failed,24265.75
PAY00309,O00309,2024-01-16,Debit Card,Success,42057.25
PAY00310,O00310,2023-07-20,UPI,Success,21144.44
PAY00311,O00311,2024-05-20,Debit Card,Success,348.22
PAY00312,O00312,2025-10-08,COD,Success,7691.19
PAY00313,O00313,2025-11-17,UPI,Success,912.31
PAY00314,O00314,2023-12-05,COD,Success,5355.23
PAY00315,O00315,2023-10-16,UPI,Failed,13167.72
PAY00316,O00316,2024-09-22,Credit Card,Refunded,918.1
PAY00317,O00317,2025-11-20,UPI,Success,1458.1
PAY00318,O00318,2024-10-27,Debit Card,Success,5618.19
PAY00319,O00319,2023-04-17,UPI,Success,18373.44
PAY00320,O00320,2024-05-22,UPI,Success,4835.85
PAY00321,O00321,2023-04-28,UPI,Success,36837.32
PAY00322,O00322,2023-03-22,COD,Success,2260.9
PAY00323,O00323,2025-01-10,UPI,Success,32544.21
PAY00324,O00324,2023-01-25,Debit Card,Success,64950.17
PAY00325,O00325,2023-12-29,Debit Card,Refunded,27597.81
PAY00326,O00326,2024-12-02,UPI,Success,22635.82
PAY00327,O00327,2023-08-06,Credit Card,Refunded,5740.36
PAY00328,O00328,2025-09-18,Credit Card,Success,5019.3
PAY00329,O00329,2024-12-09,Credit Card,Success,2957.41
PAY00330,O00330,2024-09-19,Net Banking,Success,1749.09
PAY00331,O00331,2024-07-22,UPI,Success,693.55
PAY00332,O00332,2024-03-18,COD,Success,29836.8
PAY00333,O00333,2024-04-04,COD,Success,495.05
PAY00334,O00334,2023-05-26,UPI,Success,1213.82
PAY00335,O00335,2023-11-10,Debit Card,Success,1864.78
PAY00336,O00336,2025-05-24,Debit Card,Success,922.46
PAY00337,O00337,2024-12-30,Credit Card,Success,80540.41
PAY00338,O00338,2024-10-01,Credit Card,Success,12731.92
PAY00339,O00339,2024-04-19,UPI,Success,7489.76
PAY00340,O00340,2024-11-17,Debit Card,Success,501.82
PAY00341,O00341,2024-08-28,UPI,Success,1226.37
PAY00342,O00342,2025-06-22,Credit Card,Refunded,76852.73
PAY00343,O00343,2023-10-04,COD,Success,49165.2
PAY00344,O00344,2025-01-23,UPI,Success,11783.74
PAY00345,O00345,2023-08-05,Credit Card,Success,1060.26
PAY00346,O00346,2024-11-08,Credit Card,Success,1692.5
PAY00347,O00347,2024-12-10,UPI,Success,5250.52
PAY00348,O00348,2025-07-13,Credit Card,Success,40117.98
PAY00349,O00349,2024-02-13,UPI,Success,2872.71
PAY00350,O00350,2023-05-30,Credit Card,Success,138050.1
PAY00351,O00351,2024-05-19,Credit Card,Success,3038.63
PAY00352,O00352,2023-08-21,Credit Card,Success,11306.92
PAY00353,O00353,2024-05-12,UPI,Success,103336.5
PAY00354,O00354,2024-02-27,UPI,Success,101660.52
PAY00355,O00355,2023-09-04,Debit Card,Failed,915.61
PAY00356,O00356,2023-04-17,UPI,Success,1568.87
PAY00357,O00357,2023-08-23,UPI,Success,1008.04
PAY00358,O00358,2024-04-19,COD,Success,881.04
PAY00359,O00359,2025-10-02,UPI,Success,25232.54
PAY00360,O00360,2025-01-29,Credit Card,Success,2082.35
PAY00361,O00361,2025-05-26,Debit Card,Failed,17933.66
PAY00362,O00362,2023-04-23,UPI,Success,43198.01
PAY00363,O00363,2023-01-25,UPI,Success,53810.58
PAY00364,O00364,2025-07-25,Credit Card,Success,13645.59
PAY00365,O00365,2023-11-13,UPI,Failed,2691.07
PAY00366,O00366,2023-07-22,UPI,Success,1194.41
PAY00367,O00367,2024-09-09,UPI,Success,42809.64
PAY00368,O00368,2024-08-28,UPI,Success,404.57
PAY00369,O00369,2025-09-21,Net Banking,Failed,5770.8
PAY00370,O00370,2023-01-25,UPI,Success,7335.35
PAY00371,O00371,2024-10-20,Credit Card,Success,5324.42
PAY00372,O00372,2024-06-16,Credit Card,Success,26196.64
PAY00373,O00373,2023-02-17,Credit Card,Success,2884.04
PAY00374,O00374,2025-11-25,Credit Card,Success,131405.21
PAY00375,O00375,2023-07-21,Debit Card,Failed,55479.39
PAY00376,O00376,2024-01-01,COD,Success,622.9
PAY00377,O00377,2024-04-14,UPI,Success,984.75
PAY00378,O00378,2025-02-17,UPI,Success,2731.42
PAY00379,O00379,2024-02-22,Net Banking,Failed,24323.4
PAY00380,O00380,2024-12-01,COD,Success,5761.42
PAY00381,O00381,2025-03-20,UPI,Success,13430.41
PAY00382,O00382,2023-07-11,COD,Success,14968.28
PAY00383,O00383,2023-12-15,Debit Card,Failed,60799.55
PAY00384,O00384,2024-01-10,Credit Card,Success,556.67
PAY00385,O00385,2025-09-11,COD,Success,6744.6
PAY00386,O00386,2025-09-15,Debit Card,Success,7775.49
PAY00387,O00387,2023-04-22,COD,Success,841.8
PAY00388,O00388,2024-10-08,Credit Card,Success,104036.66
PAY00389,O00389,2025-11-03,COD,Success,12169.38
PAY00390,O00390,2024-06-08,UPI,Failed,5628.2
PAY00391,O00391,2023-07-16,Debit Card,Success,7664.25
PAY00392,O00392,2023-02-25,Credit Card,Failed,3092.43
PAY00393,O00393,2023-07-02,Credit Card,Success,3288.79
PAY00394,O00394,2025-11-08,COD,Success,32518.09
PAY00395,O00395,2023-12-30,UPI,Refunded,18781.19
PAY00396,O00396,2024-04-18,Net Banking,Success,9597.41
PAY00397,O00397,2023-01-11,Credit Card,Success,20401.47
PAY00398,O00398,2024-10-22,Debit Card,Failed,56644.27
PAY00399,O00399,2023-01-27,Credit Card,Refunded,307.23
PAY00400,O00400,2025-12-17,Debit Card,Success,13006.62
PAY00401,O00401,2025-04-05,Debit Card,Success,154759.47
PAY00402,O00402,2023-03-11,COD,Success,4089.26
PAY00403,O00403,2025-10-21,COD,Success,1480.7
PAY00404,O00404,2023-02-17,UPI,Success,36237.41
PAY00405,O00405,2025-08-04,Debit Card,Success,4841.88
PAY00406,O00406,2025-12-09,COD,Failed,31580.54
PAY00407,O00407,2023-12-22,COD,Success,21882.99
PAY00408,O00408,2025-10-08,COD,Success,8875.03
PAY00409,O00409,2024-03-13,COD,Success,7256.12
PAY00410,O00410,2024-12-02,Debit Card,Success,31294.02
PAY00411,O00411,2024-09-18,Debit Card,Success,69505.26
PAY00412,O00412,2023-04-01,COD,Success,1712.04
PAY00413,O00413,2024-01-06,COD,Success,141994.22
PAY00414,O00414,2025-07-27,UPI,Success,2925.6
PAY00415,O00415,2025-08-14,COD,Refunded,2079.52
PAY00416,O00416,2024-05-15,Net Banking,Refunded,7008.45
PAY00417,O00417,2024-12-05,UPI,Success,3913.07
PAY00418,O00418,2023-05-14,UPI,Failed,2151.72
PAY00419,O00419,2023-06-21,UPI,Success,35881.46
PAY00420,O00420,2025-02-02,UPI,Success,2188.79
PAY00421,O00421,2024-03-18,COD,Failed,101484.56
PAY00422,O00422,2025-09-11,UPI,Refunded,24870.97
PAY00423,O00423,2023-04-22,Debit Card,Success,78114.39
PAY00424,O00424,2025-11-30,COD,Success,60704.72
PAY00425,O00425,2023-04-13,COD,Success,91790.96
PAY00426,O00426,2023-12-09,Credit Card,Success,55426.51
PAY00427,O00427,2025-07-09,Credit Card,Success,75039.72
PAY00428,O00428,2025-03-26,UPI,Success,9002.4
PAY00429,O00429,2023-07-16,UPI,Failed,42626.33
PAY00430,O00430,2024-05-21,UPI,Failed,116567.57
PAY00431,O00431,2026-01-01,UPI,Success,803.5
PAY00432,O00432,2023-08-08,Credit Card,Success,15611.69
PAY00433,O00433,2023-06-16,UPI,Success,4127.79
PAY00434,O00434,2024-01-16,Credit Card,Success,8118.8
PAY00435,O00435,2024-01-05,COD,Success,1218.35
PAY00436,O00436,2023-01-08,Debit Card,Success,61333.39
PAY00437,O00437,2024-03-24,Debit Card,Failed,5200.74
PAY00438,O00438,2023-02-04,COD,Success,5949.74
PAY00439,O00439,2024-05-12,UPI,Success,40005.16
PAY00440,O00440,2025-05-13,COD,Success,46136.38
PAY00441,O00441,2023-01-24,UPI,Success,41818.95
PAY00442,O00442,2024-10-25,UPI,Success,26140.87
PAY00443,O00443,2024-08-14,UPI,Success,1182.0
PAY00444,O00444,2024-11-09,UPI,Success,25135.18
PAY00445,O00445,2023-09-30,UPI,Success,48583.31
PAY00446,O00446,2023-01-01,Net Banking,Success,56642.72
PAY00447,O00447,2023-10-15,Debit Card,Success,1367.44
PAY00448,O00448,2025-07-27,Credit Card,Success,4712.23
PAY00449,O00449,2025-05-05,Debit Card,Success,25947.5
PAY00450,O00450,2023-02-19,COD,Success,88589.9
PAY00451,O00451,2024-09-09,UPI,Success,602.78
PAY00452,O00452,2023-07-09,Debit Card,Failed,5684.87
PAY00453,O00453,2025-12-02,Net Banking,Success,37493.86
PAY00454,O00454,2025-01-30,Credit Card,Success,14037.03
PAY00455,O00455,2023-03-08,Debit Card,Success,2599.04
PAY00456,O00456,2024-02-02,COD,Success,70047.73
PAY00457,O00457,2023-05-09,Debit Card,Success,37187.36
PAY00458,O00458,2024-11-29,Net Banking,Success,47604.62
PAY00459,O00459,2023-07-09,UPI,Success,36285.97
PAY00460,O00460,2024-08-01,COD,Success,4336.34
PAY00461,O00461,2025-04-21,Debit Card,Success,4478.74
PAY00462,O00462,2025-01-31,UPI,Success,16932.02
PAY00463,O00463,2024-10-28,COD,Success,12244.06
PAY00464,O00464,2025-07-21,Net Banking,Success,5030.24
PAY00465,O00465,2023-03-21,UPI,Failed,395.7
PAY00466,O00466,2025-11-10,Net Banking,Success,1769.56
PAY00467,O00467,2023-02-16,UPI,Refunded,529.7
PAY00468,O00468,2023-05-11,UPI,Refunded,3631.38
PAY00469,O00469,2024-09-09,UPI,Success,96965.6
PAY00470,O00470,2025-02-02,Net Banking,Success,34761.76
PAY00471,O00471,2025-03-03,Debit Card,Refunded,872.2
PAY00472,O00472,2024-02-01,UPI,Success,72340.96
PAY00473,O00473,2023-10-02,Debit Card,Success,3007.29
PAY00474,O00474,2023-05-20,UPI,Success,4147.18
PAY00475,O00475,2025-02-21,Debit Card,Success,7333.67
PAY00476,O00476,2023-08-05,Credit Card,Success,730.55
PAY00477,O00477,2023-08-17,UPI,Refunded,48290.14
PAY00478,O00478,2023-04-17,COD,Success,29129.08
PAY00479,O00479,2023-06-09,Credit Card,Failed,5369.18
PAY00480,O00480,2023-01-31,COD,Success,5871.76
PAY00481,O00481,2024-09-01,Debit Card,Success,9905.53
PAY00482,O00482,2025-02-07,Credit Card,Success,49919.02
PAY00483,O00483,2025-02-22,Debit Card,Success,1698.63
PAY00484,O00484,2025-06-02,UPI,Failed,6639.23
PAY00485,O00485,2025-07-12,UPI,Success,56924.4
PAY00486,O00486,2023-12-08,COD,Success,13759.92
PAY00487,O00487,2023-06-17,COD,Refunded,3580.52
PAY00488,O00488,2024-11-15,COD,Success,3997.68
PAY00489,O00489,2024-09-24,Debit Card,Success,10215.74
PAY00490,O00490,2024-03-09,Net Banking,Success,1349.73
PAY00491,O00491,2023-02-09,Credit Card,Success,88752.51
PAY00492,O00492,2025-09-06,Credit Card,Success,2123.96
PAY00493,O00493,2024-01-23,UPI,Success,48681.05
PAY00494,O00494,2025-02-08,COD,Success,4317.36
PAY00495,O00495,2025-03-03,Debit Card,Success,145453.45
PAY00496,O00496,2025-01-12,Credit Card,Success,5206.07
PAY00497,O00497,2024-02-06,UPI,Success,47022.6
PAY00498,O00498,2023-04-14,UPI,Success,6579.05
PAY00499,O00499,2024-10-17,UPI,Success,117227.81
PAY00500,O00500,2025-06-21,UPI,Success,2368.9
PAY00501,O00501,2025-01-23,UPI,Refunded,2256.1
PAY00502,O00502,2023-03-28,COD,Failed,1086.12
PAY00503,O00503,2025-05-09,COD,Success,4289.93
PAY00504,O00504,2023-11-16,COD,Success,588.71
PAY00505,O00505,2025-08-24,Debit Card,Success,1683.1
PAY00506,O00506,2025-06-06,Credit Card,Success,1834.88
PAY00507,O00507,2024-09-26,COD,Success,5471.15
PAY00508,O00508,2024-10-15,Credit Card,Success,1557.87
PAY00509,O00509,2025-08-09,UPI,Success,947.89
PAY00510,O00510,2023-08-30,Credit Card,Success,1137.47
PAY00511,O00511,2023-05-24,Credit Card,Success,1023.38
PAY00512,O00512,2025-08-11,Credit Card,Success,185319.02
PAY00513,O00513,2023-04-29,UPI,Success,1970.11
PAY00514,O00514,2024-08-19,COD,Success,15094.97
PAY00515,O00515,2023-06-13,Debit Card,Success,1031.36
PAY00516,O00516,2024-10-16,UPI,Success,36506.22
PAY00517,O00517,2023-12-16,Credit Card,Success,34475.98
PAY00518,O00518,2023-01-31,COD,Success,1109.82
PAY00519,O00519,2024-04-03,UPI,Success,4020.64
PAY00520,O00520,2023-04-01,UPI,Success,8266.38
PAY00521,O00521,2023-05-10,Credit Card,Success,32907.63
PAY00522,O00522,2025-02-18,COD,Success,758.66
PAY00523,O00523,2025-08-27,COD,Success,44005.11
PAY00524,O00524,2025-04-28,UPI,Refunded,17841.46
PAY00525,O00525,2025-03-03,Credit Card,Success,2993.44
PAY00526,O00526,2024-05-25,UPI,Success,3564.89
PAY00527,O00527,2025-07-25,Credit Card,Failed,11073.85
PAY00528,O00528,2025-01-16,Credit Card,Success,133861.36
PAY00529,O00529,2025-01-09,Credit Card,Success,2073.59
PAY00530,O00530,2023-08-25,UPI,Success,4557.36
PAY00531,O00531,2025-10-11,UPI,Refunded,4111.82
PAY00532,O00532,2025-09-04,UPI,Success,1017.67
PAY00533,O00533,2025-10-20,COD,Success,59758.78
PAY00534,O00534,2025-12-12,UPI,Success,24951.17
PAY00535,O00535,2024-04-15,UPI,Success,810.23
PAY00536,O00536,2024-01-23,Net Banking,Success,72754.46
PAY00537,O00537,2025-12-22,UPI,Success,89575.77
PAY00538,O00538,2025-01-05,UPI,Refunded,1092.95
PAY00539,O00539,2024-10-17,Credit Card,Success,30911.72
PAY00540,O00540,2023-02-10,UPI,Failed,11860.3
PAY00541,O00541,2025-08-10,Credit Card,Success,31007.81
PAY00542,O00542,2025-03-21,UPI,Success,26975.84
PAY00543,O00543,2024-01-19,UPI,Success,138880.49
PAY00544,O00544,2023-04-08,Net Banking,Success,4437.04
PAY00545,O00545,2025-07-01,UPI,Success,3655.05
PAY00546,O00546,2025-02-27,Debit Card,Failed,14515.59
PAY00547,O00547,2023-10-21,COD,Failed,10249.99
PAY00548,O00548,2023-12-07,Net Banking,Success,9386.87
PAY00549,O00549,2024-12-20,Credit Card,Success,8892.21
PAY00550,O00550,2025-08-14,Net Banking,Success,24997.3
PAY00551,O00551,2024-06-23,Debit Card,Success,2372.4
PAY00552,O00552,2025-05-23,Credit Card,Success,953.8
PAY00553,O00553,2025-08-18,Debit Card,Failed,65863.17
PAY00554,O00554,2024-01-16,UPI,Success,5374.49
PAY00555,O00555,2025-05-08,Credit Card,Success,1881.8
PAY00556,O00556,2024-08-21,Credit Card,Success,20209.89
PAY00557,O00557,2025-07-20,UPI,Refunded,12732.55
PAY00558,O00558,2025-11-12,COD,Success,26156.03
PAY00559,O00559,2025-01-31,UPI,Success,28214.45
PAY00560,O00560,2024-01-01,COD,Success,67847.26
PAY00561,O00561,2024-07-21,UPI,Success,47037.94
PAY00562,O00562,2025-08-28,UPI,Success,69417.82
PAY00563,O00563,2025-04-08,Debit Card,Success,31685.93
PAY00564,O00564,2024-05-21,UPI,Success,24204.01
PAY00565,O00565,2023-08-08,COD,Success,19327.84
PAY00566,O00566,2024-04-27,COD,Success,35365.6
PAY00567,O00567,2025-07-26,UPI,Failed,3518.22
PAY00568,O00568,2025-01-20,UPI,Success,1878.17
PAY00569,O00569,2025-04-17,UPI,Success,37729.16
PAY00570,O00570,2024-05-05,Debit Card,Success,15296.84
PAY00571,O00571,2025-03-10,COD,Success,2619.59
PAY00572,O00572,2023-07-31,Credit Card,Success,49979.32
PAY00573,O00573,2024-10-27,UPI,Failed,3791.58
PAY00574,O00574,2023-09-16,UPI,Success,4225.24
PAY00575,O00575,2024-01-07,UPI,Success,1780.38
PAY00576,O00576,2025-09-19,Net Banking,Success,31060.93
PAY00577,O00577,2023-03-29,UPI,Refunded,596.39
PAY00578,O00578,2024-02-04,UPI,Success,36237.41
PAY00579,O00579,2023-11-06,COD,Success,15960.17
PAY00580,O00580,2023-01-05,Debit Card,Success,1476.51
PAY00581,O00581,2023-08-15,Credit Card,Success,130146.05
PAY00582,O00582,2023-12-05,Credit Card,Refunded,45191.43
PAY00583,O00583,2023-02-28,Debit Card,Success,86335.94
PAY00584,O00584,2024-07-10,Debit Card,Success,28429.55
PAY00585,O00585,2025-07-07,Credit Card,Success,11185.41
PAY00586,O00586,2024-06-07,UPI,Success,4164.7
PAY00587,O00587,2024-06-11,COD,Failed,81696.4
PAY00588,O00588,2025-12-06,UPI,Success,11894.3
PAY00589,O00589,2023-01-26,Credit Card,Success,44178.1
PAY00590,O00590,2025-02-02,Debit Card,Success,4947.76
PAY00591,O00591,2023-08-31,Debit Card,Success,58833.06
PAY00592,O00592,2023-07-23,Debit Card,Refunded,4002.92
PAY00593,O00593,2023-08-25,Debit Card,Success,52274.76
PAY00594,O00594,2025-08-10,COD,Success,24607.48
PAY00595,O00595,2025-10-19,UPI,Success,32006.24
PAY00596,O00596,2023-10-21,Debit Card,Success,24472.53
PAY00597,O00597,2023-07-31,Debit Card,Success,29351.5
PAY00598,O00598,2025-02-26,Credit Card,Success,1582.44
PAY00599,O00599,2025-10-23,COD,Success,1219.24
PAY00600,O00600,2023-08-17,Debit Card,Failed,3356.28
PAY00601,O00601,2024-02-14,Credit Card,Success,23491.91
PAY00602,O00602,2025-02-09,COD,Success,2177.9
PAY00603,O00603,2025-08-22,Credit Card,Success,56013.97
PAY00604,O00604,2024-04-02,Credit Card,Success,13261.03
PAY00605,O00605,2024-07-08,Credit Card,Success,2265.88
PAY00606,O00606,2023-08-03,UPI,Success,1330.9
PAY00607,O00607,2024-01-21,Debit Card,Success,3379.66
PAY00608,O00608,2024-06-13,UPI,Success,46998.58
PAY00609,O00609,2025-09-16,COD,Success,49773.29
PAY00610,O00610,2023-04-14,Debit Card,Success,9326.22
PAY00611,O00611,2024-01-25,UPI,Success,4607.98
PAY00612,O00612,2025-04-22,UPI,Success,3880.95
PAY00613,O00613,2023-08-25,Credit Card,Success,3294.77
PAY00614,O00614,2023-04-25,COD,Success,1845.98
PAY00615,O00615,2025-09-08,UPI,Success,5536.61
PAY00616,O00616,2025-12-27,Credit Card,Success,11217.53
PAY00617,O00617,2025-03-20,UPI,Success,41877.56
PAY00618,O00618,2025-12-01,COD,Success,694.2
PAY00619,O00619,2023-04-15,Credit Card,Success,689.8
PAY00620,O00620,2024-02-16,Debit Card,Success,7279.29
PAY00621,O00621,2025-03-18,UPI,Success,1054.33
PAY00622,O00622,2025-11-28,UPI,Success,5027.16
PAY00623,O00623,2023-03-10,UPI,Success,8935.0
PAY00624,O00624,2024-02-09,Debit Card,Success,694.55
PAY00625,O00625,2023-07-25,Net Banking,Success,2930.19
PAY00626,O00626,2023-12-07,UPI,Refunded,20383.87
PAY00627,O00627,2025-12-13,Debit Card,Success,6140.73
PAY00628,O00628,2024-03-02,UPI,Success,692.66
PAY00629,O00629,2025-08-14,Credit Card,Success,1836.42
PAY00630,O00630,2023-07-30,Credit Card,Success,31132.29
PAY00631,O00631,2024-11-06,Credit Card,Success,25217.76
PAY00632,O00632,2025-11-13,Credit Card,Success,404.57
PAY00633,O00633,2024-01-06,COD,Success,55582.12
PAY00634,O00634,2025-09-20,UPI,Success,24985.06
PAY00635,O00635,2023-03-23,COD,Success,84787.21
PAY00636,O00636,2024-01-12,Credit Card,Success,2737.23
PAY00637,O00637,2023-01-04,UPI,Success,22194.29
PAY00638,O00638,2024-11-14,UPI,Success,32010.02
PAY00639,O00639,2025-02-03,COD,Success,2574.59
PAY00640,O00640,2023-09-25,Credit Card,Success,60394.61
PAY00641,O00641,2024-03-12,Debit Card,Success,2625.44
PAY00642,O00642,2024-11-14,UPI,Success,3998.66
PAY00643,O00643,2024-12-25,Credit Card,Failed,8042.92
PAY00644,O00644,2025-03-03,COD,Success,315.97
PAY00645,O00645,2024-01-12,Net Banking,Success,54380.07
PAY00646,O00646,2024-01-01,Debit Card,Failed,79743.5
PAY00647,O00647,2025-02-07,Debit Card,Success,1082.85
PAY00648,O00648,2024-03-04,Debit Card,Success,5478.24
PAY00649,O00649,2025-10-30,Credit Card,Success,6875.06
PAY00650,O00650,2025-11-30,Credit Card,Refunded,29008.62
PAY00651,O00651,2024-10-05,Net Banking,Success,8213.97
PAY00652,O00652,2024-07-19,Debit Card,Success,37669.13
PAY00653,O00653,2023-09-03,Debit Card,Success,13338.54
PAY00654,O00654,2025-04-26,UPI,Success,49240.0
PAY00655,O00655,2025-07-28,Net Banking,Success,31829.11
PAY00656,O00656,2023-11-01,Credit Card,Success,31252.9
PAY00657,O00657,2024-01-05,Net Banking,Success,63406.34
PAY00658,O00658,2025-05-02,Debit Card,Success,2329.74
PAY00659,O00659,2023-10-03,UPI,Success,2371.69
PAY00660,O00660,2023-03-13,Credit Card,Failed,5761.42
PAY00661,O00661,2023-02-18,COD,Success,1220.52
PAY00662,O00662,2023-04-28,UPI,Failed,1529.74
PAY00663,O00663,2024-06-01,COD,Success,157439.19
PAY00664,O00664,2025-04-11,Debit Card,Success,4308.77
PAY00665,O00665,2024-09-10,UPI,Failed,18924.42
PAY00666,O00666,2025-01-27,UPI,Success,15487.45
PAY00667,O00667,2025-08-19,UPI,Refunded,75361.41
PAY00668,O00668,2023-02-06,UPI,Success,43521.9
PAY00669,O00669,2025-06-23,COD,Refunded,17827.87
PAY00670,O00670,2024-02-12,Debit Card,Success,1258.46
PAY00671,O00671,2024-02-17,UPI,Success,4002.92
PAY00672,O00672,2024-05-04,UPI,Refunded,59819.52
PAY00673,O00673,2025-02-17,UPI,Success,29369.83
PAY00674,O00674,2025-04-11,COD,Success,2769.3
PAY00675,O00675,2024-10-05,Debit Card,Success,2026.88
PAY00676,O00676,2024-02-19,UPI,Failed,59244.77
PAY00677,O00677,2023-05-04,Debit Card,Success,43478.32
PAY00678,O00678,2025-10-03,Net Banking,Success,22627.43
PAY00679,O00679,2024-10-15,COD,Success,24715.77
PAY00680,O00680,2023-08-20,Credit Card,Success,21785.81
PAY00681,O00681,2024-03-09,COD,Success,4572.32
PAY00682,O00682,2024-05-07,Debit Card,Failed,116770.0
PAY00683,O00683,2023-03-27,UPI,Success,61826.05
PAY00684,O00684,2025-11-20,Net Banking,Success,2176.29
PAY00685,O00685,2025-05-25,COD,Success,73304.79
PAY00686,O00686,2023-06-07,Credit Card,Success,6191.22
PAY00687,O00687,2025-01-26,Credit Card,Failed,3134.77
PAY00688,O00688,2025-06-17,UPI,Success,2797.2
PAY00689,O00689,2024-06-15,COD,Success,39774.08
PAY00690,O00690,2023-06-01,Credit Card,Success,49702.19
PAY00691,O00691,2023-06-23,Credit Card,Success,4231.74
PAY00692,O00692,2025-02-02,UPI,Success,2207.12
PAY00693,O00693,2024-11-24,UPI,Success,10292.55
PAY00694,O00694,2023-07-14,Net Banking,Success,23159.96
PAY00695,O00695,2023-04-12,Credit Card,Failed,63100.45
PAY00696,O00696,2025-09-30,COD,Success,7524.93
PAY00697,O00697,2025-06-27,COD,Success,1692.42
PAY00698,O00698,2024-03-04,Net Banking,Success,72367.1
PAY00699,O00699,2024-08-09,Net Banking,Success,15296.8
PAY00700,O00700,2025-07-09,Credit Card,Success,248.3
PAY00701,O00701,2023-09-13,Net Banking,Success,7970.35
PAY00702,O00702,2024-12-23,UPI,Refunded,1133.14
PAY00703,O00703,2024-02-08,Debit Card,Failed,1859.89
PAY00704,O00704,2025-08-18,COD,Success,70008.91
PAY00705,O00705,2024-08-04,COD,Success,1685.52
PAY00706,O00706,2025-12-14,Credit Card,Success,30307.3
PAY00707,O00707,2024-02-12,Credit Card,Success,598.7
PAY00708,O00708,2023-08-30,Debit Card,Failed,2137.17
PAY00709,O00709,2023-02-16,Credit Card,Success,60413.16
PAY00710,O00710,2023-04-26,Debit Card,Success,2452.36
PAY00711,O00711,2025-10-14,COD,Success,26998.38
PAY00712,O00712,2025-03-18,COD,Success,3913.23
PAY00713,O00713,2023-05-10,UPI,Success,41008.57
PAY00714,O00714,2025-09-22,Credit Card,Success,3976.93
PAY00715,O00715,2024-05-10,UPI,Success,23334.81
PAY00716,O00716,2023-03-25,COD,Failed,81844.59
PAY00717,O00717,2025-08-24,UPI,Success,1117.17
PAY00718,O00718,2024-11-01,COD,Success,2803.83
PAY00719,O00719,2025-11-16,Credit Card,Success,2694.93
PAY00720,O00720,2025-03-21,UPI,Success,59851.68
PAY00721,O00721,2025-12-02,COD,Success,5881.66
PAY00722,O00722,2024-03-21,UPI,Success,86900.96
PAY00723,O00723,2025-05-19,Credit Card,Refunded,49876.48
PAY00724,O00724,2024-07-16,Credit Card,Success,16354.62
PAY00725,O00725,2023-02-26,UPI,Success,9019.97
PAY00726,O00726,2023-01-07,UPI,Success,15242.84
PAY00727,O00727,2025-08-03,Credit Card,Success,4844.5
PAY00728,O00728,2024-08-01,UPI,Success,21869.64
PAY00729,O00729,2025-07-05,Debit Card,Refunded,12560.76
PAY00730,O00730,2023-06-12,UPI,Success,10261.95
PAY00731,O00731,2025-02-13,Credit Card,Success,103363.98
PAY00732,O00732,2023-02-28,Credit Card,Success,1915.45
PAY00733,O00733,2024-06-12,Net Banking,Success,1947.35
PAY00734,O00734,2025-12-19,UPI,Success,33624.56
PAY00735,O00735,2024-06-29,Net Banking,Success,7393.42
PAY00736,O00736,2023-02-16,UPI,Success,8185.1
PAY00737,O00737,2025-07-22,COD,Success,868.89
PAY00738,O00738,2025-03-22,UPI,Success,3716.98
PAY00739,O00739,2023-02-17,Net Banking,Failed,86162.13
PAY00740,O00740,2023-09-10,COD,Refunded,243.22
PAY00741,O00741,2023-06-17,UPI,Success,10610.82
PAY00742,O00742,2024-01-04,UPI,Success,1861.69
PAY00743,O00743,2024-08-04,Credit Card,Success,57192.26
PAY00744,O00744,2024-07-26,Credit Card,Success,23561.87
PAY00745,O00745,2023-12-14,Debit Card,Refunded,2410.18
PAY00746,O00746,2025-04-24,Credit Card,Success,48376.93
PAY00747,O00747,2024-09-10,Debit Card,Success,1371.88
PAY00748,O00748,2024-05-13,UPI,Success,1872.58
PAY00749,O00749,2024-11-27,UPI,Success,11717.76
PAY00750,O00750,2024-05-25,UPI,Success,18070.12
PAY00751,O00751,2024-03-28,UPI,Success,175695.98
PAY00752,O00752,2024-06-28,Credit Card,Failed,11106.07
PAY00753,O00753,2023-08-05,Debit Card,Success,1668.52
PAY00754,O00754,2024-04-14,COD,Success,2934.64
PAY00755,O00755,2025-05-03,UPI,Failed,1018.48
PAY00756,O00756,2023-11-02,Credit Card,Failed,9462.21
PAY00757,O00757,2023-10-27,UPI,Success,2730.74
PAY00758,O00758,2023-10-13,Net Banking,Success,5396.1
PAY00759,O00759,2025-10-09,Debit Card,Success,874.39
PAY00760,O00760,2023-05-06,Debit Card,Success,442.37
PAY00761,O00761,2023-02-20,Credit Card,Success,1193.41
PAY00762,O00762,2025-12-11,UPI,Success,41580.12
PAY00763,O00763,2024-04-17,UPI,Success,9565.83
PAY00764,O00764,2024-11-01,Debit Card,Success,826.29
PAY00765,O00765,2024-03-13,Net Banking,Success,1913.45
PAY00766,O00766,2025-04-30,UPI,Success,8852.86
PAY00767,O00767,2023-12-09,Credit Card,Success,4732.17
PAY00768,O00768,2025-01-18,Credit Card,Success,233.38
PAY00769,O00769,2024-06-07,Debit Card,Success,1861.03
PAY00770,O00770,2024-10-18,Credit Card,Success,9526.86
PAY00771,O00771,2024-05-20,UPI,Success,6383.92
PAY00772,O00772,2024-02-05,Debit Card,Success,465.89
PAY00773,O00773,2025-06-25,UPI,Success,41477.48
PAY00774,O00774,2023-03-03,Debit Card,Success,92737.92
PAY00775,O00775,2023-11-09,UPI,Success,3186.81
PAY00776,O00776,2023-09-24,UPI,Refunded,30760.57
PAY00777,O00777,2025-11-19,UPI,Success,56272.22
PAY00778,O00778,2024-12-12,COD,Refunded,143920.61
PAY00779,O00779,2025-07-02,UPI,Success,6312.32
PAY00780,O00780,2023-12-05,UPI,Success,34702.56
PAY00781,O00781,2023-04-01,UPI,Success,106009.14
PAY00782,O00782,2023-11-28,UPI,Success,7232.77
PAY00783,O00783,2023-06-01,Credit Card,Success,2362.55
PAY00784,O00784,2024-12-08,COD,Success,10089.63
PAY00785,O00785,2023-05-07,Net Banking,Success,106474.52
PAY00786,O00786,2025-12-03,Net Banking,Failed,111395.32
PAY00787,O00787,2024-02-26,UPI,Success,32689.8
PAY00788,O00788,2023-09-11,UPI,Failed,3873.94
PAY00789,O00789,2025-09-25,Credit Card,Success,622.9
PAY00790,O00790,2023-10-20,COD,Success,27625.86
PAY00791,O00791,2023-06-20,UPI,Success,68468.16
PAY00792,O00792,2025-01-05,Credit Card,Success,26822.4
PAY00793,O00793,2023-01-16,Debit Card,Success,10710.46
PAY00794,O00794,2023-02-06,UPI,Success,636.25
PAY00795,O00795,2023-10-23,Credit Card,Success,8368.22
PAY00796,O00796,2024-03-10,UPI,Success,43855.21
PAY00797,O00797,2023-11-18,Credit Card,Success,11087.93
PAY00798,O00798,2024-06-17,UPI,Failed,443.0
PAY00799,O00799,2024-07-29,UPI,Failed,1957.78
PAY00800,O00800,2025-07-13,UPI,Success,88718.83
PAY00801,O00801,2025-11-05,COD,Success,1978.23
PAY00802,O00802,2025-09-09,COD,Success,25765.47
PAY00803,O00803,2024-01-30,COD,Success,1340.67
PAY00804,O00804,2023-10-04,Credit Card,Success,1229.54
PAY00805,O00805,2024-10-11,UPI,Success,29278.6
PAY00806,O00806,2023-10-10,UPI,Success,2577.21
PAY00807,O00807,2025-09-27,Debit Card,Success,2436.52
PAY00808,O00808,2023-03-27,UPI,Failed,38336.76
PAY00809,O00809,2023-07-27,UPI,Success,13804.93
PAY00810,O00810,2024-07-18,UPI,Success,972.82
PAY00811,O00811,2024-04-22,Credit Card,Refunded,9320.38
PAY00812,O00812,2024-08-16,UPI,Success,2527.72
PAY00813,O00813,2023-05-13,Net Banking,Success,15926.28
PAY00814,O00814,2024-02-05,Debit Card,Failed,5744.83
PAY00815,O00815,2023-05-16,UPI,Success,43316.75
PAY00816,O00816,2023-06-21,UPI,Success,12929.3
PAY00817,O00817,2025-08-28,UPI,Success,20134.71
PAY00818,O00818,2023-07-19,UPI,Failed,7710.44
PAY00819,O00819,2025-01-10,UPI,Success,17308.4
PAY00820,O00820,2025-12-09,Debit Card,Success,3655.43
PAY00821,O00821,2025-02-04,Debit Card,Success,1842.77
PAY00822,O00822,2023-04-15,UPI,Success,703.03
PAY00823,O00823,2024-07-03,Credit Card,Success,23052.46
PAY00824,O00824,2023-01-07,Net Banking,Refunded,33669.49
PAY00825,O00825,2024-12-13,Debit Card,Failed,3041.69
PAY00826,O00826,2023-01-13,Net Banking,Success,23581.85
PAY00827,O00827,2023-04-13,Credit Card,Failed,1040.67
PAY00828,O00828,2024-11-30,Credit Card,Failed,76710.28
PAY00829,O00829,2024-03-03,Credit Card,Success,1455.49
PAY00830,O00830,2023-06-21,Net Banking,Refunded,2594.65
PAY00831,O00831,2023-04-01,Credit Card,Refunded,67087.73
PAY00832,O00832,2024-12-18,Net Banking,Success,935.33
PAY00833,O00833,2025-05-04,Credit Card,Success,7803.3
PAY00834,O00834,2024-08-24,UPI,Success,55730.66
PAY00835,O00835,2024-03-01,UPI,Success,531.51
PAY00836,O00836,2025-10-09,UPI,Success,42576.62
PAY00837,O00837,2025-09-24,UPI,Success,8410.22
PAY00838,O00838,2023-06-28,Debit Card,Refunded,2048.93
PAY00839,O00839,2024-07-18,Credit Card,Success,2622.84
PAY00840,O00840,2024-02-22,Debit Card,Failed,8401.86
PAY00841,O00841,2024-07-08,COD,Refunded,4506.83
PAY00842,O00842,2023-09-01,Net Banking,Success,2097.91
PAY00843,O00843,2024-02-14,UPI,Success,4366.08
PAY00844,O00844,2025-11-09,UPI,Success,6842.9
PAY00845,O00845,2025-12-07,Credit Card,Success,7752.36
PAY00846,O00846,2025-04-01,UPI,Success,104087.31
PAY00847,O00847,2024-06-13,UPI,Success,41937.82
PAY00848,O00848,2024-05-16,Debit Card,Success,12072.73
PAY00849,O00849,2023-07-13,Debit Card,Success,596.72
PAY00850,O00850,2023-02-20,COD,Refunded,1714.32
PAY00851,O00851,2023-04-04,COD,Success,10139.79
PAY00852,O00852,2025-07-21,Credit Card,Success,178724.96
PAY00853,O00853,2023-06-16,Net Banking,Success,6144.19
PAY00854,O00854,2023-09-11,UPI,Success,1479.73
PAY00855,O00855,2023-02-28,COD,Failed,5454.98
PAY00856,O00856,2023-01-08,UPI,Success,4275.88
PAY00857,O00857,2023-08-26,Net Banking,Success,35165.0
PAY00858,O00858,2025-01-02,UPI,Success,26033.86
PAY00859,O00859,2024-08-14,Debit Card,Success,128445.25
PAY00860,O00860,2023-01-21,Credit Card,Success,47683.37
PAY00861,O00861,2025-02-16,Credit Card,Success,3329.55
PAY00862,O00862,2023-05-23,UPI,Success,8711.84
PAY00863,O00863,2024-01-11,Debit Card,Success,3818.84
PAY00864,O00864,2024-02-11,UPI,Success,1037.14
PAY00865,O00865,2025-03-28,Credit Card,Refunded,893.33
PAY00866,O00866,2023-03-22,UPI,Success,95662.77
PAY00867,O00867,2023-07-30,Debit Card,Success,60326.18
PAY00868,O00868,2025-02-06,UPI,Success,3548.78
PAY00869,O00869,2024-01-14,Credit Card,Success,2175.56
PAY00870,O00870,2023-02-11,Net Banking,Success,32300.98
PAY00871,O00871,2024-03-28,Net Banking,Failed,58606.09
PAY00872,O00872,2024-12-14,UPI,Success,8506.91
PAY00873,O00873,2023-03-27,UPI,Success,106457.14
PAY00874,O00874,2023-08-25,UPI,Success,2141.28
PAY00875,O00875,2024-10-07,COD,Success,18086.63
PAY00876,O00876,2024-10-29,UPI,Success,21924.34
PAY00877,O00877,2023-12-27,UPI,Success,2119.51
PAY00878,O00878,2025-05-19,UPI,Failed,59980.62
PAY00879,O00879,2025-01-19,COD,Success,30802.72
PAY00880,O00880,2023-06-24,Net Banking,Success,1879.16
PAY00881,O00881,2025-04-08,Debit Card,Success,717.24
PAY00882,O00882,2025-03-16,COD,Success,922.46
PAY00883,O00883,2023-03-02,Debit Card,Success,10747.74
PAY00884,O00884,2025-02-14,Credit Card,Success,1460.68
PAY00885,O00885,2024-02-19,Debit Card,Success,10976.73
PAY00886,O00886,2023-04-26,UPI,Refunded,81952.96
PAY00887,O00887,2025-10-26,UPI,Failed,107162.45
PAY00888,O00888,2024-11-29,Debit Card,Success,9327.46
PAY00889,O00889,2025-03-10,UPI,Success,1670.02
PAY00890,O00890,2024-09-19,Credit Card,Failed,748.87
PAY00891,O00891,2024-02-29,COD,Success,9951.77
PAY00892,O00892,2024-06-06,Credit Card,Success,9120.91
PAY00893,O00893,2023-06-26,COD,Success,27493.58
PAY00894,O00894,2025-06-16,Credit Card,Success,10271.2
PAY00895,O00895,2025-09-14,UPI,Success,72043.05
PAY00896,O00896,2024-01-09,UPI,Failed,78066.46
PAY00897,O00897,2024-09-24,UPI,Success,37068.87
PAY00898,O00898,2023-08-25,UPI,Success,22177.69
PAY00899,O00899,2025-10-07,UPI,Success,61090.27
PAY00900,O00900,2025-08-25,UPI,Success,5666.39
PAY00901,O00901,2024-03-19,UPI,Failed,412.72
PAY00902,O00902,2025-11-28,Credit Card,Success,13360.04
PAY00903,O00903,2025-02-24,Credit Card,Success,2407.71
PAY00904,O00904,2025-10-16,Debit Card,Success,77518.45
PAY00905,O00905,2025-06-06,UPI,Success,99511.02
PAY00906,O00906,2025-04-25,Debit Card,Refunded,25900.02
PAY00907,O00907,2025-04-22,UPI,Success,50333.7
PAY00908,O00908,2024-09-27,Net Banking,Success,5897.6
PAY00909,O00909,2023-06-06,UPI,Failed,7900.41
PAY00910,O00910,2024-12-29,COD,Success,11369.74
PAY00911,O00911,2025-03-25,UPI,Success,1326.64
PAY00912,O00912,2024-10-01,Net Banking,Success,18513.81
PAY00913,O00913,2025-12-01,COD,Success,12689.42
PAY00914,O00914,2023-07-05,UPI,Success,2037.74
PAY00915,O00915,2024-04-05,Credit Card,Success,5259.78
PAY00916,O00916,2024-06-29,UPI,Success,3698.11
PAY00917,O00917,2024-11-29,UPI,Failed,14498.82
PAY00918,O00918,2023-11-04,UPI,Success,6515.99
PAY00919,O00919,2025-08-04,Credit Card,Refunded,24366.1
PAY00920,O00920,2023-05-19,UPI,Success,59844.68
PAY00921,O00921,2025-06-13,Credit Card,Success,56276.65
PAY00922,O00922,2024-10-18,Debit Card,Success,1924.44
PAY00923,O00923,2024-09-13,UPI,Success,1287.51
PAY00924,O00924,2023-06-07,UPI,Refunded,26569.57
PAY00925,O00925,2023-07-01,Credit Card,Success,7765.87
PAY00926,O00926,2024-02-14,UPI,Success,10647.33
PAY00927,O00927,2025-05-04,UPI,Success,1143.39
PAY00928,O00928,2025-09-04,Credit Card,Success,103757.94
PAY00929,O00929,2025-11-17,UPI,Success,80813.84
PAY00930,O00930,2025-05-22,UPI,Failed,60093.28
PAY00931,O00931,2024-09-04,COD,Success,5681.68
PAY00932,O00932,2023-03-12,Net Banking,Success,41008.57
PAY00933,O00933,2024-08-24,COD,Success,75465.78
PAY00934,O00934,2023-01-18,UPI,Success,53141.54
PAY00935,O00935,2025-04-30,UPI,Failed,15346.73
PAY00936,O00936,2025-05-29,Debit Card,Success,136999.34
PAY00937,O00937,2025-04-15,Net Banking,Success,1736.74
PAY00938,O00938,2024-06-30,UPI,Success,41986.95
PAY00939,O00939,2023-03-02,COD,Success,31051.57
PAY00940,O00940,2023-07-04,Debit Card,Success,3728.25
PAY00941,O00941,2025-04-18,Net Banking,Success,2763.43
PAY00942,O00942,2025-10-19,UPI,Refunded,57421.1
PAY00943,O00943,2025-01-22,Credit Card,Success,4598.08
PAY00944,O00944,2024-12-24,Credit Card,Refunded,54204.01
PAY00945,O00945,2023-11-27,Debit Card,Success,12340.08
PAY00946,O00946,2025-02-20,Debit Card,Success,7852.72
PAY00947,O00947,2025-10-26,COD,Success,2896.72
PAY00948,O00948,2024-02-08,COD,Failed,11762.72
PAY00949,O00949,2024-09-21,UPI,Success,1462.22
PAY00950,O00950,2023-07-22,Credit Card,Success,3664.99
PAY00951,O00951,2025-11-27,Credit Card,Refunded,44042.01
PAY00952,O00952,2023-02-24,Net Banking,Success,34539.19
PAY00953,O00953,2023-10-15,Credit Card,Success,20668.37
PAY00954,O00954,2025-12-04,Debit Card,Success,5478.46
PAY00955,O00955,2023-10-12,UPI,Success,10412.88
PAY00956,O00956,2025-04-12,Debit Card,Success,37597.17
PAY00957,O00957,2024-08-06,UPI,Success,1072.71
PAY00958,O00958,2023-02-11,Debit Card,Success,2922.9
PAY00959,O00959,2023-10-01,COD,Success,11104.23
PAY00960,O00960,2025-07-05,UPI,Success,48110.86
PAY00961,O00961,2024-07-24,Credit Card,Failed,12980.58
PAY00962,O00962,2025-01-23,Net Banking,Success,111852.66
PAY00963,O00963,2023-02-17,UPI,Failed,31452.06
PAY00964,O00964,2023-05-07,UPI,Success,1112.86
PAY00965,O00965,2024-04-17,Credit Card,Success,536.4
PAY00966,O00966,2025-03-21,COD,Success,89291.34
PAY00967,O00967,2024-09-13,Credit Card,Success,4024.96
PAY00968,O00968,2024-11-09,Credit Card,Success,2898.98
PAY00969,O00969,2024-01-06,UPI,Refunded,1877.08
PAY00970,O00970,2025-02-10,Net Banking,Success,8737.98
PAY00971,O00971,2024-08-11,UPI,Failed,2411.25
PAY00972,O00972,2023-01-08,UPI,Success,4435.85
PAY00973,O00973,2024-11-30,Credit Card,Failed,498.8
PAY00974,O00974,2023-03-08,Credit Card,Success,1186.92
PAY00975,O00975,2023-07-21,Credit Card,Success,6943.87
PAY00976,O00976,2023-05-23,Debit Card,Failed,6960.62
PAY00977,O00977,2025-03-29,COD,Failed,28242.38
PAY00978,O00978,2023-08-07,UPI,Success,61139.4
PAY00979,O00979,2025-09-17,Credit Card,Success,8654.69
PAY00980,O00980,2023-09-21,Credit Card,Success,6621.37
PAY00981,O00981,2023-10-12,UPI,Success,2084.51
PAY00982,O00982,2023-04-13,COD,Success,2786.05
PAY00983,O00983,2024-01-13,UPI,Success,2619.61
PAY00984,O00984,2023-07-26,UPI,Success,1405.74
PAY00985,O00985,2025-11-04,UPI,Success,60288.98
PAY00986,O00986,2025-02-01,UPI,Success,1480.7
PAY00987,O00987,2023-01-11,UPI,Success,10633.64
PAY00988,O00988,2023-05-31,UPI,Success,77795.0
PAY00989,O00989,2025-11-26,Debit Card,Success,13579.81
PAY00990,O00990,2025-02-15,UPI,Success,69923.5
PAY00991,O00991,2025-10-26,COD,Success,5139.02
PAY00992,O00992,2025-06-08,UPI,Success,72038.18
PAY00993,O00993,2024-02-09,Debit Card,Success,2807.84
PAY00994,O00994,2025-07-27,UPI,Success,31885.98
PAY00995,O00995,2025-03-21,UPI,Success,18023.2
PAY00996,O00996,2025-11-26,UPI,Success,2977.13
PAY00997,O00997,2024-05-14,UPI,Success,5470.18
PAY00998,O00998,2024-05-27,Credit Card,Success,280.46
PAY00999,O00999,2023-11-14,Credit Card,Success,13798.78
PAY01000,O01000,2023-11-01,UPI,Success,32427.23
PAY01001,O01001,2023-03-23,Debit Card,Success,26941.99
PAY01002,O01002,2024-10-21,UPI,Success,6426.88
PAY01003,O01003,2023-07-13,UPI,Success,92837.99
PAY01004,O01004,2023-08-14,UPI,Success,6008.43
PAY01005,O01005,2023-02-23,Credit Card,Success,264.26
PAY01006,O01006,2025-10-13,Net Banking,Refunded,53423.55
PAY01007,O01007,2023-12-12,Credit Card,Success,3380.11
PAY01008,O01008,2025-09-14,Credit Card,Success,8672.4
PAY01009,O01009,2024-10-04,UPI,Refunded,5460.02
PAY01010,O01010,2023-08-01,COD,Success,2837.05
PAY01011,O01011,2025-05-14,UPI,Success,278.33
PAY01012,O01012,2025-02-15,Debit Card,Success,3155.52
PAY01013,O01013,2025-07-05,COD,Failed,127813.77
PAY01014,O01014,2023-07-02,COD,Failed,7516.78
PAY01015,O01015,2024-05-22,Debit Card,Success,7026.41
PAY01016,O01016,2023-01-12,Debit Card,Success,1039.23
PAY01017,O01017,2023-04-04,Credit Card,Success,18417.42
PAY01018,O01018,2023-11-26,UPI,Refunded,19931.57
PAY01019,O01019,2023-07-11,COD,Success,46982.61
PAY01020,O01020,2025-05-17,Credit Card,Refunded,21813.14
PAY01021,O01021,2025-08-11,Debit Card,Success,5615.96
PAY01022,O01022,2025-10-19,UPI,Success,4715.7
PAY01023,O01023,2023-10-21,UPI,Success,152378.86
PAY01024,O01024,2023-09-19,COD,Success,30559.52
PAY01025,O01025,2024-12-12,UPI,Success,837.04
PAY01026,O01026,2023-11-20,COD,Success,2792.92
PAY01027,O01027,2023-01-10,Net Banking,Success,65443.8
PAY01028,O01028,2025-08-24,COD,Success,4147.78
PAY01029,O01029,2023-03-30,UPI,Success,77798.66
PAY01030,O01030,2023-12-08,COD,Success,3490.95
PAY01031,O01031,2024-11-17,Credit Card,Success,4012.75
PAY01032,O01032,2023-07-30,UPI,Refunded,41274.7
PAY01033,O01033,2025-12-08,UPI,Success,16164.37
PAY01034,O01034,2025-07-11,UPI,Success,6531.74
PAY01035,O01035,2023-09-21,UPI,Success,2705.93
PAY01036,O01036,2024-11-02,UPI,Success,915.76
PAY01037,O01037,2023-01-20,Net Banking,Success,471.55
PAY01038,O01038,2024-07-23,COD,Success,10366.02
PAY01039,O01039,2025-08-28,Debit Card,Success,499.34
PAY01040,O01040,2023-05-22,UPI,Success,8102.04
PAY01041,O01041,2023-09-28,UPI,Refunded,24791.15
PAY01042,O01042,2023-10-13,Credit Card,Success,8187.67
PAY01043,O01043,2024-01-02,Debit Card,Success,1003.64
PAY01044,O01044,2024-04-29,Net Banking,Failed,56337.91
PAY01045,O01045,2023-01-03,COD,Success,14908.26
PAY01046,O01046,2025-09-30,COD,Success,1277.7
PAY01047,O01047,2025-02-24,UPI,Refunded,9828.42
PAY01048,O01048,2023-06-15,UPI,Success,12130.23
PAY01049,O01049,2024-01-23,UPI,Success,2563.38
PAY01050,O01050,2025-09-23,UPI,Refunded,11962.75
PAY01051,O01051,2025-10-29,COD,Success,5144.6
PAY01052,O01052,2025-10-12,COD,Success,30101.55
PAY01053,O01053,2023-01-12,UPI,Failed,291.87
PAY01054,O01054,2023-03-16,COD,Success,915.76
PAY01055,O01055,2023-08-28,UPI,Success,9667.22
PAY01056,O01056,2025-07-05,Debit Card,Success,15032.76
PAY01057,O01057,2023-08-24,Credit Card,Success,5015.04
PAY01058,O01058,2025-05-22,UPI,Failed,5085.48
PAY01059,O01059,2023-06-04,COD,Success,6362.5
PAY01060,O01060,2024-06-11,UPI,Success,45499.41
PAY01061,O01061,2025-03-22,Credit Card,Success,26178.74
PAY01062,O01062,2023-02-27,Debit Card,Success,93687.71
PAY01063,O01063,2024-09-07,UPI,Refunded,2044.63
PAY01064,O01064,2025-07-22,COD,Refunded,28064.49
PAY01065,O01065,2024-10-24,COD,Success,18599.12
PAY01066,O01066,2023-10-27,UPI,Success,622.9
PAY01067,O01067,2025-09-04,Credit Card,Success,5200.85
PAY01068,O01068,2024-09-22,Credit Card,Success,5788.84
PAY01069,O01069,2023-05-24,Credit Card,Success,1062.58
PAY01070,O01070,2023-08-17,Credit Card,Success,5387.8
PAY01071,O01071,2024-04-12,UPI,Success,29776.69
PAY01072,O01072,2023-05-18,COD,Success,1072.71
PAY01073,O01073,2023-08-30,UPI,Success,37081.48
PAY01074,O01074,2024-03-24,UPI,Success,2593.23
PAY01075,O01075,2023-05-31,Debit Card,Success,13955.82
PAY01076,O01076,2025-03-13,Debit Card,Success,84451.55
PAY01077,O01077,2023-12-21,Net Banking,Success,45399.95
PAY01078,O01078,2024-04-12,Debit Card,Success,5684.87
PAY01079,O01079,2025-11-29,UPI,Failed,5480.24
PAY01080,O01080,2024-10-16,Net Banking,Success,5536.61
PAY01081,O01081,2023-02-23,UPI,Success,75855.69
PAY01082,O01082,2023-12-18,COD,Success,30929.21
PAY01083,O01083,2025-01-09,UPI,Success,90619.82
PAY01084,O01084,2023-12-06,UPI,Success,1480.7
PAY01085,O01085,2023-03-06,Debit Card,Success,2345.44
PAY01086,O01086,2023-10-23,UPI,Success,19654.96
PAY01087,O01087,2025-07-30,UPI,Refunded,84835.0
PAY01088,O01088,2023-07-26,Debit Card,Success,36394.82
PAY01089,O01089,2024-10-09,UPI,Success,12879.62
PAY01090,O01090,2023-05-16,UPI,Success,14494.45
PAY01091,O01091,2024-01-14,Credit Card,Success,62533.51
PAY01092,O01092,2025-12-11,COD,Success,4028.78
PAY01093,O01093,2025-05-19,UPI,Success,1995.01
PAY01094,O01094,2024-08-03,Credit Card,Success,7868.79
PAY01095,O01095,2025-10-13,UPI,Success,8041.97
PAY01096,O01096,2024-12-12,UPI,Success,48963.76
PAY01097,O01097,2023-03-09,UPI,Success,2046.76
PAY01098,O01098,2023-01-05,Debit Card,Failed,313.8
PAY01099,O01099,2024-05-25,UPI,Refunded,55283.9
PAY01100,O01100,2025-02-16,Credit Card,Success,1538.5
PAY01101,O01101,2023-04-12,Credit Card,Success,1898.64
PAY01102,O01102,2025-03-10,COD,Success,50645.0
PAY01103,O01103,2025-01-03,COD,Success,910.01
PAY01104,O01104,2025-11-12,UPI,Success,76779.98
PAY01105,O01105,2024-01-24,Credit Card,Success,38110.33
PAY01106,O01106,2024-06-16,Debit Card,Failed,2356.14
PAY01107,O01107,2023-04-02,COD,Success,1137.34
PAY01108,O01108,2025-04-20,UPI,Success,50755.26
PAY01109,O01109,2024-05-19,Debit Card,Success,132914.28
PAY01110,O01110,2025-04-21,COD,Success,5695.02
PAY01111,O01111,2024-11-18,UPI,Refunded,12981.8
PAY01112,O01112,2024-12-26,UPI,Success,4241.01
PAY01113,O01113,2023-05-30,Credit Card,Success,52557.19
PAY01114,O01114,2025-07-22,Net Banking,Success,9259.65
PAY01115,O01115,2025-06-03,Debit Card,Success,1367.65
PAY01116,O01116,2023-11-11,Credit Card,Failed,1542.85
PAY01117,O01117,2024-10-20,UPI,Success,9013.92
PAY01118,O01118,2023-10-25,Credit Card,Success,2246.61
PAY01119,O01119,2023-08-11,UPI,Success,666.04
PAY01120,O01120,2023-12-19,UPI,Success,19302.4
PAY01121,O01121,2024-02-20,Credit Card,Success,29155.55
PAY01122,O01122,2023-03-05,UPI,Success,13624.26
PAY01123,O01123,2024-09-01,UPI,Success,54527.7
PAY01124,O01124,2024-09-17,Debit Card,Success,2221.72
PAY01125,O01125,2024-01-12,Debit Card,Success,31004.23
PAY01126,O01126,2024-08-21,Debit Card,Refunded,79813.09
PAY01127,O01127,2024-02-09,COD,Success,54631.5
PAY01128,O01128,2025-07-17,UPI,Success,2997.38
PAY01129,O01129,2024-01-26,UPI,Success,57969.13
PAY01130,O01130,2025-02-04,Credit Card,Success,614.77
PAY01131,O01131,2023-12-15,UPI,Refunded,2404.26
PAY01132,O01132,2025-12-24,COD,Refunded,4365.47
PAY01133,O01133,2025-08-16,Credit Card,Success,3571.52
PAY01134,O01134,2024-06-01,UPI,Success,3975.82
PAY01135,O01135,2023-11-28,Credit Card,Success,37051.39
PAY01136,O01136,2025-09-01,UPI,Success,6213.54
PAY01137,O01137,2023-04-04,UPI,Success,12751.24
PAY01138,O01138,2023-07-10,Credit Card,Success,1100.58
PAY01139,O01139,2024-07-27,Credit Card,Success,6655.0
PAY01140,O01140,2023-07-26,Credit Card,Success,109779.88
PAY01141,O01141,2023-08-01,Credit Card,Success,45903.33
PAY01142,O01142,2025-02-08,COD,Success,55791.85
PAY01143,O01143,2023-03-30,UPI,Success,10519.56
PAY01144,O01144,2025-08-12,COD,Success,7486.6
PAY01145,O01145,2023-12-30,UPI,Success,28805.62
PAY01146,O01146,2023-11-30,UPI,Success,56092.68
PAY01147,O01147,2025-07-09,Credit Card,Success,99819.74
PAY01148,O01148,2024-12-09,Net Banking,Success,39974.23
PAY01149,O01149,2025-04-24,UPI,Success,94557.77
PAY01150,O01150,2024-11-26,Debit Card,Success,5328.35
PAY01151,O01151,2024-02-27,Debit Card,Success,51243.76
PAY01152,O01152,2025-02-03,Credit Card,Success,17895.76
PAY01153,O01153,2025-01-06,UPI,Success,6471.15
PAY01154,O01154,2024-12-12,Debit Card,Success,45590.11
PAY01155,O01155,2023-09-07,UPI,Success,7264.19
PAY01156,O01156,2023-07-01,UPI,Success,2302.64
PAY01157,O01157,2024-04-28,Debit Card,Success,1833.38
PAY01158,O01158,2025-02-28,Debit Card,Success,60117.5
PAY01159,O01159,2023-09-06,COD,Success,17345.54
PAY01160,O01160,2023-11-15,UPI,Success,26941.99
PAY01161,O01161,2025-08-22,UPI,Success,6545.57
PAY01162,O01162,2024-11-30,UPI,Success,38497.55
PAY01163,O01163,2024-06-14,UPI,Success,7462.19
PAY01164,O01164,2024-07-18,Credit Card,Success,4282.56
PAY01165,O01165,2023-05-05,Credit Card,Refunded,49538.63
PAY01166,O01166,2025-01-21,UPI,Success,953.8
PAY01167,O01167,2023-11-15,Debit Card,Failed,399.47
PAY01168,O01168,2024-08-10,Credit Card,Success,2485.86
PAY01169,O01169,2023-09-04,Credit Card,Failed,16220.03
PAY01170,O01170,2024-06-27,COD,Success,11234.83
PAY01171,O01171,2023-06-03,UPI,Failed,6450.48
PAY01172,O01172,2024-10-19,UPI,Refunded,13392.63
PAY01173,O01173,2023-01-16,Credit Card,Failed,1357.66
PAY01174,O01174,2023-09-03,COD,Success,2263.55
PAY01175,O01175,2025-03-03,Credit Card,Success,5695.73
PAY01176,O01176,2024-07-20,UPI,Success,14329.83
PAY01177,O01177,2024-07-07,Net Banking,Failed,33610.28
PAY01178,O01178,2025-06-17,Debit Card,Success,16825.38
PAY01179,O01179,2023-02-21,Debit Card,Success,2682.5
PAY01180,O01180,2023-01-11,Credit Card,Success,27522.49
PAY01181,O01181,2025-04-02,Credit Card,Success,43772.6
PAY01182,O01182,2023-08-16,Net Banking,Success,767.72
PAY01183,O01183,2023-04-24,Credit Card,Refunded,39679.1
PAY01184,O01184,2024-08-26,UPI,Failed,89526.26
PAY01185,O01185,2024-08-16,Net Banking,Success,5772.65
PAY01186,O01186,2025-07-25,Credit Card,Success,1775.3
PAY01187,O01187,2023-07-29,UPI,Success,1793.0
PAY01188,O01188,2025-08-08,Credit Card,Success,275.5
PAY01189,O01189,2025-10-02,UPI,Failed,39056.0
PAY01190,O01190,2024-09-02,Credit Card,Success,780.53
PAY01191,O01191,2025-12-18,COD,Success,2109.09
PAY01192,O01192,2025-12-22,Credit Card,Success,1028.58
PAY01193,O01193,2023-12-06,UPI,Success,27379.37
PAY01194,O01194,2024-12-26,COD,Success,3756.34
PAY01195,O01195,2025-03-25,Net Banking,Success,2189.82
PAY01196,O01196,2024-06-15,UPI,Failed,9081.91
PAY01197,O01197,2025-01-30,Credit Card,Success,841.8
PAY01198,O01198,2023-01-06,Net Banking,Success,1173.8
PAY01199,O01199,2024-08-09,UPI,Success,2388.49
PAY01200,O01200,2024-09-10,UPI,Failed,1332.36
PAY01201,O01201,2025-03-08,Credit Card,Success,105058.7
PAY01202,O01202,2023-12-23,UPI,Failed,149956.74
PAY01203,O01203,2023-08-08,UPI,Success,15862.68
PAY01204,O01204,2024-01-02,Credit Card,Refunded,2687.96
PAY01205,O01205,2025-06-08,UPI,Success,93996.57
PAY01206,O01206,2024-07-14,Debit Card,Success,3232.15
PAY01207,O01207,2023-12-30,UPI,Success,1468.96
PAY01208,O01208,2024-05-20,UPI,Refunded,26203.67
PAY01209,O01209,2023-06-27,COD,Success,5558.19
PAY01210,O01210,2025-03-24,Credit Card,Success,15213.71
PAY01211,O01211,2024-07-30,COD,Success,15706.07
PAY01212,O01212,2025-03-29,UPI,Success,7780.37
PAY01213,O01213,2025-12-14,UPI,Success,67476.06
PAY01214,O01214,2025-03-30,UPI,Success,32861.33
PAY01215,O01215,2024-04-23,COD,Success,33603.26
PAY01216,O01216,2024-12-23,Credit Card,Success,2161.67
PAY01217,O01217,2024-08-04,Net Banking,Success,7389.44
PAY01218,O01218,2025-01-16,COD,Failed,1583.3
PAY01219,O01219,2025-11-05,UPI,Success,6535.56
PAY01220,O01220,2025-05-29,COD,Success,681.81
PAY01221,O01221,2023-05-14,UPI,Success,2714.33
PAY01222,O01222,2024-12-19,Credit Card,Failed,1093.71
PAY01223,O01223,2025-11-15,Credit Card,Success,2401.33
PAY01224,O01224,2024-01-13,UPI,Failed,33690.94
PAY01225,O01225,2024-10-14,UPI,Success,8582.18
PAY01226,O01226,2023-06-15,Credit Card,Success,2348.45
PAY01227,O01227,2025-12-01,Debit Card,Success,95281.76
PAY01228,O01228,2023-10-01,UPI,Success,738.68
PAY01229,O01229,2025-09-18,Credit Card,Success,20802.47
PAY01230,O01230,2023-06-16,UPI,Success,88328.92
PAY01231,O01231,2025-02-01,Debit Card,Success,41256.17
PAY01232,O01232,2024-10-11,Credit Card,Failed,653.85
PAY01233,O01233,2025-04-25,COD,Success,6781.06
PAY01234,O01234,2024-07-04,Net Banking,Success,23772.77
PAY01235,O01235,2024-08-21,COD,Refunded,76024.44
PAY01236,O01236,2023-06-06,UPI,Success,14459.12
PAY01237,O01237,2024-02-23,Credit Card,Success,503.48
PAY01238,O01238,2023-03-09,Credit Card,Failed,5445.52
PAY01239,O01239,2024-06-02,COD,Success,4484.84
PAY01240,O01240,2025-12-20,UPI,Success,91718.73
PAY01241,O01241,2025-10-05,Credit Card,Success,3116.01
PAY01242,O01242,2024-08-10,Debit Card,Success,20664.61
PAY01243,O01243,2025-02-11,UPI,Failed,38336.76
PAY01244,O01244,2025-01-29,Credit Card,Success,3262.09
PAY01245,O01245,2025-11-05,UPI,Success,29011.46
PAY01246,O01246,2023-06-25,UPI,Success,59556.55
PAY01247,O01247,2023-11-20,UPI,Success,6389.26
PAY01248,O01248,2023-05-16,UPI,Success,112150.43
PAY01249,O01249,2024-03-05,UPI,Failed,35058.84
PAY01250,O01250,2025-07-19,Debit Card,Refunded,2319.17
PAY01251,O01251,2025-07-01,Net Banking,Success,27175.09
PAY01252,O01252,2024-11-11,Debit Card,Refunded,3212.26
PAY01253,O01253,2023-11-20,UPI,Success,3202.74
PAY01254,O01254,2025-02-20,UPI,Success,1194.41
PAY01255,O01255,2023-06-21,Credit Card,Success,1464.14
PAY01256,O01256,2025-07-13,COD,Success,38046.26
PAY01257,O01257,2023-05-09,UPI,Success,23081.69
PAY01258,O01258,2024-11-12,Credit Card,Success,45309.91
PAY01259,O01259,2024-02-02,Credit Card,Success,64062.52
PAY01260,O01260,2023-03-04,Net Banking,Failed,6520.36
PAY01261,O01261,2024-04-17,Credit Card,Success,5344.27
PAY01262,O01262,2025-01-08,COD,Success,170596.03
PAY01263,O01263,2024-02-02,UPI,Success,41214.35
PAY01264,O01264,2025-03-14,UPI,Success,49214.96
PAY01265,O01265,2025-08-15,Debit Card,Success,33394.14
PAY01266,O01266,2024-10-16,Debit Card,Success,6442.01
PAY01267,O01267,2024-08-26,COD,Refunded,112240.88
PAY01268,O01268,2023-09-25,Credit Card,Success,5438.23
PAY01269,O01269,2023-03-19,UPI,Success,4855.74
PAY01270,O01270,2025-12-29,Credit Card,Success,45183.45
PAY01271,O01271,2025-06-18,Debit Card,Refunded,22608.17
PAY01272,O01272,2025-10-29,COD,Success,34622.2
PAY01273,O01273,2025-04-03,Net Banking,Success,17055.6
PAY01274,O01274,2023-03-29,UPI,Success,12427.08
PAY01275,O01275,2024-06-08,Debit Card,Success,9273.73
PAY01276,O01276,2025-04-05,UPI,Success,37336.96
PAY01277,O01277,2024-07-30,UPI,Success,1461.49
PAY01278,O01278,2024-11-18,UPI,Failed,883.35
PAY01279,O01279,2025-09-02,COD,Success,760.93
PAY01280,O01280,2024-05-20,COD,Success,22858.96
PAY01281,O01281,2023-03-15,UPI,Refunded,11476.22
PAY01282,O01282,2025-03-17,COD,Success,5302.08
PAY01283,O01283,2024-08-05,UPI,Success,12723.04
PAY01284,O01284,2025-12-30,Credit Card,Success,33278.3
PAY01285,O01285,2023-08-11,Debit Card,Success,19977.08
PAY01286,O01286,2025-06-17,Credit Card,Success,82846.91
PAY01287,O01287,2024-01-22,UPI,Success,22993.96
PAY01288,O01288,2023-05-03,COD,Success,127390.21
PAY01289,O01289,2025-01-03,Credit Card,Success,108377.08
PAY01290,O01290,2025-04-03,Net Banking,Success,19092.14
PAY01291,O01291,2024-04-01,COD,Success,5894.08
PAY01292,O01292,2023-06-13,COD,Success,13413.18
PAY01293,O01293,2023-04-03,UPI,Failed,34123.85
PAY01294,O01294,2023-12-02,Net Banking,Refunded,8934.56
PAY01295,O01295,2024-08-08,COD,Success,6408.98
PAY01296,O01296,2025-07-23,UPI,Success,53335.22
PAY01297,O01297,2023-11-12,COD,Success,22412.44
PAY01298,O01298,2024-08-24,Debit Card,Success,2107.96
PAY01299,O01299,2025-09-21,Debit Card,Success,20625.89
PAY01300,O01300,2025-06-30,UPI,Success,94040.73
PAY01301,O01301,2024-07-14,UPI,Success,6165.82
PAY01302,O01302,2024-04-29,Debit Card,Refunded,58056.19
PAY01303,O01303,2024-10-17,UPI,Success,3573.21
PAY01304,O01304,2024-09-20,UPI,Success,76614.0
PAY01305,O01305,2023-03-09,UPI,Success,25802.07
PAY01306,O01306,2023-07-21,COD,Success,57633.5
PAY01307,O01307,2024-04-13,Credit Card,Success,18576.14
PAY01308,O01308,2024-03-10,Debit Card,Success,25463.84
PAY01309,O01309,2023-05-18,COD,Success,27646.5
PAY01310,O01310,2025-10-12,UPI,Success,25250.52
PAY01311,O01311,2025-12-12,UPI,Success,48055.22
PAY01312,O01312,2025-03-13,UPI,Success,84727.14
PAY01313,O01313,2025-05-12,Net Banking,Success,459.61
PAY01314,O01314,2023-05-18,Credit Card,Success,1453.25
PAY01315,O01315,2024-03-24,Credit Card,Failed,25210.27
PAY01316,O01316,2023-03-12,COD,Success,15948.48
PAY01317,O01317,2025-08-10,UPI,Success,1406.51
PAY01318,O01318,2025-03-25,Debit Card,Success,43028.84
PAY01319,O01319,2025-10-11,UPI,Success,21347.15
PAY01320,O01320,2023-04-07,Credit Card,Success,38863.79
PAY01321,O01321,2024-01-13,UPI,Success,1852.94
PAY01322,O01322,2025-12-12,UPI,Failed,2589.54
PAY01323,O01323,2023-01-10,UPI,Success,10879.07
PAY01324,O01324,2025-10-03,UPI,Success,6945.19
PAY01325,O01325,2023-11-28,COD,Success,3019.79
PAY01326,O01326,2023-09-08,UPI,Refunded,1673.76
PAY01327,O01327,2023-12-28,Debit Card,Success,106094.52
PAY01328,O01328,2023-12-15,UPI,Success,666.04
PAY01329,O01329,2023-05-04,UPI,Success,1042.45
PAY01330,O01330,2024-09-25,Debit Card,Success,689.39
PAY01331,O01331,2023-07-19,Debit Card,Failed,10611.02
PAY01332,O01332,2025-04-08,UPI,Success,11334.43
PAY01333,O01333,2025-07-07,Debit Card,Success,21373.96
PAY01334,O01334,2023-01-31,UPI,Success,726.5
PAY01335,O01335,2024-08-18,UPI,Failed,1803.31
PAY01336,O01336,2025-11-04,Debit Card,Success,11439.51
PAY01337,O01337,2024-10-16,Credit Card,Success,33069.39
PAY01338,O01338,2025-04-02,UPI,Failed,1500.58
PAY01339,O01339,2024-04-04,Credit Card,Success,448.84
PAY01340,O01340,2023-01-25,Credit Card,Success,111113.04
PAY01341,O01341,2023-11-24,Debit Card,Success,10230.18
PAY01342,O01342,2025-05-28,UPI,Success,61841.73
PAY01343,O01343,2024-11-16,COD,Success,1042.45
PAY01344,O01344,2023-09-22,UPI,Failed,4575.85
PAY01345,O01345,2025-03-17,Credit Card,Success,9777.92
PAY01346,O01346,2024-03-10,Debit Card,Success,8123.6
PAY01347,O01347,2024-07-14,UPI,Success,3878.68
PAY01348,O01348,2024-05-23,COD,Refunded,20132.51
PAY01349,O01349,2023-02-20,Debit Card,Success,42626.33
PAY01350,O01350,2023-06-19,Credit Card,Success,837.95
PAY01351,O01351,2024-03-17,UPI,Refunded,4068.43
PAY01352,O01352,2024-08-18,UPI,Failed,2038.5
PAY01353,O01353,2023-08-17,COD,Success,18472.06
PAY01354,O01354,2023-08-04,UPI,Success,7531.22
PAY01355,O01355,2025-05-30,UPI,Success,21644.26
PAY01356,O01356,2024-09-01,UPI,Success,121259.26
PAY01357,O01357,2025-01-21,UPI,Success,1578.61
PAY01358,O01358,2025-11-09,UPI,Success,66590.09
PAY01359,O01359,2024-04-11,COD,Success,23598.07
PAY01360,O01360,2023-12-11,COD,Success,46967.13
PAY01361,O01361,2023-11-22,COD,Failed,21970.46
PAY01362,O01362,2025-12-21,COD,Success,9327.55
PAY01363,O01363,2025-05-13,UPI,Success,102030.93
PAY01364,O01364,2025-12-09,Net Banking,Success,22017.22
PAY01365,O01365,2024-11-08,UPI,Failed,67969.62
PAY01366,O01366,2024-11-11,UPI,Success,2485.86
PAY01367,O01367,2025-04-29,UPI,Success,44364.13
PAY01368,O01368,2024-07-30,Credit Card,Refunded,218.9
PAY01369,O01369,2024-06-29,UPI,Success,9736.95
PAY01370,O01370,2023-02-28,Debit Card,Success,32642.59
PAY01371,O01371,2023-03-06,UPI,Success,4861.79
PAY01372,O01372,2025-06-19,Credit Card,Success,11827.34
PAY01373,O01373,2023-05-05,Debit Card,Success,1776.66
PAY01374,O01374,2023-03-02,COD,Refunded,129200.26
PAY01375,O01375,2024-01-17,COD,Success,4503.56
PAY01376,O01376,2025-09-04,Credit Card,Success,464.16
PAY01377,O01377,2023-03-08,Net Banking,Success,1192.78
PAY01378,O01378,2025-03-10,Credit Card,Success,33772.2
PAY01379,O01379,2025-01-25,Credit Card,Success,935.18
PAY01380,O01380,2024-09-25,UPI,Success,80648.59
PAY01381,O01381,2025-08-16,UPI,Success,696.44
PAY01382,O01382,2023-08-16,UPI,Failed,513.95
PAY01383,O01383,2023-07-12,Credit Card,Success,12997.99
PAY01384,O01384,2025-01-21,Credit Card,Success,17372.16
PAY01385,O01385,2025-08-15,Credit Card,Success,53586.02
PAY01386,O01386,2023-04-11,UPI,Success,1573.72
PAY01387,O01387,2023-12-10,Credit Card,Success,2329.74
PAY01388,O01388,2023-09-01,UPI,Success,139498.73
PAY01389,O01389,2023-01-21,Debit Card,Success,753.48
PAY01390,O01390,2023-12-27,Credit Card,Failed,28242.38
PAY01391,O01391,2024-03-08,Credit Card,Success,48027.52
PAY01392,O01392,2025-09-28,UPI,Failed,3290.15
PAY01393,O01393,2024-09-04,UPI,Success,1991.66
PAY01394,O01394,2024-05-02,UPI,Success,36877.33
PAY01395,O01395,2023-11-26,UPI,Failed,20430.22
PAY01396,O01396,2023-07-06,UPI,Success,31921.7
PAY01397,O01397,2023-12-03,UPI,Success,27167.23
PAY01398,O01398,2024-05-20,UPI,Success,36469.3
PAY01399,O01399,2024-04-09,Debit Card,Success,469.0
PAY01400,O01400,2025-09-23,UPI,Success,6486.33
PAY01401,O01401,2023-01-04,Debit Card,Success,1868.5
PAY01402,O01402,2024-11-01,Debit Card,Success,13333.82
PAY01403,O01403,2023-06-26,Credit Card,Success,865.71
PAY01404,O01404,2025-09-28,Credit Card,Success,3572.16
PAY01405,O01405,2023-10-25,Credit Card,Refunded,7461.16
PAY01406,O01406,2023-04-29,UPI,Success,63916.96
PAY01407,O01407,2025-02-28,UPI,Success,3582.06
PAY01408,O01408,2024-10-04,Debit Card,Success,49773.29
PAY01409,O01409,2023-07-27,Debit Card,Success,15021.2
PAY01410,O01410,2025-11-24,Credit Card,Success,98567.84
PAY01411,O01411,2023-02-01,COD,Success,2008.72
PAY01412,O01412,2025-07-30,Credit Card,Success,19117.78
PAY01413,O01413,2025-04-02,UPI,Success,4159.48
PAY01414,O01414,2023-09-16,Debit Card,Success,15715.98
PAY01415,O01415,2023-07-03,Net Banking,Success,44999.91
PAY01416,O01416,2023-07-28,Debit Card,Success,73996.17
PAY01417,O01417,2025-05-29,COD,Success,14875.62
PAY01418,O01418,2023-12-08,UPI,Success,2168.43
PAY01419,O01419,2024-01-14,UPI,Success,2513.63
PAY01420,O01420,2024-02-17,UPI,Success,11523.05
PAY01421,O01421,2024-01-20,Debit Card,Success,91291.12
PAY01422,O01422,2025-04-17,Credit Card,Success,91122.99
PAY01423,O01423,2024-07-26,Credit Card,Success,8071.38
PAY01424,O01424,2024-01-04,UPI,Success,12572.92
PAY01425,O01425,2023-10-07,Debit Card,Refunded,8763.39
PAY01426,O01426,2023-03-14,COD,Success,26898.25
PAY01427,O01427,2024-09-15,UPI,Success,1538.0
PAY01428,O01428,2024-05-19,UPI,Success,49018.58
PAY01429,O01429,2025-08-09,UPI,Success,12642.94
PAY01430,O01430,2023-04-17,UPI,Success,3075.08
PAY01431,O01431,2023-06-10,Credit Card,Refunded,876.34
PAY01432,O01432,2023-01-14,Debit Card,Success,106925.12
PAY01433,O01433,2023-01-05,COD,Success,3055.73
PAY01434,O01434,2025-10-15,UPI,Success,6836.89
PAY01435,O01435,2023-07-31,UPI,Success,8431.49
PAY01436,O01436,2023-11-23,UPI,Success,4668.37
PAY01437,O01437,2025-05-09,UPI,Success,918.92
PAY01438,O01438,2024-04-12,UPI,Refunded,13385.7
PAY01439,O01439,2025-01-15,UPI,Success,2884.04
PAY01440,O01440,2023-06-26,Credit Card,Success,24006.02
PAY01441,O01441,2023-05-13,Credit Card,Refunded,56388.54
PAY01442,O01442,2025-02-17,Debit Card,Failed,1324.19
PAY01443,O01443,2024-02-20,UPI,Success,1309.87
PAY01444,O01444,2023-12-11,COD,Success,92566.82
PAY01445,O01445,2024-04-29,UPI,Success,93358.5
PAY01446,O01446,2024-08-02,Credit Card,Success,50273.04
PAY01447,O01447,2023-12-11,Debit Card,Success,85119.07
PAY01448,O01448,2024-04-20,UPI,Refunded,2911.16
PAY01449,O01449,2024-06-10,Debit Card,Success,17282.2
PAY01450,O01450,2023-02-16,COD,Success,540.48
PAY01451,O01451,2025-09-08,UPI,Success,5521.56
PAY01452,O01452,2023-01-23,Credit Card,Success,2575.91
PAY01453,O01453,2023-03-10,UPI,Failed,484.88
PAY01454,O01454,2024-09-19,UPI,Success,53495.51
PAY01455,O01455,2023-07-25,UPI,Success,938.0
PAY01456,O01456,2023-09-17,Debit Card,Success,469.0
PAY01457,O01457,2024-06-30,UPI,Refunded,985.06
PAY01458,O01458,2025-03-18,UPI,Success,23240.74
PAY01459,O01459,2023-09-10,UPI,Failed,41267.94
PAY01460,O01460,2023-06-03,UPI,Success,100279.54
PAY01461,O01461,2023-03-19,UPI,Success,87835.8
PAY01462,O01462,2024-12-04,Debit Card,Success,138186.53
PAY01463,O01463,2024-06-23,Net Banking,Success,2961.4
PAY01464,O01464,2024-12-26,Credit Card,Success,4706.12
PAY01465,O01465,2024-01-06,Debit Card,Success,5947.69
PAY01466,O01466,2024-07-22,COD,Refunded,1006.79
PAY01467,O01467,2024-09-16,Credit Card,Success,12614.08
PAY01468,O01468,2023-06-06,UPI,Success,67591.0
PAY01469,O01469,2025-03-05,Net Banking,Failed,34330.18
PAY01470,O01470,2023-09-30,COD,Success,270.25
PAY01471,O01471,2024-07-16,UPI,Success,120582.5
PAY01472,O01472,2025-12-27,Debit Card,Success,81879.89
PAY01473,O01473,2023-05-13,Debit Card,Success,2125.12
PAY01474,O01474,2025-04-24,Debit Card,Refunded,4276.3
PAY01475,O01475,2023-09-22,COD,Failed,72063.51
PAY01476,O01476,2023-08-10,Debit Card,Failed,99818.96
PAY01477,O01477,2025-06-17,Credit Card,Failed,4109.24
PAY01478,O01478,2025-07-27,COD,Success,9336.15
PAY01479,O01479,2025-09-15,UPI,Success,106604.3
PAY01480,O01480,2023-10-18,Debit Card,Success,49088.32
PAY01481,O01481,2025-01-22,Debit Card,Refunded,1507.96
PAY01482,O01482,2023-11-17,COD,Success,9679.62
PAY01483,O01483,2023-11-15,Net Banking,Success,689.8
PAY01484,O01484,2024-05-02,Credit Card,Success,243.22
PAY01485,O01485,2024-08-10,Credit Card,Success,2224.19
PAY01486,O01486,2023-02-08,Debit Card,Success,21192.8
PAY01487,O01487,2025-08-02,Debit Card,Success,25171.17
PAY01488,O01488,2023-04-15,Debit Card,Success,27809.66
PAY01489,O01489,2024-05-22,UPI,Success,2651.04
PAY01490,O01490,2024-07-24,Credit Card,Success,85694.21
PAY01491,O01491,2023-11-27,UPI,Success,23107.23
PAY01492,O01492,2025-09-10,UPI,Refunded,15688.46
PAY01493,O01493,2023-11-04,Debit Card,Success,1115.11
PAY01494,O01494,2023-08-10,COD,Success,50148.57
PAY01495,O01495,2024-10-18,Net Banking,Failed,77855.31
PAY01496,O01496,2025-11-16,Credit Card,Success,64504.61
PAY01497,O01497,2024-11-04,COD,Success,122730.12
PAY01498,O01498,2023-06-02,Debit Card,Success,4147.78
PAY01499,O01499,2023-06-24,UPI,Success,11039.66
PAY01500,O01500,2024-12-24,UPI,Success,52302.1
PAY01501,O01501,2025-09-06,Debit Card,Success,816.31
PAY01502,O01502,2025-11-13,UPI,Success,3588.89
PAY01503,O01503,2025-03-20,Credit Card,Failed,23561.87
PAY01504,O01504,2025-05-26,Credit Card,Success,5767.47
PAY01505,O01505,2024-09-13,COD,Refunded,3696.3
PAY01506,O01506,2023-02-17,Debit Card,Success,1479.73
PAY01507,O01507,2025-06-08,COD,Success,67303.53
PAY01508,O01508,2025-04-19,Debit Card,Success,12247.81
PAY01509,O01509,2024-07-24,Net Banking,Failed,1981.6
PAY01510,O01510,2024-06-23,COD,Success,43782.24
PAY01511,O01511,2023-02-15,UPI,Success,52584.68
PAY01512,O01512,2024-08-21,Net Banking,Success,92418.09
PAY01513,O01513,2023-01-23,UPI,Success,19791.89
PAY01514,O01514,2023-08-16,Debit Card,Success,55854.49
PAY01515,O01515,2024-07-02,Net Banking,Success,9325.49
PAY01516,O01516,2024-01-09,UPI,Success,1074.9
PAY01517,O01517,2024-09-05,COD,Success,699.43
PAY01518,O01518,2024-10-17,Net Banking,Success,1209.82
PAY01519,O01519,2025-10-24,COD,Failed,53412.0
PAY01520,O01520,2023-01-25,COD,Success,6682.6
PAY01521,O01521,2025-04-12,UPI,Success,1852.58
PAY01522,O01522,2024-06-24,Credit Card,Success,3343.41
PAY01523,O01523,2024-01-07,COD,Success,568.58
PAY01524,O01524,2025-07-03,UPI,Success,47545.55
PAY01525,O01525,2025-12-30,COD,Success,34514.62
PAY01526,O01526,2025-01-29,UPI,Success,4089.05
PAY01527,O01527,2025-02-24,Credit Card,Success,45167.21
PAY01528,O01528,2025-10-12,UPI,Success,33547.76
PAY01529,O01529,2023-02-11,UPI,Success,11458.73
PAY01530,O01530,2025-11-29,Credit Card,Success,621.41
PAY01531,O01531,2025-12-15,Debit Card,Success,49166.56
PAY01532,O01532,2025-06-04,UPI,Refunded,58376.38
PAY01533,O01533,2025-01-14,UPI,Success,57190.25
PAY01534,O01534,2024-07-21,Credit Card,Success,1923.45
PAY01535,O01535,2023-10-31,COD,Success,3851.07
PAY01536,O01536,2025-08-21,UPI,Success,8281.64
PAY01537,O01537,2025-07-24,Debit Card,Success,59252.92
PAY01538,O01538,2024-07-09,Credit Card,Success,1332.36
PAY01539,O01539,2023-01-06,Net Banking,Success,34064.11
PAY01540,O01540,2025-05-30,UPI,Success,352.42
PAY01541,O01541,2024-02-16,UPI,Refunded,37231.83
PAY01542,O01542,2023-09-22,UPI,Success,57046.94
PAY01543,O01543,2023-01-17,COD,Success,9673.16
PAY01544,O01544,2023-03-30,Net Banking,Failed,5192.82
PAY01545,O01545,2023-04-11,COD,Success,27366.7
PAY01546,O01546,2025-10-04,Debit Card,Refunded,5538.49
PAY01547,O01547,2023-08-05,UPI,Success,10376.59
PAY01548,O01548,2024-02-14,UPI,Success,910.55
PAY01549,O01549,2023-07-11,Net Banking,Success,11864.2
PAY01550,O01550,2024-09-09,Debit Card,Success,4069.84
PAY01551,O01551,2025-11-18,Credit Card,Success,5804.94
PAY01552,O01552,2024-08-18,Debit Card,Success,13911.42
PAY01553,O01553,2023-08-19,UPI,Success,4598.07
PAY01554,O01554,2025-03-12,COD,Failed,161100.55
PAY01555,O01555,2024-06-14,Debit Card,Success,1661.15
PAY01556,O01556,2023-03-12,Credit Card,Success,4535.64
PAY01557,O01557,2023-04-28,Credit Card,Refunded,7232.77
PAY01558,O01558,2023-04-10,COD,Success,400.3
PAY01559,O01559,2024-08-22,UPI,Success,437.77
PAY01560,O01560,2025-05-09,UPI,Success,4265.26
PAY01561,O01561,2023-10-24,UPI,Success,32339.32
PAY01562,O01562,2025-10-01,UPI,Failed,23096.27
PAY01563,O01563,2024-09-26,Credit Card,Success,20041.09
PAY01564,O01564,2023-02-26,Debit Card,Success,19210.69
PAY01565,O01565,2025-11-04,Net Banking,Failed,89122.3
PAY01566,O01566,2023-07-12,Debit Card,Success,1227.26
PAY01567,O01567,2025-09-22,Credit Card,Success,2436.51
PAY01568,O01568,2025-11-12,COD,Success,21410.97
PAY01569,O01569,2023-02-01,COD,Success,824.8
PAY01570,O01570,2023-11-07,Debit Card,Success,5259.78
PAY01571,O01571,2024-07-25,UPI,Success,892.78
PAY01572,O01572,2023-03-08,UPI,Success,5749.64
PAY01573,O01573,2023-06-16,UPI,Success,17443.66
PAY01574,O01574,2024-07-19,Net Banking,Success,5407.7
PAY01575,O01575,2023-07-01,Credit Card,Success,4469.88
PAY01576,O01576,2024-06-28,COD,Success,5422.91
PAY01577,O01577,2024-12-28,COD,Success,53438.33
PAY01578,O01578,2025-02-15,Debit Card,Success,12732.55
PAY01579,O01579,2025-11-06,UPI,Success,14097.84
PAY01580,O01580,2023-05-07,UPI,Success,418.49
PAY01581,O01581,2023-03-25,COD,Failed,42273.01
PAY01582,O01582,2025-12-01,Debit Card,Success,653.65
PAY01583,O01583,2025-08-28,Credit Card,Failed,89396.64
PAY01584,O01584,2024-03-13,UPI,Success,4596.6
PAY01585,O01585,2025-08-25,UPI,Success,14750.88
PAY01586,O01586,2024-06-13,UPI,Success,38066.2
PAY01587,O01587,2025-07-22,Credit Card,Success,2600.37
PAY01588,O01588,2025-01-04,Credit Card,Success,566.13
PAY01589,O01589,2024-07-10,Net Banking,Success,1675.52
PAY01590,O01590,2023-08-31,Net Banking,Success,2026.41
PAY01591,O01591,2023-12-01,Credit Card,Success,1086.04
PAY01592,O01592,2023-02-17,COD,Failed,1730.94
PAY01593,O01593,2024-04-07,COD,Success,63152.67
PAY01594,O01594,2023-11-14,Debit Card,Success,479.94
PAY01595,O01595,2023-01-04,Credit Card,Refunded,4250.82
PAY01596,O01596,2024-01-07,Credit Card,Success,34634.73
PAY01597,O01597,2025-10-30,UPI,Success,34330.18
PAY01598,O01598,2024-08-11,Net Banking,Failed,8599.85
PAY01599,O01599,2024-02-27,COD,Success,55490.14
PAY01600,O01600,2025-04-12,UPI,Success,17595.17
PAY01601,O01601,2025-08-19,UPI,Failed,9807.81
PAY01602,O01602,2024-12-28,Credit Card,Success,10344.72
PAY01603,O01603,2024-04-22,Credit Card,Success,9813.5
PAY01604,O01604,2023-09-04,UPI,Success,17898.15
PAY01605,O01605,2024-11-24,COD,Success,784.09
PAY01606,O01606,2024-05-04,UPI,Success,1775.07
PAY01607,O01607,2025-05-04,UPI,Success,2223.66
PAY01608,O01608,2025-01-23,Net Banking,Success,13248.38
PAY01609,O01609,2025-07-17,COD,Success,5427.92
PAY01610,O01610,2025-10-25,Credit Card,Refunded,737.17
PAY01611,O01611,2023-08-05,Net Banking,Success,4362.3
PAY01612,O01612,2025-08-16,COD,Success,692.1
PAY01613,O01613,2023-11-08,UPI,Success,1368.76
PAY01614,O01614,2023-02-08,UPI,Success,2111.29
PAY01615,O01615,2025-06-23,Credit Card,Success,21885.81
PAY01616,O01616,2025-12-20,Net Banking,Failed,6829.32
PAY01617,O01617,2023-08-23,COD,Success,15209.7
PAY01618,O01618,2024-05-29,UPI,Success,93550.71
PAY01619,O01619,2023-05-30,Credit Card,Success,233.8
PAY01620,O01620,2023-08-04,Debit Card,Success,28397.6
PAY01621,O01621,2024-02-03,UPI,Success,2512.11
PAY01622,O01622,2025-10-26,Debit Card,Success,48007.35
PAY01623,O01623,2023-07-08,UPI,Success,740.57
PAY01624,O01624,2024-10-21,UPI,Success,1441.28
PAY01625,O01625,2023-01-28,Credit Card,Success,21197.5
PAY01626,O01626,2024-11-07,Net Banking,Success,1396.46
PAY01627,O01627,2023-05-15,COD,Success,16406.28
PAY01628,O01628,2023-11-03,COD,Success,32718.48
PAY01629,O01629,2024-05-09,COD,Success,10247.58
PAY01630,O01630,2024-12-26,UPI,Success,4114.82
PAY01631,O01631,2025-05-11,COD,Success,6466.87
PAY01632,O01632,2024-01-26,UPI,Success,1235.27
PAY01633,O01633,2025-11-06,COD,Success,43772.65
PAY01634,O01634,2024-08-22,Credit Card,Success,1757.64
PAY01635,O01635,2025-07-07,UPI,Success,6835.81
PAY01636,O01636,2025-06-12,Credit Card,Success,3095.61
PAY01637,O01637,2023-08-13,Credit Card,Success,4434.8
PAY01638,O01638,2025-04-07,Debit Card,Success,6429.16
PAY01639,O01639,2023-09-24,Debit Card,Success,14836.54
PAY01640,O01640,2023-09-12,COD,Success,2519.92
PAY01641,O01641,2023-07-20,Credit Card,Success,1713.14
PAY01642,O01642,2025-12-15,Debit Card,Success,52622.28
PAY01643,O01643,2025-07-16,COD,Refunded,11333.66
PAY01644,O01644,2024-02-11,UPI,Success,448.84
PAY01645,O01645,2024-05-01,UPI,Success,3692.36
PAY01646,O01646,2025-05-04,COD,Failed,1163.45
PAY01647,O01647,2023-12-29,Debit Card,Success,2500.5
PAY01648,O01648,2023-08-01,Credit Card,Success,1600.48
PAY01649,O01649,2024-12-02,UPI,Refunded,11406.47
PAY01650,O01650,2025-05-26,UPI,Success,1117.17
PAY01651,O01651,2024-09-07,UPI,Success,51638.19
PAY01652,O01652,2025-07-06,UPI,Success,64609.55
PAY01653,O01653,2023-05-24,UPI,Success,7712.3
PAY01654,O01654,2025-12-31,UPI,Success,21811.88
PAY01655,O01655,2025-08-17,UPI,Success,16458.83
PAY01656,O01656,2025-05-15,COD,Success,4238.72
PAY01657,O01657,2023-03-03,UPI,Success,25048.66
PAY01658,O01658,2024-06-05,Credit Card,Success,39095.89
PAY01659,O01659,2023-11-07,UPI,Success,2110.9
PAY01660,O01660,2023-12-07,Credit Card,Success,54406.93
PAY01661,O01661,2025-06-19,UPI,Success,28777.44
PAY01662,O01662,2025-02-02,UPI,Success,4384.64
PAY01663,O01663,2023-08-29,Net Banking,Success,4628.35
PAY01664,O01664,2023-08-13,Credit Card,Success,3671.32
PAY01665,O01665,2023-10-08,Credit Card,Failed,5513.57
PAY01666,O01666,2024-03-05,UPI,Success,34184.3
PAY01667,O01667,2024-02-08,Credit Card,Success,34011.97
PAY01668,O01668,2023-02-16,Debit Card,Success,6213.54
PAY01669,O01669,2024-05-28,UPI,Success,2203.32
PAY01670,O01670,2025-10-20,Credit Card,Failed,3630.67
PAY01671,O01671,2023-11-02,UPI,Success,18999.79
PAY01672,O01672,2023-06-03,Credit Card,Success,47694.64
PAY01673,O01673,2023-12-18,COD,Success,77583.42
PAY01674,O01674,2024-12-07,UPI,Success,11797.93
PAY01675,O01675,2023-04-02,Credit Card,Success,1714.34
PAY01676,O01676,2023-04-16,Credit Card,Success,26443.89
PAY01677,O01677,2025-01-12,UPI,Success,10158.98
PAY01678,O01678,2023-05-14,Net Banking,Success,6261.95
PAY01679,O01679,2025-02-09,UPI,Success,37613.74
PAY01680,O01680,2024-04-04,Credit Card,Failed,720.73
PAY01681,O01681,2025-06-17,UPI,Success,893.15
PAY01682,O01682,2025-11-12,UPI,Success,35730.11
PAY01683,O01683,2023-09-08,Credit Card,Success,11880.93
PAY01684,O01684,2023-07-13,Debit Card,Success,6597.45
PAY01685,O01685,2024-08-07,COD,Failed,3655.94
PAY01686,O01686,2023-06-19,Debit Card,Success,1729.02
PAY01687,O01687,2023-06-20,Credit Card,Success,19140.55
PAY01688,O01688,2024-06-21,COD,Success,7987.72
PAY01689,O01689,2024-02-14,Credit Card,Success,1406.66
PAY01690,O01690,2024-05-16,Net Banking,Success,965.44
PAY01691,O01691,2023-04-09,Credit Card,Success,39190.22
PAY01692,O01692,2025-04-16,UPI,Success,25880.66
PAY01693,O01693,2025-12-16,Credit Card,Success,77016.66
PAY01694,O01694,2023-09-04,Credit Card,Success,5237.16
PAY01695,O01695,2024-11-14,UPI,Failed,809.14
PAY01696,O01696,2024-12-15,UPI,Success,42702.43
PAY01697,O01697,2023-04-17,Credit Card,Success,1479.73
PAY01698,O01698,2025-12-07,COD,Success,50381.65
PAY01699,O01699,2025-04-24,UPI,Success,4529.37
PAY01700,O01700,2023-02-15,UPI,Failed,1406.51
PAY01701,O01701,2024-02-01,Debit Card,Success,62648.4
PAY01702,O01702,2025-12-19,UPI,Success,36735.41
PAY01703,O01703,2024-09-07,COD,Success,6350.48
PAY01704,O01704,2025-08-08,Debit Card,Success,45645.42
PAY01705,O01705,2024-11-05,Credit Card,Success,50978.45
PAY01706,O01706,2023-08-26,UPI,Success,58795.26
PAY01707,O01707,2024-09-20,UPI,Success,31154.55
PAY01708,O01708,2023-06-21,UPI,Success,86306.12
PAY01709,O01709,2025-04-02,COD,Success,30374.3
PAY01710,O01710,2024-01-29,Net Banking,Success,29661.75
PAY01711,O01711,2024-05-15,Debit Card,Success,70211.49
PAY01712,O01712,2023-06-25,Credit Card,Success,1722.52
PAY01713,O01713,2024-08-15,Net Banking,Success,39551.41
PAY01714,O01714,2023-06-22,COD,Success,449.41
PAY01715,O01715,2025-08-17,Debit Card,Success,24497.91
PAY01716,O01716,2024-11-08,UPI,Success,4964.52
PAY01717,O01717,2025-03-21,UPI,Success,31726.17
PAY01718,O01718,2024-09-14,UPI,Failed,55697.66
PAY01719,O01719,2024-12-20,UPI,Success,70381.45
PAY01720,O01720,2023-12-04,Credit Card,Success,55922.82
PAY01721,O01721,2025-12-29,Net Banking,Success,8998.67
PAY01722,O01722,2025-07-26,Debit Card,Success,13163.82
PAY01723,O01723,2024-01-15,Debit Card,Success,25581.91
PAY01724,O01724,2025-11-03,Credit Card,Refunded,109860.98
PAY01725,O01725,2024-02-22,UPI,Success,2878.66
PAY01726,O01726,2023-11-28,UPI,Success,36924.98
PAY01727,O01727,2025-09-10,Credit Card,Success,6469.78
PAY01728,O01728,2023-10-07,UPI,Success,15562.8
PAY01729,O01729,2025-05-30,Credit Card,Success,1036.9
PAY01730,O01730,2024-03-22,UPI,Success,66745.64
PAY01731,O01731,2025-04-11,UPI,Success,41919.65
PAY01732,O01732,2025-01-05,UPI,Success,55662.88
PAY01733,O01733,2025-11-18,UPI,Failed,25033.79
PAY01734,O01734,2023-07-14,COD,Success,17571.13
PAY01735,O01735,2025-03-25,Debit Card,Success,8488.74
PAY01736,O01736,2025-08-19,Credit Card,Success,2776.75
PAY01737,O01737,2024-02-29,Credit Card,Success,464.16
PAY01738,O01738,2024-12-06,Debit Card,Success,1481.54
PAY01739,O01739,2023-04-02,Debit Card,Failed,3567.9
PAY01740,O01740,2024-10-11,Net Banking,Success,9337.0
PAY01741,O01741,2025-03-06,UPI,Success,84067.86
PAY01742,O01742,2025-01-12,COD,Refunded,1158.88
PAY01743,O01743,2023-05-26,Net Banking,Success,24659.85
PAY01744,O01744,2024-03-27,UPI,Success,44388.58
PAY01745,O01745,2023-08-31,UPI,Success,4845.01
PAY01746,O01746,2025-11-20,Credit Card,Refunded,47027.01
PAY01747,O01747,2025-02-11,COD,Success,1591.93
PAY01748,O01748,2025-12-20,UPI,Success,459.41
PAY01749,O01749,2024-04-20,Credit Card,Success,105469.46
PAY01750,O01750,2023-04-13,COD,Success,3860.24
PAY01751,O01751,2025-03-20,UPI,Success,46426.43
PAY01752,O01752,2025-03-02,UPI,Success,1249.39
PAY01753,O01753,2024-09-26,Net Banking,Success,51015.47
PAY01754,O01754,2025-05-28,COD,Success,46656.45
PAY01755,O01755,2024-08-13,Debit Card,Success,13777.06
PAY01756,O01756,2023-10-01,Credit Card,Success,740.57
PAY01757,O01757,2025-06-01,COD,Success,95083.5
PAY01758,O01758,2023-02-27,Net Banking,Refunded,1115.16
PAY01759,O01759,2025-01-29,Debit Card,Failed,384.34
PAY01760,O01760,2025-09-11,Credit Card,Success,5389.86
PAY01761,O01761,2025-08-02,Credit Card,Success,100705.59
PAY01762,O01762,2024-01-22,UPI,Success,40429.44
PAY01763,O01763,2023-02-14,UPI,Success,717.24
PAY01764,O01764,2023-10-20,COD,Success,9337.0
PAY01765,O01765,2025-03-26,UPI,Refunded,33295.27
PAY01766,O01766,2023-08-28,UPI,Success,630.42
PAY01767,O01767,2023-10-05,Credit Card,Success,53743.98
PAY01768,O01768,2024-02-24,UPI,Success,274.56
PAY01769,O01769,2023-07-27,UPI,Failed,12224.4
PAY01770,O01770,2024-01-02,Credit Card,Success,2462.7
PAY01771,O01771,2025-04-13,Credit Card,Success,17435.87
PAY01772,O01772,2024-07-22,UPI,Failed,54859.37
PAY01773,O01773,2023-06-09,Credit Card,Success,1215.23
PAY01774,O01774,2023-04-07,UPI,Success,256.73
PAY01775,O01775,2024-03-02,UPI,Refunded,3787.13
PAY01776,O01776,2024-08-23,COD,Success,1096.51
PAY01777,O01777,2023-09-26,UPI,Refunded,54672.47
PAY01778,O01778,2023-02-15,Debit Card,Success,19188.77
PAY01779,O01779,2024-08-17,Credit Card,Success,1406.92
PAY01780,O01780,2025-10-08,UPI,Success,359.61
PAY01781,O01781,2023-01-10,UPI,Success,49465.05
PAY01782,O01782,2024-11-01,COD,Success,236.93
PAY01783,O01783,2024-01-17,Credit Card,Success,853.02
PAY01784,O01784,2024-12-29,Credit Card,Refunded,26487.84
PAY01785,O01785,2023-04-27,COD,Success,881.36
PAY01786,O01786,2024-01-23,UPI,Success,5848.4
PAY01787,O01787,2024-03-15,COD,Failed,30405.93
PAY01788,O01788,2025-06-29,Credit Card,Success,1833.25
PAY01789,O01789,2025-04-24,Credit Card,Success,67038.22
PAY01790,O01790,2025-07-24,Debit Card,Success,58240.63
PAY01791,O01791,2025-05-25,Credit Card,Success,17605.27
PAY01792,O01792,2023-01-29,UPI,Success,37592.35
PAY01793,O01793,2024-09-29,Debit Card,Refunded,2703.73
PAY01794,O01794,2023-03-20,COD,Success,61461.02
PAY01795,O01795,2024-08-11,Credit Card,Failed,2254.52
PAY01796,O01796,2023-08-23,Credit Card,Success,42463.4
PAY01797,O01797,2023-11-26,UPI,Success,60300.56
PAY01798,O01798,2025-10-25,Debit Card,Success,7232.77
PAY01799,O01799,2023-12-15,COD,Success,61508.97
PAY01800,O01800,2025-01-26,Debit Card,Success,30035.54
PAY01801,O01801,2024-02-23,COD,Success,27183.7
PAY01802,O01802,2024-01-26,COD,Success,3283.93
PAY01803,O01803,2024-08-13,UPI,Success,52800.61
PAY01804,O01804,2023-04-26,Credit Card,Success,6191.22
PAY01805,O01805,2023-01-04,Credit Card,Success,21355.09
PAY01806,O01806,2024-10-06,Credit Card,Failed,60506.04
PAY01807,O01807,2023-01-09,UPI,Success,4102.62
PAY01808,O01808,2023-04-29,Credit Card,Success,31068.13
PAY01809,O01809,2025-05-05,UPI,Success,5494.01
PAY01810,O01810,2024-12-02,COD,Success,3382.35
PAY01811,O01811,2025-07-22,Net Banking,Success,105504.97
PAY01812,O01812,2023-05-05,UPI,Success,1119.17
PAY01813,O01813,2023-08-11,Credit Card,Success,67026.44
PAY01814,O01814,2023-11-24,COD,Success,18865.15
PAY01815,O01815,2025-10-13,UPI,Success,25293.47
PAY01816,O01816,2025-03-30,UPI,Refunded,42575.94
PAY01817,O01817,2023-09-17,Debit Card,Refunded,3380.11
PAY01818,O01818,2023-03-09,Debit Card,Success,1941.09
PAY01819,O01819,2025-06-01,Credit Card,Success,15866.26
PAY01820,O01820,2025-12-23,Net Banking,Failed,18283.21
PAY01821,O01821,2025-08-31,Net Banking,Success,62058.43
PAY01822,O01822,2023-10-06,COD,Success,53640.33
PAY01823,O01823,2024-08-13,UPI,Success,6620.7
PAY01824,O01824,2023-09-30,UPI,Success,56478.63
PAY01825,O01825,2024-05-17,COD,Refunded,14094.17
PAY01826,O01826,2024-10-20,Debit Card,Failed,274.56
PAY01827,O01827,2025-06-13,Credit Card,Success,30188.3
PAY01828,O01828,2024-07-23,Credit Card,Success,4789.68
PAY01829,O01829,2023-08-07,COD,Success,5324.42
PAY01830,O01830,2024-11-17,UPI,Failed,51332.32
PAY01831,O01831,2023-06-09,Net Banking,Success,20630.98
PAY01832,O01832,2023-12-26,Debit Card,Success,132662.62
PAY01833,O01833,2024-06-28,COD,Success,31688.22
PAY01834,O01834,2023-10-18,UPI,Success,22523.15
PAY01835,O01835,2023-02-07,Credit Card,Refunded,678.13
PAY01836,O01836,2025-09-05,Debit Card,Refunded,18123.15
PAY01837,O01837,2025-05-09,Credit Card,Success,20271.5
PAY01838,O01838,2023-03-09,Credit Card,Success,47947.74
PAY01839,O01839,2025-03-08,Credit Card,Success,4044.2
PAY01840,O01840,2023-06-08,UPI,Success,17336.7
PAY01841,O01841,2023-05-03,COD,Success,925.93
PAY01842,O01842,2023-07-11,COD,Success,2896.24
PAY01843,O01843,2023-12-24,UPI,Success,1225.14
PAY01844,O01844,2024-06-16,COD,Success,1299.7
PAY01845,O01845,2024-04-25,Debit Card,Success,37997.36
PAY01846,O01846,2025-03-09,Credit Card,Success,2799.28
PAY01847,O01847,2025-08-12,UPI,Success,94865.69
PAY01848,O01848,2023-07-08,Credit Card,Success,10334.7
PAY01849,O01849,2024-04-20,Credit Card,Success,27183.7
PAY01850,O01850,2025-07-07,Credit Card,Success,4720.12
PAY01851,O01851,2024-10-12,Credit Card,Success,47646.93
PAY01852,O01852,2023-06-12,UPI,Failed,5647.36
PAY01853,O01853,2025-03-13,Debit Card,Success,2651.04
PAY01854,O01854,2023-02-17,Debit Card,Success,26965.87
PAY01855,O01855,2023-01-24,Net Banking,Success,36112.19
PAY01856,O01856,2023-06-23,UPI,Success,24080.98
PAY01857,O01857,2025-05-30,UPI,Success,921.35
PAY01858,O01858,2025-02-14,Credit Card,Success,630.11
PAY01859,O01859,2023-08-19,UPI,Success,36878.83
PAY01860,O01860,2024-12-04,Debit Card,Failed,47634.34
PAY01861,O01861,2023-04-30,UPI,Success,79544.32
PAY01862,O01862,2023-02-24,Credit Card,Success,1692.5
PAY01863,O01863,2025-08-07,Debit Card,Success,100255.79
PAY01864,O01864,2024-07-25,Credit Card,Success,1036.9
PAY01865,O01865,2024-06-06,UPI,Success,531.4
PAY01866,O01866,2025-02-10,COD,Success,29390.42
PAY01867,O01867,2025-02-21,COD,Success,6505.41
PAY01868,O01868,2024-10-17,UPI,Success,22061.92
PAY01869,O01869,2023-04-25,COD,Refunded,1752.24
PAY01870,O01870,2023-04-11,Credit Card,Success,10297.25
PAY01871,O01871,2024-04-19,Credit Card,Success,4308.2
PAY01872,O01872,2025-11-13,UPI,Success,60976.52
PAY01873,O01873,2023-08-28,Debit Card,Success,3695.9
PAY01874,O01874,2024-09-12,UPI,Success,8808.62
PAY01875,O01875,2024-11-03,Credit Card,Refunded,54253.64
PAY01876,O01876,2024-01-24,Net Banking,Success,8795.51
PAY01877,O01877,2024-08-28,Debit Card,Failed,2817.93
PAY01878,O01878,2023-05-04,COD,Success,8216.24
PAY01879,O01879,2024-07-16,Credit Card,Failed,170548.33
PAY01880,O01880,2023-11-15,UPI,Success,1320.23
PAY01881,O01881,2023-01-20,UPI,Success,25070.03
PAY01882,O01882,2024-06-26,UPI,Success,5600.06
PAY01883,O01883,2024-02-11,Credit Card,Success,50388.98
PAY01884,O01884,2025-09-06,Debit Card,Success,2333.46
PAY01885,O01885,2024-11-23,Credit Card,Success,640.81
PAY01886,O01886,2023-04-23,Credit Card,Success,26693.88
PAY01887,O01887,2025-10-31,UPI,Success,3291.43
PAY01888,O01888,2024-01-14,UPI,Success,1118.5
PAY01889,O01889,2025-07-28,Credit Card,Success,15798.7
PAY01890,O01890,2023-08-27,Credit Card,Success,3599.31
PAY01891,O01891,2024-10-06,Net Banking,Success,13666.3
PAY01892,O01892,2023-11-26,UPI,Success,68149.64
PAY01893,O01893,2023-07-05,Debit Card,Success,2999.62
PAY01894,O01894,2024-04-27,COD,Success,53567.55
PAY01895,O01895,2024-08-24,UPI,Refunded,4748.8
PAY01896,O01896,2023-12-29,Net Banking,Success,698.97
PAY01897,O01897,2025-11-27,UPI,Success,21337.4
PAY01898,O01898,2024-06-01,Net Banking,Success,11832.76
PAY01899,O01899,2023-11-27,UPI,Success,1077.24
PAY01900,O01900,2023-09-27,Debit Card,Success,28681.5
PAY01901,O01901,2025-12-31,COD,Success,4739.89
PAY01902,O01902,2025-08-12,UPI,Success,2087.52
PAY01903,O01903,2024-01-14,UPI,Refunded,3711.43
PAY01904,O01904,2023-10-22,UPI,Refunded,5446.01
PAY01905,O01905,2023-12-26,UPI,Success,73291.51
PAY01906,O01906,2024-06-07,Credit Card,Success,27175.09
PAY01907,O01907,2024-09-15,COD,Failed,6906.22
PAY01908,O01908,2025-11-27,UPI,Success,4594.03
PAY01909,O01909,2023-12-12,UPI,Success,25526.78
PAY01910,O01910,2024-09-10,UPI,Success,55926.33
PAY01911,O01911,2024-07-30,UPI,Success,115655.27
PAY01912,O01912,2024-02-03,Net Banking,Success,28251.26
PAY01913,O01913,2024-02-27,UPI,Success,954.99
PAY01914,O01914,2024-10-23,Credit Card,Success,332.6
PAY01915,O01915,2024-02-06,UPI,Failed,107518.96
PAY01916,O01916,2023-02-15,UPI,Failed,83965.53
PAY01917,O01917,2024-11-19,UPI,Success,253.55
PAY01918,O01918,2023-06-05,UPI,Success,12026.36
PAY01919,O01919,2023-09-19,UPI,Success,20720.06
PAY01920,O01920,2024-10-06,COD,Success,4154.64
PAY01921,O01921,2023-10-15,Credit Card,Success,24292.09
PAY01922,O01922,2025-04-24,Credit Card,Success,7026.41
PAY01923,O01923,2024-10-02,UPI,Success,4171.78
PAY01924,O01924,2024-12-05,UPI,Success,7588.13
PAY01925,O01925,2023-06-08,UPI,Failed,102517.97
PAY01926,O01926,2024-09-06,UPI,Failed,13876.36
PAY01927,O01927,2024-03-05,UPI,Success,201563.95
PAY01928,O01928,2025-09-08,COD,Success,2286.78
PAY01929,O01929,2025-05-01,UPI,Success,42639.04
PAY01930,O01930,2023-09-24,UPI,Success,63024.97
PAY01931,O01931,2023-03-02,Credit Card,Refunded,49112.85
PAY01932,O01932,2024-09-10,Credit Card,Success,4882.46
PAY01933,O01933,2023-06-21,Debit Card,Failed,32777.22
PAY01934,O01934,2024-10-19,UPI,Success,12671.89
PAY01935,O01935,2025-04-18,Credit Card,Success,6486.03
PAY01936,O01936,2025-10-21,COD,Success,4941.32
PAY01937,O01937,2025-04-03,Credit Card,Success,37336.96
PAY01938,O01938,2025-01-05,Net Banking,Success,7534.54
PAY01939,O01939,2024-02-02,Credit Card,Success,1389.3
PAY01940,O01940,2025-11-06,Debit Card,Success,1421.67
PAY01941,O01941,2025-08-28,Credit Card,Success,22715.02
PAY01942,O01942,2024-04-07,COD,Success,29229.65
PAY01943,O01943,2023-05-20,Credit Card,Failed,15727.09
PAY01944,O01944,2025-02-01,Net Banking,Success,21507.51
PAY01945,O01945,2023-05-31,UPI,Success,3079.58
PAY01946,O01946,2025-05-14,COD,Success,1837.71
PAY01947,O01947,2025-02-20,Debit Card,Success,11949.64
PAY01948,O01948,2024-08-16,COD,Success,61017.62
PAY01949,O01949,2023-10-28,UPI,Success,83903.91
PAY01950,O01950,2025-01-30,UPI,Success,689.39
PAY01951,O01951,2025-06-03,COD,Success,719.31
PAY01952,O01952,2024-05-19,UPI,Success,49877.0
PAY01953,O01953,2025-03-13,Debit Card,Success,35845.97
PAY01954,O01954,2025-03-30,Net Banking,Success,15712.54
PAY01955,O01955,2023-11-06,UPI,Success,5344.27
PAY01956,O01956,2024-07-29,Credit Card,Failed,4907.67
PAY01957,O01957,2024-08-18,UPI,Success,479.94
PAY01958,O01958,2023-01-27,UPI,Success,21440.43
PAY01959,O01959,2024-01-18,Debit Card,Success,3613.35
PAY01960,O01960,2023-05-13,UPI,Success,1923.45
PAY01961,O01961,2024-09-30,Credit Card,Success,23411.92
PAY01962,O01962,2025-10-18,Net Banking,Success,55858.93
PAY01963,O01963,2023-10-13,UPI,Success,46670.88
PAY01964,O01964,2025-01-08,COD,Refunded,3508.02
PAY01965,O01965,2025-12-29,Credit Card,Success,1340.22
PAY01966,O01966,2023-08-23,UPI,Success,13030.2
PAY01967,O01967,2024-09-04,UPI,Success,467.61
PAY01968,O01968,2023-08-12,UPI,Success,91179.41
PAY01969,O01969,2024-03-29,Debit Card,Success,52619.72
PAY01970,O01970,2023-11-01,Credit Card,Success,6740.49
PAY01971,O01971,2025-07-25,Debit Card,Success,24614.05
PAY01972,O01972,2023-09-22,UPI,Success,3986.33
PAY01973,O01973,2024-01-02,Debit Card,Refunded,58636.68
PAY01974,O01974,2025-01-11,UPI,Success,1840.84
PAY01975,O01975,2024-04-01,Debit Card,Success,4145.54
PAY01976,O01976,2024-05-20,UPI,Success,2742.21
PAY01977,O01977,2023-11-24,Credit Card,Success,29494.02
PAY01978,O01978,2025-03-29,Debit Card,Success,111440.79
PAY01979,O01979,2025-01-05,COD,Success,14143.77
PAY01980,O01980,2024-05-06,COD,Success,1257.77
PAY01981,O01981,2024-04-07,Credit Card,Success,14900.19
PAY01982,O01982,2024-07-19,COD,Refunded,45835.35
PAY01983,O01983,2025-03-30,Credit Card,Success,1913.45
PAY01984,O01984,2024-05-31,Credit Card,Failed,4856.08
PAY01985,O01985,2024-02-24,Debit Card,Success,14294.54
PAY01986,O01986,2024-02-14,COD,Success,8862.75
PAY01987,O01987,2025-04-24,Debit Card,Success,1205.57
PAY01988,O01988,2023-02-06,Net Banking,Refunded,81746.43
PAY01989,O01989,2023-06-05,UPI,Refunded,26107.06
PAY01990,O01990,2025-12-24,Net Banking,Failed,24222.38
PAY01991,O01991,2025-06-09,UPI,Success,12356.29
PAY01992,O01992,2024-07-23,Credit Card,Failed,13850.09
PAY01993,O01993,2023-08-17,COD,Success,1268.55
PAY01994,O01994,2025-09-03,COD,Success,24568.3
PAY01995,O01995,2025-09-29,UPI,Success,4708.41
PAY01996,O01996,2025-03-15,Net Banking,Success,2493.81
PAY01997,O01997,2024-07-17,UPI,Success,37089.89
PAY01998,O01998,2025-07-04,UPI,Failed,8719.11
PAY01999,O01999,2023-01-16,COD,Success,25544.39
PAY02000,O02000,2025-06-14,COD,Success,1769.56
PAY02001,O02001,2025-05-04,Debit Card,Success,27911.3
PAY02002,O02002,2023-12-07,COD,Success,26569.57
PAY02003,O02003,2023-12-31,UPI,Success,4427.77
PAY02004,O02004,2023-06-29,UPI,Success,40258.39
PAY02005,O02005,2024-08-13,Net Banking,Success,26139.83
PAY02006,O02006,2023-08-03,Debit Card,Success,2317.75
PAY02007,O02007,2025-12-05,COD,Success,10486.9
PAY02008,O02008,2023-12-19,COD,Success,3186.81
PAY02009,O02009,2023-01-21,Debit Card,Success,305.98
PAY02010,O02010,2025-09-15,Debit Card,Failed,105825.55
PAY02011,O02011,2024-07-18,UPI,Success,14780.46
PAY02012,O02012,2024-10-31,UPI,Refunded,15184.03
PAY02013,O02013,2025-08-02,Debit Card,Success,9686.1
PAY02014,O02014,2024-01-05,COD,Success,1818.07
PAY02015,O02015,2024-10-20,Credit Card,Refunded,8140.35
PAY02016,O02016,2024-11-26,UPI,Success,3049.38
PAY02017,O02017,2025-10-21,UPI,Success,12645.13
PAY02018,O02018,2023-12-27,UPI,Success,12079.51
PAY02019,O02019,2024-05-18,Debit Card,Success,249.15
PAY02020,O02020,2023-02-03,Credit Card,Success,1458.1
PAY02021,O02021,2023-12-26,Credit Card,Refunded,613.63
PAY02022,O02022,2023-03-03,Credit Card,Success,119191.69
PAY02023,O02023,2024-03-29,UPI,Success,31536.67
PAY02024,O02024,2024-02-10,COD,Success,17118.68
PAY02025,O02025,2025-10-04,UPI,Success,1115.11
PAY02026,O02026,2023-12-25,Debit Card,Success,1371.88
PAY02027,O02027,2023-05-13,Credit Card,Success,14902.1
PAY02028,O02028,2025-11-12,UPI,Success,55741.32
PAY02029,O02029,2024-08-20,UPI,Success,4984.91
PAY02030,O02030,2023-08-15,Net Banking,Refunded,23202.06
PAY02031,O02031,2025-08-10,UPI,Success,1472.0
PAY02032,O02032,2024-01-31,UPI,Success,18954.9
PAY02033,O02033,2025-05-21,UPI,Success,28362.99
PAY02034,O02034,2023-03-30,COD,Success,47376.71
PAY02035,O02035,2024-06-07,UPI,Success,19021.86
PAY02036,O02036,2023-04-04,Credit Card,Success,48146.31
PAY02037,O02037,2025-03-16,UPI,Refunded,5355.91
PAY02038,O02038,2023-06-03,Net Banking,Success,7826.42
PAY02039,O02039,2023-12-22,Net Banking,Success,58060.82
PAY02040,O02040,2025-05-30,Credit Card,Success,5566.96
PAY02041,O02041,2024-08-31,COD,Success,7302.24
PAY02042,O02042,2025-09-09,UPI,Success,116770.0
PAY02043,O02043,2025-07-05,UPI,Success,155403.94
PAY02044,O02044,2025-07-03,Debit Card,Refunded,329.9
PAY02045,O02045,2024-02-15,UPI,Success,1096.51
PAY02046,O02046,2023-07-30,UPI,Success,14562.14
PAY02047,O02047,2024-01-19,Net Banking,Success,3921.67
PAY02048,O02048,2025-05-21,UPI,Failed,2111.29
PAY02049,O02049,2025-10-25,UPI,Success,39076.44
PAY02050,O02050,2024-02-15,Debit Card,Success,1003.64
PAY02051,O02051,2023-01-05,UPI,Success,46880.71
PAY02052,O02052,2025-07-31,Credit Card,Success,233.7
PAY02053,O02053,2024-03-08,UPI,Success,1256.22
PAY02054,O02054,2024-02-17,UPI,Failed,28811.45
PAY02055,O02055,2023-02-06,Credit Card,Success,187349.34
PAY02056,O02056,2025-06-27,UPI,Success,1780.25
PAY02057,O02057,2023-03-22,Credit Card,Success,579.54
PAY02058,O02058,2023-03-18,Net Banking,Success,1061.1
PAY02059,O02059,2025-03-21,Credit Card,Failed,6382.53
PAY02060,O02060,2023-10-12,Debit Card,Success,2203.58
PAY02061,O02061,2024-12-29,UPI,Failed,7310.18
PAY02062,O02062,2023-12-03,COD,Success,17869.98
PAY02063,O02063,2024-08-09,COD,Success,3929.47
PAY02064,O02064,2024-07-20,Credit Card,Failed,1130.6
PAY02065,O02065,2023-03-26,UPI,Success,70303.79
PAY02066,O02066,2023-11-14,Credit Card,Success,58670.12
PAY02067,O02067,2025-05-26,UPI,Success,2127.12
PAY02068,O02068,2024-11-10,Net Banking,Success,48495.58
PAY02069,O02069,2024-12-01,Credit Card,Success,45889.81
PAY02070,O02070,2025-04-13,Credit Card,Success,4309.24
PAY02071,O02071,2025-08-13,UPI,Success,300.28
PAY02072,O02072,2025-09-14,UPI,Success,4037.26
PAY02073,O02073,2023-01-21,Debit Card,Failed,8064.56
PAY02074,O02074,2025-03-25,Credit Card,Success,36435.92
PAY02075,O02075,2023-01-06,UPI,Failed,4201.2
PAY02076,O02076,2024-04-12,UPI,Success,114911.46
PAY02077,O02077,2023-07-10,UPI,Success,4663.8
PAY02078,O02078,2023-03-06,UPI,Failed,3213.44
PAY02079,O02079,2025-10-10,Net Banking,Success,2878.55
PAY02080,O02080,2025-10-22,Debit Card,Refunded,8205.24
PAY02081,O02081,2023-03-09,Net Banking,Success,7672.15
PAY02082,O02082,2025-05-28,Credit Card,Success,2205.91
PAY02083,O02083,2023-05-12,COD,Success,19839.55
PAY02084,O02084,2025-12-09,UPI,Success,23036.5
PAY02085,O02085,2024-08-28,Credit Card,Failed,8845.58
PAY02086,O02086,2025-07-30,UPI,Success,129884.72
PAY02087,O02087,2025-09-19,COD,Success,487.04
PAY02088,O02088,2025-12-07,Credit Card,Success,20314.14
PAY02089,O02089,2023-10-11,Credit Card,Success,13894.57
PAY02090,O02090,2024-07-04,COD,Success,8400.88
PAY02091,O02091,2025-11-18,Debit Card,Success,1114.47
PAY02092,O02092,2025-06-20,Net Banking,Success,14408.98
PAY02093,O02093,2025-10-30,Credit Card,Success,20484.16
PAY02094,O02094,2025-06-22,Credit Card,Failed,2389.96
PAY02095,O02095,2025-12-31,Debit Card,Success,2097.81
PAY02096,O02096,2023-12-09,Credit Card,Success,1305.39
PAY02097,O02097,2023-03-07,Credit Card,Success,2952.6
PAY02098,O02098,2024-08-31,UPI,Success,19634.95
PAY02099,O02099,2025-12-29,COD,Success,1696.28
PAY02100,O02100,2025-01-17,Credit Card,Success,1648.72
PAY02101,O02101,2024-06-15,Debit Card,Success,19862.64
PAY02102,O02102,2023-12-25,UPI,Success,168326.15
PAY02103,O02103,2024-01-12,UPI,Success,590.44
PAY02104,O02104,2023-03-06,UPI,Success,15652.05
PAY02105,O02105,2023-06-29,Credit Card,Success,1300.32
PAY02106,O02106,2023-08-25,UPI,Refunded,20249.83
PAY02107,O02107,2025-05-15,COD,Success,2570.23
PAY02108,O02108,2025-02-02,COD,Success,1088.95
PAY02109,O02109,2023-02-10,Debit Card,Success,21335.55
PAY02110,O02110,2023-12-18,UPI,Success,14652.79
PAY02111,O02111,2024-06-26,Credit Card,Refunded,2203.21
PAY02112,O02112,2025-08-23,Debit Card,Success,10887.31
PAY02113,O02113,2025-08-21,UPI,Success,7140.94
PAY02114,O02114,2025-04-11,Debit Card,Failed,33609.1
PAY02115,O02115,2023-01-30,COD,Success,3349.98
PAY02116,O02116,2023-11-06,Credit Card,Success,1229.54
PAY02117,O02117,2023-02-15,Credit Card,Success,71289.26
PAY02118,O02118,2023-05-19,Net Banking,Success,5891.1
PAY02119,O02119,2025-02-15,UPI,Success,99220.08
PAY02120,O02120,2024-07-10,Debit Card,Success,5297.85
PAY02121,O02121,2024-03-10,Debit Card,Success,25846.08
PAY02122,O02122,2025-04-27,Net Banking,Success,116223.84
PAY02123,O02123,2023-07-28,COD,Failed,18436.98
PAY02124,O02124,2024-03-23,Debit Card,Success,17345.6
PAY02125,O02125,2025-12-20,Debit Card,Success,2980.85
PAY02126,O02126,2023-11-29,UPI,Success,1714.32
PAY02127,O02127,2024-08-20,Debit Card,Success,1613.98
PAY02128,O02128,2024-06-08,UPI,Success,11739.21
PAY02129,O02129,2025-01-20,Credit Card,Success,1751.84
PAY02130,O02130,2023-12-25,Debit Card,Refunded,9038.59
PAY02131,O02131,2025-05-01,Debit Card,Success,81943.86
PAY02132,O02132,2024-07-08,Credit Card,Success,19535.88
PAY02133,O02133,2023-12-25,UPI,Success,40477.5
PAY02134,O02134,2025-01-25,Credit Card,Success,13581.58
PAY02135,O02135,2024-07-04,UPI,Success,1020.48
PAY02136,O02136,2025-03-18,UPI,Success,3340.01
PAY02137,O02137,2025-12-21,UPI,Success,45188.17
PAY02138,O02138,2023-02-22,Debit Card,Success,1883.82
PAY02139,O02139,2023-11-10,Credit Card,Success,1961.89
PAY02140,O02140,2024-01-24,UPI,Failed,8629.8
PAY02141,O02141,2023-05-19,COD,Success,8846.69
PAY02142,O02142,2023-01-21,Debit Card,Success,20105.63
PAY02143,O02143,2023-11-18,Credit Card,Success,84666.18
PAY02144,O02144,2023-04-05,Credit Card,Success,1975.45
PAY02145,O02145,2023-05-12,COD,Failed,10292.55
PAY02146,O02146,2025-08-02,UPI,Success,1780.25
PAY02147,O02147,2023-09-17,Debit Card,Success,1360.69
PAY02148,O02148,2025-09-13,UPI,Success,57164.5
PAY02149,O02149,2025-11-29,UPI,Failed,3448.98
PAY02150,O02150,2025-03-29,Net Banking,Success,1308.24
PAY02151,O02151,2023-06-04,Credit Card,Success,34646.2
PAY02152,O02152,2024-07-08,UPI,Success,102867.39
PAY02153,O02153,2023-05-04,COD,Failed,71682.22
PAY02154,O02154,2025-01-26,Net Banking,Failed,331.8
PAY02155,O02155,2024-07-01,UPI,Success,7775.49
PAY02156,O02156,2024-02-05,UPI,Success,28328.85
PAY02157,O02157,2025-11-22,COD,Success,2527.06
PAY02158,O02158,2024-02-11,Credit Card,Success,108100.22
PAY02159,O02159,2024-01-01,COD,Refunded,10866.42
PAY02160,O02160,2025-09-08,Debit Card,Failed,61497.81
PAY02161,O02161,2023-06-14,Credit Card,Success,8976.01
PAY02162,O02162,2025-02-03,UPI,Success,41063.29
PAY02163,O02163,2024-07-04,Credit Card,Refunded,4555.55
PAY02164,O02164,2023-05-12,COD,Failed,60173.16
PAY02165,O02165,2024-10-15,UPI,Success,5935.54
PAY02166,O02166,2025-10-04,Debit Card,Success,46250.88
PAY02167,O02167,2023-09-27,UPI,Success,37564.96
PAY02168,O02168,2025-06-23,Credit Card,Success,57006.24
PAY02169,O02169,2025-02-25,UPI,Refunded,1834.88
PAY02170,O02170,2024-01-02,Credit Card,Success,56875.67
PAY02171,O02171,2024-09-04,Debit Card,Success,29471.72
PAY02172,O02172,2025-12-21,Credit Card,Success,19552.79
PAY02173,O02173,2025-07-21,Credit Card,Refunded,35235.79
PAY02174,O02174,2024-08-13,UPI,Success,99167.78
PAY02175,O02175,2023-07-28,UPI,Success,121822.98
PAY02176,O02176,2023-12-16,COD,Success,12530.0
PAY02177,O02177,2023-02-15,COD,Success,209.81
PAY02178,O02178,2023-12-14,Credit Card,Success,332.41
PAY02179,O02179,2024-12-15,Credit Card,Success,3090.13
PAY02180,O02180,2024-10-08,Debit Card,Refunded,8184.73
PAY02181,O02181,2024-01-05,Credit Card,Success,821.33
PAY02182,O02182,2024-06-18,Debit Card,Success,15575.47
PAY02183,O02183,2023-12-26,UPI,Success,30991.14
PAY02184,O02184,2024-05-09,COD,Success,927.73
PAY02185,O02185,2025-06-25,UPI,Success,3926.07
PAY02186,O02186,2023-03-03,Credit Card,Refunded,103749.02
PAY02187,O02187,2023-10-26,UPI,Success,25796.69
PAY02188,O02188,2023-03-01,COD,Success,44308.58
PAY02189,O02189,2023-08-19,Debit Card,Success,12253.06
PAY02190,O02190,2025-03-08,UPI,Success,55791.85
PAY02191,O02191,2024-03-23,COD,Failed,12410.61
PAY02192,O02192,2024-09-05,Debit Card,Failed,9954.32
PAY02193,O02193,2024-01-04,Credit Card,Success,2119.56
PAY02194,O02194,2024-07-08,Net Banking,Failed,1358.11
PAY02195,O02195,2025-11-19,UPI,Success,9455.5
PAY02196,O02196,2025-09-16,UPI,Success,24191.84
PAY02197,O02197,2023-10-05,Debit Card,Success,16949.68
PAY02198,O02198,2024-08-31,Debit Card,Success,1916.19
PAY02199,O02199,2024-12-03,UPI,Success,1035.42
PAY02200,O02200,2025-04-11,COD,Success,2717.22
PAY02201,O02201,2023-02-07,COD,Success,38363.7
PAY02202,O02202,2023-10-16,Net Banking,Success,12692.04
PAY02203,O02203,2025-09-02,UPI,Refunded,106728.75
PAY02204,O02204,2024-03-28,Debit Card,Success,15432.42
PAY02205,O02205,2023-01-30,UPI,Success,274.56
PAY02206,O02206,2024-12-03,Credit Card,Refunded,1479.73
PAY02207,O02207,2025-01-27,UPI,Failed,2174.48
PAY02208,O02208,2023-12-02,Credit Card,Success,4005.62
PAY02209,O02209,2024-07-15,UPI,Success,2308.94
PAY02210,O02210,2023-07-25,UPI,Failed,108182.28
PAY02211,O02211,2024-01-15,UPI,Success,33695.12
PAY02212,O02212,2025-06-20,Credit Card,Success,3150.62
PAY02213,O02213,2025-11-09,UPI,Success,1289.57
PAY02214,O02214,2025-10-06,Credit Card,Success,10480.23
PAY02215,O02215,2025-07-01,Credit Card,Success,13410.17
PAY02216,O02216,2024-02-01,UPI,Success,17611.57
PAY02217,O02217,2025-12-11,UPI,Success,565.42
PAY02218,O02218,2023-12-20,Debit Card,Success,58026.48
PAY02219,O02219,2024-05-28,Debit Card,Success,41462.64
PAY02220,O02220,2024-07-01,UPI,Success,122115.99
PAY02221,O02221,2023-10-09,Net Banking,Failed,3732.73
PAY02222,O02222,2024-11-04,Debit Card,Failed,58045.16
PAY02223,O02223,2024-08-29,UPI,Success,4525.76
PAY02224,O02224,2025-01-29,COD,Success,3995.5
PAY02225,O02225,2024-01-01,COD,Success,61969.09
PAY02226,O02226,2024-06-05,Credit Card,Success,65652.88
PAY02227,O02227,2023-04-22,COD,Success,11721.67
PAY02228,O02228,2025-06-24,UPI,Success,17353.98
PAY02229,O02229,2025-08-10,Net Banking,Success,11097.34
PAY02230,O02230,2024-11-10,UPI,Refunded,10607.71
PAY02231,O02231,2025-08-18,Debit Card,Success,1406.51
PAY02232,O02232,2023-11-22,UPI,Refunded,116286.98
PAY02233,O02233,2023-01-12,UPI,Success,589.52
PAY02234,O02234,2025-11-14,Net Banking,Success,5598.07
PAY02235,O02235,2023-09-23,UPI,Success,12411.5
PAY02236,O02236,2024-01-15,COD,Success,21419.65
PAY02237,O02237,2023-03-22,UPI,Refunded,17353.98
PAY02238,O02238,2024-03-01,Debit Card,Success,12710.0
PAY02239,O02239,2024-09-07,UPI,Success,2715.32
PAY02240,O02240,2024-03-12,Credit Card,Success,1173.8
PAY02241,O02241,2025-07-11,COD,Refunded,1186.99
PAY02242,O02242,2025-03-05,Credit Card,Success,57494.53
PAY02243,O02243,2025-09-18,UPI,Success,93345.16
PAY02244,O02244,2024-03-27,UPI,Success,1208.42
PAY02245,O02245,2023-09-19,UPI,Failed,28387.0
PAY02246,O02246,2025-04-03,COD,Success,384.34
PAY02247,O02247,2024-12-10,Debit Card,Success,624.19
PAY02248,O02248,2025-05-01,Credit Card,Success,25641.1
PAY02249,O02249,2024-10-19,UPI,Failed,2373.18
PAY02250,O02250,2023-06-26,Credit Card,Success,3323.71
PAY02251,O02251,2024-12-13,Debit Card,Success,88033.77
PAY02252,O02252,2024-08-08,UPI,Success,14274.78
PAY02253,O02253,2023-07-07,UPI,Refunded,1160.91
PAY02254,O02254,2024-10-15,UPI,Success,1815.34
PAY02255,O02255,2023-06-18,Debit Card,Success,65542.02
PAY02256,O02256,2023-05-23,Debit Card,Success,5454.77
PAY02257,O02257,2024-05-07,UPI,Success,736.78
PAY02258,O02258,2023-03-13,UPI,Success,1648.1
PAY02259,O02259,2024-05-13,UPI,Success,40726.78
PAY02260,O02260,2023-05-28,UPI,Success,2154.48
PAY02261,O02261,2025-06-11,Credit Card,Success,1759.16
PAY02262,O02262,2025-03-17,UPI,Success,44458.03
PAY02263,O02263,2025-04-27,Credit Card,Success,92292.72
PAY02264,O02264,2025-06-11,Debit Card,Success,753.48
PAY02265,O02265,2025-03-25,COD,Success,769.0
PAY02266,O02266,2025-08-30,UPI,Success,26716.7
PAY02267,O02267,2023-03-08,UPI,Success,2770.39
PAY02268,O02268,2025-04-18,UPI,Failed,624.19
PAY02269,O02269,2025-07-16,UPI,Refunded,10475.76
PAY02270,O02270,2023-12-07,Debit Card,Success,17886.5
PAY02271,O02271,2023-04-14,Debit Card,Success,5363.29
PAY02272,O02272,2025-08-11,UPI,Success,22641.77
PAY02273,O02273,2025-06-27,UPI,Success,3865.79
PAY02274,O02274,2023-12-08,Credit Card,Success,19461.34
PAY02275,O02275,2025-04-09,UPI,Success,51336.51
PAY02276,O02276,2024-11-10,COD,Success,111917.82
PAY02277,O02277,2023-05-14,UPI,Success,8901.19
PAY02278,O02278,2025-11-20,Debit Card,Refunded,2389.96
PAY02279,O02279,2025-05-24,UPI,Success,15351.66
PAY02280,O02280,2025-09-24,COD,Success,85331.99
PAY02281,O02281,2024-01-22,Debit Card,Success,43180.97
PAY02282,O02282,2024-08-21,UPI,Success,86001.38
PAY02283,O02283,2023-01-11,Credit Card,Success,8271.7
PAY02284,O02284,2023-05-17,Debit Card,Failed,3607.71
PAY02285,O02285,2025-09-02,UPI,Success,44649.04
PAY02286,O02286,2025-09-06,COD,Refunded,116937.14
PAY02287,O02287,2023-02-12,Credit Card,Success,489.57
PAY02288,O02288,2025-11-20,COD,Success,41713.7
PAY02289,O02289,2025-02-26,Credit Card,Refunded,12273.58
PAY02290,O02290,2023-04-23,Credit Card,Success,23517.24
PAY02291,O02291,2025-01-03,Credit Card,Success,25638.33
PAY02292,O02292,2023-01-13,UPI,Success,45929.02
PAY02293,O02293,2025-05-21,Debit Card,Failed,18601.53
PAY02294,O02294,2023-09-03,COD,Success,1538.5
PAY02295,O02295,2024-05-25,COD,Success,125145.72
PAY02296,O02296,2023-02-14,UPI,Success,40972.72
PAY02297,O02297,2024-08-29,COD,Success,6800.54
PAY02298,O02298,2024-05-23,UPI,Refunded,35969.02
PAY02299,O02299,2023-11-05,UPI,Success,23313.36
PAY02300,O02300,2025-05-17,UPI,Success,1082.48
PAY02301,O02301,2025-06-30,UPI,Failed,6104.41
PAY02302,O02302,2023-02-06,COD,Success,2885.43
PAY02303,O02303,2024-12-11,Debit Card,Success,824.05
PAY02304,O02304,2025-07-31,UPI,Success,4211.66
PAY02305,O02305,2025-08-19,UPI,Refunded,979.79
PAY02306,O02306,2023-08-26,UPI,Success,9103.89
PAY02307,O02307,2023-12-28,Credit Card,Success,4095.79
PAY02308,O02308,2025-05-19,Credit Card,Failed,57034.85
PAY02309,O02309,2023-01-27,Debit Card,Success,58125.35
PAY02310,O02310,2025-03-25,COD,Success,12879.62
PAY02311,O02311,2025-08-11,Credit Card,Refunded,21893.35
PAY02312,O02312,2025-09-11,Debit Card,Success,13479.76
PAY02313,O02313,2025-10-23,COD,Success,2401.29
PAY02314,O02314,2023-12-25,Credit Card,Success,4169.01
PAY02315,O02315,2023-04-29,UPI,Success,21095.88
PAY02316,O02316,2024-04-24,Credit Card,Success,14538.5
PAY02317,O02317,2024-11-07,Debit Card,Success,11668.73
PAY02318,O02318,2024-04-03,Debit Card,Success,2651.04
PAY02319,O02319,2023-04-24,Debit Card,Failed,58409.63
PAY02320,O02320,2025-11-09,Debit Card,Success,10581.77
PAY02321,O02321,2024-04-02,Net Banking,Success,31004.23
PAY02322,O02322,2024-10-02,COD,Success,20777.0
PAY02323,O02323,2024-07-30,COD,Success,1627.25
PAY02324,O02324,2025-03-10,Credit Card,Success,59451.74
PAY02325,O02325,2024-02-09,Debit Card,Success,4565.82
PAY02326,O02326,2023-09-10,Net Banking,Failed,56343.45
PAY02327,O02327,2025-08-16,COD,Success,1736.86
PAY02328,O02328,2024-10-25,COD,Success,780.38
PAY02329,O02329,2024-10-31,Debit Card,Refunded,22928.57
PAY02330,O02330,2024-12-29,UPI,Success,24434.93
PAY02331,O02331,2024-09-05,Credit Card,Refunded,30456.75
PAY02332,O02332,2025-09-07,UPI,Success,27263.88
PAY02333,O02333,2024-11-09,Credit Card,Success,61193.03
PAY02334,O02334,2024-07-24,UPI,Success,2515.34
PAY02335,O02335,2024-06-27,Debit Card,Failed,24545.54
PAY02336,O02336,2024-06-02,COD,Success,49782.94
PAY02337,O02337,2023-01-14,UPI,Success,29925.84
PAY02338,O02338,2023-01-11,UPI,Success,26769.59
PAY02339,O02339,2023-06-07,COD,Success,2078.46
PAY02340,O02340,2025-10-08,Credit Card,Success,37983.91
PAY02341,O02341,2024-12-27,Credit Card,Success,56007.14
PAY02342,O02342,2023-05-22,Credit Card,Success,28429.55
PAY02343,O02343,2024-10-02,UPI,Success,8303.73
PAY02344,O02344,2023-05-18,UPI,Success,4809.84
PAY02345,O02345,2024-11-22,Net Banking,Success,1722.52
PAY02346,O02346,2024-03-18,Debit Card,Success,3357.33
PAY02347,O02347,2024-11-07,UPI,Success,25651.56
PAY02348,O02348,2023-10-06,UPI,Failed,98378.52
PAY02349,O02349,2025-07-22,Debit Card,Success,18929.98
PAY02350,O02350,2024-10-03,UPI,Failed,990.33
PAY02351,O02351,2023-04-23,UPI,Failed,5001.34
PAY02352,O02352,2025-12-05,UPI,Success,23213.18
PAY02353,O02353,2025-06-10,UPI,Success,7645.21
PAY02354,O02354,2023-07-30,Debit Card,Refunded,25902.49
PAY02355,O02355,2023-12-09,COD,Success,18462.78
PAY02356,O02356,2023-12-29,UPI,Success,35752.82
PAY02357,O02357,2024-02-16,UPI,Success,456.39
PAY02358,O02358,2025-01-29,UPI,Failed,5149.22
PAY02359,O02359,2024-05-23,Net Banking,Success,3263.61
PAY02360,O02360,2023-08-22,Credit Card,Success,66981.49
PAY02361,O02361,2025-03-14,Credit Card,Failed,562.7
PAY02362,O02362,2023-08-24,COD,Refunded,13483.5
PAY02363,O02363,2024-06-05,Credit Card,Success,1991.66
PAY02364,O02364,2023-10-31,Credit Card,Success,1042.22
PAY02365,O02365,2023-04-12,Net Banking,Failed,4943.12
PAY02366,O02366,2023-09-11,Credit Card,Failed,46907.55
PAY02367,O02367,2023-11-04,Credit Card,Success,935.33
PAY02368,O02368,2025-03-05,Credit Card,Success,1883.82
PAY02369,O02369,2025-03-15,Net Banking,Success,733.96
PAY02370,O02370,2024-01-23,Net Banking,Success,1396.46
PAY02371,O02371,2023-05-14,COD,Failed,2201.16
PAY02372,O02372,2023-08-11,Credit Card,Success,14206.66
PAY02373,O02373,2023-03-05,COD,Success,1597.62
PAY02374,O02374,2025-04-11,Credit Card,Success,1037.14
PAY02375,O02375,2025-01-01,Debit Card,Failed,766.44
PAY02376,O02376,2024-02-08,UPI,Success,37787.53
PAY02377,O02377,2023-06-20,Debit Card,Success,3374.68
PAY02378,O02378,2023-01-14,UPI,Success,1804.39
PAY02379,O02379,2023-09-29,COD,Success,17933.66
PAY02380,O02380,2025-12-13,Credit Card,Success,72236.49
PAY02381,O02381,2024-12-15,Credit Card,Success,16012.4
PAY02382,O02382,2025-05-22,Debit Card,Success,1607.38
PAY02383,O02383,2024-09-22,Credit Card,Success,16717.55
PAY02384,O02384,2023-10-28,Debit Card,Success,886.28
PAY02385,O02385,2024-12-06,COD,Failed,56496.42
PAY02386,O02386,2024-03-03,UPI,Failed,36515.02
PAY02387,O02387,2023-04-27,Credit Card,Success,1331.76
PAY02388,O02388,2023-08-25,Net Banking,Success,108042.73
PAY02389,O02389,2023-01-13,COD,Success,8474.27
PAY02390,O02390,2023-03-09,Net Banking,Success,34652.02
PAY02391,O02391,2025-01-14,COD,Success,35906.33
PAY02392,O02392,2025-04-17,UPI,Success,28264.11
PAY02393,O02393,2024-01-26,UPI,Success,6316.68
PAY02394,O02394,2023-04-15,UPI,Success,420.25
PAY02395,O02395,2024-09-06,UPI,Success,1946.49
PAY02396,O02396,2025-02-11,UPI,Success,295.22
PAY02397,O02397,2023-11-01,COD,Success,465.89
PAY02398,O02398,2024-01-15,Credit Card,Failed,1784.06
PAY02399,O02399,2023-03-30,UPI,Success,12095.92
PAY02400,O02400,2024-09-23,COD,Success,705.48
PAY02401,O02401,2024-09-17,UPI,Success,2237.29
PAY02402,O02402,2024-01-03,UPI,Success,20023.01
PAY02403,O02403,2025-05-27,UPI,Success,49437.69
PAY02404,O02404,2025-01-03,Debit Card,Success,12231.04
PAY02405,O02405,2025-09-26,COD,Success,3204.49
PAY02406,O02406,2024-04-01,UPI,Success,6580.21
PAY02407,O02407,2024-02-19,Credit Card,Success,3332.54
PAY02408,O02408,2024-03-31,UPI,Success,36659.27
PAY02409,O02409,2024-05-25,UPI,Refunded,157399.07
PAY02410,O02410,2025-07-23,UPI,Success,42673.15
PAY02411,O02411,2023-07-30,UPI,Success,1291.18
PAY02412,O02412,2024-01-07,Credit Card,Refunded,1417.08
PAY02413,O02413,2025-03-15,Debit Card,Success,3875.18
PAY02414,O02414,2023-03-27,UPI,Success,3071.94
PAY02415,O02415,2024-10-10,UPI,Success,3567.9
PAY02416,O02416,2025-04-01,Net Banking,Success,41553.44
PAY02417,O02417,2023-10-22,UPI,Success,23391.46
PAY02418,O02418,2024-05-21,Debit Card,Success,40672.47
PAY02419,O02419,2025-04-07,Debit Card,Success,4523.31
PAY02420,O02420,2023-04-29,UPI,Failed,117497.56
PAY02421,O02421,2024-10-11,UPI,Success,50104.21
PAY02422,O02422,2023-12-22,UPI,Success,14689.4
PAY02423,O02423,2025-02-15,Credit Card,Success,18618.54
PAY02424,O02424,2025-10-19,Credit Card,Refunded,7256.88
PAY02425,O02425,2023-08-26,Credit Card,Success,17675.44
PAY02426,O02426,2025-07-30,COD,Success,7967.57
PAY02427,O02427,2023-03-10,Credit Card,Success,5515.54
PAY02428,O02428,2023-09-24,Net Banking,Success,664.02
PAY02429,O02429,2025-03-25,Debit Card,Failed,13131.23
PAY02430,O02430,2024-01-19,UPI,Success,29351.11
PAY02431,O02431,2024-01-11,Credit Card,Success,32293.33
PAY02432,O02432,2024-11-16,COD,Success,18439.02
PAY02433,O02433,2024-05-20,UPI,Success,20312.65
PAY02434,O02434,2023-08-25,Debit Card,Success,14403.08
PAY02435,O02435,2023-11-23,UPI,Success,3115.74
PAY02436,O02436,2024-08-14,Net Banking,Success,2253.78
PAY02437,O02437,2025-03-02,Debit Card,Success,3911.83
PAY02438,O02438,2025-01-25,UPI,Success,615.2
PAY02439,O02439,2025-01-03,COD,Success,15893.53
PAY02440,O02440,2023-01-21,UPI,Failed,20199.74
PAY02441,O02441,2023-11-03,Credit Card,Success,18720.35
PAY02442,O02442,2024-08-27,Debit Card,Success,10742.38
PAY02443,O02443,2025-03-18,Net Banking,Success,3820.15
PAY02444,O02444,2025-10-06,UPI,Failed,19273.81
PAY02445,O02445,2024-03-22,COD,Success,448.84
PAY02446,O02446,2023-09-25,UPI,Success,24133.9
PAY02447,O02447,2025-09-25,UPI,Success,730.55
PAY02448,O02448,2025-12-17,UPI,Success,1964.42
PAY02449,O02449,2024-08-24,Debit Card,Success,98598.49
PAY02450,O02450,2024-09-25,UPI,Failed,2962.45
PAY02451,O02451,2025-01-26,UPI,Success,4151.47
PAY02452,O02452,2023-11-21,Net Banking,Success,2500.5
PAY02453,O02453,2025-12-22,UPI,Success,1484.35
PAY02454,O02454,2023-04-01,Credit Card,Success,249.15
PAY02455,O02455,2024-02-22,Debit Card,Success,29736.9
PAY02456,O02456,2024-11-13,UPI,Success,14875.62
PAY02457,O02457,2024-02-09,UPI,Success,49516.02
PAY02458,O02458,2024-01-02,Debit Card,Success,9750.16
PAY02459,O02459,2024-01-21,Debit Card,Failed,41867.45
PAY02460,O02460,2023-01-09,COD,Success,14168.04
PAY02461,O02461,2024-05-31,Credit Card,Refunded,63078.42
PAY02462,O02462,2023-11-05,COD,Success,58109.09
PAY02463,O02463,2023-06-20,Debit Card,Success,1050.76
PAY02464,O02464,2023-05-28,Credit Card,Success,31755.8
PAY02465,O02465,2023-03-22,UPI,Success,12392.19
PAY02466,O02466,2025-03-15,Credit Card,Success,156824.48
PAY02467,O02467,2024-03-28,Credit Card,Success,59173.11
PAY02468,O02468,2025-09-04,Debit Card,Success,5924.48
PAY02469,O02469,2025-03-19,Debit Card,Success,2001.46
PAY02470,O02470,2025-01-27,Credit Card,Success,157559.12
PAY02471,O02471,2023-10-22,Credit Card,Success,36659.69
PAY02472,O02472,2024-09-04,COD,Success,2291.0
PAY02473,O02473,2025-06-03,UPI,Success,10292.55
PAY02474,O02474,2024-03-25,UPI,Success,47438.95
PAY02475,O02475,2023-03-11,COD,Refunded,25792.46
PAY02476,O02476,2024-07-09,Net Banking,Success,3289.28
PAY02477,O02477,2025-06-27,Credit Card,Success,2343.78
PAY02478,O02478,2024-05-16,Net Banking,Success,14690.34
PAY02479,O02479,2025-04-10,UPI,Success,22784.07
PAY02480,O02480,2024-05-17,UPI,Success,42079.05
PAY02481,O02481,2025-08-31,Credit Card,Success,5764.96
PAY02482,O02482,2024-12-31,COD,Success,8517.59
PAY02483,O02483,2025-06-20,Debit Card,Success,1153.02
PAY02484,O02484,2024-10-23,UPI,Success,34564.55
PAY02485,O02485,2025-01-30,UPI,Success,803.5
PAY02486,O02486,2023-02-24,Debit Card,Success,22017.22
PAY02487,O02487,2023-11-28,COD,Success,9419.69
PAY02488,O02488,2025-08-17,UPI,Success,11502.37
PAY02489,O02489,2024-10-18,Credit Card,Success,8417.61
PAY02490,O02490,2023-11-10,Net Banking,Success,7775.49
PAY02491,O02491,2023-12-21,Credit Card,Success,32042.07
PAY02492,O02492,2023-08-15,UPI,Success,15878.68
PAY02493,O02493,2024-09-07,COD,Success,49513.67
PAY02494,O02494,2023-04-10,Credit Card,Success,23068.36
PAY02495,O02495,2023-11-04,UPI,Success,25585.11
PAY02496,O02496,2025-03-05,UPI,Success,6857.61
PAY02497,O02497,2024-01-28,Credit Card,Refunded,86591.8
PAY02498,O02498,2024-01-09,COD,Failed,59959.72
PAY02499,O02499,2023-07-23,Debit Card,Success,21095.88
PAY02500,O02500,2024-09-02,Credit Card,Refunded,113919.89
PAY02501,O02501,2024-09-26,Debit Card,Success,2034.22
PAY02502,O02502,2023-03-07,UPI,Success,22702.37
PAY02503,O02503,2023-05-12,Debit Card,Refunded,32636.74
PAY02504,O02504,2025-02-18,UPI,Success,97445.0
PAY02505,O02505,2025-06-20,UPI,Success,5572.1
PAY02506,O02506,2025-04-09,COD,Success,63088.31
PAY02507,O02507,2023-04-02,UPI,Success,86831.48
PAY02508,O02508,2025-01-10,UPI,Success,44034.86
PAY02509,O02509,2024-10-15,UPI,Success,7472.74
PAY02510,O02510,2023-02-25,Credit Card,Success,6597.26
PAY02511,O02511,2024-10-19,UPI,Success,7004.59
PAY02512,O02512,2024-11-10,Credit Card,Success,56702.19
PAY02513,O02513,2023-02-16,COD,Success,3053.78
PAY02514,O02514,2023-04-29,COD,Success,40466.58
PAY02515,O02515,2023-05-27,UPI,Failed,2406.55
PAY02516,O02516,2024-10-20,UPI,Success,3967.34
PAY02517,O02517,2025-11-12,UPI,Success,33743.69
PAY02518,O02518,2024-06-19,UPI,Success,381.51
PAY02519,O02519,2025-12-08,UPI,Success,24754.46
PAY02520,O02520,2024-02-25,COD,Success,2914.76
PAY02521,O02521,2025-10-11,UPI,Success,66702.97
PAY02522,O02522,2024-07-25,Credit Card,Success,17356.61
PAY02523,O02523,2025-09-26,Credit Card,Success,18854.25
PAY02524,O02524,2024-04-28,Debit Card,Success,937.04
PAY02525,O02525,2023-09-27,COD,Success,3017.02
PAY02526,O02526,2025-07-10,Net Banking,Success,1494.44
PAY02527,O02527,2024-11-24,UPI,Refunded,22255.76
PAY02528,O02528,2025-03-22,UPI,Refunded,974.08
PAY02529,O02529,2023-08-30,UPI,Success,14592.86
PAY02530,O02530,2025-07-21,Credit Card,Failed,22760.18
PAY02531,O02531,2025-12-24,COD,Success,1685.74
PAY02532,O02532,2024-02-03,UPI,Success,14578.91
PAY02533,O02533,2025-06-06,COD,Success,26083.12
PAY02534,O02534,2023-02-19,UPI,Success,36723.5
PAY02535,O02535,2023-05-25,Debit Card,Success,105545.07
PAY02536,O02536,2025-07-06,COD,Success,56301.06
PAY02537,O02537,2024-02-03,COD,Failed,27525.15
PAY02538,O02538,2025-02-09,Credit Card,Success,12348.71
PAY02539,O02539,2024-11-02,UPI,Success,8875.25
PAY02540,O02540,2024-03-05,COD,Failed,11170.35
PAY02541,O02541,2025-11-06,UPI,Failed,3901.65
PAY02542,O02542,2023-03-22,UPI,Failed,1637.3
PAY02543,O02543,2023-07-04,COD,Success,270.25
PAY02544,O02544,2024-04-11,Credit Card,Success,6379.48
PAY02545,O02545,2023-10-11,Credit Card,Success,4238.72
PAY02546,O02546,2026-01-01,COD,Success,31699.48
PAY02547,O02547,2023-04-02,UPI,Success,69061.23
PAY02548,O02548,2024-12-09,Credit Card,Success,1055.47
PAY02549,O02549,2024-10-05,Credit Card,Success,11727.21
PAY02550,O02550,2023-07-23,COD,Success,17092.22
PAY02551,O02551,2024-08-23,UPI,Success,388.5
PAY02552,O02552,2023-01-07,Credit Card,Success,20277.45
PAY02553,O02553,2023-12-24,Credit Card,Success,2389.96
PAY02554,O02554,2023-02-26,UPI,Success,1247.29
PAY02555,O02555,2025-12-28,Credit Card,Success,16146.67
PAY02556,O02556,2023-05-27,Credit Card,Success,42962.11
PAY02557,O02557,2024-08-09,UPI,Success,800.98
PAY02558,O02558,2025-09-07,COD,Refunded,3313.15
PAY02559,O02559,2025-01-07,Credit Card,Success,1652.46
PAY02560,O02560,2024-11-27,UPI,Success,32422.94
PAY02561,O02561,2025-05-03,UPI,Success,348.22
PAY02562,O02562,2023-09-05,UPI,Success,9557.86
PAY02563,O02563,2023-05-14,Net Banking,Success,80930.51
PAY02564,O02564,2025-12-30,Net Banking,Refunded,28941.09
PAY02565,O02565,2023-12-17,COD,Success,1676.68
PAY02566,O02566,2024-03-18,Credit Card,Success,19530.61
PAY02567,O02567,2023-09-13,COD,Success,5087.47
PAY02568,O02568,2024-05-19,COD,Success,275.38
PAY02569,O02569,2024-02-21,UPI,Success,19160.51
PAY02570,O02570,2023-11-15,Credit Card,Success,817.78
PAY02571,O02571,2023-11-12,Net Banking,Success,6302.17
PAY02572,O02572,2025-09-12,UPI,Success,63423.61
PAY02573,O02573,2025-09-26,Debit Card,Success,15359.4
PAY02574,O02574,2023-11-27,Debit Card,Refunded,49610.04
PAY02575,O02575,2025-12-24,Credit Card,Success,1265.74
PAY02576,O02576,2025-03-12,Credit Card,Success,23851.57
PAY02577,O02577,2023-05-05,Credit Card,Success,29144.07
PAY02578,O02578,2023-09-28,Credit Card,Success,15607.49
PAY02579,O02579,2023-01-08,UPI,Success,1841.6
PAY02580,O02580,2024-12-31,COD,Success,4358.72
PAY02581,O02581,2023-12-08,Debit Card,Success,2705.6
PAY02582,O02582,2024-11-18,Net Banking,Success,23862.62
PAY02583,O02583,2025-04-09,UPI,Success,3226.6
PAY02584,O02584,2023-12-02,UPI,Success,23194.85
PAY02585,O02585,2025-01-17,UPI,Failed,32254.92
PAY02586,O02586,2025-05-11,Credit Card,Success,1596.44
PAY02587,O02587,2023-09-13,UPI,Success,16917.39
PAY02588,O02588,2023-04-27,Credit Card,Success,3210.68
PAY02589,O02589,2025-03-02,Debit Card,Success,9411.23
PAY02590,O02590,2023-02-19,UPI,Success,13595.32
PAY02591,O02591,2024-07-08,Debit Card,Success,19828.59
PAY02592,O02592,2024-05-22,Net Banking,Success,810.72
PAY02593,O02593,2023-08-24,UPI,Success,2523.65
PAY02594,O02594,2025-02-14,COD,Success,116770.0
PAY02595,O02595,2023-07-08,Credit Card,Refunded,720.73
PAY02596,O02596,2024-07-03,Debit Card,Success,608.77
PAY02597,O02597,2024-06-07,Debit Card,Refunded,29748.35
PAY02598,O02598,2025-04-02,UPI,Success,9212.62
PAY02599,O02599,2023-01-16,COD,Success,63840.2
PAY02600,O02600,2025-08-26,UPI,Success,14176.62
PAY02601,O02601,2025-05-11,Net Banking,Success,30482.62
PAY02602,O02602,2024-03-08,UPI,Success,1837.71
PAY02603,O02603,2024-09-03,UPI,Success,2689.51
PAY02604,O02604,2024-04-08,UPI,Success,25065.18
PAY02605,O02605,2025-05-29,COD,Success,31046.38
PAY02606,O02606,2023-10-12,Credit Card,Success,27139.04
PAY02607,O02607,2024-09-16,Net Banking,Success,29828.88
PAY02608,O02608,2025-03-10,Debit Card,Failed,32341.46
PAY02609,O02609,2024-12-18,UPI,Success,10688.54
PAY02610,O02610,2024-06-18,COD,Success,1030.95
PAY02611,O02611,2024-11-13,UPI,Success,48639.15
PAY02612,O02612,2025-10-17,UPI,Success,11775.06
PAY02613,O02613,2025-01-04,UPI,Success,906.26
PAY02614,O02614,2023-06-12,UPI,Success,7740.06
PAY02615,O02615,2023-06-25,UPI,Success,60867.28
PAY02616,O02616,2025-06-25,UPI,Success,47402.96
PAY02617,O02617,2023-01-28,UPI,Success,1434.9
PAY02618,O02618,2024-03-12,Credit Card,Success,11717.76
PAY02619,O02619,2025-01-28,UPI,Success,3854.3
PAY02620,O02620,2023-01-13,Debit Card,Success,72939.14
PAY02621,O02621,2024-09-10,UPI,Success,3446.81
PAY02622,O02622,2025-10-21,Net Banking,Success,5620.58
PAY02623,O02623,2024-06-08,UPI,Success,1529.74
PAY02624,O02624,2023-03-31,COD,Success,81511.23
PAY02625,O02625,2023-08-31,Credit Card,Success,6352.92
PAY02626,O02626,2025-10-06,Debit Card,Success,43166.92
PAY02627,O02627,2024-08-20,UPI,Success,86853.52
PAY02628,O02628,2023-04-22,UPI,Success,100751.98
PAY02629,O02629,2023-10-18,Net Banking,Success,2298.84
PAY02630,O02630,2023-03-17,Credit Card,Refunded,451.39
PAY02631,O02631,2023-04-18,Credit Card,Success,12068.98
PAY02632,O02632,2025-03-13,Net Banking,Success,3966.29
PAY02633,O02633,2025-01-07,UPI,Success,9677.06
PAY02634,O02634,2023-03-19,UPI,Refunded,331.8
PAY02635,O02635,2023-07-23,Credit Card,Success,12521.64
PAY02636,O02636,2025-05-01,Credit Card,Success,19750.5
PAY02637,O02637,2025-03-11,COD,Success,1601.78
PAY02638,O02638,2024-12-07,Net Banking,Success,117456.52
PAY02639,O02639,2024-02-17,UPI,Success,13903.66
PAY02640,O02640,2024-03-18,Debit Card,Failed,3183.85
PAY02641,O02641,2023-02-23,Credit Card,Success,36237.41
PAY02642,O02642,2024-11-04,COD,Success,529.46
PAY02643,O02643,2023-01-09,UPI,Refunded,228.2
PAY02644,O02644,2024-11-22,Credit Card,Failed,14698.68
PAY02645,O02645,2023-03-24,UPI,Success,3767.89
PAY02646,O02646,2025-11-15,Credit Card,Success,2469.33
PAY02647,O02647,2023-08-15,UPI,Success,12687.98
PAY02648,O02648,2024-03-06,Net Banking,Success,78438.1
PAY02649,O02649,2025-04-16,Credit Card,Success,2342.14
PAY02650,O02650,2025-06-13,Credit Card,Success,102748.65
PAY02651,O02651,2025-01-29,Net Banking,Success,6344.12
PAY02652,O02652,2025-09-22,Credit Card,Success,11450.92
PAY02653,O02653,2023-03-19,Debit Card,Success,5383.02
PAY02654,O02654,2025-12-17,UPI,Success,918.1
PAY02655,O02655,2023-12-24,Debit Card,Success,25651.56
PAY02656,O02656,2024-06-18,UPI,Success,25270.39
PAY02657,O02657,2024-11-06,COD,Refunded,1281.16
PAY02658,O02658,2024-07-24,COD,Success,884.74
PAY02659,O02659,2024-08-02,UPI,Success,39380.48
PAY02660,O02660,2024-02-10,COD,Success,66829.96
PAY02661,O02661,2023-04-27,Credit Card,Success,38046.26
PAY02662,O02662,2024-04-18,Credit Card,Failed,508.17
PAY02663,O02663,2025-01-25,Credit Card,Refunded,13912.62
PAY02664,O02664,2023-11-29,Credit Card,Refunded,25996.56
PAY02665,O02665,2024-12-25,COD,Success,366.55
PAY02666,O02666,2025-09-10,Net Banking,Success,69406.93
PAY02667,O02667,2023-03-31,Credit Card,Success,3777.71
PAY02668,O02668,2025-06-26,Credit Card,Success,17443.66
PAY02669,O02669,2024-07-29,UPI,Success,1276.1
PAY02670,O02670,2023-01-05,UPI,Success,1347.05
PAY02671,O02671,2024-06-07,Credit Card,Success,6187.22
PAY02672,O02672,2024-05-22,UPI,Success,4919.63
PAY02673,O02673,2024-10-09,Credit Card,Failed,33934.24
PAY02674,O02674,2023-03-27,Debit Card,Success,34025.32
PAY02675,O02675,2023-07-05,Debit Card,Success,11145.52
PAY02676,O02676,2023-06-19,Credit Card,Success,5481.31
PAY02677,O02677,2023-04-18,COD,Success,7650.54
PAY02678,O02678,2023-07-14,UPI,Success,57570.42
PAY02679,O02679,2025-05-02,Credit Card,Success,2619.52
PAY02680,O02680,2023-09-29,UPI,Success,512.65
PAY02681,O02681,2024-07-09,Debit Card,Failed,51593.38
PAY02682,O02682,2025-06-26,Credit Card,Success,654.23
PAY02683,O02683,2025-01-07,UPI,Success,95317.4
PAY02684,O02684,2025-02-03,UPI,Success,81863.45
PAY02685,O02685,2025-01-14,UPI,Success,9051.51
PAY02686,O02686,2025-02-09,COD,Refunded,7465.46
PAY02687,O02687,2025-03-09,Credit Card,Success,1256.22
PAY02688,O02688,2023-04-27,Debit Card,Success,102737.44
PAY02689,O02689,2025-08-18,Net Banking,Success,1400.99
PAY02690,O02690,2025-10-26,UPI,Success,3284.28
PAY02691,O02691,2025-02-13,Net Banking,Success,27719.85
PAY02692,O02692,2023-03-08,Credit Card,Success,82295.47
PAY02693,O02693,2024-06-10,COD,Success,3145.09
PAY02694,O02694,2024-03-24,UPI,Success,41996.58
PAY02695,O02695,2023-04-12,UPI,Success,13868.83
PAY02696,O02696,2025-01-01,UPI,Success,14484.02
PAY02697,O02697,2024-07-07,Debit Card,Failed,100972.98
PAY02698,O02698,2023-03-09,UPI,Failed,37114.23
PAY02699,O02699,2023-04-30,COD,Failed,50578.63
PAY02700,O02700,2023-09-02,UPI,Success,6102.95
PAY02701,O02701,2024-01-24,UPI,Success,25962.85
PAY02702,O02702,2023-10-15,UPI,Success,14654.36
PAY02703,O02703,2025-12-07,Debit Card,Success,26185.7
PAY02704,O02704,2025-03-11,Net Banking,Success,5069.4
PAY02705,O02705,2025-04-05,COD,Success,833.34
PAY02706,O02706,2024-02-22,UPI,Success,67038.16
PAY02707,O02707,2025-08-29,UPI,Success,102705.1
PAY02708,O02708,2023-12-18,Debit Card,Success,5845.28
PAY02709,O02709,2023-06-04,Debit Card,Success,1909.98
PAY02710,O02710,2023-07-24,UPI,Success,49951.96
PAY02711,O02711,2025-08-24,COD,Success,28791.94
PAY02712,O02712,2024-03-17,UPI,Success,41018.43
PAY02713,O02713,2024-01-16,Debit Card,Success,7516.78
PAY02714,O02714,2023-02-19,UPI,Refunded,60035.26
PAY02715,O02715,2023-08-18,Credit Card,Success,2440.51
PAY02716,O02716,2025-09-16,Credit Card,Refunded,49221.12
PAY02717,O02717,2024-11-11,Net Banking,Success,96643.27
PAY02718,O02718,2025-11-12,Credit Card,Success,11790.92
PAY02719,O02719,2025-06-17,Net Banking,Success,495.05
PAY02720,O02720,2025-08-26,UPI,Success,140768.33
PAY02721,O02721,2025-08-12,COD,Success,1782.37
PAY02722,O02722,2024-10-08,Debit Card,Success,340.69
PAY02723,O02723,2023-01-13,COD,Success,96660.88
PAY02724,O02724,2025-11-18,Debit Card,Refunded,90015.75
PAY02725,O02725,2024-03-31,Debit Card,Refunded,38419.92
PAY02726,O02726,2025-11-21,Debit Card,Success,50352.79
PAY02727,O02727,2024-08-25,Net Banking,Success,675.26
PAY02728,O02728,2025-08-24,UPI,Failed,45160.26
PAY02729,O02729,2024-08-13,UPI,Success,13141.98
PAY02730,O02730,2024-05-30,Debit Card,Refunded,16407.04
PAY02731,O02731,2024-02-03,UPI,Success,50518.53
PAY02732,O02732,2024-01-22,Debit Card,Success,67767.32
PAY02733,O02733,2024-09-10,UPI,Success,3998.66
PAY02734,O02734,2023-05-20,UPI,Success,37086.66
PAY02735,O02735,2024-10-15,COD,Failed,5285.9
PAY02736,O02736,2024-04-26,UPI,Success,2696.88
PAY02737,O02737,2023-10-28,UPI,Success,15408.92
PAY02738,O02738,2023-02-01,UPI,Success,25548.05
PAY02739,O02739,2024-04-02,UPI,Refunded,1285.1
PAY02740,O02740,2024-06-26,COD,Success,121991.65
PAY02741,O02741,2023-02-14,Debit Card,Success,2864.42
PAY02742,O02742,2024-07-01,COD,Success,714.88
PAY02743,O02743,2025-09-12,Debit Card,Success,3644.29
PAY02744,O02744,2024-03-01,Net Banking,Success,28242.38
PAY02745,O02745,2023-02-14,Credit Card,Success,29618.96
PAY02746,O02746,2024-01-15,UPI,Refunded,42389.02
PAY02747,O02747,2024-05-11,UPI,Success,2164.9
PAY02748,O02748,2025-06-03,Credit Card,Success,671.25
PAY02749,O02749,2025-08-18,UPI,Failed,2256.1
PAY02750,O02750,2023-05-19,UPI,Success,7974.98
PAY02751,O02751,2024-02-14,UPI,Success,98089.74
PAY02752,O02752,2023-07-04,Credit Card,Success,109959.35
PAY02753,O02753,2024-05-03,Credit Card,Refunded,11803.62
PAY02754,O02754,2023-01-18,Net Banking,Success,1087.34
PAY02755,O02755,2024-09-26,UPI,Success,7709.35
PAY02756,O02756,2023-06-22,UPI,Success,2101.19
PAY02757,O02757,2024-02-06,Credit Card,Failed,48538.57
PAY02758,O02758,2025-06-29,UPI,Failed,25796.69
PAY02759,O02759,2023-08-28,Debit Card,Success,50590.85
PAY02760,O02760,2023-11-17,Credit Card,Success,62297.23
PAY02761,O02761,2024-06-07,Credit Card,Success,39782.74
PAY02762,O02762,2024-06-13,Debit Card,Success,43782.96
PAY02763,O02763,2024-04-21,UPI,Failed,5161.36
PAY02764,O02764,2025-01-28,UPI,Success,51553.21
PAY02765,O02765,2023-02-13,UPI,Success,58372.56
PAY02766,O02766,2023-08-22,Credit Card,Failed,5757.1
PAY02767,O02767,2024-07-09,UPI,Refunded,1993.1
PAY02768,O02768,2024-03-14,UPI,Success,43420.97
PAY02769,O02769,2024-11-06,UPI,Failed,3444.29
PAY02770,O02770,2025-01-14,UPI,Success,44295.63
PAY02771,O02771,2025-06-28,UPI,Success,1082.85
PAY02772,O02772,2025-03-14,UPI,Success,1308.46
PAY02773,O02773,2025-04-30,Credit Card,Success,27376.56
PAY02774,O02774,2025-09-25,UPI,Success,4069.84
PAY02775,O02775,2025-04-27,COD,Success,10962.62
PAY02776,O02776,2024-05-24,Credit Card,Success,40355.51
PAY02777,O02777,2023-01-22,Debit Card,Success,6366.02
PAY02778,O02778,2025-10-05,UPI,Success,1281.77
PAY02779,O02779,2023-08-31,Credit Card,Refunded,57880.57
PAY02780,O02780,2025-04-23,Debit Card,Refunded,1493.09
PAY02781,O02781,2024-08-02,UPI,Success,59543.19
PAY02782,O02782,2024-03-28,UPI,Success,846.25
PAY02783,O02783,2024-05-23,COD,Failed,660.64
PAY02784,O02784,2023-08-03,COD,Success,6315.78
PAY02785,O02785,2025-09-21,Credit Card,Refunded,17358.31
PAY02786,O02786,2024-02-15,COD,Success,26965.87
PAY02787,O02787,2024-09-13,Debit Card,Success,1982.89
PAY02788,O02788,2024-07-14,UPI,Success,2627.42
PAY02789,O02789,2025-05-21,Credit Card,Success,2282.91
PAY02790,O02790,2024-10-30,Debit Card,Success,9978.09
PAY02791,O02791,2024-08-16,Credit Card,Success,20103.54
PAY02792,O02792,2025-12-04,COD,Refunded,41710.15
PAY02793,O02793,2024-12-07,UPI,Success,45067.85
PAY02794,O02794,2024-12-24,UPI,Failed,305.98
PAY02795,O02795,2025-02-20,Debit Card,Refunded,1229.54
PAY02796,O02796,2024-05-22,Debit Card,Success,1689.03
PAY02797,O02797,2024-03-26,COD,Success,10700.65
PAY02798,O02798,2025-01-20,UPI,Success,32299.03
PAY02799,O02799,2024-06-21,Debit Card,Success,211543.55
PAY02800,O02800,2024-05-12,UPI,Success,27464.47
PAY02801,O02801,2024-12-16,COD,Success,36878.83
PAY02802,O02802,2024-02-06,Debit Card,Success,8703.66
PAY02803,O02803,2024-08-08,Credit Card,Success,1225.14
PAY02804,O02804,2025-07-09,Credit Card,Success,67419.92
PAY02805,O02805,2023-12-05,Debit Card,Success,50698.67
PAY02806,O02806,2024-04-01,UPI,Success,55858.93
PAY02807,O02807,2024-10-07,COD,Failed,28819.16
PAY02808,O02808,2023-10-09,UPI,Success,27665.51
PAY02809,O02809,2024-02-20,Credit Card,Failed,35409.06
PAY02810,O02810,2023-06-13,Credit Card,Failed,45671.02
PAY02811,O02811,2025-04-23,COD,Refunded,2363.88
PAY02812,O02812,2023-06-11,UPI,Success,14930.91
PAY02813,O02813,2023-09-12,UPI,Failed,25846.08
PAY02814,O02814,2025-12-30,Debit Card,Success,27095.62
PAY02815,O02815,2024-02-18,Credit Card,Success,2410.51
PAY02816,O02816,2024-12-16,UPI,Success,4430.75
PAY02817,O02817,2023-02-06,Debit Card,Success,11006.46
PAY02818,O02818,2024-12-30,UPI,Success,5969.07
PAY02819,O02819,2024-04-15,COD,Success,13040.72
PAY02820,O02820,2023-11-06,Credit Card,Success,3313.26
PAY02821,O02821,2024-04-27,UPI,Failed,730.38
PAY02822,O02822,2024-12-05,Credit Card,Success,50601.76
PAY02823,O02823,2025-03-01,UPI,Success,1701.24
PAY02824,O02824,2023-10-20,Debit Card,Success,14198.8
PAY02825,O02825,2024-03-06,Debit Card,Success,51818.61
PAY02826,O02826,2024-08-21,Credit Card,Success,47071.89
PAY02827,O02827,2024-03-08,UPI,Failed,315.97
PAY02828,O02828,2024-10-07,COD,Refunded,8923.62
PAY02829,O02829,2024-05-19,Credit Card,Success,3379.66
PAY02830,O02830,2024-11-05,Debit Card,Refunded,41937.82
PAY02831,O02831,2025-03-19,UPI,Success,12438.73
PAY02832,O02832,2023-02-10,Debit Card,Success,469.0
PAY02833,O02833,2024-01-21,Credit Card,Success,1855.46
PAY02834,O02834,2025-06-04,UPI,Failed,32412.24
PAY02835,O02835,2023-07-03,Net Banking,Success,876.67
PAY02836,O02836,2025-02-02,UPI,Success,8184.73
PAY02837,O02837,2025-12-01,UPI,Success,3038.47
PAY02838,O02838,2023-05-20,UPI,Success,10511.25
PAY02839,O02839,2023-12-01,UPI,Success,7639.87
PAY02840,O02840,2023-05-18,Credit Card,Success,29594.97
PAY02841,O02841,2024-05-04,Credit Card,Success,846.72
PAY02842,O02842,2024-07-30,COD,Success,95167.51
PAY02843,O02843,2024-09-22,COD,Success,25380.97
PAY02844,O02844,2025-06-17,COD,Success,12066.69
PAY02845,O02845,2024-02-13,UPI,Success,79175.53
PAY02846,O02846,2025-10-30,Credit Card,Failed,3515.87
PAY02847,O02847,2025-05-09,Debit Card,Success,90534.11
PAY02848,O02848,2023-08-09,UPI,Success,2203.21
PAY02849,O02849,2025-04-23,COD,Success,1157.43
PAY02850,O02850,2023-12-18,Credit Card,Success,2757.39
PAY02851,O02851,2024-02-09,COD,Success,3181.13
PAY02852,O02852,2023-02-13,COD,Success,20331.26
PAY02853,O02853,2023-09-15,UPI,Success,4500.9
PAY02854,O02854,2025-05-01,UPI,Success,708.54
PAY02855,O02855,2025-12-05,Net Banking,Failed,862.0
PAY02856,O02856,2025-10-10,UPI,Success,4170.28
PAY02857,O02857,2024-03-10,UPI,Success,1287.64
PAY02858,O02858,2024-06-15,COD,Success,55858.93
PAY02859,O02859,2023-03-12,COD,Success,9312.44
PAY02860,O02860,2025-11-16,UPI,Failed,427.96
PAY02861,O02861,2024-07-22,UPI,Failed,34854.8
PAY02862,O02862,2024-05-27,UPI,Success,55543.59
PAY02863,O02863,2023-07-03,Credit Card,Success,11348.27
PAY02864,O02864,2023-02-24,Credit Card,Failed,13661.43
PAY02865,O02865,2023-06-11,UPI,Success,68660.35
PAY02866,O02866,2025-01-09,UPI,Success,42044.53
PAY02867,O02867,2023-09-21,UPI,Success,1082.72
PAY02868,O02868,2024-09-14,UPI,Success,1458.1
PAY02869,O02869,2025-10-04,COD,Success,55303.11
PAY02870,O02870,2025-12-03,Debit Card,Success,1966.69
PAY02871,O02871,2023-07-22,COD,Success,54251.97
PAY02872,O02872,2023-05-27,COD,Success,103304.86
PAY02873,O02873,2024-12-11,Credit Card,Success,28406.97
PAY02874,O02874,2024-07-01,Credit Card,Success,25321.64
PAY02875,O02875,2025-05-21,Net Banking,Success,46501.34
PAY02876,O02876,2024-07-29,COD,Success,5994.76
PAY02877,O02877,2023-03-23,COD,Success,41008.57
PAY02878,O02878,2023-09-22,Credit Card,Refunded,1340.67
PAY02879,O02879,2025-07-12,Credit Card,Success,3607.71
PAY02880,O02880,2025-11-30,COD,Success,38682.63
PAY02881,O02881,2023-10-14,COD,Success,43782.12
PAY02882,O02882,2023-01-23,Credit Card,Success,6213.54
PAY02883,O02883,2023-10-31,UPI,Success,52207.72
PAY02884,O02884,2023-07-25,UPI,Success,7152.22
PAY02885,O02885,2023-04-07,Credit Card,Success,25570.78
PAY02886,O02886,2024-04-20,UPI,Success,1122.96
PAY02887,O02887,2023-05-19,UPI,Success,3063.01
PAY02888,O02888,2023-06-01,UPI,Success,11705.96
PAY02889,O02889,2024-12-04,UPI,Refunded,25659.63
PAY02890,O02890,2023-07-23,COD,Success,7237.77
PAY02891,O02891,2025-08-02,UPI,Failed,28741.61
PAY02892,O02892,2023-03-17,COD,Success,876.66
PAY02893,O02893,2024-07-03,UPI,Success,17021.89
PAY02894,O02894,2024-09-30,Debit Card,Failed,10784.64
PAY02895,O02895,2025-09-27,COD,Success,53679.7
PAY02896,O02896,2025-09-25,COD,Success,1118.27
PAY02897,O02897,2025-10-23,COD,Refunded,29911.98
PAY02898,O02898,2023-10-20,UPI,Success,73527.87
PAY02899,O02899,2023-03-12,Net Banking,Success,426.4
PAY02900,O02900,2023-04-20,UPI,Success,1295.67
PAY02901,O02901,2024-08-22,Net Banking,Success,2516.92
PAY02902,O02902,2025-11-15,Credit Card,Success,977.18
PAY02903,O02903,2023-07-24,UPI,Success,33695.12
PAY02904,O02904,2024-07-23,COD,Success,3042.34
PAY02905,O02905,2023-06-13,COD,Success,2792.92
PAY02906,O02906,2025-07-19,UPI,Success,1381.15
PAY02907,O02907,2023-07-01,COD,Failed,24569.51
PAY02908,O02908,2024-08-21,UPI,Success,2168.29
PAY02909,O02909,2024-04-18,UPI,Success,73326.45
PAY02910,O02910,2025-12-06,COD,Success,27495.14
PAY02911,O02911,2024-06-15,UPI,Success,5571.87
PAY02912,O02912,2024-08-31,UPI,Success,172223.41
PAY02913,O02913,2024-03-06,Net Banking,Success,50755.26
PAY02914,O02914,2025-12-20,Credit Card,Success,915.65
PAY02915,O02915,2025-09-03,Credit Card,Success,48930.66
PAY02916,O02916,2025-09-01,Credit Card,Success,3798.29
PAY02917,O02917,2023-08-12,Debit Card,Refunded,381.51
PAY02918,O02918,2025-03-21,COD,Success,927.78
PAY02919,O02919,2023-07-08,Debit Card,Success,653.65
PAY02920,O02920,2023-03-01,Debit Card,Refunded,9595.58
PAY02921,O02921,2025-10-30,UPI,Success,1072.71
PAY02922,O02922,2025-04-04,Credit Card,Success,5954.22
PAY02923,O02923,2024-02-11,Credit Card,Success,49835.67
PAY02924,O02924,2024-09-05,Debit Card,Success,270.24
PAY02925,O02925,2025-11-12,UPI,Success,45285.52
PAY02926,O02926,2024-01-19,Net Banking,Success,15658.55
PAY02927,O02927,2024-02-16,UPI,Success,5575.17
PAY02928,O02928,2024-12-29,UPI,Failed,20737.96
PAY02929,O02929,2023-08-19,UPI,Success,41144.56
PAY02930,O02930,2023-08-25,Debit Card,Success,35346.12
PAY02931,O02931,2024-10-25,UPI,Success,17372.16
PAY02932,O02932,2023-02-16,Net Banking,Success,2373.98
PAY02933,O02933,2023-08-11,Net Banking,Failed,89086.2
PAY02934,O02934,2025-01-23,UPI,Failed,8471.19
PAY02935,O02935,2023-06-07,Credit Card,Success,41938.87
PAY02936,O02936,2025-03-30,UPI,Success,128133.17
PAY02937,O02937,2024-07-28,Credit Card,Success,3041.08
PAY02938,O02938,2023-01-12,Credit Card,Success,24245.16
PAY02939,O02939,2023-04-01,COD,Success,3778.08
PAY02940,O02940,2025-06-27,UPI,Success,5851.89
PAY02941,O02941,2023-11-23,Net Banking,Success,12787.54
PAY02942,O02942,2023-10-13,Net Banking,Success,249.4
PAY02943,O02943,2023-08-04,Credit Card,Success,1265.45
PAY02944,O02944,2025-09-22,Credit Card,Success,12935.14
PAY02945,O02945,2025-09-08,Credit Card,Success,1222.01
PAY02946,O02946,2024-02-07,UPI,Success,15431.4
PAY02947,O02947,2024-09-05,Debit Card,Success,3170.42
PAY02948,O02948,2024-06-08,Credit Card,Success,789.39
PAY02949,O02949,2023-12-07,UPI,Success,27431.33
PAY02950,O02950,2025-04-10,Credit Card,Success,30427.12
PAY02951,O02951,2025-06-25,UPI,Refunded,9390.6
PAY02952,O02952,2023-12-25,Debit Card,Success,7543.96
PAY02953,O02953,2024-01-13,Debit Card,Success,39191.3
PAY02954,O02954,2023-03-17,Credit Card,Success,3748.65
PAY02955,O02955,2023-09-24,UPI,Success,13374.56
PAY02956,O02956,2025-07-01,COD,Success,75077.48
PAY02957,O02957,2025-10-11,Debit Card,Success,25824.52
PAY02958,O02958,2023-08-16,Debit Card,Failed,61347.97
PAY02959,O02959,2023-05-13,Debit Card,Success,10516.98
PAY02960,O02960,2025-10-30,UPI,Refunded,34068.1
PAY02961,O02961,2024-06-28,UPI,Failed,16314.68
PAY02962,O02962,2023-09-02,Credit Card,Success,25932.89
PAY02963,O02963,2023-08-16,Net Banking,Success,5150.7
PAY02964,O02964,2023-09-04,Credit Card,Success,6908.81
PAY02965,O02965,2024-03-21,COD,Success,1888.12
PAY02966,O02966,2024-09-08,UPI,Success,36232.38
PAY02967,O02967,2025-06-06,Debit Card,Success,34871.37
PAY02968,O02968,2025-04-05,UPI,Success,18922.71
PAY02969,O02969,2025-07-26,Credit Card,Success,36932.6
PAY02970,O02970,2024-01-19,UPI,Success,2932.47
PAY02971,O02971,2024-09-30,Debit Card,Success,79143.3
PAY02972,O02972,2024-06-07,Credit Card,Success,1892.94
PAY02973,O02973,2025-04-23,Credit Card,Success,44197.93
PAY02974,O02974,2023-06-08,UPI,Success,55842.45
PAY02975,O02975,2024-06-30,UPI,Success,1136.97
PAY02976,O02976,2024-05-22,UPI,Success,1193.41
PAY02977,O02977,2025-04-01,Credit Card,Success,6826.32
PAY02978,O02978,2023-06-16,UPI,Failed,1472.0
PAY02979,O02979,2023-01-23,UPI,Success,9528.6
PAY02980,O02980,2023-03-09,Credit Card,Refunded,143740.6
PAY02981,O02981,2024-12-12,UPI,Success,738.15
PAY02982,O02982,2024-09-03,Credit Card,Success,4211.78
PAY02983,O02983,2025-04-29,UPI,Success,15531.22
PAY02984,O02984,2024-08-09,Net Banking,Success,48430.0
PAY02985,O02985,2025-06-06,Debit Card,Failed,49895.73
PAY02986,O02986,2023-01-17,Credit Card,Success,19189.12
PAY02987,O02987,2024-10-21,Net Banking,Success,16291.88
PAY02988,O02988,2025-02-02,COD,Success,148745.89
PAY02989,O02989,2023-09-13,UPI,Success,78127.51
PAY02990,O02990,2023-11-26,UPI,Success,4975.19
PAY02991,O02991,2023-12-12,UPI,Success,4761.62
PAY02992,O02992,2023-08-30,UPI,Refunded,10105.76
PAY02993,O02993,2023-11-03,Debit Card,Success,8413.24
PAY02994,O02994,2023-06-25,Credit Card,Success,11723.08
PAY02995,O02995,2023-11-11,COD,Failed,6679.62
PAY02996,O02996,2025-06-24,Credit Card,Success,3387.47
PAY02997,O02997,2024-06-29,COD,Success,998.57
PAY02998,O02998,2023-12-01,UPI,Success,57066.13
PAY02999,O02999,2025-04-16,Debit Card,Refunded,1640.54
PAY03000,O03000,2025-06-20,Debit Card,Success,8657.24
PAY03001,O03001,2024-12-01,Debit Card,Success,861.65
PAY03002,O03002,2023-09-26,COD,Success,46820.9
PAY03003,O03003,2025-03-17,UPI,Success,25086.7
PAY03004,O03004,2023-07-06,Credit Card,Failed,366.55
PAY03005,O03005,2023-04-20,UPI,Success,353.78
PAY03006,O03006,2025-02-06,Debit Card,Success,13495.84
PAY03007,O03007,2023-02-04,UPI,Success,8152.47
PAY03008,O03008,2025-03-10,Credit Card,Success,1198.3
PAY03009,O03009,2024-09-23,COD,Success,2448.73
PAY03010,O03010,2023-01-10,UPI,Success,42440.2
PAY03011,O03011,2023-07-28,UPI,Success,841.8
PAY03012,O03012,2023-02-09,Debit Card,Success,18887.08
PAY03013,O03013,2023-04-05,Net Banking,Failed,2632.11
PAY03014,O03014,2025-06-07,UPI,Success,369.08
PAY03015,O03015,2025-04-18,COD,Success,32427.23
PAY03016,O03016,2024-10-15,UPI,Success,689.39
PAY03017,O03017,2023-08-30,UPI,Success,20171.7
PAY03018,O03018,2024-11-12,Credit Card,Success,63871.51
PAY03019,O03019,2023-04-10,Debit Card,Success,440.52
PAY03020,O03020,2024-08-03,Net Banking,Success,65235.96
PAY03021,O03021,2024-09-09,UPI,Failed,54527.7
PAY03022,O03022,2023-05-21,Debit Card,Refunded,1811.22
PAY03023,O03023,2023-07-24,UPI,Success,95715.2
PAY03024,O03024,2024-02-23,COD,Success,11463.41
PAY03025,O03025,2025-03-14,UPI,Success,10087.18
PAY03026,O03026,2025-08-03,Debit Card,Success,6693.9
PAY03027,O03027,2023-05-19,UPI,Success,1805.68
PAY03028,O03028,2025-02-15,Net Banking,Success,758.86
PAY03029,O03029,2025-06-24,UPI,Success,43427.15
PAY03030,O03030,2024-09-11,UPI,Success,20227.13
PAY03031,O03031,2025-07-12,Debit Card,Refunded,44941.99
PAY03032,O03032,2024-09-16,COD,Success,2222.23
PAY03033,O03033,2025-04-14,Net Banking,Success,113494.9
PAY03034,O03034,2023-05-20,UPI,Refunded,4581.12
PAY03035,O03035,2024-02-21,UPI,Success,8190.15
PAY03036,O03036,2024-09-11,COD,Failed,36065.44
PAY03037,O03037,2023-09-05,UPI,Success,79566.07
PAY03038,O03038,2024-06-09,Debit Card,Success,10101.96
PAY03039,O03039,2023-08-15,Credit Card,Success,1870.66
PAY03040,O03040,2025-01-05,Debit Card,Success,12772.57
PAY03041,O03041,2024-12-23,Credit Card,Failed,4922.82
PAY03042,O03042,2024-04-07,Debit Card,Success,59354.04
PAY03043,O03043,2025-07-06,Debit Card,Refunded,2861.41
PAY03044,O03044,2023-08-28,Debit Card,Success,18507.67
PAY03045,O03045,2023-01-23,Debit Card,Success,530.42
PAY03046,O03046,2024-03-24,Credit Card,Success,2255.91
PAY03047,O03047,2024-03-25,Debit Card,Success,2625.06
PAY03048,O03048,2023-09-13,COD,Success,63997.22
PAY03049,O03049,2023-11-01,COD,Success,10489.07
PAY03050,O03050,2025-02-15,COD,Success,24877.25
PAY03051,O03051,2024-09-16,UPI,Success,161431.75
PAY03052,O03052,2025-11-20,Debit Card,Success,113549.76
PAY03053,O03053,2025-06-07,Net Banking,Success,66027.69
PAY03054,O03054,2024-01-24,UPI,Success,6687.28
PAY03055,O03055,2024-11-12,COD,Success,169614.91
PAY03056,O03056,2024-04-26,UPI,Failed,6743.99
PAY03057,O03057,2024-08-31,UPI,Success,8497.58
PAY03058,O03058,2023-05-16,Credit Card,Refunded,1119.17
PAY03059,O03059,2025-11-29,COD,Success,6342.14
PAY03060,O03060,2023-10-15,UPI,Success,15487.54
PAY03061,O03061,2025-12-28,UPI,Failed,112422.46
PAY03062,O03062,2025-01-16,UPI,Success,79759.87
PAY03063,O03063,2025-12-27,UPI,Success,54527.7
PAY03064,O03064,2023-07-11,Debit Card,Success,3755.68
PAY03065,O03065,2024-02-05,UPI,Success,28403.83
PAY03066,O03066,2025-06-27,Net Banking,Success,950.72
PAY03067,O03067,2024-10-19,UPI,Success,6744.68
PAY03068,O03068,2025-11-04,Credit Card,Success,824.8
PAY03069,O03069,2024-04-14,Credit Card,Success,1480.54
PAY03070,O03070,2025-06-13,Net Banking,Success,703.03
PAY03071,O03071,2023-06-04,Credit Card,Success,62703.0
PAY03072,O03072,2025-08-15,Credit Card,Refunded,45280.62
PAY03073,O03073,2024-11-10,COD,Success,2046.76
PAY03074,O03074,2024-11-28,UPI,Success,42626.33
PAY03075,O03075,2023-11-03,UPI,Success,30323.0
PAY03076,O03076,2023-12-20,Credit Card,Success,274.56
PAY03077,O03077,2025-06-26,Credit Card,Success,1736.74
PAY03078,O03078,2025-03-09,UPI,Success,47259.22
PAY03079,O03079,2024-11-26,Credit Card,Success,3464.17
PAY03080,O03080,2025-05-05,Debit Card,Success,91258.08
PAY03081,O03081,2023-07-11,Net Banking,Success,13173.93
PAY03082,O03082,2024-08-17,Debit Card,Success,10894.33
PAY03083,O03083,2025-06-23,Credit Card,Success,16732.34
PAY03084,O03084,2025-08-26,UPI,Success,1575.31
PAY03085,O03085,2025-10-17,UPI,Success,796.27
PAY03086,O03086,2025-06-16,UPI,Failed,54891.78
PAY03087,O03087,2025-03-27,Credit Card,Success,23337.46
PAY03088,O03088,2024-07-22,COD,Success,1568.87
PAY03089,O03089,2025-12-28,COD,Success,3095.61
PAY03090,O03090,2024-09-18,COD,Success,37233.71
PAY03091,O03091,2023-04-23,UPI,Success,60826.94
PAY03092,O03092,2024-11-02,UPI,Success,106520.86
PAY03093,O03093,2023-01-26,UPI,Success,63345.34
PAY03094,O03094,2025-09-28,COD,Failed,9104.33
PAY03095,O03095,2024-09-14,Debit Card,Success,1100.58
PAY03096,O03096,2025-12-27,UPI,Success,28242.38
PAY03097,O03097,2024-12-17,UPI,Success,4461.9
PAY03098,O03098,2024-09-05,UPI,Success,1467.32
PAY03099,O03099,2025-10-23,Net Banking,Success,1886.69
PAY03100,O03100,2024-08-05,UPI,Success,54043.26
PAY03101,O03101,2024-04-05,Credit Card,Success,58726.41
PAY03102,O03102,2024-01-05,UPI,Failed,73936.51
PAY03103,O03103,2024-12-27,Credit Card,Refunded,1654.03
PAY03104,O03104,2023-05-23,Net Banking,Success,7858.56
PAY03105,O03105,2023-01-14,UPI,Success,19514.61
PAY03106,O03106,2024-12-12,UPI,Success,38354.02
PAY03107,O03107,2024-06-15,UPI,Success,106260.03
PAY03108,O03108,2025-04-06,UPI,Success,16587.42
PAY03109,O03109,2025-04-11,Debit Card,Success,53943.8
PAY03110,O03110,2024-03-15,UPI,Success,853.02
PAY03111,O03111,2024-01-20,Credit Card,Success,45449.51
PAY03112,O03112,2025-07-04,Debit Card,Success,2173.51
PAY03113,O03113,2025-03-16,UPI,Success,140892.42
PAY03114,O03114,2025-09-01,Debit Card,Success,25594.89
PAY03115,O03115,2025-08-09,Credit Card,Success,161431.75
PAY03116,O03116,2024-02-10,UPI,Refunded,49595.1
PAY03117,O03117,2025-10-17,UPI,Success,40501.82
PAY03118,O03118,2025-06-05,Credit Card,Success,21095.88
PAY03119,O03119,2025-08-26,UPI,Success,132881.0
PAY03120,O03120,2023-03-20,Credit Card,Success,4244.37
PAY03121,O03121,2023-11-06,Debit Card,Success,66415.91
PAY03122,O03122,2024-12-29,UPI,Success,3610.72
PAY03123,O03123,2025-11-23,Debit Card,Success,332.6
PAY03124,O03124,2025-06-10,COD,Success,24247.79
PAY03125,O03125,2024-12-15,UPI,Success,81044.61
PAY03126,O03126,2025-08-08,UPI,Success,106404.12
PAY03127,O03127,2024-04-16,UPI,Failed,3719.78
PAY03128,O03128,2024-07-19,Credit Card,Refunded,2667.45
PAY03129,O03129,2025-07-28,Debit Card,Refunded,388.5
PAY03130,O03130,2023-05-02,UPI,Success,9593.47
PAY03131,O03131,2023-05-31,UPI,Success,11080.82
PAY03132,O03132,2023-06-03,Debit Card,Success,33590.89
PAY03133,O03133,2025-09-30,Debit Card,Success,3640.88
PAY03134,O03134,2024-07-28,Credit Card,Failed,42659.6
PAY03135,O03135,2025-12-22,Credit Card,Success,3198.39
PAY03136,O03136,2023-03-09,UPI,Success,3532.94
PAY03137,O03137,2023-08-14,UPI,Success,5259.78
PAY03138,O03138,2025-04-27,UPI,Success,57198.48
PAY03139,O03139,2024-07-11,Debit Card,Failed,49687.0
PAY03140,O03140,2025-05-27,Credit Card,Success,25724.61
PAY03141,O03141,2023-09-06,Debit Card,Success,23038.21
PAY03142,O03142,2025-06-29,Credit Card,Refunded,1511.88
PAY03143,O03143,2023-10-21,Credit Card,Success,32266.65
PAY03144,O03144,2023-08-02,UPI,Failed,25761.2
PAY03145,O03145,2025-02-06,Credit Card,Success,105825.55
PAY03146,O03146,2024-08-28,COD,Success,149467.39
PAY03147,O03147,2025-08-29,Credit Card,Success,21507.51
PAY03148,O03148,2025-10-08,Credit Card,Success,451.39
PAY03149,O03149,2023-03-16,UPI,Success,12684.28
PAY03150,O03150,2024-09-17,Debit Card,Success,49536.4
PAY03151,O03151,2024-10-25,Debit Card,Success,49780.37
PAY03152,O03152,2023-02-28,Debit Card,Success,42266.34
PAY03153,O03153,2024-12-28,UPI,Success,8444.33
PAY03154,O03154,2023-07-29,UPI,Success,2476.49
PAY03155,O03155,2024-02-19,UPI,Refunded,4269.87
PAY03156,O03156,2025-12-11,COD,Success,536.75
PAY03157,O03157,2025-11-08,Net Banking,Success,14088.04
PAY03158,O03158,2024-12-31,Credit Card,Success,13727.92
PAY03159,O03159,2025-01-10,Credit Card,Success,7190.17
PAY03160,O03160,2025-03-16,UPI,Success,61473.62
PAY03161,O03161,2024-02-23,UPI,Success,152711.81
PAY03162,O03162,2025-07-09,UPI,Success,498.29
PAY03163,O03163,2023-07-20,Debit Card,Success,615.2
PAY03164,O03164,2023-03-21,UPI,Success,17125.13
PAY03165,O03165,2023-07-10,Debit Card,Success,27183.7
PAY03166,O03166,2025-04-08,Credit Card,Failed,4681.01
PAY03167,O03167,2025-01-25,COD,Success,27386.06
PAY03168,O03168,2025-04-07,COD,Success,1874.08
PAY03169,O03169,2025-12-03,COD,Refunded,1194.41
PAY03170,O03170,2024-05-26,Credit Card,Success,6411.51
PAY03171,O03171,2024-11-26,COD,Success,1082.85
PAY03172,O03172,2023-01-22,Debit Card,Success,17864.0
PAY03173,O03173,2024-02-04,UPI,Success,26925.49
PAY03174,O03174,2024-07-13,Credit Card,Success,2399.47
PAY03175,O03175,2025-11-23,Net Banking,Success,56642.72
PAY03176,O03176,2024-05-03,COD,Success,1462.8
PAY03177,O03177,2023-10-16,UPI,Success,25294.46
PAY03178,O03178,2024-03-13,UPI,Refunded,2486.08
PAY03179,O03179,2023-05-10,UPI,Success,31058.48
PAY03180,O03180,2024-03-16,UPI,Success,54889.94
PAY03181,O03181,2025-03-02,Net Banking,Failed,57273.12
PAY03182,O03182,2025-09-23,Credit Card,Success,38363.7
PAY03183,O03183,2025-12-13,UPI,Success,14277.48
PAY03184,O03184,2024-12-21,UPI,Success,1804.55
PAY03185,O03185,2025-05-13,COD,Failed,6507.96
PAY03186,O03186,2023-08-20,Net Banking,Success,78422.37
PAY03187,O03187,2024-04-11,UPI,Success,29239.4
PAY03188,O03188,2023-07-07,Debit Card,Failed,6315.78
PAY03189,O03189,2023-06-11,Net Banking,Success,3081.31
PAY03190,O03190,2024-02-05,Credit Card,Success,4859.42
PAY03191,O03191,2025-03-02,Credit Card,Success,3540.18
PAY03192,O03192,2025-10-11,Credit Card,Success,125256.36
PAY03193,O03193,2024-06-28,UPI,Success,5499.9
PAY03194,O03194,2024-02-18,UPI,Success,331.8
PAY03195,O03195,2024-06-16,Debit Card,Success,7542.56
PAY03196,O03196,2023-03-10,Net Banking,Success,2961.4
PAY03197,O03197,2023-10-20,Credit Card,Success,15451.61
PAY03198,O03198,2024-09-26,UPI,Success,570.53
PAY03199,O03199,2024-07-21,Credit Card,Success,8943.25
PAY03200,O03200,2024-06-17,Credit Card,Failed,32389.46
PAY03201,O03201,2024-10-11,UPI,Success,5008.5
PAY03202,O03202,2024-07-08,UPI,Success,5151.39
PAY03203,O03203,2025-08-12,Credit Card,Success,55808.9
PAY03204,O03204,2025-01-29,UPI,Success,4107.82
PAY03205,O03205,2023-01-29,UPI,Success,47085.31
PAY03206,O03206,2024-07-23,UPI,Success,85784.55
PAY03207,O03207,2024-10-02,Debit Card,Success,117717.85
PAY03208,O03208,2024-03-05,Credit Card,Failed,15151.7
PAY03209,O03209,2025-02-13,Credit Card,Success,16391.75
PAY03210,O03210,2025-09-06,UPI,Success,14077.69
PAY03211,O03211,2023-02-06,UPI,Success,236.93
PAY03212,O03212,2024-06-11,UPI,Success,37350.96
PAY03213,O03213,2025-04-11,UPI,Success,6672.58
PAY03214,O03214,2024-01-13,UPI,Success,52392.94
PAY03215,O03215,2025-04-14,UPI,Success,795.86
PAY03216,O03216,2024-10-17,Debit Card,Success,24889.54
PAY03217,O03217,2025-05-16,Debit Card,Success,11614.62
PAY03218,O03218,2025-10-05,UPI,Success,574.51
PAY03219,O03219,2024-05-02,UPI,Success,726.5
PAY03220,O03220,2023-12-21,UPI,Failed,2073.8
PAY03221,O03221,2023-12-20,UPI,Success,131725.46
PAY03222,O03222,2025-09-07,UPI,Success,590.73
PAY03223,O03223,2024-02-10,UPI,Success,43741.19
PAY03224,O03224,2024-02-09,Credit Card,Failed,19159.43
PAY03225,O03225,2025-01-28,COD,Success,1002.7
PAY03226,O03226,2024-01-29,Credit Card,Success,7546.32
PAY03227,O03227,2024-08-07,UPI,Success,11883.42
PAY03228,O03228,2023-04-14,Credit Card,Success,7043.33
PAY03229,O03229,2023-01-11,Credit Card,Refunded,4855.74
PAY03230,O03230,2025-10-07,COD,Success,3196.14
PAY03231,O03231,2024-02-27,UPI,Success,3349.92
PAY03232,O03232,2023-10-02,Debit Card,Success,8212.76
PAY03233,O03233,2023-02-24,UPI,Failed,25840.92
PAY03234,O03234,2023-09-04,Debit Card,Success,23581.85
PAY03235,O03235,2024-10-28,UPI,Success,80071.67
PAY03236,O03236,2024-09-11,UPI,Success,9791.47
PAY03237,O03237,2023-10-22,Net Banking,Success,3530.91
PAY03238,O03238,2023-10-03,Debit Card,Success,4963.89
PAY03239,O03239,2024-08-08,Net Banking,Success,124220.45
PAY03240,O03240,2025-12-02,Credit Card,Success,590.73
PAY03241,O03241,2023-07-14,Debit Card,Success,29756.67
PAY03242,O03242,2023-11-09,Credit Card,Success,23733.19
PAY03243,O03243,2024-09-12,Credit Card,Success,2669.67
PAY03244,O03244,2024-10-07,Credit Card,Success,81354.98
PAY03245,O03245,2023-09-07,UPI,Success,14779.1
PAY03246,O03246,2025-02-21,UPI,Success,3521.76
PAY03247,O03247,2025-08-13,UPI,Success,42877.73
PAY03248,O03248,2023-10-25,Credit Card,Refunded,2844.33
PAY03249,O03249,2023-08-26,Credit Card,Refunded,17398.28
PAY03250,O03250,2025-03-20,Debit Card,Success,64528.2
PAY03251,O03251,2023-10-18,UPI,Success,12543.61
PAY03252,O03252,2024-06-20,Credit Card,Refunded,4838.53
PAY03253,O03253,2023-09-14,UPI,Success,1898.64
PAY03254,O03254,2024-06-05,Credit Card,Success,54198.5
PAY03255,O03255,2023-05-01,Debit Card,Success,23038.21
PAY03256,O03256,2023-06-23,Credit Card,Success,11070.5
PAY03257,O03257,2024-12-24,UPI,Success,11334.25
PAY03258,O03258,2025-04-07,Debit Card,Success,7550.61
PAY03259,O03259,2023-12-16,Debit Card,Success,1651.21
PAY03260,O03260,2024-07-21,Net Banking,Success,25096.79
PAY03261,O03261,2024-04-20,Debit Card,Success,2425.81
PAY03262,O03262,2023-04-18,Debit Card,Failed,11621.29
PAY03263,O03263,2024-08-13,COD,Failed,1752.09
PAY03264,O03264,2024-01-07,UPI,Success,1981.04
PAY03265,O03265,2025-01-31,Debit Card,Success,1840.64
PAY03266,O03266,2024-07-29,UPI,Success,2455.95
PAY03267,O03267,2023-03-05,COD,Success,41703.91
PAY03268,O03268,2023-07-31,Credit Card,Success,12665.16
PAY03269,O03269,2023-03-12,Credit Card,Success,25394.63
PAY03270,O03270,2024-01-13,UPI,Refunded,2023.06
PAY03271,O03271,2024-06-10,Debit Card,Failed,26933.26
PAY03272,O03272,2023-03-11,UPI,Success,1289.57
PAY03273,O03273,2025-12-23,Debit Card,Success,3514.24
PAY03274,O03274,2023-06-11,UPI,Failed,3580.52
PAY03275,O03275,2025-11-16,UPI,Success,1042.22
PAY03276,O03276,2025-01-28,UPI,Success,11307.77
PAY03277,O03277,2024-12-03,UPI,Success,52033.21
PAY03278,O03278,2025-04-11,Credit Card,Success,1836.2
PAY03279,O03279,2025-04-29,UPI,Success,692.28
PAY03280,O03280,2025-04-19,UPI,Success,5011.4
PAY03281,O03281,2023-09-07,COD,Success,76399.07
PAY03282,O03282,2025-11-27,UPI,Success,27996.87
PAY03283,O03283,2025-10-27,Debit Card,Success,1870.66
PAY03284,O03284,2023-07-22,UPI,Success,3747.86
PAY03285,O03285,2025-04-24,COD,Success,13576.61
PAY03286,O03286,2024-06-28,Debit Card,Success,5369.54
PAY03287,O03287,2023-06-12,Debit Card,Success,13459.64
PAY03288,O03288,2025-11-19,Credit Card,Success,2093.05
PAY03289,O03289,2023-09-21,COD,Success,4404.67
PAY03290,O03290,2023-01-12,UPI,Success,1384.2
PAY03291,O03291,2024-12-17,Debit Card,Success,110477.05
PAY03292,O03292,2023-12-27,Debit Card,Success,43280.9
PAY03293,O03293,2023-05-06,Net Banking,Success,1146.46
PAY03294,O03294,2024-09-23,UPI,Success,2518.27
PAY03295,O03295,2023-09-25,UPI,Success,2476.6
PAY03296,O03296,2023-10-07,Credit Card,Success,4011.45
PAY03297,O03297,2025-10-22,COD,Success,13029.72
PAY03298,O03298,2023-03-17,UPI,Success,658.0
PAY03299,O03299,2024-06-11,UPI,Success,10580.93
PAY03300,O03300,2024-09-09,UPI,Failed,2555.4
PAY03301,O03301,2025-11-25,UPI,Success,1991.84
PAY03302,O03302,2023-09-29,UPI,Success,25073.15
PAY03303,O03303,2023-01-03,COD,Failed,85759.06
PAY03304,O03304,2024-07-26,UPI,Success,4484.84
PAY03305,O03305,2024-06-20,Credit Card,Success,1405.74
PAY03306,O03306,2023-12-18,UPI,Success,115779.04
PAY03307,O03307,2025-11-19,COD,Success,178166.32
PAY03308,O03308,2024-06-20,Debit Card,Success,3329.55
PAY03309,O03309,2025-05-18,Debit Card,Success,1062.87
PAY03310,O03310,2025-12-24,Debit Card,Success,614.77
PAY03311,O03311,2025-12-01,Net Banking,Success,4812.79
PAY03312,O03312,2024-04-10,Credit Card,Refunded,18989.53
PAY03313,O03313,2023-01-25,COD,Failed,28593.42
PAY03314,O03314,2024-11-20,UPI,Refunded,560.61
PAY03315,O03315,2023-05-10,Credit Card,Success,32312.77
PAY03316,O03316,2023-02-04,UPI,Refunded,51147.19
PAY03317,O03317,2024-05-03,UPI,Success,10125.75
PAY03318,O03318,2023-04-11,Credit Card,Success,3815.99
PAY03319,O03319,2025-01-07,COD,Success,1698.63
PAY03320,O03320,2025-01-11,UPI,Success,6357.57
PAY03321,O03321,2024-09-04,Debit Card,Success,44480.71
PAY03322,O03322,2023-11-27,COD,Success,4897.21
PAY03323,O03323,2023-07-16,UPI,Success,162721.12
PAY03324,O03324,2024-02-18,UPI,Success,47883.36
PAY03325,O03325,2023-03-10,Credit Card,Success,94097.11
PAY03326,O03326,2025-05-20,UPI,Success,11369.74
PAY03327,O03327,2025-05-22,Debit Card,Success,1152.38
PAY03328,O03328,2023-05-22,UPI,Failed,4990.8
PAY03329,O03329,2023-07-05,UPI,Refunded,4535.07
PAY03330,O03330,2025-11-08,Debit Card,Success,330.32
PAY03331,O03331,2023-03-22,Net Banking,Refunded,63932.36
PAY03332,O03332,2024-05-14,UPI,Refunded,20742.48
PAY03333,O03333,2023-08-07,Debit Card,Success,14198.8
PAY03334,O03334,2024-06-08,Credit Card,Failed,49784.72
PAY03335,O03335,2023-05-01,COD,Success,2535.51
PAY03336,O03336,2024-04-13,Credit Card,Refunded,1824.19
PAY03337,O03337,2023-06-28,Net Banking,Success,143740.6
PAY03338,O03338,2023-04-23,UPI,Failed,88533.23
PAY03339,O03339,2023-01-09,Net Banking,Success,16304.54
PAY03340,O03340,2023-08-11,COD,Success,3033.77
PAY03341,O03341,2025-03-07,COD,Success,4146.56
PAY03342,O03342,2025-05-12,COD,Success,1591.93
PAY03343,O03343,2024-09-15,COD,Refunded,329.9
PAY03344,O03344,2023-07-25,COD,Success,36445.65
PAY03345,O03345,2024-06-12,COD,Failed,25902.87
PAY03346,O03346,2024-03-30,Credit Card,Success,864.51
PAY03347,O03347,2025-08-05,Net Banking,Failed,990.33
PAY03348,O03348,2023-07-14,Credit Card,Success,2716.22
PAY03349,O03349,2023-09-18,Debit Card,Success,1980.12
PAY03350,O03350,2025-05-16,Debit Card,Success,838.6
PAY03351,O03351,2025-10-30,COD,Success,20708.29
PAY03352,O03352,2025-07-11,Debit Card,Failed,3504.79
PAY03353,O03353,2023-12-07,UPI,Success,4604.44
PAY03354,O03354,2023-02-18,Debit Card,Success,1462.22
PAY03355,O03355,2025-04-10,UPI,Success,6713.27
PAY03356,O03356,2025-03-25,Credit Card,Success,127843.82
PAY03357,O03357,2024-05-05,COD,Success,1072.71
PAY03358,O03358,2025-03-01,COD,Failed,1874.81
PAY03359,O03359,2023-04-03,COD,Success,43015.01
PAY03360,O03360,2024-08-03,Debit Card,Success,1388.56
PAY03361,O03361,2023-05-19,UPI,Success,1591.33
PAY03362,O03362,2023-11-10,Credit Card,Success,29526.45
PAY03363,O03363,2023-10-19,Credit Card,Success,125299.9
PAY03364,O03364,2023-03-06,UPI,Success,1331.76
PAY03365,O03365,2024-12-03,Credit Card,Success,511.81
PAY03366,O03366,2025-08-18,COD,Failed,1086.12
PAY03367,O03367,2024-06-23,Credit Card,Success,4008.67
PAY03368,O03368,2023-04-29,Debit Card,Success,14934.78
PAY03369,O03369,2025-06-10,Credit Card,Success,3574.11
PAY03370,O03370,2024-07-21,Debit Card,Success,32367.94
PAY03371,O03371,2024-04-30,UPI,Success,11701.46
PAY03372,O03372,2025-11-16,Net Banking,Success,2984.26
PAY03373,O03373,2025-02-24,Credit Card,Success,8285.49
PAY03374,O03374,2025-10-10,Debit Card,Success,23093.38
PAY03375,O03375,2025-05-26,Debit Card,Success,536.4
PAY03376,O03376,2024-09-13,COD,Success,3791.58
PAY03377,O03377,2024-02-20,UPI,Success,57257.89
PAY03378,O03378,2024-03-06,Net Banking,Success,51801.31
PAY03379,O03379,2023-08-31,COD,Success,114750.42
PAY03380,O03380,2023-09-10,COD,Success,763.03
PAY03381,O03381,2023-04-24,Credit Card,Refunded,93422.43
PAY03382,O03382,2025-02-20,COD,Success,2275.44
PAY03383,O03383,2025-08-28,Credit Card,Success,61877.66
PAY03384,O03384,2023-12-27,Credit Card,Success,59541.04
PAY03385,O03385,2025-02-06,COD,Success,176184.78
PAY03386,O03386,2025-07-09,Debit Card,Success,5679.85
PAY03387,O03387,2023-06-19,UPI,Success,8126.0
PAY03388,O03388,2025-01-28,UPI,Failed,48114.14
PAY03389,O03389,2023-08-01,Debit Card,Success,27916.96
PAY03390,O03390,2025-02-27,COD,Refunded,2157.47
PAY03391,O03391,2025-03-04,Net Banking,Success,756.07
PAY03392,O03392,2023-02-17,COD,Success,36929.83
PAY03393,O03393,2025-11-07,UPI,Refunded,42552.51
PAY03394,O03394,2025-05-28,Credit Card,Success,8798.09
PAY03395,O03395,2025-01-29,Credit Card,Success,3851.14
PAY03396,O03396,2024-11-20,Credit Card,Success,1145.5
PAY03397,O03397,2024-02-03,UPI,Success,2082.35
PAY03398,O03398,2024-10-24,UPI,Success,35552.77
PAY03399,O03399,2023-04-10,UPI,Success,1017.67
PAY03400,O03400,2025-10-25,Debit Card,Success,2030.31
PAY03401,O03401,2023-06-09,Credit Card,Success,62537.34
PAY03402,O03402,2023-03-28,UPI,Success,1934.12
PAY03403,O03403,2024-03-19,Credit Card,Success,1289.57
PAY03404,O03404,2023-06-21,UPI,Success,6289.43
PAY03405,O03405,2024-11-14,Debit Card,Success,2579.14
PAY03406,O03406,2023-08-25,UPI,Success,59666.87
PAY03407,O03407,2023-05-02,UPI,Failed,14694.64
PAY03408,O03408,2024-05-12,Debit Card,Success,3829.9
PAY03409,O03409,2024-09-03,UPI,Success,24369.46
PAY03410,O03410,2024-02-26,Debit Card,Refunded,1632.61
PAY03411,O03411,2023-05-15,UPI,Success,7803.3
PAY03412,O03412,2023-11-12,UPI,Success,7153.9
PAY03413,O03413,2023-03-11,UPI,Success,30374.72
PAY03414,O03414,2023-07-19,UPI,Success,27212.63
PAY03415,O03415,2025-03-27,UPI,Success,396.47
PAY03416,O03416,2023-01-11,Credit Card,Success,22213.94
PAY03417,O03417,2025-05-19,Credit Card,Refunded,44388.58
PAY03418,O03418,2025-01-06,Debit Card,Success,99918.43
PAY03419,O03419,2025-11-18,UPI,Success,2264.97
PAY03420,O03420,2023-01-17,Credit Card,Success,5610.86
PAY03421,O03421,2025-08-06,Net Banking,Success,10425.94
PAY03422,O03422,2023-01-08,UPI,Success,30082.87
PAY03423,O03423,2023-03-02,UPI,Success,9733.56
PAY03424,O03424,2025-07-14,COD,Success,1698.4
PAY03425,O03425,2024-05-01,Credit Card,Success,1465.77
PAY03426,O03426,2024-09-24,COD,Refunded,1929.71
PAY03427,O03427,2025-07-24,Credit Card,Success,17220.01
PAY03428,O03428,2025-11-20,UPI,Success,68490.82
PAY03429,O03429,2024-07-14,UPI,Success,10292.55
PAY03430,O03430,2023-04-02,Debit Card,Success,885.66
PAY03431,O03431,2024-03-23,Credit Card,Failed,38853.67
PAY03432,O03432,2025-08-09,Credit Card,Success,38299.97
PAY03433,O03433,2023-11-27,Net Banking,Success,53897.09
PAY03434,O03434,2025-11-12,Credit Card,Success,1560.77
PAY03435,O03435,2025-08-12,Debit Card,Refunded,1281.62
PAY03436,O03436,2024-04-23,Debit Card,Success,47913.53
PAY03437,O03437,2024-06-02,UPI,Failed,4897.82
PAY03438,O03438,2024-06-20,Credit Card,Failed,2928.28
PAY03439,O03439,2023-08-13,Net Banking,Success,5456.68
PAY03440,O03440,2024-07-26,Debit Card,Success,20982.02
PAY03441,O03441,2024-01-05,UPI,Success,52724.14
PAY03442,O03442,2025-10-21,UPI,Success,6088.53
PAY03443,O03443,2025-11-27,UPI,Success,2027.87
PAY03444,O03444,2024-04-11,Debit Card,Refunded,23264.95
PAY03445,O03445,2024-07-27,UPI,Success,21886.3
PAY03446,O03446,2024-03-13,UPI,Success,887.54
PAY03447,O03447,2025-01-27,Credit Card,Success,1876.41
PAY03448,O03448,2024-08-14,Credit Card,Success,17714.23
PAY03449,O03449,2025-05-30,Debit Card,Success,2564.47
PAY03450,O03450,2023-07-11,COD,Success,323.66
PAY03451,O03451,2023-04-07,UPI,Success,9336.91
PAY03452,O03452,2024-05-18,UPI,Success,11460.98
PAY03453,O03453,2025-06-08,COD,Success,10202.4
PAY03454,O03454,2023-05-31,COD,Failed,19419.32
PAY03455,O03455,2023-02-12,COD,Success,1258.15
PAY03456,O03456,2025-07-03,UPI,Success,47577.38
PAY03457,O03457,2023-11-16,UPI,Success,48648.75
PAY03458,O03458,2023-08-08,Credit Card,Success,28743.38
PAY03459,O03459,2024-05-02,COD,Success,24457.58
PAY03460,O03460,2023-05-27,UPI,Success,36388.71
PAY03461,O03461,2023-11-24,COD,Success,88615.44
PAY03462,O03462,2023-09-18,UPI,Success,13410.17
PAY03463,O03463,2024-07-20,UPI,Success,24465.33
PAY03464,O03464,2023-05-01,UPI,Success,61291.32
PAY03465,O03465,2023-10-18,UPI,Success,25759.23
PAY03466,O03466,2023-08-13,COD,Success,1698.63
PAY03467,O03467,2025-06-13,Credit Card,Success,2756.96
PAY03468,O03468,2025-01-22,UPI,Success,761.62
PAY03469,O03469,2023-09-02,UPI,Success,14899.7
PAY03470,O03470,2023-06-25,Credit Card,Success,27395.79
PAY03471,O03471,2024-06-05,UPI,Success,47113.98
PAY03472,O03472,2023-04-29,UPI,Success,28814.32
PAY03473,O03473,2023-09-16,UPI,Success,44561.15
PAY03474,O03474,2024-07-24,UPI,Success,3980.14
PAY03475,O03475,2025-08-02,Net Banking,Success,9593.64
PAY03476,O03476,2023-06-07,Credit Card,Success,3724.95
PAY03477,O03477,2023-09-18,Debit Card,Success,623.56
PAY03478,O03478,2024-01-25,Debit Card,Success,116018.53
PAY03479,O03479,2024-10-07,COD,Success,10341.68
PAY03480,O03480,2023-05-12,UPI,Success,2891.25
PAY03481,O03481,2024-02-12,Credit Card,Success,1780.25
PAY03482,O03482,2023-10-11,UPI,Success,7015.72
PAY03483,O03483,2024-07-21,Credit Card,Success,1154.16
PAY03484,O03484,2025-02-07,UPI,Failed,2402.25
PAY03485,O03485,2023-02-15,UPI,Refunded,12781.59
PAY03486,O03486,2024-11-16,Debit Card,Success,54747.21
PAY03487,O03487,2023-01-21,UPI,Success,6950.04
PAY03488,O03488,2025-09-23,COD,Success,428.82
PAY03489,O03489,2023-09-27,UPI,Success,13041.52
PAY03490,O03490,2023-04-11,Debit Card,Success,10411.61
PAY03491,O03491,2024-10-23,Debit Card,Success,1176.38
PAY03492,O03492,2024-10-15,UPI,Failed,6941.86
PAY03493,O03493,2023-02-02,COD,Success,1042.45
PAY03494,O03494,2023-08-26,UPI,Success,6887.29
PAY03495,O03495,2023-07-17,Net Banking,Success,86982.54
PAY03496,O03496,2024-05-21,UPI,Success,34529.2
PAY03497,O03497,2025-01-17,Debit Card,Success,2801.53
PAY03498,O03498,2023-11-29,UPI,Success,21091.16
PAY03499,O03499,2024-05-02,Credit Card,Failed,81074.78
PAY03500,O03500,2023-05-01,Credit Card,Success,167778.99
PAY03501,O03501,2023-06-08,Credit Card,Refunded,3732.73
PAY03502,O03502,2025-11-27,UPI,Success,48484.48
PAY03503,O03503,2025-04-29,COD,Success,38046.26
PAY03504,O03504,2023-05-26,COD,Success,19616.81
PAY03505,O03505,2024-10-04,UPI,Success,1770.0
PAY03506,O03506,2024-11-23,Credit Card,Success,26265.71
PAY03507,O03507,2025-11-19,Credit Card,Success,45091.63
PAY03508,O03508,2025-08-07,Credit Card,Success,10711.82
PAY03509,O03509,2025-01-25,UPI,Success,3800.32
PAY03510,O03510,2025-05-26,COD,Success,9659.2
PAY03511,O03511,2023-02-20,COD,Success,1180.37
PAY03512,O03512,2023-04-20,Credit Card,Failed,143361.17
PAY03513,O03513,2023-05-15,Debit Card,Success,1481.54
PAY03514,O03514,2023-03-21,Net Banking,Success,11158.62
PAY03515,O03515,2025-10-05,Net Banking,Refunded,52938.77
PAY03516,O03516,2023-12-04,Debit Card,Success,309.26
PAY03517,O03517,2024-03-08,Credit Card,Success,13127.58
PAY03518,O03518,2025-06-06,Credit Card,Success,14238.78
PAY03519,O03519,2023-04-13,Credit Card,Success,2050.75
PAY03520,O03520,2023-11-27,Credit Card,Success,2728.17
PAY03521,O03521,2024-01-13,Debit Card,Refunded,1645.34
PAY03522,O03522,2023-08-21,Net Banking,Success,18539.63
PAY03523,O03523,2025-02-02,UPI,Success,8377.44
PAY03524,O03524,2024-02-29,UPI,Success,25932.89
PAY03525,O03525,2025-11-15,UPI,Refunded,2159.2
PAY03526,O03526,2024-07-23,COD,Success,585.98
PAY03527,O03527,2024-02-21,Credit Card,Success,5039.51
PAY03528,O03528,2023-10-31,Credit Card,Failed,1172.74
PAY03529,O03529,2023-05-01,Credit Card,Failed,346.42
PAY03530,O03530,2023-11-29,COD,Success,59917.39
PAY03531,O03531,2024-10-25,Credit Card,Success,52602.54
PAY03532,O03532,2023-12-26,Debit Card,Success,8297.13
PAY03533,O03533,2023-10-17,UPI,Success,654.12
PAY03534,O03534,2024-07-06,Debit Card,Failed,14426.18
PAY03535,O03535,2024-03-16,UPI,Success,12821.74
PAY03536,O03536,2024-07-28,COD,Success,6861.52
PAY03537,O03537,2024-12-17,Debit Card,Success,6471.15
PAY03538,O03538,2023-12-14,UPI,Refunded,68660.35
PAY03539,O03539,2025-10-11,UPI,Failed,3006.17
PAY03540,O03540,2025-10-10,UPI,Success,3222.47
PAY03541,O03541,2025-04-12,UPI,Success,12546.99
PAY03542,O03542,2023-04-16,Debit Card,Success,18167.97
PAY03543,O03543,2023-11-09,Net Banking,Success,35309.01
PAY03544,O03544,2023-03-29,Debit Card,Success,836.88
PAY03545,O03545,2024-04-28,UPI,Success,98088.16
PAY03546,O03546,2025-04-30,Credit Card,Success,3916.4
PAY03547,O03547,2025-10-26,COD,Success,26919.28
PAY03548,O03548,2023-10-27,Net Banking,Success,4264.88
PAY03549,O03549,2024-06-12,UPI,Refunded,39598.41
PAY03550,O03550,2024-08-30,Credit Card,Success,30912.64
PAY03551,O03551,2025-07-16,Credit Card,Success,2503.63
PAY03552,O03552,2025-12-02,Credit Card,Failed,374.44
PAY03553,O03553,2024-10-12,Credit Card,Success,1831.56
PAY03554,O03554,2024-07-10,Credit Card,Success,693.55
PAY03555,O03555,2025-12-25,UPI,Success,1788.35
PAY03556,O03556,2023-09-03,UPI,Success,5254.55
PAY03557,O03557,2024-08-12,Credit Card,Success,4798.96
PAY03558,O03558,2025-01-01,COD,Success,1018.48
PAY03559,O03559,2025-11-10,UPI,Success,6697.26
PAY03560,O03560,2023-05-27,Debit Card,Success,9739.33
PAY03561,O03561,2023-11-11,UPI,Success,979.27
PAY03562,O03562,2023-11-12,Credit Card,Success,13440.21
PAY03563,O03563,2024-02-09,Net Banking,Failed,53810.58
PAY03564,O03564,2023-05-08,Debit Card,Success,92438.96
PAY03565,O03565,2025-04-15,Debit Card,Success,62765.82
PAY03566,O03566,2024-05-11,Debit Card,Success,25759.23
PAY03567,O03567,2025-09-09,UPI,Success,3997.89
PAY03568,O03568,2025-01-13,Debit Card,Success,20484.16
PAY03569,O03569,2024-12-02,Credit Card,Success,1199.99
PAY03570,O03570,2023-02-16,COD,Success,434.44
PAY03571,O03571,2025-04-17,Credit Card,Success,12497.87
PAY03572,O03572,2025-08-21,COD,Success,1481.54
PAY03573,O03573,2025-07-01,COD,Success,1239.19
PAY03574,O03574,2025-05-09,COD,Success,703.03
PAY03575,O03575,2024-12-30,Credit Card,Success,24434.93
PAY03576,O03576,2023-04-10,UPI,Success,150639.0
PAY03577,O03577,2023-04-28,COD,Success,5988.71
PAY03578,O03578,2025-09-22,UPI,Success,33341.61
PAY03579,O03579,2025-12-04,UPI,Success,1118.27
PAY03580,O03580,2023-03-13,UPI,Success,25557.84
PAY03581,O03581,2025-01-29,UPI,Success,2481.65
PAY03582,O03582,2025-03-06,Debit Card,Success,33161.47
PAY03583,O03583,2025-04-20,COD,Success,2767.45
PAY03584,O03584,2024-12-27,UPI,Success,26795.86
PAY03585,O03585,2023-04-17,COD,Success,20023.01
PAY03586,O03586,2024-01-21,UPI,Success,110478.9
PAY03587,O03587,2024-04-01,Debit Card,Failed,92590.68
PAY03588,O03588,2025-02-14,COD,Success,5744.84
PAY03589,O03589,2023-10-23,Debit Card,Success,48330.44
PAY03590,O03590,2023-06-26,UPI,Success,43166.92
PAY03591,O03591,2024-08-16,UPI,Success,5920.87
PAY03592,O03592,2023-11-26,Net Banking,Failed,13601.07
PAY03593,O03593,2025-10-24,UPI,Refunded,44399.87
PAY03594,O03594,2023-02-13,UPI,Success,54394.37
PAY03595,O03595,2023-03-24,Credit Card,Failed,34367.11
PAY03596,O03596,2024-05-03,COD,Success,32777.54
PAY03597,O03597,2025-07-06,Debit Card,Success,32853.68
PAY03598,O03598,2023-09-19,Credit Card,Success,9611.6
PAY03599,O03599,2024-12-11,Debit Card,Success,87342.59
PAY03600,O03600,2025-09-19,COD,Success,55697.66
PAY03601,O03601,2025-03-20,UPI,Success,115867.65
PAY03602,O03602,2024-07-03,UPI,Success,43772.6
PAY03603,O03603,2024-09-08,UPI,Success,56542.15
PAY03604,O03604,2025-08-05,UPI,Success,48367.85
PAY03605,O03605,2025-03-25,UPI,Success,1319.41
PAY03606,O03606,2023-04-08,Debit Card,Success,25851.95
PAY03607,O03607,2025-03-05,COD,Success,3318.98
PAY03608,O03608,2023-05-07,Debit Card,Success,48122.64
PAY03609,O03609,2025-03-06,UPI,Success,68136.66
PAY03610,O03610,2024-08-02,Debit Card,Success,14238.78
PAY03611,O03611,2025-04-21,Credit Card,Success,23711.02
PAY03612,O03612,2024-08-07,COD,Success,886.28
PAY03613,O03613,2024-07-02,Net Banking,Failed,10103.54
PAY03614,O03614,2023-03-10,Debit Card,Success,43865.7
PAY03615,O03615,2024-11-12,Credit Card,Success,53218.35
PAY03616,O03616,2024-08-03,Credit Card,Success,41809.31
PAY03617,O03617,2025-04-16,COD,Success,594.58
PAY03618,O03618,2025-04-03,UPI,Success,925.93
PAY03619,O03619,2024-07-28,UPI,Success,5330.57
PAY03620,O03620,2023-01-30,UPI,Success,4138.83
PAY03621,O03621,2025-02-01,Debit Card,Success,12769.9
PAY03622,O03622,2025-04-11,UPI,Success,4931.54
PAY03623,O03623,2024-12-31,UPI,Success,2737.52
PAY03624,O03624,2024-06-20,UPI,Success,28522.98
PAY03625,O03625,2024-01-06,Credit Card,Success,5761.42
PAY03626,O03626,2023-10-31,Credit Card,Success,73325.06
PAY03627,O03627,2025-07-05,Debit Card,Success,50873.93
PAY03628,O03628,2023-11-03,Debit Card,Success,13063.8
PAY03629,O03629,2025-12-23,COD,Failed,311831.75
PAY03630,O03630,2025-04-18,UPI,Success,45017.78
PAY03631,O03631,2024-05-27,Credit Card,Success,43312.99
PAY03632,O03632,2025-10-16,Credit Card,Failed,5497.43
PAY03633,O03633,2025-06-07,UPI,Success,3262.09
PAY03634,O03634,2025-07-28,UPI,Success,656.37
PAY03635,O03635,2024-01-23,UPI,Refunded,25338.22
PAY03636,O03636,2025-03-07,Debit Card,Success,80456.98
PAY03637,O03637,2025-05-09,UPI,Success,9397.68
PAY03638,O03638,2024-04-02,UPI,Failed,935.33
PAY03639,O03639,2023-10-05,Debit Card,Success,97461.78
PAY03640,O03640,2023-08-19,Credit Card,Success,777.0
PAY03641,O03641,2023-01-15,UPI,Success,761.62
PAY03642,O03642,2023-07-18,Net Banking,Success,9123.88
PAY03643,O03643,2024-09-06,UPI,Success,33015.61
PAY03644,O03644,2023-04-13,UPI,Success,14092.7
PAY03645,O03645,2023-04-19,UPI,Success,1753.31
PAY03646,O03646,2024-01-12,UPI,Success,15048.16
PAY03647,O03647,2023-05-08,UPI,Success,4025.45
PAY03648,O03648,2025-01-17,Credit Card,Success,3717.42
PAY03649,O03649,2024-01-22,COD,Failed,1009.22
PAY03650,O03650,2023-05-29,Credit Card,Success,1496.72
PAY03651,O03651,2024-11-15,UPI,Failed,35938.59
PAY03652,O03652,2025-10-23,COD,Failed,4425.55
PAY03653,O03653,2025-09-22,UPI,Success,2135.86
PAY03654,O03654,2024-07-07,Credit Card,Failed,117647.84
PAY03655,O03655,2025-01-19,UPI,Success,16941.78
PAY03656,O03656,2025-10-27,Credit Card,Success,111395.32
PAY03657,O03657,2024-03-12,Credit Card,Success,2135.16
PAY03658,O03658,2025-03-13,Credit Card,Success,77331.73
PAY03659,O03659,2023-11-21,Credit Card,Failed,169357.19
PAY03660,O03660,2023-06-06,Net Banking,Success,24434.93
PAY03661,O03661,2023-04-23,UPI,Success,807.91
PAY03662,O03662,2025-09-14,Debit Card,Success,103607.58
PAY03663,O03663,2025-08-11,UPI,Success,6594.77
PAY03664,O03664,2025-08-15,Credit Card,Success,1878.17
PAY03665,O03665,2025-01-06,UPI,Success,28995.75
PAY03666,O03666,2025-05-24,Net Banking,Success,25443.92
PAY03667,O03667,2023-04-05,Debit Card,Success,48724.18
PAY03668,O03668,2024-12-20,Credit Card,Success,1339.01
PAY03669,O03669,2024-11-14,Net Banking,Success,56276.65
PAY03670,O03670,2024-10-30,Debit Card,Success,1299.7
PAY03671,O03671,2024-05-31,Net Banking,Success,262.26
PAY03672,O03672,2025-10-27,Debit Card,Success,59100.79
PAY03673,O03673,2023-07-13,UPI,Success,31106.26
PAY03674,O03674,2023-02-25,Debit Card,Success,44698.32
PAY03675,O03675,2025-07-22,Net Banking,Success,26108.82
PAY03676,O03676,2025-09-02,UPI,Refunded,694.2
PAY03677,O03677,2025-03-24,COD,Failed,18629.74
PAY03678,O03678,2025-10-28,UPI,Success,4500.87
PAY03679,O03679,2023-04-01,Credit Card,Success,1368.76
PAY03680,O03680,2023-12-12,UPI,Success,3836.46
PAY03681,O03681,2025-10-19,UPI,Success,4470.16
PAY03682,O03682,2023-12-18,COD,Success,31021.28
PAY03683,O03683,2023-07-31,UPI,Success,833.96
PAY03684,O03684,2023-09-16,UPI,Refunded,9470.0
PAY03685,O03685,2025-12-01,Debit Card,Failed,7052.32
PAY03686,O03686,2024-12-29,Net Banking,Failed,52541.58
PAY03687,O03687,2024-11-27,UPI,Success,1088.95
PAY03688,O03688,2023-11-01,UPI,Success,10633.64
PAY03689,O03689,2025-05-15,UPI,Success,388.5
PAY03690,O03690,2023-09-02,UPI,Success,6244.17
PAY03691,O03691,2025-02-25,Debit Card,Failed,79692.77
PAY03692,O03692,2024-08-14,Net Banking,Refunded,882.34
PAY03693,O03693,2023-10-31,Credit Card,Success,45309.91
PAY03694,O03694,2023-04-23,UPI,Success,2417.3
PAY03695,O03695,2023-09-17,Debit Card,Success,680.83
PAY03696,O03696,2024-10-28,UPI,Success,1635.56
PAY03697,O03697,2024-06-16,UPI,Success,7119.16
PAY03698,O03698,2024-07-14,Debit Card,Failed,50755.26
PAY03699,O03699,2023-02-23,UPI,Success,2718.36
PAY03700,O03700,2025-06-22,Credit Card,Refunded,2957.96
PAY03701,O03701,2023-07-11,UPI,Success,17674.69
PAY03702,O03702,2023-05-25,COD,Success,3257.89
PAY03703,O03703,2025-01-30,UPI,Success,1031.36
PAY03704,O03704,2025-03-15,Credit Card,Failed,1200.67
PAY03705,O03705,2024-12-18,UPI,Success,22143.2
PAY03706,O03706,2025-12-27,UPI,Failed,2093.05
PAY03707,O03707,2025-05-24,Credit Card,Success,1030.81
PAY03708,O03708,2024-10-17,COD,Failed,9942.98
PAY03709,O03709,2023-07-05,UPI,Success,6467.57
PAY03710,O03710,2024-08-14,COD,Success,4957.3
PAY03711,O03711,2025-01-29,UPI,Success,112760.93
PAY03712,O03712,2023-04-14,UPI,Success,4764.12
PAY03713,O03713,2024-11-10,UPI,Success,78676.76
PAY03714,O03714,2024-05-05,Credit Card,Success,8654.88
PAY03715,O03715,2025-12-19,COD,Success,14092.7
PAY03716,O03716,2024-09-22,UPI,Success,1311.7
PAY03717,O03717,2023-03-31,Debit Card,Success,1546.24
PAY03718,O03718,2025-09-20,COD,Refunded,3426.29
PAY03719,O03719,2025-12-26,UPI,Refunded,1332.58
PAY03720,O03720,2023-10-22,UPI,Failed,23116.35
PAY03721,O03721,2025-05-04,UPI,Success,438.34
PAY03722,O03722,2023-02-11,UPI,Success,2764.3
PAY03723,O03723,2025-12-17,Debit Card,Success,5259.78
PAY03724,O03724,2024-12-12,COD,Success,40414.36
PAY03725,O03725,2023-10-20,Debit Card,Success,52206.12
PAY03726,O03726,2025-03-27,UPI,Success,34767.87
PAY03727,O03727,2024-12-08,UPI,Success,42732.92
PAY03728,O03728,2025-03-11,Debit Card,Success,6132.97
PAY03729,O03729,2025-04-23,Net Banking,Success,45251.67
PAY03730,O03730,2024-09-29,Debit Card,Success,3988.2
PAY03731,O03731,2025-07-04,UPI,Success,262.26
PAY03732,O03732,2023-12-10,UPI,Success,892.03
PAY03733,O03733,2025-10-25,COD,Success,19302.4
PAY03734,O03734,2025-11-20,UPI,Success,55155.64
PAY03735,O03735,2025-09-04,UPI,Failed,153046.4
PAY03736,O03736,2023-02-14,Credit Card,Success,32886.45
PAY03737,O03737,2023-05-03,UPI,Success,48005.22
PAY03738,O03738,2023-10-02,UPI,Failed,653.97
PAY03739,O03739,2025-08-19,UPI,Success,2030.31
PAY03740,O03740,2025-06-19,Net Banking,Success,566.57
PAY03741,O03741,2023-11-09,UPI,Success,9454.36
PAY03742,O03742,2024-02-23,Net Banking,Success,311.78
PAY03743,O03743,2025-02-01,UPI,Success,13299.99
PAY03744,O03744,2024-11-19,COD,Success,92265.96
PAY03745,O03745,2023-10-09,Net Banking,Success,5364.99
PAY03746,O03746,2025-05-05,Credit Card,Success,1384.57
PAY03747,O03747,2024-11-01,COD,Success,14654.36
PAY03748,O03748,2023-12-09,UPI,Failed,27230.35
PAY03749,O03749,2023-01-24,Credit Card,Success,97479.34
PAY03750,O03750,2024-07-23,Credit Card,Success,8704.3
PAY03751,O03751,2024-10-31,COD,Failed,675.26
PAY03752,O03752,2025-08-28,Debit Card,Success,787.04
PAY03753,O03753,2023-12-12,UPI,Success,67929.78
PAY03754,O03754,2023-07-19,UPI,Success,1855.65
PAY03755,O03755,2023-01-06,COD,Success,1259.74
PAY03756,O03756,2023-10-27,UPI,Success,7896.22
PAY03757,O03757,2025-01-08,UPI,Success,1926.18
PAY03758,O03758,2024-06-25,Credit Card,Success,989.14
PAY03759,O03759,2025-06-16,UPI,Refunded,2329.95
PAY03760,O03760,2023-09-05,UPI,Success,24434.93
PAY03761,O03761,2025-10-25,COD,Success,12599.82
PAY03762,O03762,2023-01-15,COD,Refunded,2892.05
PAY03763,O03763,2025-09-04,Credit Card,Success,22856.02
PAY03764,O03764,2023-10-15,Debit Card,Success,26506.31
PAY03765,O03765,2023-12-06,Credit Card,Failed,90641.08
PAY03766,O03766,2025-08-03,UPI,Success,4053.67
PAY03767,O03767,2023-04-25,Debit Card,Success,2017.36
PAY03768,O03768,2023-12-06,Net Banking,Success,10737.12
PAY03769,O03769,2023-03-31,UPI,Failed,106501.46
PAY03770,O03770,2025-02-21,Net Banking,Success,42639.04
PAY03771,O03771,2025-01-29,Net Banking,Success,101375.01
PAY03772,O03772,2025-11-20,UPI,Success,26384.4
PAY03773,O03773,2023-12-25,Net Banking,Success,39039.46
PAY03774,O03774,2024-06-30,Debit Card,Success,720.88
PAY03775,O03775,2024-04-04,Credit Card,Success,14789.23
PAY03776,O03776,2024-04-17,UPI,Success,113091.64
PAY03777,O03777,2025-05-17,Debit Card,Success,1036.45
PAY03778,O03778,2025-07-28,COD,Success,5792.85
PAY03779,O03779,2024-07-26,UPI,Success,1830.92
PAY03780,O03780,2025-10-24,Credit Card,Success,9560.71
PAY03781,O03781,2023-11-04,Debit Card,Success,15979.56
PAY03782,O03782,2024-07-17,UPI,Failed,49610.04
PAY03783,O03783,2025-11-04,COD,Success,4366.08
PAY03784,O03784,2024-02-29,Net Banking,Success,4412.43
PAY03785,O03785,2024-09-01,Debit Card,Success,369.08
PAY03786,O03786,2023-02-24,UPI,Success,6565.59
PAY03787,O03787,2024-02-17,Net Banking,Refunded,34387.59
PAY03788,O03788,2025-09-09,COD,Success,9366.76
PAY03789,O03789,2023-02-07,UPI,Success,564.63
PAY03790,O03790,2025-02-08,Credit Card,Success,1304.41
PAY03791,O03791,2023-07-04,UPI,Failed,521.11
PAY03792,O03792,2023-05-07,UPI,Success,4550.88
PAY03793,O03793,2023-05-21,UPI,Success,73842.2
PAY03794,O03794,2024-09-13,Credit Card,Success,449.41
PAY03795,O03795,2023-02-01,COD,Success,161812.67
PAY03796,O03796,2023-08-25,UPI,Success,760.78
PAY03797,O03797,2023-03-14,Debit Card,Refunded,42233.91
PAY03798,O03798,2024-04-16,Net Banking,Success,28341.76
PAY03799,O03799,2024-09-19,Debit Card,Success,27252.99
PAY03800,O03800,2024-10-31,COD,Success,53996.26
PAY03801,O03801,2024-08-16,COD,Refunded,39683.44
PAY03802,O03802,2024-09-12,Debit Card,Success,2044.63
PAY03803,O03803,2023-10-20,Debit Card,Refunded,79885.49
PAY03804,O03804,2024-09-21,UPI,Success,1588.97
PAY03805,O03805,2023-08-03,Credit Card,Success,8326.82
PAY03806,O03806,2023-06-17,Credit Card,Success,25128.49
PAY03807,O03807,2025-12-09,Credit Card,Success,643.52
PAY03808,O03808,2024-02-06,Credit Card,Success,887.54
PAY03809,O03809,2025-03-03,COD,Success,21553.59
PAY03810,O03810,2025-08-26,COD,Success,56461.33
PAY03811,O03811,2023-06-30,UPI,Success,4668.18
PAY03812,O03812,2023-06-22,Credit Card,Success,596.66
PAY03813,O03813,2023-01-04,Net Banking,Success,19402.71
PAY03814,O03814,2023-12-03,Credit Card,Success,40682.96
PAY03815,O03815,2023-07-15,COD,Success,75215.7
PAY03816,O03816,2025-06-13,UPI,Refunded,13706.96
PAY03817,O03817,2025-02-10,UPI,Success,45314.18
PAY03818,O03818,2023-05-11,UPI,Success,27996.25
PAY03819,O03819,2025-10-22,UPI,Success,27641.39
PAY03820,O03820,2025-02-26,Net Banking,Success,39034.69
PAY03821,O03821,2024-05-02,UPI,Success,1681.35
PAY03822,O03822,2023-11-20,UPI,Success,11307.77
PAY03823,O03823,2023-01-24,Debit Card,Success,53013.15
PAY03824,O03824,2024-01-14,Credit Card,Success,6966.05
PAY03825,O03825,2025-02-17,UPI,Success,25065.18
PAY03826,O03826,2023-04-04,COD,Success,1984.46
PAY03827,O03827,2023-05-01,COD,Success,98329.85
PAY03828,O03828,2024-03-29,Net Banking,Success,15323.72
PAY03829,O03829,2024-08-25,Debit Card,Success,66119.01
PAY03830,O03830,2025-06-18,Debit Card,Success,2830.09
PAY03831,O03831,2024-08-09,UPI,Success,19974.86
PAY03832,O03832,2025-11-20,UPI,Success,6194.34
PAY03833,O03833,2025-08-10,UPI,Success,3359.6
PAY03834,O03834,2024-12-07,Debit Card,Failed,120851.15
PAY03835,O03835,2024-08-24,UPI,Success,3328.17
PAY03836,O03836,2024-09-03,COD,Failed,29320.85
PAY03837,O03837,2023-05-11,Debit Card,Success,29471.31
PAY03838,O03838,2024-03-28,UPI,Failed,6503.15
PAY03839,O03839,2025-03-17,UPI,Success,52872.13
PAY03840,O03840,2024-03-12,Debit Card,Success,163583.1
PAY03841,O03841,2024-05-22,COD,Success,1072.71
PAY03842,O03842,2024-10-14,COD,Success,6887.04
PAY03843,O03843,2025-06-26,Debit Card,Success,3457.11
PAY03844,O03844,2023-04-19,UPI,Success,3967.34
PAY03845,O03845,2024-06-10,COD,Failed,6018.6
PAY03846,O03846,2025-08-09,COD,Success,2762.16
PAY03847,O03847,2024-01-27,COD,Success,280.46
PAY03848,O03848,2024-11-05,UPI,Success,4696.9
PAY03849,O03849,2025-05-03,Debit Card,Failed,37892.74
PAY03850,O03850,2024-08-28,Net Banking,Failed,12976.56
PAY03851,O03851,2023-12-15,UPI,Success,41867.47
PAY03852,O03852,2025-04-02,Debit Card,Success,52159.95
PAY03853,O03853,2024-12-20,UPI,Success,25791.03
PAY03854,O03854,2023-11-04,UPI,Success,28852.33
PAY03855,O03855,2025-06-30,Credit Card,Success,7347.32
PAY03856,O03856,2025-11-24,COD,Failed,54949.67
PAY03857,O03857,2023-06-20,UPI,Success,12637.16
PAY03858,O03858,2024-06-16,Net Banking,Success,19257.92
PAY03859,O03859,2024-06-22,COD,Success,13101.65
PAY03860,O03860,2025-07-17,UPI,Failed,62203.17
PAY03861,O03861,2024-11-20,UPI,Success,12340.23
PAY03862,O03862,2024-11-20,Credit Card,Success,14667.97
PAY03863,O03863,2024-12-06,COD,Failed,9927.78
PAY03864,O03864,2023-07-10,UPI,Success,19547.94
PAY03865,O03865,2023-10-11,Credit Card,Success,1261.7
PAY03866,O03866,2025-08-28,UPI,Success,22262.48
PAY03867,O03867,2024-05-04,UPI,Success,41008.57
PAY03868,O03868,2025-11-26,Debit Card,Success,47256.8
PAY03869,O03869,2025-03-18,UPI,Success,38614.12
PAY03870,O03870,2023-02-13,UPI,Success,46210.48
PAY03871,O03871,2023-06-19,UPI,Success,27182.86
PAY03872,O03872,2025-10-03,UPI,Refunded,6520.36
PAY03873,O03873,2025-05-17,COD,Failed,14109.19
PAY03874,O03874,2024-07-19,Debit Card,Success,246.11
PAY03875,O03875,2024-01-21,Debit Card,Refunded,5181.97
PAY03876,O03876,2024-08-22,UPI,Refunded,116178.64
PAY03877,O03877,2025-12-25,UPI,Success,574.51
PAY03878,O03878,2023-03-23,COD,Success,121617.87
PAY03879,O03879,2025-02-19,UPI,Failed,5451.0
PAY03880,O03880,2024-04-06,Credit Card,Failed,109912.61
PAY03881,O03881,2023-08-26,UPI,Success,9320.7
PAY03882,O03882,2023-10-28,UPI,Refunded,54502.44
PAY03883,O03883,2025-01-06,Debit Card,Success,928.22
PAY03884,O03884,2025-04-21,UPI,Success,40630.67
PAY03885,O03885,2024-06-12,Credit Card,Success,34922.09
PAY03886,O03886,2023-03-31,Debit Card,Success,78772.09
PAY03887,O03887,2023-01-25,COD,Success,1878.76
PAY03888,O03888,2023-11-28,UPI,Success,3579.24
PAY03889,O03889,2025-12-19,UPI,Success,8213.85
PAY03890,O03890,2024-04-10,UPI,Success,36722.2
PAY03891,O03891,2025-09-30,Credit Card,Success,12911.75
PAY03892,O03892,2023-07-08,UPI,Success,2155.18
PAY03893,O03893,2023-08-12,UPI,Refunded,41756.66
PAY03894,O03894,2025-08-22,UPI,Success,22428.09
PAY03895,O03895,2023-12-20,COD,Success,28264.11
PAY03896,O03896,2025-12-10,UPI,Success,62210.33
PAY03897,O03897,2023-08-11,COD,Refunded,61025.6
PAY03898,O03898,2024-05-03,UPI,Success,33405.74
PAY03899,O03899,2025-05-11,Debit Card,Success,38847.2
PAY03900,O03900,2025-05-28,Net Banking,Success,3768.97
PAY03901,O03901,2023-06-16,Net Banking,Success,93049.93
PAY03902,O03902,2023-04-11,Credit Card,Success,5608.03
PAY03903,O03903,2024-06-09,UPI,Success,1061.1
PAY03904,O03904,2024-05-03,COD,Success,3787.84
PAY03905,O03905,2023-03-24,UPI,Success,5189.16
PAY03906,O03906,2024-08-04,Net Banking,Success,5186.53
PAY03907,O03907,2025-04-01,Debit Card,Refunded,10529.02
PAY03908,O03908,2025-06-05,Net Banking,Refunded,5030.45
PAY03909,O03909,2024-08-25,Debit Card,Refunded,3142.92
PAY03910,O03910,2023-03-14,Net Banking,Success,972.33
PAY03911,O03911,2023-09-04,Credit Card,Success,55245.54
PAY03912,O03912,2024-08-01,UPI,Success,11655.16
PAY03913,O03913,2024-10-03,Credit Card,Success,1281.77
PAY03914,O03914,2023-07-13,UPI,Success,1719.1
PAY03915,O03915,2024-06-22,Credit Card,Success,57785.95
PAY03916,O03916,2023-11-29,COD,Success,1730.94
PAY03917,O03917,2023-10-20,Credit Card,Failed,25885.36
PAY03918,O03918,2025-01-01,Debit Card,Success,3504.79
PAY03919,O03919,2023-02-07,UPI,Success,1258.46
PAY03920,O03920,2025-11-12,Net Banking,Success,32339.32
PAY03921,O03921,2023-09-02,UPI,Success,8325.12
PAY03922,O03922,2023-02-25,UPI,Success,9115.78
PAY03923,O03923,2023-06-25,COD,Success,1363.62
PAY03924,O03924,2023-07-11,COD,Success,37418.88
PAY03925,O03925,2025-03-17,Credit Card,Success,9638.74
PAY03926,O03926,2024-09-09,Credit Card,Refunded,43183.1
PAY03927,O03927,2023-03-10,Credit Card,Success,45399.95
PAY03928,O03928,2023-11-20,UPI,Success,26384.4
PAY03929,O03929,2024-03-29,COD,Failed,7141.74
PAY03930,O03930,2023-08-15,Debit Card,Success,13040.72
PAY03931,O03931,2023-04-16,Credit Card,Success,20203.92
PAY03932,O03932,2024-04-12,Credit Card,Success,24125.91
PAY03933,O03933,2024-03-05,UPI,Success,51271.5
PAY03934,O03934,2025-09-21,Debit Card,Success,36237.41
PAY03935,O03935,2024-03-19,Net Banking,Success,2751.39
PAY03936,O03936,2024-12-25,Debit Card,Success,14746.89
PAY03937,O03937,2025-11-26,Credit Card,Success,2881.37
PAY03938,O03938,2023-05-13,UPI,Success,2137.07
PAY03939,O03939,2025-06-12,Net Banking,Failed,1330.44
PAY03940,O03940,2024-02-01,UPI,Success,33294.45
PAY03941,O03941,2023-04-02,UPI,Success,692.05
PAY03942,O03942,2023-09-12,Credit Card,Success,4107.0
PAY03943,O03943,2025-08-13,Credit Card,Failed,8077.87
PAY03944,O03944,2023-03-24,Net Banking,Success,48266.33
PAY03945,O03945,2024-10-14,UPI,Success,167776.39
PAY03946,O03946,2024-06-15,Debit Card,Success,106762.0
PAY03947,O03947,2025-04-22,UPI,Success,3313.15
PAY03948,O03948,2023-01-27,UPI,Success,5514.78
PAY03949,O03949,2025-10-12,Debit Card,Success,9737.1
PAY03950,O03950,2024-01-16,COD,Success,58678.31
PAY03951,O03951,2024-01-29,Credit Card,Success,1824.55
PAY03952,O03952,2023-08-07,COD,Failed,60022.4
PAY03953,O03953,2024-01-16,Net Banking,Failed,14452.79
PAY03954,O03954,2024-09-28,Net Banking,Success,2851.36
PAY03955,O03955,2025-03-11,UPI,Refunded,23682.07
PAY03956,O03956,2024-05-24,UPI,Success,1939.66
PAY03957,O03957,2023-10-11,Debit Card,Success,15495.33
PAY03958,O03958,2023-08-04,Debit Card,Refunded,8027.4
PAY03959,O03959,2024-06-14,Credit Card,Success,76698.1
PAY03960,O03960,2025-05-04,UPI,Success,2340.7
PAY03961,O03961,2024-09-10,Debit Card,Success,1207.45
PAY03962,O03962,2023-02-11,Credit Card,Failed,5265.66
PAY03963,O03963,2024-06-02,UPI,Failed,2961.4
PAY03964,O03964,2025-10-25,Debit Card,Success,16576.67
PAY03965,O03965,2025-11-11,Debit Card,Success,1706.04
PAY03966,O03966,2024-10-08,UPI,Refunded,5966.16
PAY03967,O03967,2025-07-29,COD,Success,969.52
PAY03968,O03968,2023-08-30,UPI,Success,16246.61
PAY03969,O03969,2025-07-20,Credit Card,Success,1433.08
PAY03970,O03970,2023-04-16,Net Banking,Success,3625.98
PAY03971,O03971,2023-12-10,UPI,Refunded,4557.36
PAY03972,O03972,2024-02-22,UPI,Success,4720.37
PAY03973,O03973,2023-02-08,UPI,Success,1574.18
PAY03974,O03974,2023-12-02,UPI,Success,30295.47
PAY03975,O03975,2024-04-17,UPI,Success,13478.47
PAY03976,O03976,2023-04-23,Net Banking,Success,233.38
PAY03977,O03977,2023-09-10,UPI,Success,37133.7
PAY03978,O03978,2025-07-01,UPI,Failed,36406.04
PAY03979,O03979,2025-12-31,COD,Success,758.66
PAY03980,O03980,2023-09-22,Credit Card,Success,38762.33
PAY03981,O03981,2025-06-18,Debit Card,Success,8805.43
PAY03982,O03982,2024-08-04,UPI,Success,5481.54
PAY03983,O03983,2024-01-20,Net Banking,Success,972.82
PAY03984,O03984,2025-02-27,UPI,Success,14497.08
PAY03985,O03985,2025-10-08,Debit Card,Success,1384.1
PAY03986,O03986,2024-07-15,COD,Success,14402.81
PAY03987,O03987,2024-04-17,UPI,Success,86632.74
PAY03988,O03988,2023-03-03,COD,Success,18938.56
PAY03989,O03989,2025-12-18,COD,Success,120814.61
PAY03990,O03990,2025-07-06,Net Banking,Success,1496.72
PAY03991,O03991,2025-11-23,Net Banking,Success,105825.55
PAY03992,O03992,2024-10-20,Credit Card,Success,11974.62
PAY03993,O03993,2023-06-18,Credit Card,Success,1224.32
PAY03994,O03994,2025-11-13,Net Banking,Success,16036.53
PAY03995,O03995,2025-03-20,UPI,Success,1217.54
PAY03996,O03996,2023-10-29,Debit Card,Success,8874.55
PAY03997,O03997,2024-11-18,UPI,Success,3513.2
PAY03998,O03998,2024-01-23,Debit Card,Success,9886.4
PAY03999,O03999,2023-11-27,COD,Success,726.63
PAY04000,O04000,2024-04-06,Debit Card,Success,56946.81
PAY04001,O04001,2023-06-04,Net Banking,Success,55935.94
PAY04002,O04002,2024-12-25,Credit Card,Failed,9286.83
PAY04003,O04003,2025-03-19,Credit Card,Success,1146.76
PAY04004,O04004,2024-05-01,Credit Card,Success,32320.21
PAY04005,O04005,2024-08-17,Net Banking,Success,1878.17
PAY04006,O04006,2025-09-26,Net Banking,Success,117456.52
PAY04007,O04007,2025-09-09,Net Banking,Success,31114.27
PAY04008,O04008,2024-10-02,Net Banking,Success,8940.55
PAY04009,O04009,2025-08-05,COD,Success,4137.26
PAY04010,O04010,2023-07-12,Net Banking,Success,48594.25
PAY04011,O04011,2023-02-22,UPI,Success,2194.47
PAY04012,O04012,2024-08-18,UPI,Success,2883.41
PAY04013,O04013,2023-12-08,COD,Failed,3570.61
PAY04014,O04014,2024-06-10,Debit Card,Success,3210.29
PAY04015,O04015,2023-01-18,COD,Success,3317.34
PAY04016,O04016,2023-09-01,COD,Success,487.17
PAY04017,O04017,2024-10-13,UPI,Success,484.88
PAY04018,O04018,2023-10-23,COD,Success,27966.45
PAY04019,O04019,2025-11-19,COD,Success,13040.72
PAY04020,O04020,2023-12-27,Credit Card,Refunded,17137.94
PAY04021,O04021,2024-11-03,Credit Card,Success,9106.31
PAY04022,O04022,2025-10-16,Credit Card,Success,824.11
PAY04023,O04023,2023-07-02,Credit Card,Success,31558.11
PAY04024,O04024,2025-07-11,COD,Success,21761.08
PAY04025,O04025,2025-03-03,COD,Success,9985.69
PAY04026,O04026,2024-10-28,UPI,Success,2162.01
PAY04027,O04027,2024-12-28,UPI,Success,780.98
PAY04028,O04028,2023-12-20,UPI,Failed,57628.64
PAY04029,O04029,2023-03-11,Debit Card,Success,413.98
PAY04030,O04030,2024-04-21,COD,Success,18067.44
PAY04031,O04031,2023-11-22,UPI,Failed,14325.79
PAY04032,O04032,2023-10-14,UPI,Success,1299.7
PAY04033,O04033,2023-03-24,COD,Success,600.23
PAY04034,O04034,2023-09-26,UPI,Success,70620.77
PAY04035,O04035,2025-06-06,UPI,Success,8515.99
PAY04036,O04036,2023-10-30,UPI,Success,78325.67
PAY04037,O04037,2025-10-20,COD,Success,68681.32
PAY04038,O04038,2023-03-31,UPI,Success,15595.62
PAY04039,O04039,2023-12-28,UPI,Success,49732.93
PAY04040,O04040,2025-10-22,Net Banking,Success,1017.51
PAY04041,O04041,2025-02-19,UPI,Success,1574.18
PAY04042,O04042,2024-12-27,Debit Card,Success,9763.28
PAY04043,O04043,2023-01-05,UPI,Success,12866.63
PAY04044,O04044,2023-04-29,Debit Card,Success,2532.83
PAY04045,O04045,2025-10-11,UPI,Success,43498.11
PAY04046,O04046,2024-03-08,Debit Card,Success,44062.14
PAY04047,O04047,2024-01-25,Credit Card,Success,2499.66
PAY04048,O04048,2025-01-14,COD,Success,3481.41
PAY04049,O04049,2023-03-27,Debit Card,Success,1335.76
PAY04050,O04050,2024-08-24,Net Banking,Success,309.26
PAY04051,O04051,2024-03-28,UPI,Success,7790.06
PAY04052,O04052,2023-11-20,Debit Card,Success,12400.33
PAY04053,O04053,2025-08-21,Net Banking,Success,1332.49
PAY04054,O04054,2024-05-19,UPI,Refunded,101894.67
PAY04055,O04055,2024-05-20,UPI,Success,39730.56
PAY04056,O04056,2025-06-03,COD,Success,27254.59
PAY04057,O04057,2024-05-10,Credit Card,Success,27276.57
PAY04058,O04058,2025-07-29,Credit Card,Success,5144.18
PAY04059,O04059,2025-09-20,Credit Card,Failed,63287.64
PAY04060,O04060,2024-01-21,Net Banking,Success,2150.96
PAY04061,O04061,2024-11-07,UPI,Success,29707.16
PAY04062,O04062,2025-05-15,Credit Card,Success,18177.23
PAY04063,O04063,2023-10-16,UPI,Success,21605.22
PAY04064,O04064,2025-07-12,COD,Failed,51949.38
PAY04065,O04065,2023-07-20,UPI,Refunded,33722.78
PAY04066,O04066,2025-03-22,UPI,Success,4855.74
PAY04067,O04067,2025-06-02,Net Banking,Success,76275.67
PAY04068,O04068,2024-05-28,Credit Card,Success,3759.93
PAY04069,O04069,2025-06-16,COD,Success,38323.12
PAY04070,O04070,2023-12-24,Credit Card,Success,72935.28
PAY04071,O04071,2025-06-26,Credit Card,Success,5898.29
PAY04072,O04072,2025-06-25,COD,Success,2030.5
PAY04073,O04073,2025-12-26,Net Banking,Refunded,2834.45
PAY04074,O04074,2025-12-26,Debit Card,Success,4407.99
PAY04075,O04075,2023-11-14,COD,Success,34838.42
PAY04076,O04076,2023-04-06,COD,Success,3095.61
PAY04077,O04077,2024-04-03,Credit Card,Success,717.24
PAY04078,O04078,2024-02-01,Net Banking,Success,87464.44
PAY04079,O04079,2025-11-29,UPI,Success,61825.28
PAY04080,O04080,2023-05-31,COD,Success,17720.53
PAY04081,O04081,2024-01-12,UPI,Failed,23098.83
PAY04082,O04082,2024-01-03,UPI,Success,23038.21
PAY04083,O04083,2024-04-01,COD,Failed,3066.56
PAY04084,O04084,2023-10-03,Net Banking,Success,95625.25
PAY04085,O04085,2024-02-09,UPI,Success,55513.11
PAY04086,O04086,2023-06-14,Credit Card,Success,2979.07
PAY04087,O04087,2025-03-12,Debit Card,Success,57346.91
PAY04088,O04088,2025-03-16,UPI,Success,4408.17
PAY04089,O04089,2025-12-30,UPI,Success,21267.28
PAY04090,O04090,2023-06-29,Credit Card,Success,5474.94
PAY04091,O04091,2023-05-14,Credit Card,Success,754.99
PAY04092,O04092,2025-05-02,Debit Card,Failed,12563.59
PAY04093,O04093,2025-10-08,UPI,Failed,85059.28
PAY04094,O04094,2024-04-01,COD,Success,3530.66
PAY04095,O04095,2025-07-05,Credit Card,Success,60439.82
PAY04096,O04096,2025-10-15,COD,Success,86571.4
PAY04097,O04097,2024-05-26,Credit Card,Success,18925.65
PAY04098,O04098,2023-09-04,Credit Card,Failed,11261.01
PAY04099,O04099,2025-02-22,UPI,Success,311.57
PAY04100,O04100,2025-11-27,UPI,Success,614.77
PAY04101,O04101,2024-05-14,UPI,Success,94088.82
PAY04102,O04102,2024-04-03,Credit Card,Success,42307.92
PAY04103,O04103,2024-10-06,Credit Card,Success,12682.65
PAY04104,O04104,2023-02-25,COD,Success,9128.78
PAY04105,O04105,2024-03-01,Credit Card,Success,14219.87
PAY04106,O04106,2023-02-20,UPI,Refunded,8132.08
PAY04107,O04107,2024-01-09,COD,Failed,10975.28
PAY04108,O04108,2023-03-24,Debit Card,Success,2166.22
PAY04109,O04109,2025-05-31,UPI,Success,30325.12
PAY04110,O04110,2024-07-15,UPI,Success,18176.61
PAY04111,O04111,2023-02-19,UPI,Failed,1972.56
PAY04112,O04112,2023-08-28,UPI,Success,2209.72
PAY04113,O04113,2025-09-20,COD,Success,728.72
PAY04114,O04114,2024-01-24,Debit Card,Failed,53052.01
PAY04115,O04115,2024-11-16,COD,Success,8770.73
PAY04116,O04116,2023-07-07,COD,Success,2275.65
PAY04117,O04117,2024-11-28,UPI,Success,27455.84
PAY04118,O04118,2023-12-31,Credit Card,Success,17416.31
PAY04119,O04119,2023-01-10,Net Banking,Success,5140.54
PAY04120,O04120,2024-09-03,UPI,Success,58165.02
PAY04121,O04121,2023-01-28,UPI,Success,28387.34
PAY04122,O04122,2025-09-02,UPI,Success,60173.16
PAY04123,O04123,2025-06-06,Credit Card,Failed,2157.88
PAY04124,O04124,2025-09-09,UPI,Success,9859.37
PAY04125,O04125,2023-10-04,Credit Card,Success,2549.72
PAY04126,O04126,2025-04-04,UPI,Success,10388.69
PAY04127,O04127,2025-08-25,UPI,Success,380.28
PAY04128,O04128,2025-03-01,UPI,Success,34059.21
PAY04129,O04129,2024-12-16,UPI,Success,3038.47
PAY04130,O04130,2024-04-21,UPI,Success,19989.31
PAY04131,O04131,2024-12-04,Credit Card,Success,2389.96
PAY04132,O04132,2023-12-26,Net Banking,Success,2553.09
PAY04133,O04133,2025-11-23,COD,Success,8789.83
PAY04134,O04134,2024-06-29,COD,Success,2881.37
PAY04135,O04135,2023-04-10,Debit Card,Success,4354.68
PAY04136,O04136,2024-10-19,Net Banking,Failed,23697.32
PAY04137,O04137,2023-11-27,Net Banking,Success,56920.8
PAY04138,O04138,2025-12-24,COD,Success,3452.2
PAY04139,O04139,2023-05-02,Debit Card,Success,5210.22
PAY04140,O04140,2025-08-16,UPI,Success,658.87
PAY04141,O04141,2025-09-28,UPI,Success,17526.62
PAY04142,O04142,2024-04-21,UPI,Success,50951.36
PAY04143,O04143,2025-01-12,Debit Card,Success,330.32
PAY04144,O04144,2023-05-07,UPI,Success,13255.98
PAY04145,O04145,2025-05-19,COD,Success,2097.91
PAY04146,O04146,2023-04-03,UPI,Success,17933.66
PAY04147,O04147,2023-02-16,UPI,Success,2807.84
PAY04148,O04148,2023-01-25,Credit Card,Success,8065.22
PAY04149,O04149,2023-12-17,Debit Card,Success,15043.96
PAY04150,O04150,2025-09-29,UPI,Refunded,7486.32
PAY04151,O04151,2025-02-08,UPI,Refunded,2737.23
PAY04152,O04152,2025-05-23,Debit Card,Success,950.72
PAY04153,O04153,2023-10-21,COD,Success,35863.0
PAY04154,O04154,2023-09-05,Credit Card,Success,34720.42
PAY04155,O04155,2023-09-15,Credit Card,Success,18865.15
PAY04156,O04156,2025-04-02,Debit Card,Success,886.46
PAY04157,O04157,2023-12-19,Debit Card,Success,589.52
PAY04158,O04158,2025-03-02,UPI,Success,1215.23
PAY04159,O04159,2025-10-20,UPI,Success,7264.19
PAY04160,O04160,2024-11-25,Net Banking,Success,40503.48
PAY04161,O04161,2025-01-09,Net Banking,Refunded,24379.39
PAY04162,O04162,2025-11-24,Credit Card,Failed,1224.32
PAY04163,O04163,2024-12-21,Credit Card,Success,949.16
PAY04164,O04164,2024-07-09,UPI,Success,6646.87
PAY04165,O04165,2024-05-13,Debit Card,Refunded,31004.73
PAY04166,O04166,2023-11-21,UPI,Success,621.44
PAY04167,O04167,2023-04-26,UPI,Success,104464.18
PAY04168,O04168,2025-08-06,UPI,Failed,7693.2
PAY04169,O04169,2024-04-29,Debit Card,Success,7653.93
PAY04170,O04170,2023-10-06,Credit Card,Success,2013.74
PAY04171,O04171,2025-11-18,UPI,Success,99918.43
PAY04172,O04172,2024-02-04,Debit Card,Success,25824.52
PAY04173,O04173,2023-08-12,COD,Refunded,19302.4
PAY04174,O04174,2023-11-14,COD,Success,4096.28
PAY04175,O04175,2023-09-30,Credit Card,Success,47594.1
PAY04176,O04176,2024-02-02,Debit Card,Success,753.19
PAY04177,O04177,2023-12-09,COD,Refunded,6347.29
PAY04178,O04178,2024-01-16,COD,Success,10091.74
PAY04179,O04179,2025-02-14,Credit Card,Success,1804.55
PAY04180,O04180,2023-12-06,UPI,Success,7747.4
PAY04181,O04181,2023-01-09,COD,Success,1480.54
PAY04182,O04182,2023-10-15,UPI,Success,54294.71
PAY04183,O04183,2025-06-12,COD,Success,59616.86
PAY04184,O04184,2025-04-28,COD,Success,663.02
PAY04185,O04185,2024-12-18,Debit Card,Success,9242.59
PAY04186,O04186,2023-07-04,Debit Card,Success,1008.27
PAY04187,O04187,2024-07-24,UPI,Failed,134480.04
PAY04188,O04188,2024-09-15,UPI,Success,52155.99
PAY04189,O04189,2023-07-05,Debit Card,Success,42606.96
PAY04190,O04190,2024-10-04,COD,Success,2394.75
PAY04191,O04191,2024-04-24,UPI,Success,12561.45
PAY04192,O04192,2025-04-29,UPI,Success,427.96
PAY04193,O04193,2024-09-22,UPI,Success,731.11
PAY04194,O04194,2024-05-19,Debit Card,Success,12663.48
PAY04195,O04195,2023-04-21,Credit Card,Success,1832.66
PAY04196,O04196,2025-01-02,UPI,Success,44050.49
PAY04197,O04197,2023-08-02,UPI,Success,85170.04
PAY04198,O04198,2025-09-24,Debit Card,Success,3722.69
PAY04199,O04199,2024-07-22,UPI,Success,2172.44
PAY04200,O04200,2025-09-28,UPI,Success,94213.71
PAY04201,O04201,2025-08-19,UPI,Failed,6862.0
PAY04202,O04202,2025-04-05,COD,Success,72287.89
PAY04203,O04203,2025-04-26,Credit Card,Success,10565.2
PAY04204,O04204,2024-10-19,Credit Card,Failed,6286.7
PAY04205,O04205,2025-12-07,UPI,Success,762.45
PAY04206,O04206,2025-09-03,Credit Card,Success,780.53
PAY04207,O04207,2023-07-20,Debit Card,Success,6667.41
PAY04208,O04208,2024-05-24,UPI,Success,8184.73
PAY04209,O04209,2023-11-25,COD,Success,14751.01
PAY04210,O04210,2023-05-06,COD,Success,33939.31
PAY04211,O04211,2023-07-21,COD,Success,1108.75
PAY04212,O04212,2023-03-16,Credit Card,Success,7884.49
PAY04213,O04213,2023-06-06,UPI,Success,15077.28
PAY04214,O04214,2023-11-08,Debit Card,Success,42261.32
PAY04215,O04215,2025-11-01,UPI,Refunded,42626.33
PAY04216,O04216,2023-03-26,UPI,Success,43166.92
PAY04217,O04217,2024-11-23,Credit Card,Success,159032.26
PAY04218,O04218,2025-10-15,Credit Card,Success,14654.36
PAY04219,O04219,2023-07-06,UPI,Success,15555.83
PAY04220,O04220,2023-02-14,Credit Card,Refunded,26897.04
PAY04221,O04221,2023-03-16,Credit Card,Success,52393.29
PAY04222,O04222,2025-11-10,COD,Success,1712.26
PAY04223,O04223,2023-06-14,Debit Card,Success,10608.6
PAY04224,O04224,2023-09-24,UPI,Success,125866.3
PAY04225,O04225,2025-05-16,COD,Success,1039.23
PAY04226,O04226,2024-10-15,Net Banking,Success,2101.52
PAY04227,O04227,2023-02-03,Debit Card,Success,6290.24
PAY04228,O04228,2023-04-08,COD,Failed,41145.88
PAY04229,O04229,2023-11-13,UPI,Failed,32182.48
PAY04230,O04230,2024-12-11,Net Banking,Success,28264.11
PAY04231,O04231,2024-02-10,UPI,Success,7198.34
PAY04232,O04232,2024-09-07,Debit Card,Success,728.72
PAY04233,O04233,2025-06-02,Credit Card,Success,18167.87
PAY04234,O04234,2025-04-15,UPI,Success,22907.76
PAY04235,O04235,2025-05-04,UPI,Success,1849.17
PAY04236,O04236,2024-03-16,Credit Card,Failed,37186.87
PAY04237,O04237,2024-06-15,COD,Success,46289.09
PAY04238,O04238,2025-02-17,Net Banking,Failed,27272.06
PAY04239,O04239,2023-04-27,Credit Card,Success,42207.7
PAY04240,O04240,2024-02-09,Debit Card,Success,1934.12
PAY04241,O04241,2023-10-26,COD,Success,9371.32
PAY04242,O04242,2025-06-20,UPI,Success,5153.14
PAY04243,O04243,2024-07-13,Net Banking,Refunded,5196.23
PAY04244,O04244,2023-11-30,UPI,Failed,24245.84
PAY04245,O04245,2026-01-01,COD,Success,4778.2
PAY04246,O04246,2025-08-24,Net Banking,Success,2105.56
PAY04247,O04247,2023-03-02,UPI,Success,8334.35
PAY04248,O04248,2024-12-16,COD,Success,92278.87
PAY04249,O04249,2025-10-03,Debit Card,Success,3097.85
PAY04250,O04250,2025-12-12,COD,Success,3498.18
PAY04251,O04251,2023-01-18,UPI,Success,2666.77
PAY04252,O04252,2023-02-22,COD,Success,438.45
PAY04253,O04253,2025-09-16,Debit Card,Success,656.37
PAY04254,O04254,2025-01-09,Credit Card,Success,7542.56
PAY04255,O04255,2025-06-26,Credit Card,Success,1299.7
PAY04256,O04256,2023-11-25,Debit Card,Success,881.04
PAY04257,O04257,2025-07-21,UPI,Success,67731.47
PAY04258,O04258,2023-10-29,Net Banking,Refunded,403.96
PAY04259,O04259,2024-06-03,UPI,Success,50082.37
PAY04260,O04260,2023-09-19,COD,Success,161626.35
PAY04261,O04261,2023-04-02,UPI,Failed,927.73
PAY04262,O04262,2023-07-15,COD,Success,30729.05
PAY04263,O04263,2025-12-24,COD,Failed,19865.55
PAY04264,O04264,2023-08-15,UPI,Success,6780.21
PAY04265,O04265,2024-03-20,Debit Card,Success,67407.78
PAY04266,O04266,2023-12-01,UPI,Success,30591.12
PAY04267,O04267,2025-12-23,Credit Card,Failed,3081.48
PAY04268,O04268,2024-05-13,UPI,Success,346.42
PAY04269,O04269,2025-10-13,UPI,Success,45192.32
PAY04270,O04270,2023-09-03,Net Banking,Success,997.39
PAY04271,O04271,2023-03-07,Credit Card,Success,5868.32
PAY04272,O04272,2025-03-15,UPI,Success,1100.62
PAY04273,O04273,2025-07-20,Credit Card,Success,15739.91
PAY04274,O04274,2023-06-13,Net Banking,Refunded,1452.58
PAY04275,O04275,2025-12-04,UPI,Success,17930.63
PAY04276,O04276,2023-01-27,UPI,Success,52038.74
PAY04277,O04277,2023-10-28,Debit Card,Success,9037.15
PAY04278,O04278,2023-03-17,COD,Success,359.61
PAY04279,O04279,2023-06-02,COD,Success,4328.94
PAY04280,O04280,2024-08-03,Debit Card,Success,8216.24
PAY04281,O04281,2023-04-03,UPI,Success,12695.91
PAY04282,O04282,2025-05-22,COD,Failed,1240.35
PAY04283,O04283,2025-01-16,COD,Success,13962.27
PAY04284,O04284,2025-04-07,COD,Failed,25636.89
PAY04285,O04285,2024-11-17,Credit Card,Success,25548.59
PAY04286,O04286,2024-01-07,Credit Card,Success,3397.27
PAY04287,O04287,2025-12-01,UPI,Success,11056.48
PAY04288,O04288,2025-03-10,COD,Refunded,2710.49
PAY04289,O04289,2024-12-25,Debit Card,Success,60893.18
PAY04290,O04290,2024-09-02,UPI,Success,3991.24
PAY04291,O04291,2023-05-02,UPI,Success,2723.31
PAY04292,O04292,2024-06-24,Net Banking,Success,7145.1
PAY04293,O04293,2023-02-18,UPI,Success,1354.0
PAY04294,O04294,2025-03-11,Debit Card,Refunded,31935.75
PAY04295,O04295,2025-10-07,Credit Card,Success,4081.58
PAY04296,O04296,2023-02-09,COD,Success,18599.79
PAY04297,O04297,2024-04-17,UPI,Success,16584.25
PAY04298,O04298,2023-11-22,Debit Card,Failed,8048.82
PAY04299,O04299,2023-02-21,Debit Card,Success,60071.08
PAY04300,O04300,2025-08-06,COD,Success,28429.55
PAY04301,O04301,2025-07-21,Credit Card,Success,667.88
PAY04302,O04302,2023-05-16,Debit Card,Success,24265.75
PAY04303,O04303,2023-06-19,Credit Card,Success,69958.2
PAY04304,O04304,2024-06-01,Net Banking,Success,18947.34
PAY04305,O04305,2023-12-27,Credit Card,Success,27129.36
PAY04306,O04306,2023-03-10,Debit Card,Failed,2993.44
PAY04307,O04307,2024-04-26,UPI,Success,16525.58
PAY04308,O04308,2023-08-09,Credit Card,Success,25039.69
PAY04309,O04309,2023-09-18,UPI,Refunded,78780.33
PAY04310,O04310,2023-09-23,UPI,Success,60148.66
PAY04311,O04311,2024-11-08,Credit Card,Success,1840.64
PAY04312,O04312,2025-12-17,UPI,Success,58375.92
PAY04313,O04313,2025-05-04,Credit Card,Refunded,499.34
PAY04314,O04314,2024-02-14,Credit Card,Success,6141.86
PAY04315,O04315,2024-04-13,UPI,Success,3797.8
PAY04316,O04316,2025-01-31,UPI,Success,23787.45
PAY04317,O04317,2023-09-02,COD,Success,5136.52
PAY04318,O04318,2024-05-28,COD,Failed,6212.91
PAY04319,O04319,2024-07-29,Credit Card,Success,864.51
PAY04320,O04320,2024-10-29,Debit Card,Success,6559.72
PAY04321,O04321,2025-02-07,Debit Card,Success,57059.35
PAY04322,O04322,2024-03-29,UPI,Success,726.92
PAY04323,O04323,2023-07-08,Debit Card,Success,631.96
PAY04324,O04324,2024-12-05,COD,Success,29233.36
PAY04325,O04325,2024-11-22,Credit Card,Success,71004.86
PAY04326,O04326,2024-08-26,Credit Card,Success,9019.97
PAY04327,O04327,2023-12-02,Credit Card,Success,28309.24
PAY04328,O04328,2024-04-02,Credit Card,Refunded,51373.21
PAY04329,O04329,2025-01-09,COD,Success,20385.56
PAY04330,O04330,2023-12-04,Debit Card,Success,28844.8
PAY04331,O04331,2023-12-22,UPI,Success,3892.98
PAY04332,O04332,2023-12-24,Credit Card,Success,1722.85
PAY04333,O04333,2023-08-22,Credit Card,Success,79007.98
PAY04334,O04334,2025-03-07,Credit Card,Success,78855.1
PAY04335,O04335,2023-07-10,UPI,Success,133674.38
PAY04336,O04336,2023-02-19,UPI,Success,654.92
PAY04337,O04337,2025-03-25,UPI,Refunded,17675.93
PAY04338,O04338,2023-02-26,UPI,Success,4012.24
PAY04339,O04339,2023-04-29,Credit Card,Success,46324.52
PAY04340,O04340,2025-10-24,Debit Card,Success,141943.47
PAY04341,O04341,2023-08-14,Net Banking,Success,979.52
PAY04342,O04342,2025-01-18,COD,Success,57770.63
PAY04343,O04343,2023-07-24,COD,Success,116891.42
PAY04344,O04344,2023-01-13,COD,Success,57031.25
PAY04345,O04345,2023-09-16,Credit Card,Success,92773.92
PAY04346,O04346,2023-10-27,UPI,Success,869.83
PAY04347,O04347,2024-11-01,Credit Card,Success,92417.01
PAY04348,O04348,2023-12-01,UPI,Success,5270.82
PAY04349,O04349,2023-06-04,Credit Card,Success,13930.9
PAY04350,O04350,2023-05-15,UPI,Success,17551.48
PAY04351,O04351,2025-08-14,UPI,Success,2026.41
PAY04352,O04352,2023-04-27,Debit Card,Success,10650.91
PAY04353,O04353,2025-12-27,UPI,Success,14402.81
PAY04354,O04354,2024-10-23,Credit Card,Success,42951.21
PAY04355,O04355,2024-07-06,COD,Success,23666.66
PAY04356,O04356,2024-11-23,UPI,Success,65183.14
PAY04357,O04357,2023-07-08,UPI,Success,1100.58
PAY04358,O04358,2023-02-10,UPI,Success,14067.81
PAY04359,O04359,2024-04-24,Debit Card,Success,937.04
PAY04360,O04360,2025-07-16,UPI,Success,9940.49
PAY04361,O04361,2024-12-31,COD,Success,47179.46
PAY04362,O04362,2025-02-16,UPI,Success,34088.54
PAY04363,O04363,2023-03-04,UPI,Success,1775.3
PAY04364,O04364,2025-08-14,UPI,Failed,1082.47
PAY04365,O04365,2023-04-08,Credit Card,Success,276.51
PAY04366,O04366,2024-06-15,COD,Success,90750.89
PAY04367,O04367,2024-12-25,Credit Card,Failed,33129.16
PAY04368,O04368,2025-10-17,UPI,Success,4451.13
PAY04369,O04369,2023-08-24,Credit Card,Success,25594.89
PAY04370,O04370,2023-12-21,COD,Success,106131.97
PAY04371,O04371,2025-07-13,UPI,Success,4725.11
PAY04372,O04372,2025-12-20,Debit Card,Success,7782.78
PAY04373,O04373,2023-06-14,UPI,Success,5429.04
PAY04374,O04374,2025-06-02,Debit Card,Success,169928.16
PAY04375,O04375,2024-08-17,COD,Success,29372.43
PAY04376,O04376,2025-10-16,Credit Card,Success,8557.77
PAY04377,O04377,2025-07-15,Net Banking,Success,53931.49
PAY04378,O04378,2025-05-25,Debit Card,Success,18807.18
PAY04379,O04379,2025-06-29,Net Banking,Success,10364.52
PAY04380,O04380,2025-06-10,Debit Card,Success,1163.45
PAY04381,O04381,2023-05-03,Debit Card,Success,52038.23
PAY04382,O04382,2025-08-25,COD,Success,997.8
PAY04383,O04383,2023-01-02,UPI,Success,1126.59
PAY04384,O04384,2023-04-29,UPI,Success,1897.92
PAY04385,O04385,2024-10-02,UPI,Success,44649.04
PAY04386,O04386,2024-01-09,UPI,Success,8572.88
PAY04387,O04387,2023-04-22,Net Banking,Success,55926.33
PAY04388,O04388,2024-05-16,UPI,Refunded,56799.33
PAY04389,O04389,2024-11-05,UPI,Success,1242.83
PAY04390,O04390,2025-11-09,UPI,Success,15226.88
PAY04391,O04391,2025-11-11,Debit Card,Success,67566.39
PAY04392,O04392,2025-02-11,COD,Success,1036.66
PAY04393,O04393,2024-07-14,Debit Card,Success,925.93
PAY04394,O04394,2023-06-03,Debit Card,Success,26916.25
PAY04395,O04395,2025-03-30,Credit Card,Success,26125.96
PAY04396,O04396,2024-01-19,Net Banking,Success,2952.6
PAY04397,O04397,2025-03-16,UPI,Success,1318.35
PAY04398,O04398,2024-11-11,Credit Card,Success,5259.78
PAY04399,O04399,2023-06-28,COD,Success,4209.97
PAY04400,O04400,2024-09-07,UPI,Success,1888.26
PAY04401,O04401,2023-02-18,Debit Card,Success,2429.61
PAY04402,O04402,2024-07-13,UPI,Failed,748.87
PAY04403,O04403,2023-07-04,UPI,Failed,2264.55
PAY04404,O04404,2023-12-21,Credit Card,Success,4617.04
PAY04405,O04405,2024-05-03,COD,Success,965.84
PAY04406,O04406,2023-08-05,UPI,Refunded,4795.81
PAY04407,O04407,2025-06-10,Credit Card,Success,4261.84
PAY04408,O04408,2025-05-02,Debit Card,Success,14872.02
PAY04409,O04409,2025-04-09,Debit Card,Failed,26673.88
PAY04410,O04410,2025-10-31,Credit Card,Success,2041.74
PAY04411,O04411,2025-10-06,Credit Card,Success,632.73
PAY04412,O04412,2025-10-06,COD,Success,16002.35
PAY04413,O04413,2025-01-03,UPI,Success,27205.3
PAY04414,O04414,2023-11-17,Net Banking,Success,7384.72
PAY04415,O04415,2023-04-03,Credit Card,Success,78230.91
PAY04416,O04416,2023-11-12,UPI,Success,3044.27
PAY04417,O04417,2023-04-23,UPI,Failed,24307.75
PAY04418,O04418,2024-01-09,UPI,Success,6316.68
PAY04419,O04419,2024-01-03,Debit Card,Failed,3512.21
PAY04420,O04420,2024-01-14,Debit Card,Success,22343.28
PAY04421,O04421,2025-04-09,UPI,Success,91388.47
PAY04422,O04422,2025-04-04,Net Banking,Success,1227.26
PAY04423,O04423,2024-11-04,COD,Success,2863.74
PAY04424,O04424,2024-07-11,UPI,Success,7797.99
PAY04425,O04425,2025-12-06,UPI,Success,33050.64
PAY04426,O04426,2024-05-10,UPI,Success,4244.37
PAY04427,O04427,2024-12-24,Debit Card,Success,49687.0
PAY04428,O04428,2024-11-18,Debit Card,Success,309.26
PAY04429,O04429,2023-09-06,Credit Card,Failed,74630.98
PAY04430,O04430,2023-06-24,Debit Card,Success,23568.15
PAY04431,O04431,2023-02-06,Net Banking,Success,89374.29
PAY04432,O04432,2023-10-31,Debit Card,Success,2416.42
PAY04433,O04433,2025-06-06,Debit Card,Success,158204.18
PAY04434,O04434,2023-02-02,UPI,Refunded,5542.31
PAY04435,O04435,2024-01-19,UPI,Success,7579.64
PAY04436,O04436,2024-03-01,Net Banking,Success,14283.68
PAY04437,O04437,2024-12-27,COD,Success,11976.44
PAY04438,O04438,2024-11-23,Debit Card,Success,12855.04
PAY04439,O04439,2024-08-19,UPI,Success,14020.55
PAY04440,O04440,2025-09-10,Debit Card,Success,1820.02
PAY04441,O04441,2024-02-21,Debit Card,Success,7455.05
PAY04442,O04442,2025-05-24,Credit Card,Success,28069.37
PAY04443,O04443,2023-11-15,Debit Card,Success,114081.14
PAY04444,O04444,2025-11-16,COD,Refunded,3573.82
PAY04445,O04445,2025-01-28,UPI,Success,270.08
PAY04446,O04446,2023-02-28,UPI,Success,59238.58
PAY04447,O04447,2023-06-28,COD,Success,134748.13
PAY04448,O04448,2025-12-04,UPI,Failed,1833.22
PAY04449,O04449,2023-11-05,COD,Refunded,8423.52
PAY04450,O04450,2023-06-04,UPI,Success,1704.62
PAY04451,O04451,2025-08-25,COD,Success,15650.8
PAY04452,O04452,2025-02-09,COD,Success,3929.5
PAY04453,O04453,2024-01-21,Debit Card,Success,969.75
PAY04454,O04454,2025-01-19,Debit Card,Success,57233.68
PAY04455,O04455,2024-09-16,UPI,Failed,46946.02
PAY04456,O04456,2025-11-22,UPI,Success,4169.01
PAY04457,O04457,2023-01-06,COD,Failed,10154.11
PAY04458,O04458,2024-11-22,COD,Success,18186.17
PAY04459,O04459,2025-03-07,UPI,Failed,57614.13
PAY04460,O04460,2025-06-10,COD,Success,8253.17
PAY04461,O04461,2024-12-29,Credit Card,Success,23495.18
PAY04462,O04462,2025-02-23,Credit Card,Failed,63131.71
PAY04463,O04463,2024-09-09,UPI,Success,1996.18
PAY04464,O04464,2025-06-06,Credit Card,Success,3965.94
PAY04465,O04465,2023-01-23,Credit Card,Success,9744.9
PAY04466,O04466,2025-03-19,Debit Card,Success,15303.04
PAY04467,O04467,2023-06-12,Debit Card,Success,46014.71
PAY04468,O04468,2023-09-23,Credit Card,Success,3095.61
PAY04469,O04469,2023-03-26,UPI,Success,9460.12
PAY04470,O04470,2023-06-17,UPI,Success,46762.93
PAY04471,O04471,2024-10-16,UPI,Success,50127.89
PAY04472,O04472,2024-07-09,COD,Failed,41503.18
PAY04473,O04473,2023-12-10,COD,Success,2155.14
PAY04474,O04474,2023-01-14,COD,Success,53130.01
PAY04475,O04475,2024-03-26,UPI,Failed,1273.49
PAY04476,O04476,2024-07-27,COD,Refunded,2320.35
PAY04477,O04477,2024-08-14,UPI,Success,1149.93
PAY04478,O04478,2024-05-06,Credit Card,Success,68387.31
PAY04479,O04479,2024-10-25,Debit Card,Success,4961.89
PAY04480,O04480,2024-04-10,UPI,Success,5649.35
PAY04481,O04481,2025-06-29,Credit Card,Success,62539.28
PAY04482,O04482,2024-09-08,UPI,Success,826.9
PAY04483,O04483,2023-01-07,Credit Card,Success,3913.07
PAY04484,O04484,2025-10-04,Credit Card,Success,14106.95
PAY04485,O04485,2025-03-12,Debit Card,Refunded,18194.62
PAY04486,O04486,2023-11-16,Credit Card,Success,2085.89
PAY04487,O04487,2023-05-11,UPI,Success,29866.68
PAY04488,O04488,2023-04-21,COD,Success,1750.44
PAY04489,O04489,2023-08-07,Net Banking,Refunded,4333.03
PAY04490,O04490,2024-05-22,COD,Success,23360.52
PAY04491,O04491,2024-03-05,Credit Card,Success,5454.98
PAY04492,O04492,2024-10-04,COD,Success,6020.16
PAY04493,O04493,2023-09-03,Debit Card,Success,1077.24
PAY04494,O04494,2024-03-14,UPI,Success,19839.55
PAY04495,O04495,2023-11-05,UPI,Success,43167.97
PAY04496,O04496,2025-06-20,Debit Card,Success,1453.0
PAY04497,O04497,2024-02-14,Debit Card,Success,62187.32
PAY04498,O04498,2025-01-18,Net Banking,Success,12005.83
PAY04499,O04499,2023-01-01,COD,Success,89122.3
PAY04500,O04500,2025-02-17,Debit Card,Success,12075.03
PAY04501,O04501,2023-07-13,UPI,Success,1209.82
PAY04502,O04502,2025-08-22,Credit Card,Success,349.65
PAY04503,O04503,2023-05-02,Credit Card,Success,20773.52
PAY04504,O04504,2024-01-01,UPI,Success,5233.4
PAY04505,O04505,2025-10-26,COD,Success,2402.94
PAY04506,O04506,2023-05-31,UPI,Success,31007.81
PAY04507,O04507,2025-12-22,Debit Card,Success,32363.82
PAY04508,O04508,2025-03-05,Debit Card,Success,1279.5
PAY04509,O04509,2025-04-27,UPI,Success,5514.78
PAY04510,O04510,2023-08-26,Credit Card,Success,56999.12
PAY04511,O04511,2025-01-01,UPI,Success,54527.7
PAY04512,O04512,2024-04-04,UPI,Failed,55439.7
PAY04513,O04513,2024-04-30,UPI,Success,10548.88
PAY04514,O04514,2025-04-30,UPI,Success,18507.67
PAY04515,O04515,2024-12-16,COD,Refunded,73008.18
PAY04516,O04516,2025-12-06,Credit Card,Success,2125.15
PAY04517,O04517,2023-12-10,UPI,Success,21225.64
PAY04518,O04518,2023-08-25,COD,Success,3915.56
PAY04519,O04519,2024-10-25,Credit Card,Success,104354.26
PAY04520,O04520,2024-01-12,UPI,Failed,50978.45
PAY04521,O04521,2025-08-30,COD,Refunded,32533.38
PAY04522,O04522,2023-09-03,Credit Card,Success,137072.05
PAY04523,O04523,2024-07-19,Credit Card,Success,71976.32
PAY04524,O04524,2024-11-29,Debit Card,Success,398.13
PAY04525,O04525,2025-07-04,UPI,Refunded,3672.99
PAY04526,O04526,2023-10-09,Net Banking,Failed,31205.34
PAY04527,O04527,2023-03-08,UPI,Success,15863.43
PAY04528,O04528,2023-06-25,Debit Card,Success,2241.04
PAY04529,O04529,2023-10-12,COD,Success,760.93
PAY04530,O04530,2023-11-02,UPI,Success,15738.8
PAY04531,O04531,2025-05-25,Debit Card,Success,837.95
PAY04532,O04532,2025-03-03,Net Banking,Success,11101.03
PAY04533,O04533,2024-02-13,COD,Failed,66347.21
PAY04534,O04534,2023-11-28,COD,Success,4461.81
PAY04535,O04535,2023-11-01,Credit Card,Failed,7647.16
PAY04536,O04536,2025-07-08,Credit Card,Refunded,2447.5
PAY04537,O04537,2024-10-31,Credit Card,Success,20484.2
PAY04538,O04538,2025-02-11,Debit Card,Success,5557.71
PAY04539,O04539,2024-07-06,UPI,Success,4557.47
PAY04540,O04540,2025-09-22,COD,Refunded,10495.37
PAY04541,O04541,2025-11-21,UPI,Success,19302.4
PAY04542,O04542,2024-03-17,UPI,Success,11253.94
PAY04543,O04543,2023-09-17,Credit Card,Refunded,56100.7
PAY04544,O04544,2025-02-22,UPI,Success,78835.62
PAY04545,O04545,2024-07-16,UPI,Success,28366.9
PAY04546,O04546,2023-08-22,UPI,Failed,25073.2
PAY04547,O04547,2023-01-26,UPI,Success,44803.79
PAY04548,O04548,2024-06-08,Credit Card,Refunded,3913.23
PAY04549,O04549,2024-01-20,Credit Card,Success,5207.24
PAY04550,O04550,2024-01-28,Credit Card,Success,22104.62
PAY04551,O04551,2024-04-06,COD,Success,7938.26
PAY04552,O04552,2025-04-20,UPI,Success,33221.54
PAY04553,O04553,2025-01-08,UPI,Success,27183.7
PAY04554,O04554,2023-04-20,Credit Card,Success,2913.24
PAY04555,O04555,2023-07-25,UPI,Failed,1613.98
PAY04556,O04556,2025-12-30,UPI,Success,2971.84
PAY04557,O04557,2023-07-29,COD,Success,2282.91
PAY04558,O04558,2023-07-06,Credit Card,Success,2990.49
PAY04559,O04559,2024-08-25,UPI,Success,27201.35
PAY04560,O04560,2025-01-30,Credit Card,Refunded,554.84
PAY04561,O04561,2025-01-16,Credit Card,Success,2723.82
PAY04562,O04562,2025-06-10,UPI,Success,63747.26
PAY04563,O04563,2024-02-03,UPI,Success,3934.5
PAY04564,O04564,2024-06-30,UPI,Success,2438.3
PAY04565,O04565,2025-06-27,Credit Card,Success,27967.97
PAY04566,O04566,2024-11-12,Credit Card,Refunded,53455.27
PAY04567,O04567,2025-09-06,Debit Card,Success,46969.31
PAY04568,O04568,2023-11-10,Net Banking,Success,2992.18
PAY04569,O04569,2023-08-18,UPI,Failed,66692.5
PAY04570,O04570,2024-10-21,Credit Card,Success,21935.71
PAY04571,O04571,2025-11-12,Credit Card,Success,40158.6
PAY04572,O04572,2024-11-22,Credit Card,Failed,3732.73
PAY04573,O04573,2023-10-29,Debit Card,Refunded,3158.08
PAY04574,O04574,2025-07-16,UPI,Success,47129.54
PAY04575,O04575,2025-12-10,Debit Card,Success,1975.79
PAY04576,O04576,2025-01-12,UPI,Success,21166.39
PAY04577,O04577,2023-03-04,UPI,Refunded,28267.96
PAY04578,O04578,2025-11-08,COD,Success,53065.98
PAY04579,O04579,2023-11-05,Credit Card,Success,26140.46
PAY04580,O04580,2024-06-20,Credit Card,Success,4838.53
PAY04581,O04581,2023-03-16,Net Banking,Success,46943.59
PAY04582,O04582,2024-08-16,Debit Card,Failed,13335.17
PAY04583,O04583,2024-09-01,Debit Card,Success,42113.34
PAY04584,O04584,2024-09-03,UPI,Success,91359.47
PAY04585,O04585,2025-10-18,UPI,Success,25133.39
PAY04586,O04586,2025-02-24,Credit Card,Success,3629.47
PAY04587,O04587,2023-08-29,Debit Card,Success,25418.14
PAY04588,O04588,2023-01-05,Credit Card,Success,1508.51
PAY04589,O04589,2024-05-01,UPI,Success,19327.84
PAY04590,O04590,2023-12-24,Debit Card,Failed,16786.02
PAY04591,O04591,2024-01-29,COD,Success,2481.65
PAY04592,O04592,2024-01-05,Net Banking,Refunded,32427.23
PAY04593,O04593,2023-01-31,Credit Card,Success,613.63
PAY04594,O04594,2025-08-24,UPI,Success,2110.9
PAY04595,O04595,2023-01-09,Net Banking,Success,48270.99
PAY04596,O04596,2023-12-01,Debit Card,Success,3816.29
PAY04597,O04597,2025-08-07,UPI,Success,2074.28
PAY04598,O04598,2023-08-19,Credit Card,Refunded,395.7
PAY04599,O04599,2024-01-29,UPI,Success,42960.39
PAY04600,O04600,2025-02-18,UPI,Success,1308.45
PAY04601,O04601,2024-01-23,UPI,Success,2970.98
PAY04602,O04602,2023-04-20,UPI,Success,4530.28
PAY04603,O04603,2023-12-06,Credit Card,Failed,754.99
PAY04604,O04604,2024-07-20,UPI,Success,13006.62
PAY04605,O04605,2025-04-12,UPI,Success,68341.45
PAY04606,O04606,2025-11-30,Credit Card,Success,7805.43
PAY04607,O04607,2023-08-12,Debit Card,Success,413.45
PAY04608,O04608,2023-10-25,UPI,Success,57906.15
PAY04609,O04609,2025-11-18,COD,Success,40238.99
PAY04610,O04610,2025-07-15,Debit Card,Success,859.27
PAY04611,O04611,2025-09-23,Credit Card,Success,53638.61
PAY04612,O04612,2025-09-15,Credit Card,Success,12650.75
PAY04613,O04613,2024-04-30,Credit Card,Success,23189.41
PAY04614,O04614,2023-05-12,UPI,Success,72910.94
PAY04615,O04615,2023-02-18,UPI,Success,8151.37
PAY04616,O04616,2025-04-06,UPI,Success,10458.14
PAY04617,O04617,2024-08-24,UPI,Success,17485.13
PAY04618,O04618,2025-02-09,Debit Card,Refunded,100341.16
PAY04619,O04619,2024-07-26,UPI,Refunded,3818.27
PAY04620,O04620,2024-04-03,COD,Success,19325.27
PAY04621,O04621,2025-12-10,Credit Card,Failed,5984.43
PAY04622,O04622,2024-12-29,Debit Card,Refunded,72997.72
PAY04623,O04623,2023-10-19,Credit Card,Success,13621.94
PAY04624,O04624,2024-06-19,Credit Card,Refunded,3394.37
PAY04625,O04625,2024-03-12,UPI,Success,323.66
PAY04626,O04626,2025-04-09,Credit Card,Success,3879.43
PAY04627,O04627,2023-09-08,UPI,Refunded,113552.09
PAY04628,O04628,2023-08-31,Credit Card,Success,881.16
PAY04629,O04629,2025-07-12,Credit Card,Success,11717.76
PAY04630,O04630,2023-11-01,Debit Card,Refunded,24591.09
PAY04631,O04631,2024-07-10,Credit Card,Success,149087.17
PAY04632,O04632,2025-10-15,Debit Card,Success,48035.01
PAY04633,O04633,2025-09-17,UPI,Success,56484.76
PAY04634,O04634,2023-05-14,UPI,Success,6705.97
PAY04635,O04635,2025-10-04,Credit Card,Success,8946.42
PAY04636,O04636,2024-01-12,Credit Card,Failed,25354.44
PAY04637,O04637,2024-11-17,Debit Card,Success,17476.61
PAY04638,O04638,2024-01-07,UPI,Success,31201.61
PAY04639,O04639,2023-06-06,UPI,Success,31135.41
PAY04640,O04640,2023-09-03,Debit Card,Success,4943.05
PAY04641,O04641,2024-06-27,Net Banking,Success,6220.77
PAY04642,O04642,2024-11-13,Credit Card,Success,37015.34
PAY04643,O04643,2025-06-17,Debit Card,Success,86016.54
PAY04644,O04644,2025-05-22,Credit Card,Failed,52808.54
PAY04645,O04645,2024-11-05,Credit Card,Failed,2348.45
PAY04646,O04646,2023-03-29,COD,Success,1533.87
PAY04647,O04647,2023-01-13,Debit Card,Success,9594.36
PAY04648,O04648,2025-05-31,COD,Success,2360.16
PAY04649,O04649,2025-09-20,UPI,Refunded,4641.32
PAY04650,O04650,2023-11-18,UPI,Refunded,18390.26
PAY04651,O04651,2023-10-20,Debit Card,Success,973.68
PAY04652,O04652,2024-09-16,Credit Card,Success,4333.36
PAY04653,O04653,2025-02-11,COD,Success,2767.37
PAY04654,O04654,2025-04-20,UPI,Success,22806.71
PAY04655,O04655,2025-07-12,Credit Card,Refunded,70468.39
PAY04656,O04656,2024-02-08,Credit Card,Success,34744.32
PAY04657,O04657,2023-06-08,COD,Success,5997.8
PAY04658,O04658,2024-01-20,UPI,Success,2355.03
PAY04659,O04659,2024-02-03,UPI,Success,53314.72
PAY04660,O04660,2023-02-26,UPI,Success,54889.84
PAY04661,O04661,2025-08-29,Credit Card,Success,1226.33
PAY04662,O04662,2025-01-31,COD,Success,113840.27
PAY04663,O04663,2024-04-19,Debit Card,Success,20684.22
PAY04664,O04664,2023-07-13,Debit Card,Success,19257.92
PAY04665,O04665,2025-03-08,UPI,Success,16003.12
PAY04666,O04666,2025-01-29,Credit Card,Success,270.24
PAY04667,O04667,2025-03-05,COD,Success,35735.37
PAY04668,O04668,2025-04-17,COD,Success,438.34
PAY04669,O04669,2024-11-05,Net Banking,Refunded,13020.27
PAY04670,O04670,2023-09-25,Credit Card,Failed,48217.5
PAY04671,O04671,2025-03-06,UPI,Success,3091.47
PAY04672,O04672,2026-01-01,COD,Success,14273.98
PAY04673,O04673,2023-04-01,Net Banking,Failed,616.66
PAY04674,O04674,2024-03-22,Net Banking,Failed,44319.38
PAY04675,O04675,2023-03-18,COD,Success,7140.94
PAY04676,O04676,2023-11-19,UPI,Success,3698.11
PAY04677,O04677,2024-02-25,UPI,Success,66750.34
PAY04678,O04678,2024-06-29,Debit Card,Success,3744.09
PAY04679,O04679,2023-12-14,UPI,Success,2632.77
PAY04680,O04680,2024-12-17,Net Banking,Success,892.78
PAY04681,O04681,2024-12-26,Credit Card,Success,4806.36
PAY04682,O04682,2024-10-11,UPI,Success,1129.26
PAY04683,O04683,2024-10-22,UPI,Success,19302.4
PAY04684,O04684,2023-05-31,UPI,Success,59229.66
PAY04685,O04685,2024-02-22,Debit Card,Success,1072.71
PAY04686,O04686,2025-11-18,Debit Card,Success,3072.38
PAY04687,O04687,2025-02-06,UPI,Success,4548.65
PAY04688,O04688,2023-03-08,Debit Card,Success,2067.81
PAY04689,O04689,2024-11-08,UPI,Success,100822.14
PAY04690,O04690,2023-08-13,UPI,Success,253.55
PAY04691,O04691,2024-04-22,Credit Card,Success,1718.54
PAY04692,O04692,2023-11-23,Debit Card,Success,40720.71
PAY04693,O04693,2023-03-30,COD,Success,33770.28
PAY04694,O04694,2023-06-07,Credit Card,Failed,2331.47
PAY04695,O04695,2025-07-28,UPI,Success,25666.97
PAY04696,O04696,2023-10-11,Net Banking,Success,22472.95
PAY04697,O04697,2024-10-20,Credit Card,Success,654.12
PAY04698,O04698,2023-06-13,Credit Card,Success,13189.08
PAY04699,O04699,2025-06-19,COD,Success,1441.28
PAY04700,O04700,2023-11-28,Credit Card,Success,1384.2
PAY04701,O04701,2023-05-26,UPI,Success,52734.73
PAY04702,O04702,2025-12-17,Credit Card,Failed,2512.44
PAY04703,O04703,2024-03-17,Debit Card,Success,16835.22
PAY04704,O04704,2024-05-04,COD,Success,6105.54
PAY04705,O04705,2025-11-10,UPI,Refunded,40540.44
PAY04706,O04706,2024-06-21,Credit Card,Failed,2026.88
PAY04707,O04707,2025-08-21,Net Banking,Success,6050.62
PAY04708,O04708,2024-12-29,UPI,Success,4535.74
PAY04709,O04709,2024-10-13,UPI,Success,4560.17
PAY04710,O04710,2024-10-28,UPI,Failed,622.9
PAY04711,O04711,2025-09-04,Debit Card,Success,2903.39
PAY04712,O04712,2025-05-24,COD,Success,8667.3
PAY04713,O04713,2023-06-22,UPI,Success,12633.36
PAY04714,O04714,2025-09-02,UPI,Refunded,8937.18
PAY04715,O04715,2023-01-02,COD,Failed,20741.38
PAY04716,O04716,2025-11-15,UPI,Success,52178.24
PAY04717,O04717,2025-05-31,UPI,Success,2650.01
PAY04718,O04718,2025-07-26,Debit Card,Failed,692.05
PAY04719,O04719,2025-05-23,UPI,Success,13580.56
PAY04720,O04720,2024-02-15,COD,Failed,6430.83
PAY04721,O04721,2025-01-13,Credit Card,Failed,27043.04
PAY04722,O04722,2024-07-31,Credit Card,Failed,37745.67
PAY04723,O04723,2023-03-24,UPI,Success,18819.85
PAY04724,O04724,2024-08-25,Debit Card,Success,5306.16
PAY04725,O04725,2024-07-01,COD,Success,666.29
PAY04726,O04726,2023-06-28,Debit Card,Success,284.29
PAY04727,O04727,2024-10-19,UPI,Success,392.08
PAY04728,O04728,2025-09-14,Debit Card,Success,11198.19
PAY04729,O04729,2023-05-21,Credit Card,Success,23391.36
PAY04730,O04730,2023-09-26,COD,Refunded,1942.81
PAY04731,O04731,2023-05-20,Credit Card,Success,4284.18
PAY04732,O04732,2025-12-08,UPI,Success,48643.36
PAY04733,O04733,2025-12-19,UPI,Success,30981.27
PAY04734,O04734,2024-07-15,UPI,Success,33051.15
PAY04735,O04735,2025-12-21,Credit Card,Refunded,25793.6
PAY04736,O04736,2025-01-02,UPI,Refunded,396.47
PAY04737,O04737,2023-02-09,UPI,Success,862.1
PAY04738,O04738,2024-03-13,Credit Card,Success,432.38
PAY04739,O04739,2024-02-11,UPI,Success,3880.8
PAY04740,O04740,2025-01-14,Credit Card,Success,16595.12
PAY04741,O04741,2023-02-08,Credit Card,Success,6929.13
PAY04742,O04742,2024-04-13,COD,Success,144462.36
PAY04743,O04743,2023-11-15,Net Banking,Failed,40728.5
PAY04744,O04744,2024-09-21,UPI,Success,1257.1
PAY04745,O04745,2025-03-25,Net Banking,Success,22782.9
PAY04746,O04746,2024-06-22,UPI,Failed,9483.15
PAY04747,O04747,2023-07-28,Debit Card,Success,8113.76
PAY04748,O04748,2024-05-06,Debit Card,Failed,58069.15
PAY04749,O04749,2023-10-26,UPI,Success,30734.14
PAY04750,O04750,2024-08-07,Debit Card,Success,20487.95
PAY04751,O04751,2023-03-01,COD,Success,5454.98
PAY04752,O04752,2024-02-02,Net Banking,Refunded,2730.85
PAY04753,O04753,2025-12-23,Debit Card,Success,554.76
PAY04754,O04754,2023-03-28,COD,Success,1208.88
PAY04755,O04755,2024-09-03,UPI,Success,31997.53
PAY04756,O04756,2024-10-09,UPI,Success,26125.31
PAY04757,O04757,2023-10-10,UPI,Success,717.24
PAY04758,O04758,2024-05-28,Credit Card,Success,37630.05
PAY04759,O04759,2025-06-21,Credit Card,Success,41135.28
PAY04760,O04760,2025-04-09,Debit Card,Success,35470.11
PAY04761,O04761,2023-06-07,Credit Card,Success,22719.23
PAY04762,O04762,2023-08-15,COD,Success,36691.88
PAY04763,O04763,2025-04-12,Debit Card,Success,934.25
PAY04764,O04764,2023-09-25,Debit Card,Success,825.44
PAY04765,O04765,2024-04-17,COD,Success,1398.86
PAY04766,O04766,2024-02-03,COD,Success,3018.02
PAY04767,O04767,2024-06-12,COD,Success,5116.38
PAY04768,O04768,2023-06-23,UPI,Failed,3068.35
PAY04769,O04769,2025-06-08,Debit Card,Success,4659.11
PAY04770,O04770,2023-10-19,UPI,Refunded,8515.99
PAY04771,O04771,2024-01-16,Debit Card,Success,41115.0
PAY04772,O04772,2024-07-17,UPI,Success,196.89
PAY04773,O04773,2023-07-06,Net Banking,Success,1669.46
PAY04774,O04774,2025-10-25,Debit Card,Success,86804.86
PAY04775,O04775,2023-06-29,UPI,Success,65576.58
PAY04776,O04776,2024-09-19,Credit Card,Success,1928.21
PAY04777,O04777,2024-04-15,COD,Success,1575.82
PAY04778,O04778,2025-10-02,UPI,Failed,3075.3
PAY04779,O04779,2025-09-27,Credit Card,Success,1513.32
PAY04780,O04780,2025-12-29,UPI,Success,3439.38
PAY04781,O04781,2023-04-17,COD,Success,1901.39
PAY04782,O04782,2024-07-25,UPI,Success,79054.95
PAY04783,O04783,2025-11-21,Credit Card,Success,1378.78
PAY04784,O04784,2024-06-05,Credit Card,Success,36813.91
PAY04785,O04785,2024-10-16,UPI,Success,17627.27
PAY04786,O04786,2023-02-13,Net Banking,Refunded,17677.0
PAY04787,O04787,2024-08-21,Credit Card,Success,7353.06
PAY04788,O04788,2025-05-14,UPI,Success,1784.67
PAY04789,O04789,2025-04-28,Debit Card,Success,2192.74
PAY04790,O04790,2023-09-18,COD,Success,1833.55
PAY04791,O04791,2024-11-01,COD,Success,20645.03
PAY04792,O04792,2024-11-27,Credit Card,Success,17655.68
PAY04793,O04793,2025-04-09,UPI,Success,12215.58
PAY04794,O04794,2025-12-27,Net Banking,Success,2679.98
PAY04795,O04795,2023-08-08,UPI,Success,2892.1
PAY04796,O04796,2025-05-14,Debit Card,Success,11181.7
PAY04797,O04797,2025-12-20,UPI,Success,208427.74
PAY04798,O04798,2024-04-07,Credit Card,Success,5109.44
PAY04799,O04799,2023-10-18,Net Banking,Success,20334.57
PAY04800,O04800,2023-07-03,Credit Card,Success,8417.61
PAY04801,O04801,2024-04-11,Credit Card,Success,18601.53
PAY04802,O04802,2023-08-13,UPI,Success,109817.97
PAY04803,O04803,2024-02-03,UPI,Success,24269.28
PAY04804,O04804,2024-03-30,UPI,Success,2307.12
PAY04805,O04805,2023-12-29,COD,Success,4385.37
PAY04806,O04806,2025-02-16,Debit Card,Success,104991.68
PAY04807,O04807,2024-11-05,UPI,Success,2026.41
PAY04808,O04808,2023-01-05,UPI,Success,7088.27
PAY04809,O04809,2024-08-17,COD,Success,4688.99
PAY04810,O04810,2024-11-21,UPI,Success,47643.73
PAY04811,O04811,2025-04-30,UPI,Success,39842.04
PAY04812,O04812,2024-08-28,Credit Card,Success,1587.74
PAY04813,O04813,2024-12-30,UPI,Success,7632.54
PAY04814,O04814,2023-01-24,Credit Card,Success,27961.96
PAY04815,O04815,2024-02-26,Net Banking,Failed,4589.79
PAY04816,O04816,2023-09-26,Credit Card,Success,876.34
PAY04817,O04817,2024-09-07,Debit Card,Success,9867.58
PAY04818,O04818,2024-07-23,Debit Card,Failed,30120.69
PAY04819,O04819,2025-01-08,UPI,Success,4517.84
PAY04820,O04820,2024-10-19,COD,Success,1921.37
PAY04821,O04821,2024-06-30,UPI,Success,35453.25
PAY04822,O04822,2023-06-20,Net Banking,Success,17037.02
PAY04823,O04823,2023-11-02,UPI,Success,1042.45
PAY04824,O04824,2023-12-02,Net Banking,Failed,3157.22
PAY04825,O04825,2025-11-08,COD,Success,9956.22
PAY04826,O04826,2024-02-04,UPI,Success,7718.75
PAY04827,O04827,2025-08-21,UPI,Success,98778.06
PAY04828,O04828,2025-05-26,UPI,Success,14168.04
PAY04829,O04829,2025-08-16,UPI,Refunded,3126.28
PAY04830,O04830,2025-05-07,Debit Card,Success,103171.58
PAY04831,O04831,2023-12-02,Credit Card,Success,3783.31
PAY04832,O04832,2025-01-22,Debit Card,Success,15371.97
PAY04833,O04833,2024-09-22,UPI,Success,531.51
PAY04834,O04834,2024-01-11,UPI,Refunded,8760.42
PAY04835,O04835,2023-03-22,Debit Card,Success,7327.3
PAY04836,O04836,2025-06-30,COD,Success,2772.78
PAY04837,O04837,2024-03-27,UPI,Success,42877.73
PAY04838,O04838,2025-10-19,UPI,Success,14450.09
PAY04839,O04839,2025-07-12,UPI,Success,2518.49
PAY04840,O04840,2024-11-11,Credit Card,Refunded,32029.87
PAY04841,O04841,2024-11-16,Debit Card,Success,19603.78
PAY04842,O04842,2024-12-30,Credit Card,Success,824.8
PAY04843,O04843,2025-08-23,COD,Refunded,241.65
PAY04844,O04844,2023-07-10,Credit Card,Success,1499.84
PAY04845,O04845,2025-09-01,UPI,Success,758.23
PAY04846,O04846,2025-10-10,UPI,Success,13010.34
PAY04847,O04847,2024-11-10,Credit Card,Refunded,18976.94
PAY04848,O04848,2023-07-08,COD,Success,7457.59
PAY04849,O04849,2024-05-28,COD,Success,5233.4
PAY04850,O04850,2025-10-30,UPI,Failed,8264.02
PAY04851,O04851,2024-08-11,UPI,Success,7281.49
PAY04852,O04852,2025-04-28,COD,Success,3028.16
PAY04853,O04853,2025-05-12,UPI,Success,48039.9
PAY04854,O04854,2025-09-23,COD,Success,2918.33
PAY04855,O04855,2023-05-24,Credit Card,Success,209.81
PAY04856,O04856,2024-05-01,Credit Card,Success,7040.69
PAY04857,O04857,2023-07-13,UPI,Success,19616.81
PAY04858,O04858,2024-06-05,Debit Card,Success,918.43
PAY04859,O04859,2025-11-20,COD,Success,1973.42
PAY04860,O04860,2025-03-01,Credit Card,Success,820.96
PAY04861,O04861,2025-12-01,Credit Card,Success,3599.31
PAY04862,O04862,2024-02-21,Debit Card,Success,305.07
PAY04863,O04863,2024-11-20,Credit Card,Success,2372.4
PAY04864,O04864,2024-01-05,COD,Success,9865.22
PAY04865,O04865,2024-08-20,UPI,Success,651.47
PAY04866,O04866,2024-07-14,COD,Success,52056.56
PAY04867,O04867,2025-03-15,UPI,Success,23435.51
PAY04868,O04868,2024-12-19,UPI,Success,17744.05
PAY04869,O04869,2025-05-09,UPI,Failed,3772.81
PAY04870,O04870,2025-04-02,COD,Success,4244.01
PAY04871,O04871,2023-11-08,UPI,Failed,806.64
PAY04872,O04872,2024-12-03,Net Banking,Success,770.51
PAY04873,O04873,2024-06-13,Credit Card,Success,10179.23
PAY04874,O04874,2024-10-03,Debit Card,Success,2452.36
PAY04875,O04875,2024-11-27,Debit Card,Success,75664.83
PAY04876,O04876,2024-08-28,UPI,Success,48729.98
PAY04877,O04877,2024-10-16,COD,Success,17137.94
PAY04878,O04878,2023-11-18,Net Banking,Success,2715.32
PAY04879,O04879,2023-10-31,UPI,Success,2017.04
PAY04880,O04880,2024-06-02,COD,Success,11218.22
PAY04881,O04881,2025-07-15,COD,Refunded,3607.71
PAY04882,O04882,2025-07-30,Credit Card,Success,125324.34
PAY04883,O04883,2025-12-17,UPI,Success,108170.74
PAY04884,O04884,2023-07-12,Credit Card,Refunded,39624.22
PAY04885,O04885,2023-01-24,UPI,Success,6257.67
PAY04886,O04886,2025-04-11,Credit Card,Success,12778.92
PAY04887,O04887,2023-03-22,Net Banking,Success,29318.16
PAY04888,O04888,2024-03-03,UPI,Success,13523.87
PAY04889,O04889,2023-04-13,Debit Card,Success,12421.06
PAY04890,O04890,2024-12-30,UPI,Failed,7762.99
PAY04891,O04891,2023-05-23,Credit Card,Success,55791.85
PAY04892,O04892,2025-10-07,UPI,Success,6941.0
PAY04893,O04893,2024-02-09,COD,Success,29828.46
PAY04894,O04894,2025-08-15,Debit Card,Success,511.81
PAY04895,O04895,2025-02-08,UPI,Success,50086.36
PAY04896,O04896,2025-03-29,Credit Card,Success,39838.6
PAY04897,O04897,2025-01-10,COD,Failed,20730.02
PAY04898,O04898,2023-06-11,UPI,Success,19839.55
PAY04899,O04899,2024-08-17,Net Banking,Success,4224.42
PAY04900,O04900,2023-08-04,Credit Card,Refunded,14393.92
PAY04901,O04901,2024-07-16,COD,Success,17291.7
PAY04902,O04902,2025-07-03,COD,Success,1489.81
PAY04903,O04903,2023-09-10,UPI,Success,836.88
PAY04904,O04904,2024-12-25,COD,Success,5850.73
PAY04905,O04905,2024-11-06,Debit Card,Success,48900.11
PAY04906,O04906,2024-01-25,UPI,Success,5447.63
PAY04907,O04907,2023-03-28,Net Banking,Success,3107.42
PAY04908,O04908,2024-05-30,Debit Card,Success,1996.18
PAY04909,O04909,2023-01-05,UPI,Success,22471.0
PAY04910,O04910,2023-08-23,UPI,Success,920.31
PAY04911,O04911,2024-01-12,Credit Card,Success,25885.36
PAY04912,O04912,2023-10-02,UPI,Success,7155.44
PAY04913,O04913,2025-07-02,UPI,Failed,4542.63
PAY04914,O04914,2025-07-14,Net Banking,Success,43616.54
PAY04915,O04915,2025-04-20,Debit Card,Success,564.63
PAY04916,O04916,2024-10-24,Debit Card,Refunded,2040.82
PAY04917,O04917,2024-09-20,UPI,Refunded,29278.6
PAY04918,O04918,2023-01-06,UPI,Success,1539.79
PAY04919,O04919,2024-06-19,Credit Card,Success,45419.73
PAY04920,O04920,2024-02-11,Debit Card,Success,2221.79
PAY04921,O04921,2023-11-13,UPI,Success,27373.6
PAY04922,O04922,2024-06-24,UPI,Success,4626.65
PAY04923,O04923,2023-12-06,COD,Success,24187.06
PAY04924,O04924,2024-06-04,COD,Success,749.75
PAY04925,O04925,2025-07-14,Debit Card,Refunded,24275.2
PAY04926,O04926,2024-11-21,Credit Card,Success,25187.48
PAY04927,O04927,2025-08-30,UPI,Success,166691.53
PAY04928,O04928,2025-09-01,UPI,Success,876.34
PAY04929,O04929,2024-09-06,COD,Success,8730.96
PAY04930,O04930,2025-12-13,Credit Card,Success,824.11
PAY04931,O04931,2025-05-07,Debit Card,Success,36722.2
PAY04932,O04932,2023-08-01,Credit Card,Success,664.02
PAY04933,O04933,2024-03-22,Debit Card,Success,1179.51
PAY04934,O04934,2023-03-11,UPI,Success,3329.72
PAY04935,O04935,2025-12-27,Credit Card,Success,781.72
PAY04936,O04936,2023-10-10,UPI,Success,57925.54
PAY04937,O04937,2024-04-08,UPI,Success,1993.01
PAY04938,O04938,2024-01-05,Credit Card,Success,6967.03
PAY04939,O04939,2024-01-21,Credit Card,Failed,40508.24
PAY04940,O04940,2023-02-12,Credit Card,Success,2155.73
PAY04941,O04941,2024-11-17,Credit Card,Success,83683.36
PAY04942,O04942,2025-09-07,UPI,Success,137448.28
PAY04943,O04943,2025-02-20,UPI,Success,24497.75
PAY04944,O04944,2024-11-08,UPI,Success,163863.99
PAY04945,O04945,2024-06-02,COD,Success,4819.71
PAY04946,O04946,2024-11-19,UPI,Success,3045.22
PAY04947,O04947,2025-11-12,UPI,Success,515.06
PAY04948,O04948,2023-02-10,COD,Success,1320.52
PAY04949,O04949,2023-06-03,UPI,Refunded,7060.92
PAY04950,O04950,2024-07-12,UPI,Success,104498.65
PAY04951,O04951,2025-10-29,Debit Card,Success,4863.81
PAY04952,O04952,2025-12-06,UPI,Refunded,1238.3
PAY04953,O04953,2023-11-26,Credit Card,Success,26413.92
PAY04954,O04954,2025-01-24,COD,Success,6520.36
PAY04955,O04955,2023-01-03,Net Banking,Success,9311.75
PAY04956,O04956,2025-02-16,UPI,Failed,23106.14
PAY04957,O04957,2025-11-27,UPI,Success,1260.21
PAY04958,O04958,2025-03-23,Credit Card,Success,40696.6
PAY04959,O04959,2023-08-31,UPI,Success,42960.39
PAY04960,O04960,2023-08-09,UPI,Success,2837.9
PAY04961,O04961,2023-07-21,Credit Card,Success,6290.19
PAY04962,O04962,2024-01-30,UPI,Success,6658.85
PAY04963,O04963,2024-08-24,COD,Refunded,102673.03
PAY04964,O04964,2023-09-26,UPI,Failed,15180.67
PAY04965,O04965,2025-04-17,UPI,Success,37585.31
PAY04966,O04966,2023-05-05,COD,Refunded,280.77
PAY04967,O04967,2024-02-04,UPI,Failed,24938.24
PAY04968,O04968,2025-06-28,COD,Success,1675.72
PAY04969,O04969,2023-10-09,UPI,Failed,1803.31
PAY04970,O04970,2025-10-04,Credit Card,Success,11790.92
PAY04971,O04971,2025-02-06,COD,Success,4440.25
PAY04972,O04972,2024-03-08,Credit Card,Success,4461.81
PAY04973,O04973,2024-02-05,UPI,Success,5546.17
PAY04974,O04974,2025-05-21,Debit Card,Success,2498.78
PAY04975,O04975,2025-10-23,Credit Card,Success,9507.45
PAY04976,O04976,2023-11-27,UPI,Success,133831.03
PAY04977,O04977,2024-09-26,Net Banking,Success,3536.97
PAY04978,O04978,2024-01-20,COD,Refunded,4020.87
PAY04979,O04979,2023-03-20,UPI,Success,55133.61
PAY04980,O04980,2023-11-28,Credit Card,Success,3597.9
PAY04981,O04981,2023-06-14,UPI,Success,91609.97
PAY04982,O04982,2023-05-30,UPI,Success,7154.97
PAY04983,O04983,2024-07-13,UPI,Success,486.41
PAY04984,O04984,2024-09-17,Credit Card,Success,61858.78
PAY04985,O04985,2024-07-30,UPI,Success,20954.66
PAY04986,O04986,2025-08-20,Debit Card,Success,65720.49
PAY04987,O04987,2023-05-31,Credit Card,Success,9926.83
PAY04988,O04988,2025-12-08,COD,Success,4791.98
PAY04989,O04989,2023-12-29,COD,Success,2384.01
PAY04990,O04990,2024-01-10,Debit Card,Success,248.3
PAY04991,O04991,2025-02-09,Credit Card,Success,4032.15
PAY04992,O04992,2023-04-07,Net Banking,Success,1959.05
PAY04993,O04993,2025-08-11,UPI,Failed,332.6
PAY04994,O04994,2023-03-23,Credit Card,Refunded,46624.7
PAY04995,O04995,2024-09-24,Credit Card,Success,63814.43
PAY04996,O04996,2025-06-22,Credit Card,Success,1914.89
PAY04997,O04997,2025-09-23,UPI,Success,1456.24
PAY04998,O04998,2024-02-17,UPI,Success,211.99
PAY04999,O04999,2023-01-04,UPI,Success,12486.79
PAY05000,O05000,2023-01-14,COD,Success,486.43
PAY05001,O05001,2023-06-13,Debit Card,Success,1560.38
PAY05002,O05002,2024-09-08,UPI,Failed,5191.92
PAY05003,O05003,2023-06-16,Credit Card,Success,25792.46
PAY05004,O05004,2023-03-03,COD,Refunded,38181.17
PAY05005,O05005,2024-01-19,Net Banking,Success,1762.57
PAY05006,O05006,2025-02-28,UPI,Success,53673.96
PAY05007,O05007,2024-10-22,COD,Success,13482.14
PAY05008,O05008,2024-04-11,Net Banking,Failed,825.09
PAY05009,O05009,2024-05-30,Credit Card,Success,10363.84
PAY05010,O05010,2024-04-25,Net Banking,Success,6854.57
PAY05011,O05011,2023-08-26,Net Banking,Failed,1675.52
PAY05012,O05012,2024-12-21,Debit Card,Success,97586.39
PAY05013,O05013,2023-06-22,COD,Success,41948.93
PAY05014,O05014,2023-07-27,UPI,Success,14761.28
PAY05015,O05015,2024-07-24,COD,Success,87659.34
PAY05016,O05016,2025-03-16,Credit Card,Success,284.29
PAY05017,O05017,2023-04-23,Credit Card,Success,88153.07
PAY05018,O05018,2024-05-03,COD,Failed,4884.04
PAY05019,O05019,2024-01-18,COD,Failed,1032.95
PAY05020,O05020,2025-08-16,Debit Card,Success,9304.25
PAY05021,O05021,2024-11-29,UPI,Success,36878.83
PAY05022,O05022,2024-09-15,Credit Card,Success,48587.42
PAY05023,O05023,2024-12-09,COD,Refunded,29284.63
PAY05024,O05024,2023-05-07,Credit Card,Success,44456.78
PAY05025,O05025,2023-12-23,Net Banking,Success,5030.45
PAY05026,O05026,2023-08-29,COD,Success,121436.83
PAY05027,O05027,2025-10-04,Credit Card,Success,15351.25
PAY05028,O05028,2024-05-29,Credit Card,Refunded,2807.84
PAY05029,O05029,2024-09-25,UPI,Success,25601.89
PAY05030,O05030,2024-08-25,Debit Card,Success,22702.37
PAY05031,O05031,2025-10-21,UPI,Success,5732.16
PAY05032,O05032,2023-04-25,Debit Card,Failed,596.94
PAY05033,O05033,2025-07-17,COD,Success,7501.51
PAY05034,O05034,2023-01-27,Credit Card,Refunded,14420.06
PAY05035,O05035,2024-08-23,UPI,Success,4097.92
PAY05036,O05036,2024-08-16,COD,Success,13914.04
PAY05037,O05037,2023-06-29,Credit Card,Success,2864.97
PAY05038,O05038,2024-07-21,UPI,Success,653.85
PAY05039,O05039,2023-09-06,Debit Card,Success,14017.92
PAY05040,O05040,2023-11-14,Debit Card,Success,33242.29
PAY05041,O05041,2025-08-17,UPI,Success,2514.29
PAY05042,O05042,2025-02-22,Debit Card,Refunded,5517.49
PAY05043,O05043,2025-09-13,UPI,Refunded,22035.01
PAY05044,O05044,2025-06-09,COD,Success,26239.25
PAY05045,O05045,2025-12-27,Net Banking,Success,53700.49
PAY05046,O05046,2025-02-17,UPI,Success,12140.24
PAY05047,O05047,2025-01-18,COD,Success,39820.3
PAY05048,O05048,2023-12-12,COD,Success,57616.63
PAY05049,O05049,2023-02-21,UPI,Success,8655.93
PAY05050,O05050,2025-03-17,UPI,Success,24323.4
PAY05051,O05051,2024-08-16,Debit Card,Success,2031.47
PAY05052,O05052,2024-11-25,UPI,Success,8479.77
PAY05053,O05053,2024-02-15,UPI,Success,50139.45
PAY05054,O05054,2023-12-01,UPI,Failed,6692.95
PAY05055,O05055,2024-02-11,UPI,Failed,629.87
PAY05056,O05056,2023-05-02,UPI,Success,857.33
PAY05057,O05057,2024-10-10,COD,Success,39013.48
PAY05058,O05058,2024-11-20,COD,Success,1675.72
PAY05059,O05059,2025-11-28,Credit Card,Success,1532.81
PAY05060,O05060,2023-03-17,Credit Card,Success,1690.35
PAY05061,O05061,2025-05-14,COD,Success,4550.88
PAY05062,O05062,2023-08-07,COD,Failed,16486.28
PAY05063,O05063,2025-01-14,COD,Success,50333.7
PAY05064,O05064,2024-02-24,UPI,Success,1239.19
PAY05065,O05065,2024-10-17,UPI,Success,4154.64
PAY05066,O05066,2025-05-13,COD,Refunded,8732.16
PAY05067,O05067,2025-03-20,Net Banking,Success,83143.87
PAY05068,O05068,2023-10-25,COD,Success,20031.61
PAY05069,O05069,2024-03-27,Debit Card,Success,22258.76
PAY05070,O05070,2023-04-15,Credit Card,Success,9594.43
PAY05071,O05071,2025-03-02,UPI,Success,965.84
PAY05072,O05072,2025-06-21,UPI,Failed,1324.76
PAY05073,O05073,2023-05-28,UPI,Success,51189.78
PAY05074,O05074,2023-05-01,Debit Card,Success,3116.97
PAY05075,O05075,2023-09-23,COD,Failed,7577.5
PAY05076,O05076,2025-12-19,UPI,Success,2518.49
PAY05077,O05077,2025-09-17,UPI,Success,4916.69
PAY05078,O05078,2024-10-28,Net Banking,Success,53304.66
PAY05079,O05079,2023-07-07,Credit Card,Success,25065.18
PAY05080,O05080,2025-02-25,Net Banking,Success,8688.56
PAY05081,O05081,2025-06-12,Debit Card,Success,1722.31
PAY05082,O05082,2023-12-30,UPI,Success,681.81
PAY05083,O05083,2025-09-27,UPI,Success,36878.83
PAY05084,O05084,2023-08-24,Debit Card,Success,56167.74
PAY05085,O05085,2025-12-10,Debit Card,Failed,7536.33
PAY05086,O05086,2023-12-17,UPI,Refunded,8137.46
PAY05087,O05087,2024-02-22,UPI,Failed,6305.86
PAY05088,O05088,2025-04-22,UPI,Success,2121.65
PAY05089,O05089,2025-01-15,COD,Success,1158.88
PAY05090,O05090,2025-10-04,UPI,Success,3776.34
PAY05091,O05091,2023-01-13,Debit Card,Success,881.95
PAY05092,O05092,2025-05-31,COD,Success,37703.93
PAY05093,O05093,2025-03-16,Credit Card,Success,3187.85
PAY05094,O05094,2023-08-03,UPI,Refunded,794.11
PAY05095,O05095,2023-09-27,UPI,Success,29107.36
PAY05096,O05096,2025-09-10,UPI,Success,625.22
PAY05097,O05097,2025-12-01,UPI,Success,2603.25
PAY05098,O05098,2025-02-14,UPI,Success,77394.27
PAY05099,O05099,2023-07-02,Credit Card,Success,6243.74
PAY05100,O05100,2025-10-15,UPI,Success,3967.39
PAY05101,O05101,2023-04-17,UPI,Refunded,588.71
PAY05102,O05102,2025-04-12,COD,Refunded,7344.88
PAY05103,O05103,2024-05-01,Credit Card,Success,12112.09
PAY05104,O05104,2024-02-10,Net Banking,Success,23798.76
PAY05105,O05105,2024-01-25,UPI,Success,25621.59
PAY05106,O05106,2024-08-30,UPI,Success,15091.35
PAY05107,O05107,2025-09-27,Debit Card,Success,41601.6
PAY05108,O05108,2023-05-03,Credit Card,Success,57491.5
PAY05109,O05109,2025-02-28,COD,Success,2441.23
PAY05110,O05110,2023-02-06,COD,Success,47070.76
PAY05111,O05111,2024-12-11,Credit Card,Failed,3095.61
PAY05112,O05112,2025-02-07,Credit Card,Success,46879.6
PAY05113,O05113,2024-05-18,COD,Success,1266.12
PAY05114,O05114,2025-07-05,COD,Success,3789.93
PAY05115,O05115,2024-08-19,UPI,Refunded,2970.62
PAY05116,O05116,2023-04-02,Debit Card,Success,23213.21
PAY05117,O05117,2023-04-10,Debit Card,Success,927.78
PAY05118,O05118,2025-09-05,COD,Success,60323.09
PAY05119,O05119,2024-11-18,COD,Refunded,1897.55
PAY05120,O05120,2024-01-31,UPI,Failed,1678.52
PAY05121,O05121,2024-08-18,COD,Success,15911.88
PAY05122,O05122,2025-04-15,Net Banking,Success,5961.7
PAY05123,O05123,2025-06-06,UPI,Success,313.24
PAY05124,O05124,2025-10-02,Credit Card,Success,2225.26
PAY05125,O05125,2024-05-20,Credit Card,Success,13799.36
PAY05126,O05126,2025-03-01,Credit Card,Success,74843.59
PAY05127,O05127,2024-05-07,Debit Card,Success,15935.15
PAY05128,O05128,2023-12-09,UPI,Success,21446.11
PAY05129,O05129,2024-04-14,COD,Success,3782.24
PAY05130,O05130,2023-05-15,UPI,Failed,3284.25
PAY05131,O05131,2025-05-28,Credit Card,Success,3451.32
PAY05132,O05132,2024-11-08,UPI,Success,1019.07
PAY05133,O05133,2023-07-31,Debit Card,Failed,2110.9
PAY05134,O05134,2024-08-09,Credit Card,Success,33671.13
PAY05135,O05135,2023-12-24,Net Banking,Success,33709.96
PAY05136,O05136,2024-03-29,COD,Success,31095.3
PAY05137,O05137,2024-06-20,UPI,Success,10363.94
PAY05138,O05138,2024-02-25,Credit Card,Refunded,1358.11
PAY05139,O05139,2023-06-02,UPI,Success,35272.26
PAY05140,O05140,2024-05-17,Debit Card,Success,2835.56
PAY05141,O05141,2025-06-08,Credit Card,Success,538.75
PAY05142,O05142,2025-08-06,UPI,Success,1115.11
PAY05143,O05143,2025-01-14,Debit Card,Success,71573.95
PAY05144,O05144,2024-05-29,UPI,Success,948.75
PAY05145,O05145,2023-12-02,UPI,Failed,5594.73
PAY05146,O05146,2024-08-06,COD,Success,2678.69
PAY05147,O05147,2023-07-29,UPI,Success,5346.32
PAY05148,O05148,2025-05-02,Credit Card,Success,1016.33
PAY05149,O05149,2024-07-30,COD,Success,49946.32
PAY05150,O05150,2024-12-08,COD,Success,427.96
PAY05151,O05151,2024-11-10,Credit Card,Success,3157.59
PAY05152,O05152,2023-08-21,UPI,Success,84507.8
PAY05153,O05153,2025-09-17,Net Banking,Success,2704.5
PAY05154,O05154,2025-05-30,Debit Card,Success,37122.02
PAY05155,O05155,2024-08-28,Credit Card,Success,23283.83
PAY05156,O05156,2023-11-29,UPI,Failed,2329.39
PAY05157,O05157,2025-03-24,UPI,Success,26333.86
PAY05158,O05158,2023-07-27,UPI,Success,5684.2
PAY05159,O05159,2023-12-28,COD,Success,22002.56
PAY05160,O05160,2024-01-10,UPI,Success,5826.47
PAY05161,O05161,2024-06-29,UPI,Success,44433.18
PAY05162,O05162,2023-05-12,UPI,Success,2174.16
PAY05163,O05163,2024-06-14,Credit Card,Refunded,1538.5
PAY05164,O05164,2023-03-19,UPI,Success,33511.05
PAY05165,O05165,2023-02-11,COD,Success,1644.39
PAY05166,O05166,2023-09-15,UPI,Success,1326.64
PAY05167,O05167,2023-10-17,COD,Refunded,4296.25
PAY05168,O05168,2024-09-17,Net Banking,Success,1631.53
PAY05169,O05169,2024-12-15,Debit Card,Success,96288.17
PAY05170,O05170,2024-07-06,UPI,Success,1134.69
PAY05171,O05171,2024-12-11,UPI,Success,6966.05
PAY05172,O05172,2025-08-20,UPI,Success,65759.42
PAY05173,O05173,2025-04-02,Credit Card,Success,46464.63
PAY05174,O05174,2023-03-17,UPI,Success,7142.68
PAY05175,O05175,2023-01-05,UPI,Success,4860.52
PAY05176,O05176,2025-04-03,UPI,Refunded,60296.92
PAY05177,O05177,2023-04-30,UPI,Success,9481.23
PAY05178,O05178,2025-01-14,UPI,Success,29445.53
PAY05179,O05179,2024-10-22,UPI,Failed,2023.57
PAY05180,O05180,2025-01-19,UPI,Success,3011.95
PAY05181,O05181,2024-03-05,COD,Success,49773.29
PAY05182,O05182,2024-10-30,UPI,Success,23123.15
PAY05183,O05183,2023-06-08,COD,Success,34140.81
PAY05184,O05184,2024-11-11,Credit Card,Success,738.33
PAY05185,O05185,2025-12-21,Debit Card,Failed,86242.42
PAY05186,O05186,2025-10-12,Credit Card,Success,7010.5
PAY05187,O05187,2024-10-23,COD,Refunded,89122.3
PAY05188,O05188,2025-11-04,UPI,Success,1661.64
PAY05189,O05189,2024-02-21,COD,Success,11695.49
PAY05190,O05190,2025-05-19,UPI,Success,22194.29
PAY05191,O05191,2025-10-16,COD,Success,13511.74
PAY05192,O05192,2024-09-09,UPI,Success,56570.29
PAY05193,O05193,2025-12-08,Credit Card,Success,29814.92
PAY05194,O05194,2025-10-23,Credit Card,Success,5576.53
PAY05195,O05195,2025-07-22,Debit Card,Success,8010.15
PAY05196,O05196,2025-10-20,Credit Card,Success,636.25
PAY05197,O05197,2025-01-31,Credit Card,Success,2265.01
PAY05198,O05198,2024-08-06,COD,Success,7326.26
PAY05199,O05199,2023-09-28,UPI,Success,47976.08
PAY05200,O05200,2024-12-28,UPI,Refunded,3976.93
PAY05201,O05201,2024-03-09,COD,Success,12989.52
PAY05202,O05202,2024-06-07,UPI,Success,690.57
PAY05203,O05203,2024-09-05,COD,Success,2030.31
PAY05204,O05204,2025-05-19,Credit Card,Success,256.73
PAY05205,O05205,2025-08-03,UPI,Success,41841.68
PAY05206,O05206,2024-05-05,UPI,Success,52617.89
PAY05207,O05207,2025-03-21,COD,Success,8652.12
PAY05208,O05208,2025-01-16,COD,Success,46974.18
PAY05209,O05209,2024-03-12,UPI,Success,26913.75
PAY05210,O05210,2024-11-18,UPI,Success,41750.73
PAY05211,O05211,2023-08-07,Net Banking,Success,35961.26
PAY05212,O05212,2023-02-11,Debit Card,Success,1675.72
PAY05213,O05213,2024-11-30,UPI,Success,32853.68
PAY05214,O05214,2025-03-02,Credit Card,Failed,5651.93
PAY05215,O05215,2024-11-12,COD,Success,33608.82
PAY05216,O05216,2024-02-10,Debit Card,Success,3094.38
PAY05217,O05217,2025-11-19,Credit Card,Success,16654.53
PAY05218,O05218,2023-02-08,UPI,Success,371.45
PAY05219,O05219,2024-05-23,Debit Card,Success,17199.25
PAY05220,O05220,2023-09-19,UPI,Failed,45836.38
PAY05221,O05221,2025-08-17,Credit Card,Success,4448.39
PAY05222,O05222,2024-09-25,Debit Card,Success,8417.61
PAY05223,O05223,2024-02-18,Credit Card,Failed,12201.99
PAY05224,O05224,2024-02-26,UPI,Success,20554.72
PAY05225,O05225,2025-08-16,Debit Card,Success,1473.57
PAY05226,O05226,2024-10-26,Credit Card,Success,41699.38
PAY05227,O05227,2025-10-12,Credit Card,Success,12731.92
PAY05228,O05228,2024-08-17,UPI,Success,75320.24
PAY05229,O05229,2023-06-21,UPI,Success,1845.79
PAY05230,O05230,2025-02-21,UPI,Success,464.16
PAY05231,O05231,2023-08-18,COD,Success,10648.84
PAY05232,O05232,2023-01-06,Credit Card,Success,53511.44
PAY05233,O05233,2023-06-03,Net Banking,Success,5536.61
PAY05234,O05234,2023-08-11,Debit Card,Success,19714.61
PAY05235,O05235,2023-06-08,Credit Card,Success,76625.06
PAY05236,O05236,2025-10-28,UPI,Success,31533.75
PAY05237,O05237,2023-10-18,UPI,Success,3705.3
PAY05238,O05238,2023-10-05,UPI,Success,230062.63
PAY05239,O05239,2025-10-03,Credit Card,Refunded,1661.15
PAY05240,O05240,2025-05-31,Debit Card,Success,44552.51
PAY05241,O05241,2025-09-10,Debit Card,Success,2384.01
PAY05242,O05242,2025-09-23,UPI,Success,15085.12
PAY05243,O05243,2023-12-13,Credit Card,Success,2491.22
PAY05244,O05244,2024-08-02,Credit Card,Success,8556.43
PAY05245,O05245,2024-09-04,Credit Card,Success,6861.91
PAY05246,O05246,2024-11-05,UPI,Success,1648.1
PAY05247,O05247,2023-11-11,Credit Card,Success,45201.8
PAY05248,O05248,2023-06-24,Credit Card,Success,22493.79
PAY05249,O05249,2023-08-18,Credit Card,Success,91264.91
PAY05250,O05250,2023-07-12,UPI,Success,3246.33
PAY05251,O05251,2024-06-05,Net Banking,Success,1585.52
PAY05252,O05252,2024-03-02,UPI,Success,2658.8
PAY05253,O05253,2025-07-31,COD,Success,4300.73
PAY05254,O05254,2023-03-16,COD,Success,111381.95
PAY05255,O05255,2023-12-11,Credit Card,Success,981.68
PAY05256,O05256,2024-01-06,Credit Card,Failed,15454.92
PAY05257,O05257,2024-02-06,COD,Refunded,30118.54
PAY05258,O05258,2025-06-02,Credit Card,Success,31323.42
PAY05259,O05259,2023-08-10,Debit Card,Failed,40468.89
PAY05260,O05260,2024-10-01,COD,Success,25796.69
PAY05261,O05261,2025-05-10,COD,Success,15032.54
PAY05262,O05262,2024-01-10,UPI,Failed,50755.26
PAY05263,O05263,2025-10-29,Net Banking,Failed,731.98
PAY05264,O05264,2025-01-08,Net Banking,Success,56962.46
PAY05265,O05265,2024-03-13,UPI,Success,2548.35
PAY05266,O05266,2025-01-07,Debit Card,Failed,2939.63
PAY05267,O05267,2024-07-18,UPI,Success,1111.69
PAY05268,O05268,2025-10-25,UPI,Success,47129.54
PAY05269,O05269,2024-06-27,Credit Card,Refunded,13188.12
PAY05270,O05270,2024-09-27,Debit Card,Success,486.43
PAY05271,O05271,2025-04-28,Credit Card,Success,933.7
PAY05272,O05272,2025-04-02,Debit Card,Success,27139.03
PAY05273,O05273,2024-02-01,COD,Success,53124.0
PAY05274,O05274,2025-06-11,UPI,Success,13927.28
PAY05275,O05275,2024-01-24,Debit Card,Success,30765.86
PAY05276,O05276,2024-03-24,Credit Card,Success,61774.6
PAY05277,O05277,2023-02-15,UPI,Success,62809.14
PAY05278,O05278,2024-02-10,UPI,Success,55122.3
PAY05279,O05279,2023-11-06,Credit Card,Success,11464.33
PAY05280,O05280,2023-08-17,COD,Success,61330.25
PAY05281,O05281,2023-12-15,UPI,Success,5081.98
PAY05282,O05282,2023-04-25,UPI,Refunded,2276.28
PAY05283,O05283,2025-11-21,Debit Card,Success,1994.5
PAY05284,O05284,2023-10-04,Net Banking,Success,12075.03
PAY05285,O05285,2024-12-26,Credit Card,Success,36809.99
PAY05286,O05286,2023-03-30,UPI,Success,9767.68
PAY05287,O05287,2025-03-16,UPI,Success,5850.73
PAY05288,O05288,2023-01-22,UPI,Failed,1980.12
PAY05289,O05289,2024-01-20,UPI,Success,60053.96
PAY05290,O05290,2025-11-11,UPI,Success,23213.18
PAY05291,O05291,2024-05-06,Credit Card,Failed,3979.19
PAY05292,O05292,2025-02-11,Net Banking,Refunded,6457.3
PAY05293,O05293,2025-10-11,COD,Success,4474.59
PAY05294,O05294,2025-06-06,Debit Card,Success,8471.07
PAY05295,O05295,2023-08-10,Credit Card,Success,13606.65
PAY05296,O05296,2024-08-15,Debit Card,Success,3469.04
PAY05297,O05297,2025-03-23,UPI,Success,44522.96
PAY05298,O05298,2023-05-23,UPI,Success,2168.76
PAY05299,O05299,2023-02-16,Credit Card,Success,694.2
PAY05300,O05300,2024-03-27,Credit Card,Success,3349.84
PAY05301,O05301,2025-09-30,Net Banking,Failed,26913.35
PAY05302,O05302,2024-11-13,Debit Card,Success,8969.67
PAY05303,O05303,2023-05-27,COD,Success,5059.99
PAY05304,O05304,2025-03-04,UPI,Success,21927.61
PAY05305,O05305,2025-09-19,COD,Success,7027.36
PAY05306,O05306,2025-09-11,Net Banking,Success,7542.56
PAY05307,O05307,2025-12-09,Debit Card,Success,20564.08
PAY05308,O05308,2023-01-17,Debit Card,Refunded,622.9
PAY05309,O05309,2023-05-29,Net Banking,Success,10092.23
PAY05310,O05310,2025-10-14,Credit Card,Success,10201.38
PAY05311,O05311,2024-12-17,COD,Success,506.93
PAY05312,O05312,2025-04-29,Credit Card,Success,55959.15
PAY05313,O05313,2025-07-07,Credit Card,Success,5030.86
PAY05314,O05314,2025-12-22,Debit Card,Failed,40082.17
PAY05315,O05315,2024-04-25,UPI,Success,49959.22
PAY05316,O05316,2023-02-13,Net Banking,Success,3580.52
PAY05317,O05317,2025-05-24,UPI,Success,16991.01
PAY05318,O05318,2023-12-22,UPI,Success,3732.73
PAY05319,O05319,2025-11-02,UPI,Success,6720.44
PAY05320,O05320,2023-12-23,COD,Success,29408.75
PAY05321,O05321,2025-06-15,UPI,Success,51354.08
PAY05322,O05322,2024-04-19,Debit Card,Success,33540.22
PAY05323,O05323,2023-02-23,Net Banking,Failed,969.52
PAY05324,O05324,2023-04-24,UPI,Success,28362.73
PAY05325,O05325,2025-03-25,UPI,Success,80233.42
PAY05326,O05326,2025-12-26,UPI,Success,12665.16
PAY05327,O05327,2023-11-18,Credit Card,Success,20172.28
PAY05328,O05328,2024-09-26,UPI,Success,10139.77
PAY05329,O05329,2024-02-05,Credit Card,Refunded,157061.94
PAY05330,O05330,2023-01-06,COD,Success,7858.94
PAY05331,O05331,2024-03-23,COD,Success,77968.04
PAY05332,O05332,2023-02-10,Credit Card,Success,3380.11
PAY05333,O05333,2023-07-20,COD,Failed,3504.79
PAY05334,O05334,2023-01-21,UPI,Success,369.34
PAY05335,O05335,2025-03-07,Debit Card,Success,48217.5
PAY05336,O05336,2023-05-29,UPI,Success,3504.79
PAY05337,O05337,2024-09-16,Credit Card,Refunded,2461.6
PAY05338,O05338,2023-03-27,Credit Card,Success,46839.71
PAY05339,O05339,2024-06-15,UPI,Success,295.22
PAY05340,O05340,2023-03-06,COD,Success,5515.4
PAY05341,O05341,2024-11-24,UPI,Success,3173.87
PAY05342,O05342,2024-07-05,Credit Card,Success,18601.53
PAY05343,O05343,2025-03-25,Credit Card,Success,1441.34
PAY05344,O05344,2024-02-14,Credit Card,Success,2625.06
PAY05345,O05345,2024-06-04,UPI,Refunded,28942.79
PAY05346,O05346,2024-06-18,Debit Card,Refunded,12778.92
PAY05347,O05347,2023-01-25,UPI,Success,4241.01
PAY05348,O05348,2023-04-05,COD,Success,9649.5
PAY05349,O05349,2023-10-23,UPI,Success,2151.04
PAY05350,O05350,2025-08-27,UPI,Success,777.93
PAY05351,O05351,2024-06-16,Credit Card,Success,261.15
PAY05352,O05352,2025-10-29,Credit Card,Success,38405.17
PAY05353,O05353,2025-06-06,UPI,Refunded,16808.26
PAY05354,O05354,2025-05-27,UPI,Success,5139.43
PAY05355,O05355,2024-01-21,UPI,Success,11796.27
PAY05356,O05356,2024-07-02,Debit Card,Success,1557.85
PAY05357,O05357,2024-01-09,COD,Success,1995.8
PAY05358,O05358,2024-07-11,UPI,Success,13403.09
PAY05359,O05359,2024-10-18,UPI,Success,820.96
PAY05360,O05360,2024-06-06,UPI,Failed,698.97
PAY05361,O05361,2025-04-15,COD,Refunded,8868.59
PAY05362,O05362,2024-05-25,Credit Card,Success,38873.51
PAY05363,O05363,2025-05-08,Net Banking,Success,4175.21
PAY05364,O05364,2025-08-21,Credit Card,Success,4234.43
PAY05365,O05365,2023-08-02,COD,Success,40801.71
PAY05366,O05366,2025-07-16,Net Banking,Success,58662.98
PAY05367,O05367,2024-09-18,UPI,Success,1128.04
PAY05368,O05368,2023-12-13,Debit Card,Success,3472.36
PAY05369,O05369,2025-11-02,Debit Card,Success,77452.87
PAY05370,O05370,2023-12-02,UPI,Refunded,55396.11
PAY05371,O05371,2023-02-23,Credit Card,Success,3908.25
PAY05372,O05372,2024-08-29,COD,Success,29351.46
PAY05373,O05373,2023-10-24,Net Banking,Failed,3051.33
PAY05374,O05374,2024-12-01,COD,Success,10965.74
PAY05375,O05375,2024-01-24,Net Banking,Success,6937.51
PAY05376,O05376,2025-10-30,Debit Card,Success,1312.87
PAY05377,O05377,2023-02-07,UPI,Refunded,2275.44
PAY05378,O05378,2023-07-04,Credit Card,Success,1889.81
PAY05379,O05379,2023-10-19,Credit Card,Success,4012.75
PAY05380,O05380,2023-03-12,UPI,Success,23542.94
PAY05381,O05381,2023-08-27,COD,Success,11969.99
PAY05382,O05382,2024-04-09,Debit Card,Success,113437.02
PAY05383,O05383,2023-07-12,COD,Success,14792.03
PAY05384,O05384,2025-07-20,UPI,Success,10744.0
PAY05385,O05385,2024-02-05,COD,Success,679.49
PAY05386,O05386,2023-11-15,UPI,Refunded,17015.65
PAY05387,O05387,2024-12-20,Debit Card,Success,2111.79
PAY05388,O05388,2023-08-11,UPI,Success,1479.73
PAY05389,O05389,2024-10-21,Credit Card,Success,92475.92
PAY05390,O05390,2023-10-20,UPI,Success,2156.77
PAY05391,O05391,2025-08-08,UPI,Success,55935.94
PAY05392,O05392,2023-08-11,COD,Success,1271.37
PAY05393,O05393,2025-01-27,COD,Success,2836.77
PAY05394,O05394,2025-01-29,COD,Success,35484.17
PAY05395,O05395,2023-02-08,UPI,Success,3405.61
PAY05396,O05396,2025-07-14,Credit Card,Success,925.93
PAY05397,O05397,2024-02-05,UPI,Success,1146.14
PAY05398,O05398,2025-10-28,Debit Card,Success,64894.26
PAY05399,O05399,2025-09-25,UPI,Refunded,1101.89
PAY05400,O05400,2024-05-28,UPI,Success,6188.92
PAY05401,O05401,2025-02-20,Credit Card,Success,10959.97
PAY05402,O05402,2023-03-26,UPI,Success,14168.52
PAY05403,O05403,2023-12-03,Debit Card,Success,9319.96
PAY05404,O05404,2024-10-20,UPI,Success,26384.4
PAY05405,O05405,2023-04-12,Credit Card,Success,5250.12
PAY05406,O05406,2025-04-04,Credit Card,Success,162467.53
PAY05407,O05407,2025-11-21,Credit Card,Success,174582.3
PAY05408,O05408,2025-09-24,UPI,Failed,8852.86
PAY05409,O05409,2023-06-03,UPI,Success,10270.09
PAY05410,O05410,2024-07-14,UPI,Failed,55060.88
PAY05411,O05411,2025-08-02,COD,Success,11938.14
PAY05412,O05412,2024-11-26,UPI,Success,36370.08
PAY05413,O05413,2023-08-21,UPI,Refunded,12236.04
PAY05414,O05414,2024-01-23,Credit Card,Refunded,6084.69
PAY05415,O05415,2024-09-23,UPI,Failed,7753.74
PAY05416,O05416,2025-05-13,Credit Card,Success,29582.92
PAY05417,O05417,2025-03-19,Credit Card,Success,2032.86
PAY05418,O05418,2025-11-15,UPI,Failed,233938.68
PAY05419,O05419,2025-11-08,Debit Card,Success,6554.78
PAY05420,O05420,2025-05-05,UPI,Success,1861.69
PAY05421,O05421,2024-06-22,UPI,Success,7390.62
PAY05422,O05422,2024-07-14,Debit Card,Success,23621.46
PAY05423,O05423,2024-12-13,Debit Card,Success,45007.87
PAY05424,O05424,2023-08-28,UPI,Success,58405.53
PAY05425,O05425,2023-10-17,Debit Card,Failed,1258.46
PAY05426,O05426,2024-01-04,Credit Card,Success,1319.26
PAY05427,O05427,2024-02-16,Credit Card,Success,45632.46
PAY05428,O05428,2025-11-12,UPI,Success,1126.89
PAY05429,O05429,2023-12-22,Net Banking,Success,1295.67
PAY05430,O05430,2024-02-25,Debit Card,Success,7934.68
PAY05431,O05431,2025-02-21,UPI,Success,52672.33
PAY05432,O05432,2023-11-25,UPI,Success,19647.08
PAY05433,O05433,2025-05-23,COD,Success,21963.14
PAY05434,O05434,2025-02-22,Credit Card,Failed,14690.34
PAY05435,O05435,2025-01-07,UPI,Success,7335.08
PAY05436,O05436,2025-01-19,UPI,Failed,7273.83
PAY05437,O05437,2025-01-19,Credit Card,Success,2591.33
PAY05438,O05438,2023-05-30,Credit Card,Success,8273.56
PAY05439,O05439,2024-09-14,Debit Card,Success,9324.82
PAY05440,O05440,2023-05-23,Credit Card,Success,30683.94
PAY05441,O05441,2025-09-03,COD,Refunded,63635.79
PAY05442,O05442,2023-03-12,UPI,Success,4772.93
PAY05443,O05443,2023-11-07,Debit Card,Success,9336.53
PAY05444,O05444,2024-10-01,COD,Failed,745.83
PAY05445,O05445,2024-04-12,UPI,Success,39102.24
PAY05446,O05446,2024-08-16,Debit Card,Refunded,437.77
PAY05447,O05447,2023-02-10,Debit Card,Success,1660.43
PAY05448,O05448,2025-06-18,COD,Success,102151.72
PAY05449,O05449,2025-02-09,UPI,Success,4190.5
PAY05450,O05450,2023-12-24,Credit Card,Success,3931.89
PAY05451,O05451,2023-10-06,UPI,Success,21808.13
PAY05452,O05452,2024-10-17,UPI,Success,10116.4
PAY05453,O05453,2025-08-27,Net Banking,Success,1272.21
PAY05454,O05454,2023-02-28,Credit Card,Success,34893.41
PAY05455,O05455,2023-06-17,COD,Success,31376.16
PAY05456,O05456,2024-01-10,COD,Refunded,6660.54
PAY05457,O05457,2023-03-24,Credit Card,Success,167576.79
PAY05458,O05458,2023-05-14,Net Banking,Failed,19079.28
PAY05459,O05459,2023-12-31,COD,Refunded,11513.32
PAY05460,O05460,2025-12-05,Credit Card,Success,56635.92
PAY05461,O05461,2023-09-21,UPI,Success,8277.52
PAY05462,O05462,2024-04-15,UPI,Success,52263.52
PAY05463,O05463,2023-04-03,Credit Card,Success,780.53
PAY05464,O05464,2023-01-19,UPI,Success,2050.75
PAY05465,O05465,2023-09-29,Debit Card,Success,107139.51
PAY05466,O05466,2024-07-30,UPI,Success,7588.13
PAY05467,O05467,2025-05-15,COD,Success,2457.55
PAY05468,O05468,2024-11-01,Credit Card,Refunded,22266.14
PAY05469,O05469,2024-02-21,Credit Card,Failed,3530.36
PAY05470,O05470,2023-01-17,UPI,Success,4706.61
PAY05471,O05471,2024-09-12,Net Banking,Success,54956.4
PAY05472,O05472,2024-05-18,Credit Card,Success,8025.65
PAY05473,O05473,2024-11-27,COD,Failed,13355.38
PAY05474,O05474,2025-09-29,UPI,Success,641.64
PAY05475,O05475,2023-07-04,UPI,Refunded,984.75
PAY05476,O05476,2024-03-16,Debit Card,Success,3237.67
PAY05477,O05477,2024-08-05,Net Banking,Success,591.76
PAY05478,O05478,2024-01-11,Debit Card,Success,819.11
PAY05479,O05479,2023-12-12,Debit Card,Success,9405.06
PAY05480,O05480,2024-12-30,Credit Card,Failed,10472.73
PAY05481,O05481,2024-01-26,UPI,Success,36416.29
PAY05482,O05482,2023-06-30,Credit Card,Refunded,56642.72
PAY05483,O05483,2024-09-29,UPI,Failed,62129.58
PAY05484,O05484,2024-01-12,UPI,Failed,52990.47
PAY05485,O05485,2023-07-03,Credit Card,Success,15714.61
PAY05486,O05486,2025-04-24,UPI,Success,3422.46
PAY05487,O05487,2023-11-27,COD,Success,20968.62
PAY05488,O05488,2024-05-04,UPI,Refunded,4136.32
PAY05489,O05489,2023-07-21,UPI,Success,40720.15
PAY05490,O05490,2024-11-26,Credit Card,Success,24085.67
PAY05491,O05491,2024-04-24,Net Banking,Refunded,3663.81
PAY05492,O05492,2025-03-21,Credit Card,Success,52333.96
PAY05493,O05493,2025-09-20,UPI,Success,22801.38
PAY05494,O05494,2025-10-13,UPI,Success,25596.51
PAY05495,O05495,2024-05-13,UPI,Failed,66210.76
PAY05496,O05496,2024-09-22,UPI,Success,4638.12
PAY05497,O05497,2023-07-02,UPI,Refunded,1482.06
PAY05498,O05498,2024-03-12,Credit Card,Success,2804.06
PAY05499,O05499,2023-02-16,UPI,Success,6223.17
PAY05500,O05500,2025-05-25,UPI,Success,825.23
PAY05501,O05501,2023-09-02,UPI,Success,2909.66
PAY05502,O05502,2023-06-07,Credit Card,Success,3098.99
PAY05503,O05503,2025-08-20,UPI,Success,19872.97
PAY05504,O05504,2023-09-06,UPI,Success,44603.44
PAY05505,O05505,2025-08-04,Debit Card,Success,45129.54
PAY05506,O05506,2025-03-29,Debit Card,Success,599.8
PAY05507,O05507,2024-10-08,UPI,Success,3472.99
PAY05508,O05508,2024-01-13,Credit Card,Success,52805.64
PAY05509,O05509,2023-06-04,COD,Success,17955.88
PAY05510,O05510,2025-02-11,Debit Card,Success,1836.2
PAY05511,O05511,2023-08-30,UPI,Success,2843.77
PAY05512,O05512,2024-08-27,UPI,Failed,9417.09
PAY05513,O05513,2023-08-30,Debit Card,Success,2631.27
PAY05514,O05514,2023-11-06,UPI,Success,4900.55
PAY05515,O05515,2023-09-17,UPI,Success,557.58
PAY05516,O05516,2024-03-06,Debit Card,Success,57597.58
PAY05517,O05517,2024-05-14,UPI,Failed,65136.92
PAY05518,O05518,2023-03-18,UPI,Success,18507.67
PAY05519,O05519,2023-10-25,Credit Card,Success,20585.1
PAY05520,O05520,2023-07-03,Debit Card,Success,10619.7
PAY05521,O05521,2025-12-20,Credit Card,Success,3669.79
PAY05522,O05522,2024-06-10,COD,Success,3882.19
PAY05523,O05523,2025-11-16,UPI,Success,15771.39
PAY05524,O05524,2023-10-26,Debit Card,Success,26160.68
PAY05525,O05525,2024-11-21,Credit Card,Success,108188.84
PAY05526,O05526,2024-07-28,COD,Success,6604.28
PAY05527,O05527,2024-11-08,UPI,Success,100615.62
PAY05528,O05528,2025-09-18,Credit Card,Success,9441.76
PAY05529,O05529,2024-05-20,COD,Success,2879.26
PAY05530,O05530,2023-08-28,COD,Success,2676.18
PAY05531,O05531,2023-07-13,UPI,Success,1333.39
PAY05532,O05532,2025-11-18,COD,Success,953.8
PAY05533,O05533,2024-03-05,Debit Card,Success,1876.38
PAY05534,O05534,2023-03-27,Credit Card,Success,2754.84
PAY05535,O05535,2024-05-14,Net Banking,Success,3696.3
PAY05536,O05536,2023-08-26,UPI,Refunded,1116.66
PAY05537,O05537,2023-05-30,Credit Card,Failed,6107.54
PAY05538,O05538,2025-04-30,UPI,Success,236.03
PAY05539,O05539,2024-09-04,Net Banking,Success,1891.36
PAY05540,O05540,2025-04-23,UPI,Success,137371.5
PAY05541,O05541,2025-11-26,Debit Card,Refunded,20247.7
PAY05542,O05542,2025-08-03,Debit Card,Failed,926.87
PAY05543,O05543,2023-04-08,UPI,Success,26941.99
PAY05544,O05544,2024-02-12,UPI,Success,2847.51
PAY05545,O05545,2025-08-19,UPI,Success,38046.26
PAY05546,O05546,2024-06-10,UPI,Success,9998.37
PAY05547,O05547,2025-07-14,COD,Success,55603.91
PAY05548,O05548,2024-05-03,Net Banking,Success,22946.84
PAY05549,O05549,2024-02-09,COD,Refunded,2195.95
PAY05550,O05550,2025-02-13,UPI,Success,467.59
PAY05551,O05551,2024-02-09,Debit Card,Success,20776.2
PAY05552,O05552,2024-03-26,COD,Success,5591.33
PAY05553,O05553,2023-07-05,COD,Refunded,30442.17
PAY05554,O05554,2023-10-04,UPI,Success,10088.98
PAY05555,O05555,2025-06-13,UPI,Success,12551.96
PAY05556,O05556,2023-03-03,Net Banking,Success,30413.19
PAY05557,O05557,2025-09-18,Debit Card,Success,5082.62
PAY05558,O05558,2023-05-28,COD,Success,98670.07
PAY05559,O05559,2023-07-04,Credit Card,Success,39495.29
PAY05560,O05560,2023-11-12,Credit Card,Success,31370.33
PAY05561,O05561,2024-10-21,Debit Card,Success,57143.2
PAY05562,O05562,2025-01-13,Credit Card,Success,2171.51
PAY05563,O05563,2025-09-22,UPI,Success,10491.01
PAY05564,O05564,2025-03-19,UPI,Success,127559.1
PAY05565,O05565,2024-10-15,UPI,Success,11307.77
PAY05566,O05566,2025-07-19,Credit Card,Success,31107.44
PAY05567,O05567,2025-06-11,Credit Card,Success,596.39
PAY05568,O05568,2023-02-07,Credit Card,Success,864.88
PAY05569,O05569,2025-02-28,UPI,Success,5181.97
PAY05570,O05570,2025-12-16,COD,Success,30517.42
PAY05571,O05571,2025-12-01,Debit Card,Success,1028.58
PAY05572,O05572,2024-01-19,UPI,Success,305.98
PAY05573,O05573,2023-06-19,UPI,Success,1370.85
PAY05574,O05574,2023-06-22,Debit Card,Refunded,4385.05
PAY05575,O05575,2025-01-09,UPI,Success,72678.6
PAY05576,O05576,2024-08-22,UPI,Success,16947.19
PAY05577,O05577,2023-09-05,COD,Refunded,1891.17
PAY05578,O05578,2023-05-28,UPI,Success,925.93
PAY05579,O05579,2024-03-16,Debit Card,Success,25254.34
PAY05580,O05580,2023-12-29,Credit Card,Success,15472.65
PAY05581,O05581,2023-08-10,UPI,Success,136945.18
PAY05582,O05582,2024-10-21,UPI,Success,58202.62
PAY05583,O05583,2023-04-19,Net Banking,Success,9435.69
PAY05584,O05584,2024-07-30,UPI,Success,290.0
PAY05585,O05585,2023-10-29,COD,Failed,54331.74
PAY05586,O05586,2023-08-14,COD,Success,30705.03
PAY05587,O05587,2024-07-31,UPI,Success,55030.43
PAY05588,O05588,2025-06-12,Debit Card,Success,12414.83
PAY05589,O05589,2024-11-24,Debit Card,Success,25799.2
PAY05590,O05590,2025-10-05,Credit Card,Success,4987.45
PAY05591,O05591,2024-02-28,Credit Card,Success,8866.66
PAY05592,O05592,2023-03-19,UPI,Failed,1255.54
PAY05593,O05593,2023-09-09,UPI,Failed,56272.22
PAY05594,O05594,2023-08-30,Debit Card,Success,2518.49
PAY05595,O05595,2025-03-29,Debit Card,Success,1357.16
PAY05596,O05596,2023-01-17,UPI,Success,8966.24
PAY05597,O05597,2023-12-08,Net Banking,Success,3758.31
PAY05598,O05598,2024-10-27,Net Banking,Success,9494.6
PAY05599,O05599,2024-05-11,UPI,Success,859.27
PAY05600,O05600,2024-07-04,COD,Success,8042.88
PAY05601,O05601,2023-02-07,UPI,Success,50735.02
PAY05602,O05602,2025-02-07,Credit Card,Success,66735.96
PAY05603,O05603,2024-03-11,COD,Success,1088.22
PAY05604,O05604,2023-10-21,UPI,Success,37523.31
PAY05605,O05605,2023-10-29,Credit Card,Refunded,24607.48
PAY05606,O05606,2025-08-12,Credit Card,Success,43047.38
PAY05607,O05607,2025-09-06,COD,Success,4872.63
PAY05608,O05608,2025-11-12,Credit Card,Success,7392.6
PAY05609,O05609,2023-12-18,Credit Card,Success,10619.13
PAY05610,O05610,2025-04-30,COD,Success,10709.92
PAY05611,O05611,2025-12-25,Debit Card,Success,59967.47
PAY05612,O05612,2024-03-08,Credit Card,Success,24679.51
PAY05613,O05613,2025-09-01,Credit Card,Success,2110.41
PAY05614,O05614,2025-09-27,UPI,Success,2749.33
PAY05615,O05615,2024-07-23,UPI,Success,47728.41
PAY05616,O05616,2025-10-15,Net Banking,Success,2231.3
PAY05617,O05617,2023-01-29,UPI,Success,29906.36
PAY05618,O05618,2024-10-04,UPI,Success,1757.64
PAY05619,O05619,2023-04-25,Debit Card,Success,1263.86
PAY05620,O05620,2025-11-25,COD,Success,25651.56
PAY05621,O05621,2024-09-29,COD,Success,6108.36
PAY05622,O05622,2023-10-02,COD,Success,749.75
PAY05623,O05623,2023-12-11,Net Banking,Success,7190.17
PAY05624,O05624,2024-11-12,UPI,Failed,3654.3
PAY05625,O05625,2023-03-24,Credit Card,Success,29001.13
PAY05626,O05626,2024-08-30,COD,Success,1676.68
PAY05627,O05627,2024-12-21,Credit Card,Success,17525.19
PAY05628,O05628,2023-03-14,COD,Success,9688.04
PAY05629,O05629,2025-11-28,UPI,Success,4692.85
PAY05630,O05630,2024-04-18,Credit Card,Success,10789.92
PAY05631,O05631,2025-10-19,Net Banking,Success,110555.12
PAY05632,O05632,2023-06-20,UPI,Success,58376.16
PAY05633,O05633,2023-02-09,Net Banking,Success,4838.53
PAY05634,O05634,2024-02-28,UPI,Success,83581.05
PAY05635,O05635,2025-06-07,UPI,Success,5681.33
PAY05636,O05636,2025-03-10,Credit Card,Success,36237.41
PAY05637,O05637,2024-03-26,UPI,Success,41552.16
PAY05638,O05638,2024-10-07,UPI,Refunded,101510.52
PAY05639,O05639,2024-03-09,UPI,Success,41794.79
PAY05640,O05640,2023-11-18,Credit Card,Success,1509.01
PAY05641,O05641,2025-12-06,Credit Card,Success,162035.72
PAY05642,O05642,2025-10-18,Net Banking,Success,43985.06
PAY05643,O05643,2023-11-20,COD,Success,65995.88
PAY05644,O05644,2024-02-17,Debit Card,Success,44083.13
PAY05645,O05645,2024-09-13,Debit Card,Success,313.24
PAY05646,O05646,2023-02-17,UPI,Success,1042.45
PAY05647,O05647,2024-10-06,Debit Card,Success,52033.25
PAY05648,O05648,2024-09-26,UPI,Success,63159.96
PAY05649,O05649,2025-04-20,Credit Card,Success,1923.45
PAY05650,O05650,2023-10-31,Credit Card,Refunded,64508.19
PAY05651,O05651,2025-02-11,Debit Card,Failed,28337.79
PAY05652,O05652,2025-09-12,COD,Failed,8339.28
PAY05653,O05653,2025-05-10,UPI,Success,26941.99
PAY05654,O05654,2024-07-31,UPI,Refunded,22830.27
PAY05655,O05655,2025-05-14,UPI,Success,37779.47
PAY05656,O05656,2023-12-02,COD,Failed,86770.86
PAY05657,O05657,2024-10-22,Credit Card,Success,11656.68
PAY05658,O05658,2024-09-04,UPI,Success,1568.87
PAY05659,O05659,2025-06-23,UPI,Success,17349.52
PAY05660,O05660,2023-03-25,Credit Card,Failed,20556.29
PAY05661,O05661,2025-11-02,UPI,Success,10174.94
PAY05662,O05662,2025-08-28,Credit Card,Failed,1249.39
PAY05663,O05663,2024-04-23,Credit Card,Success,1873.93
PAY05664,O05664,2023-10-28,UPI,Success,53534.1
PAY05665,O05665,2023-04-04,UPI,Success,53570.81
PAY05666,O05666,2025-01-20,UPI,Success,2141.28
PAY05667,O05667,2024-11-27,Credit Card,Success,24424.54
PAY05668,O05668,2024-12-23,UPI,Failed,26275.74
PAY05669,O05669,2023-11-01,COD,Failed,4928.64
PAY05670,O05670,2025-05-18,Debit Card,Success,14642.66
PAY05671,O05671,2025-02-26,Credit Card,Failed,3864.11
PAY05672,O05672,2023-02-05,Credit Card,Success,6788.3
PAY05673,O05673,2024-02-28,UPI,Success,7901.38
PAY05674,O05674,2023-12-04,Net Banking,Success,78174.62
PAY05675,O05675,2024-08-04,Net Banking,Success,47275.07
PAY05676,O05676,2024-09-21,UPI,Success,28336.08
PAY05677,O05677,2024-04-08,COD,Success,864.51
PAY05678,O05678,2023-03-23,UPI,Success,2387.58
PAY05679,O05679,2024-02-24,COD,Success,1509.01
PAY05680,O05680,2023-02-05,UPI,Success,545.78
PAY05681,O05681,2025-06-13,UPI,Success,46593.65
PAY05682,O05682,2025-03-06,Credit Card,Success,42822.81
PAY05683,O05683,2024-05-16,Credit Card,Success,22514.65
PAY05684,O05684,2023-07-05,UPI,Success,25303.73
PAY05685,O05685,2024-07-11,Credit Card,Success,4521.8
PAY05686,O05686,2025-04-20,UPI,Success,35308.94
PAY05687,O05687,2023-10-09,Credit Card,Failed,30938.26
PAY05688,O05688,2024-09-06,UPI,Success,14690.34
PAY05689,O05689,2023-07-21,COD,Success,43067.82
PAY05690,O05690,2024-07-27,UPI,Success,12664.14
PAY05691,O05691,2024-02-21,COD,Success,513.95
PAY05692,O05692,2023-11-15,UPI,Success,1730.94
PAY05693,O05693,2025-07-05,UPI,Success,2400.13
PAY05694,O05694,2025-12-29,Credit Card,Success,2207.66
PAY05695,O05695,2025-09-10,Credit Card,Success,2327.16
PAY05696,O05696,2025-03-09,Debit Card,Success,4535.55
PAY05697,O05697,2024-11-07,UPI,Success,1483.24
PAY05698,O05698,2023-08-31,UPI,Success,3182.48
PAY05699,O05699,2025-06-21,UPI,Success,21927.61
PAY05700,O05700,2023-05-07,Net Banking,Failed,4863.51
PAY05701,O05701,2024-09-11,Debit Card,Success,33053.48
PAY05702,O05702,2025-04-15,Debit Card,Failed,2737.23
PAY05703,O05703,2025-09-28,UPI,Success,824.8
PAY05704,O05704,2025-01-27,Debit Card,Success,281.92
PAY05705,O05705,2025-02-15,COD,Success,4394.35
PAY05706,O05706,2023-09-12,UPI,Failed,553.83
PAY05707,O05707,2023-03-14,UPI,Success,742.32
PAY05708,O05708,2024-01-16,Debit Card,Success,6742.37
PAY05709,O05709,2023-10-27,Debit Card,Success,253.55
PAY05710,O05710,2025-08-03,Credit Card,Success,145985.37
PAY05711,O05711,2024-05-06,UPI,Success,738.68
PAY05712,O05712,2024-11-15,UPI,Success,31704.18
PAY05713,O05713,2023-11-02,Debit Card,Success,43421.0
PAY05714,O05714,2025-10-28,Debit Card,Success,1145.5
PAY05715,O05715,2023-09-14,Credit Card,Success,8954.04
PAY05716,O05716,2023-08-24,COD,Refunded,39269.9
PAY05717,O05717,2025-05-22,COD,Success,6781.06
PAY05718,O05718,2024-05-07,UPI,Success,71598.28
PAY05719,O05719,2023-08-19,UPI,Success,977.18
PAY05720,O05720,2023-12-12,UPI,Success,47632.15
PAY05721,O05721,2023-03-20,UPI,Success,4878.96
PAY05722,O05722,2023-09-24,Net Banking,Success,58623.22
PAY05723,O05723,2025-01-14,UPI,Success,47968.32
PAY05724,O05724,2023-09-03,COD,Success,12318.38
PAY05725,O05725,2024-03-05,UPI,Failed,1238.82
PAY05726,O05726,2024-03-20,UPI,Success,5478.38
PAY05727,O05727,2025-05-13,UPI,Success,5999.99
PAY05728,O05728,2024-03-30,UPI,Refunded,1877.3
PAY05729,O05729,2023-12-16,UPI,Success,44790.29
PAY05730,O05730,2024-02-28,UPI,Success,62015.62
PAY05731,O05731,2024-12-15,Credit Card,Success,77390.07
PAY05732,O05732,2024-05-04,UPI,Failed,3108.0
PAY05733,O05733,2024-11-17,Net Banking,Success,13235.82
PAY05734,O05734,2024-08-04,Credit Card,Refunded,449.41
PAY05735,O05735,2024-09-08,COD,Success,28530.85
PAY05736,O05736,2025-12-24,UPI,Success,12368.9
PAY05737,O05737,2023-06-13,UPI,Success,1096.51
PAY05738,O05738,2025-02-18,COD,Success,33855.53
PAY05739,O05739,2023-11-02,Credit Card,Refunded,23025.33
PAY05740,O05740,2023-11-16,Net Banking,Success,119932.94
PAY05741,O05741,2024-11-17,UPI,Success,3573.9
PAY05742,O05742,2025-10-27,UPI,Success,61495.83
PAY05743,O05743,2023-04-11,COD,Success,34241.63
PAY05744,O05744,2024-02-21,Debit Card,Success,29736.79
PAY05745,O05745,2025-08-22,COD,Success,259.31
PAY05746,O05746,2025-06-14,UPI,Success,3627.62
PAY05747,O05747,2024-01-22,UPI,Success,513.95
PAY05748,O05748,2025-11-11,Credit Card,Success,372.42
PAY05749,O05749,2023-10-23,Net Banking,Success,30765.87
PAY05750,O05750,2024-02-02,COD,Success,14652.52
PAY05751,O05751,2023-10-20,UPI,Success,9034.97
PAY05752,O05752,2023-12-16,UPI,Failed,19722.61
PAY05753,O05753,2025-02-05,UPI,Failed,5536.61
PAY05754,O05754,2023-02-14,COD,Success,1086.04
PAY05755,O05755,2023-03-17,COD,Success,88730.57
PAY05756,O05756,2023-02-23,UPI,Success,14198.8
PAY05757,O05757,2023-03-09,Credit Card,Success,3694.95
PAY05758,O05758,2023-02-07,Credit Card,Success,5027.16
PAY05759,O05759,2025-02-04,Credit Card,Success,6512.69
PAY05760,O05760,2024-02-22,Credit Card,Success,38043.72
PAY05761,O05761,2024-12-13,UPI,Refunded,13466.48
PAY05762,O05762,2025-01-17,Credit Card,Success,4835.75
PAY05763,O05763,2025-12-15,Debit Card,Success,47515.84
PAY05764,O05764,2025-04-24,UPI,Success,5693.35
PAY05765,O05765,2023-04-28,Net Banking,Success,73794.33
PAY05766,O05766,2023-10-06,UPI,Success,6453.92
PAY05767,O05767,2024-03-29,UPI,Success,25971.83
PAY05768,O05768,2024-08-31,Credit Card,Success,3756.34
PAY05769,O05769,2025-12-08,UPI,Success,681.81
PAY05770,O05770,2024-01-04,Credit Card,Success,8537.65
PAY05771,O05771,2024-01-07,COD,Success,25761.2
PAY05772,O05772,2023-10-28,COD,Refunded,128452.26
PAY05773,O05773,2024-12-17,UPI,Failed,47376.71
PAY05774,O05774,2025-08-29,Credit Card,Success,5193.78
PAY05775,O05775,2023-07-16,COD,Failed,2352.77
PAY05776,O05776,2023-09-07,UPI,Success,637.29
PAY05777,O05777,2023-09-17,Credit Card,Success,3579.36
PAY05778,O05778,2025-09-16,UPI,Success,16959.57
PAY05779,O05779,2023-03-02,UPI,Refunded,622.84
PAY05780,O05780,2025-08-01,UPI,Failed,2264.81
PAY05781,O05781,2025-12-13,Credit Card,Success,25792.46
PAY05782,O05782,2025-02-25,UPI,Success,62741.22
PAY05783,O05783,2024-07-16,UPI,Success,5944.78
PAY05784,O05784,2025-09-03,UPI,Success,63060.64
PAY05785,O05785,2024-06-13,Credit Card,Success,22430.19
PAY05786,O05786,2024-05-14,COD,Failed,36220.95
PAY05787,O05787,2024-10-01,Debit Card,Success,13063.8
PAY05788,O05788,2025-10-18,Net Banking,Success,39941.13
PAY05789,O05789,2023-06-06,Credit Card,Success,637.75
PAY05790,O05790,2025-09-29,COD,Success,300.28
PAY05791,O05791,2025-03-08,COD,Success,6941.86
PAY05792,O05792,2023-03-21,Debit Card,Success,1208.42
PAY05793,O05793,2023-11-17,Debit Card,Success,3988.2
PAY05794,O05794,2025-11-23,Credit Card,Success,5499.67
PAY05795,O05795,2024-06-07,Credit Card,Success,8984.1
PAY05796,O05796,2024-09-07,UPI,Success,1861.69
PAY05797,O05797,2024-09-21,Debit Card,Success,4509.04
PAY05798,O05798,2024-10-31,Credit Card,Success,34566.05
PAY05799,O05799,2023-09-02,COD,Success,4310.36
PAY05800,O05800,2024-08-14,COD,Success,12877.8
PAY05801,O05801,2024-11-04,UPI,Success,2135.29
PAY05802,O05802,2025-05-19,Debit Card,Failed,2260.9
PAY05803,O05803,2024-10-04,Net Banking,Success,10013.61
PAY05804,O05804,2023-01-14,COD,Success,315.97
PAY05805,O05805,2025-06-19,COD,Success,4577.41
PAY05806,O05806,2023-10-14,UPI,Success,664.5
PAY05807,O05807,2024-11-02,UPI,Success,57996.93
PAY05808,O05808,2024-10-03,UPI,Success,20421.75
PAY05809,O05809,2024-11-17,Net Banking,Success,21855.57
PAY05810,O05810,2025-07-21,Debit Card,Success,9850.53
PAY05811,O05811,2025-07-22,Credit Card,Success,74397.81
PAY05812,O05812,2025-10-09,Net Banking,Success,25955.72
PAY05813,O05813,2023-02-12,UPI,Success,52614.94
PAY05814,O05814,2025-06-29,Debit Card,Success,9956.22
PAY05815,O05815,2025-03-24,Debit Card,Success,4253.34
PAY05816,O05816,2025-10-16,UPI,Failed,2674.99
PAY05817,O05817,2024-09-12,Credit Card,Success,4329.49
PAY05818,O05818,2025-12-15,UPI,Success,667.88
PAY05819,O05819,2024-07-20,Debit Card,Success,33010.57
PAY05820,O05820,2023-04-17,Credit Card,Success,1393.8
PAY05821,O05821,2024-09-27,UPI,Refunded,3012.04
PAY05822,O05822,2024-02-23,Net Banking,Success,2848.72
PAY05823,O05823,2023-02-20,Credit Card,Success,4991.58
PAY05824,O05824,2023-11-16,Debit Card,Success,2625.06
PAY05825,O05825,2023-09-11,UPI,Success,11543.26
PAY05826,O05826,2025-12-30,UPI,Failed,2339.46
PAY05827,O05827,2024-04-23,COD,Success,18635.97
PAY05828,O05828,2025-04-09,Credit Card,Success,21405.95
PAY05829,O05829,2024-07-18,Credit Card,Success,47135.88
PAY05830,O05830,2025-01-11,Credit Card,Success,34830.01
PAY05831,O05831,2023-07-06,UPI,Failed,3225.16
PAY05832,O05832,2024-12-02,COD,Success,27175.52
PAY05833,O05833,2024-12-03,UPI,Success,28344.18
PAY05834,O05834,2023-04-23,UPI,Success,15961.01
PAY05835,O05835,2023-10-22,Net Banking,Success,4551.95
PAY05836,O05836,2025-08-14,UPI,Success,18213.27
PAY05837,O05837,2025-05-24,COD,Success,330.32
PAY05838,O05838,2023-12-27,COD,Success,14378.96
PAY05839,O05839,2024-05-17,Credit Card,Success,280.46
PAY05840,O05840,2025-09-12,UPI,Success,42861.44
PAY05841,O05841,2024-10-12,Debit Card,Failed,68796.68
PAY05842,O05842,2023-03-29,Credit Card,Success,11885.19
PAY05843,O05843,2025-09-08,UPI,Success,2599.4
PAY05844,O05844,2023-10-24,COD,Success,1104.33
PAY05845,O05845,2023-10-07,Debit Card,Success,1452.58
PAY05846,O05846,2023-09-10,COD,Success,3976.93
PAY05847,O05847,2025-10-30,Credit Card,Success,23580.64
PAY05848,O05848,2024-08-09,UPI,Success,49773.29
PAY05849,O05849,2024-08-27,Net Banking,Success,114970.4
PAY05850,O05850,2024-01-13,Debit Card,Success,284.29
PAY05851,O05851,2024-09-01,Debit Card,Success,28248.85
PAY05852,O05852,2024-03-16,Credit Card,Refunded,43350.25
PAY05853,O05853,2023-05-24,Credit Card,Success,57572.52
PAY05854,O05854,2024-08-14,UPI,Success,711.35
PAY05855,O05855,2023-01-22,Debit Card,Success,46471.9
PAY05856,O05856,2023-01-14,Debit Card,Success,39303.14
PAY05857,O05857,2024-09-28,COD,Success,130657.48
PAY05858,O05858,2023-05-02,UPI,Success,6659.1
PAY05859,O05859,2024-03-01,UPI,Success,3366.2
PAY05860,O05860,2023-08-18,COD,Success,13885.06
PAY05861,O05861,2024-08-19,COD,Refunded,2372.52
PAY05862,O05862,2025-07-23,UPI,Success,1660.43
PAY05863,O05863,2025-05-29,UPI,Success,8771.06
PAY05864,O05864,2025-02-24,UPI,Success,1804.55
PAY05865,O05865,2023-01-31,UPI,Success,11433.37
PAY05866,O05866,2023-05-17,Debit Card,Success,442.25
PAY05867,O05867,2023-04-11,Debit Card,Refunded,1983.14
PAY05868,O05868,2024-01-12,COD,Success,2574.45
PAY05869,O05869,2024-10-07,Credit Card,Refunded,19280.27
PAY05870,O05870,2024-11-25,Debit Card,Success,2193.03
PAY05871,O05871,2023-07-19,Net Banking,Success,4209.76
PAY05872,O05872,2024-12-23,Net Banking,Success,2847.51
PAY05873,O05873,2024-04-17,UPI,Success,6883.53
PAY05874,O05874,2025-11-12,UPI,Success,3553.1
PAY05875,O05875,2023-02-20,Net Banking,Failed,82372.37
PAY05876,O05876,2024-12-28,Credit Card,Success,36237.41
PAY05877,O05877,2023-03-09,Debit Card,Success,18847.57
PAY05878,O05878,2023-10-31,COD,Success,6601.9
PAY05879,O05879,2024-01-20,Credit Card,Success,75810.09
PAY05880,O05880,2024-06-21,Credit Card,Success,3210.68
PAY05881,O05881,2024-12-05,UPI,Success,7583.05
PAY05882,O05882,2023-02-20,COD,Success,18596.7
PAY05883,O05883,2023-11-15,Debit Card,Failed,50620.02
PAY05884,O05884,2023-01-21,UPI,Success,2463.77
PAY05885,O05885,2024-08-15,Credit Card,Success,4863.81
PAY05886,O05886,2024-08-16,UPI,Success,15871.64
PAY05887,O05887,2023-01-09,UPI,Success,564.63
PAY05888,O05888,2023-05-31,UPI,Success,54383.7
PAY05889,O05889,2024-05-13,Credit Card,Success,5402.69
PAY05890,O05890,2025-12-14,Credit Card,Success,6486.03
PAY05891,O05891,2023-10-25,COD,Success,49400.95
PAY05892,O05892,2024-06-03,UPI,Success,1675.72
PAY05893,O05893,2025-02-08,COD,Success,1019.07
PAY05894,O05894,2024-12-04,Credit Card,Success,2323.63
PAY05895,O05895,2025-06-20,UPI,Success,3198.39
PAY05896,O05896,2025-10-20,Credit Card,Success,1249.39
PAY05897,O05897,2023-10-09,Net Banking,Success,2511.11
PAY05898,O05898,2025-02-08,Credit Card,Success,20560.94
PAY05899,O05899,2023-09-15,COD,Refunded,14113.87
PAY05900,O05900,2023-08-04,UPI,Success,2310.61
PAY05901,O05901,2024-07-08,COD,Success,13245.73
PAY05902,O05902,2023-05-14,Credit Card,Success,82468.55
PAY05903,O05903,2025-07-06,Net Banking,Success,8240.7
PAY05904,O05904,2023-03-27,COD,Success,499.28
PAY05905,O05905,2025-06-21,Debit Card,Success,54444.76
PAY05906,O05906,2025-05-26,Debit Card,Success,4435.06
PAY05907,O05907,2025-01-31,UPI,Success,6960.62
PAY05908,O05908,2025-05-22,Debit Card,Success,26829.75
PAY05909,O05909,2025-08-15,Credit Card,Success,56276.65
PAY05910,O05910,2023-09-08,UPI,Refunded,24481.22
PAY05911,O05911,2024-07-17,Credit Card,Success,1984.46
PAY05912,O05912,2023-10-16,Net Banking,Refunded,653.97
PAY05913,O05913,2024-02-15,UPI,Success,593.96
PAY05914,O05914,2025-01-03,Credit Card,Success,73527.87
PAY05915,O05915,2023-11-05,UPI,Refunded,30568.4
PAY05916,O05916,2023-03-02,Net Banking,Success,9052.77
PAY05917,O05917,2025-02-20,Net Banking,Success,48128.01
PAY05918,O05918,2024-06-12,Credit Card,Success,887.54
PAY05919,O05919,2023-07-21,Credit Card,Success,20821.2
PAY05920,O05920,2025-03-26,COD,Refunded,56272.22
PAY05921,O05921,2025-01-27,UPI,Success,41374.45
PAY05922,O05922,2025-11-11,Credit Card,Refunded,1565.81
PAY05923,O05923,2025-11-27,UPI,Success,10511.25
PAY05924,O05924,2023-07-19,Net Banking,Success,10480.66
PAY05925,O05925,2023-02-15,UPI,Success,42584.63
PAY05926,O05926,2024-10-04,Credit Card,Success,1837.71
PAY05927,O05927,2024-07-09,Credit Card,Success,52707.62
PAY05928,O05928,2025-08-14,COD,Success,36986.64
PAY05929,O05929,2025-05-22,Net Banking,Success,1876.75
PAY05930,O05930,2024-05-24,UPI,Failed,4038.39
PAY05931,O05931,2024-02-22,Debit Card,Failed,28501.89
PAY05932,O05932,2024-02-15,UPI,Success,1056.42
PAY05933,O05933,2023-10-24,UPI,Success,11184.37
PAY05934,O05934,2025-08-12,Credit Card,Failed,148496.78
PAY05935,O05935,2024-09-18,Net Banking,Success,55420.81
PAY05936,O05936,2023-07-24,UPI,Success,914.71
PAY05937,O05937,2024-07-31,UPI,Success,42504.12
PAY05938,O05938,2025-07-05,COD,Success,530.62
PAY05939,O05939,2025-09-11,COD,Success,4613.72
PAY05940,O05940,2025-03-06,UPI,Success,26936.36
PAY05941,O05941,2025-04-29,UPI,Success,36674.56
PAY05942,O05942,2025-08-05,Debit Card,Success,4435.85
PAY05943,O05943,2025-01-10,UPI,Success,31493.68
PAY05944,O05944,2023-12-30,Credit Card,Success,6357.99
PAY05945,O05945,2024-04-21,UPI,Success,6279.81
PAY05946,O05946,2023-10-31,UPI,Success,1258.15
PAY05947,O05947,2023-07-05,UPI,Success,5325.91
PAY05948,O05948,2023-09-23,Debit Card,Success,28644.42
PAY05949,O05949,2024-02-08,UPI,Failed,27719.85
PAY05950,O05950,2023-06-22,COD,Success,19358.59
PAY05951,O05951,2025-05-27,Net Banking,Success,2082.35
PAY05952,O05952,2025-06-26,UPI,Success,23381.6
PAY05953,O05953,2023-12-12,Credit Card,Failed,23802.18
PAY05954,O05954,2025-03-19,UPI,Success,5444.42
PAY05955,O05955,2023-07-28,UPI,Success,25762.07
PAY05956,O05956,2025-11-23,UPI,Success,17563.15
PAY05957,O05957,2025-09-15,Credit Card,Success,6033.92
PAY05958,O05958,2025-05-28,UPI,Success,15730.83
PAY05959,O05959,2023-06-13,UPI,Success,1542.85
PAY05960,O05960,2023-01-16,Debit Card,Success,68766.85
PAY05961,O05961,2025-11-03,UPI,Success,21619.77
PAY05962,O05962,2025-01-14,UPI,Success,51187.21
PAY05963,O05963,2023-09-03,UPI,Success,518.62
PAY05964,O05964,2025-12-06,UPI,Success,1784.67
PAY05965,O05965,2024-07-10,Debit Card,Success,1429.77
PAY05966,O05966,2025-12-08,UPI,Success,89691.55
PAY05967,O05967,2024-12-15,Credit Card,Success,33386.3
PAY05968,O05968,2023-05-23,Net Banking,Success,40232.07
PAY05969,O05969,2024-03-26,Credit Card,Success,2306.17
PAY05970,O05970,2025-09-01,Credit Card,Refunded,959.87
PAY05971,O05971,2025-04-04,Credit Card,Success,4636.73
PAY05972,O05972,2023-04-26,Credit Card,Success,14176.55
PAY05973,O05973,2025-05-26,Net Banking,Success,31688.91
PAY05974,O05974,2024-05-28,UPI,Failed,33858.68
PAY05975,O05975,2025-06-17,Net Banking,Refunded,15618.58
PAY05976,O05976,2023-01-14,UPI,Success,625.58
PAY05977,O05977,2023-10-04,UPI,Success,3556.06
PAY05978,O05978,2025-07-05,Debit Card,Failed,45309.91
PAY05979,O05979,2025-06-13,UPI,Success,1903.46
PAY05980,O05980,2023-08-18,Credit Card,Success,61513.3
PAY05981,O05981,2023-08-07,Debit Card,Success,2854.07
PAY05982,O05982,2025-01-20,Credit Card,Failed,925.93
PAY05983,O05983,2023-10-23,UPI,Success,1384.57
PAY05984,O05984,2025-02-07,UPI,Success,270.08
PAY05985,O05985,2023-10-10,UPI,Failed,162037.78
PAY05986,O05986,2024-05-14,Net Banking,Success,18061.06
PAY05987,O05987,2025-09-03,COD,Success,8309.28
PAY05988,O05988,2025-01-21,Net Banking,Success,5413.71
PAY05989,O05989,2024-12-04,COD,Success,56642.72
PAY05990,O05990,2025-08-25,Credit Card,Success,19236.56
PAY05991,O05991,2023-09-27,COD,Failed,6335.37
PAY05992,O05992,2023-07-30,Debit Card,Refunded,632.74
PAY05993,O05993,2025-09-09,Credit Card,Success,51400.5
PAY05994,O05994,2025-04-26,UPI,Success,504.93
PAY05995,O05995,2023-11-03,Debit Card,Success,12817.02
PAY05996,O05996,2025-10-09,Credit Card,Success,54527.22
PAY05997,O05997,2023-03-30,Debit Card,Success,48915.16
PAY05998,O05998,2025-02-01,Credit Card,Success,70505.95
PAY05999,O05999,2025-07-12,Debit Card,Success,2233.69
PAY06000,O06000,2024-12-25,UPI,Success,18500.83
PAY06001,O06001,2023-01-13,Debit Card,Success,3349.98
PAY06002,O06002,2024-03-15,Debit Card,Success,15414.14
PAY06003,O06003,2025-10-30,Credit Card,Success,11229.04
PAY06004,O06004,2023-11-12,UPI,Failed,18123.55
PAY06005,O06005,2023-03-06,Credit Card,Success,15333.95
PAY06006,O06006,2025-06-21,UPI,Success,1132.51
PAY06007,O06007,2024-08-14,UPI,Success,21260.46
PAY06008,O06008,2025-07-04,Credit Card,Success,26319.96
PAY06009,O06009,2024-10-08,Debit Card,Refunded,7623.94
PAY06010,O06010,2023-07-16,UPI,Success,105733.8
PAY06011,O06011,2023-01-02,UPI,Success,74860.86
PAY06012,O06012,2024-01-05,Debit Card,Failed,1424.24
PAY06013,O06013,2024-09-24,Debit Card,Success,3934.5
PAY06014,O06014,2024-01-11,UPI,Success,249.15
PAY06015,O06015,2023-10-18,UPI,Success,25052.1
PAY06016,O06016,2025-05-12,UPI,Success,46753.74
PAY06017,O06017,2025-03-12,COD,Success,13041.52
PAY06018,O06018,2024-09-19,Debit Card,Success,8497.58
PAY06019,O06019,2023-08-24,Net Banking,Success,16486.28
PAY06020,O06020,2023-07-16,Debit Card,Success,2463.51
PAY06021,O06021,2024-03-18,Net Banking,Refunded,3222.47
PAY06022,O06022,2025-03-02,Credit Card,Success,1297.21
PAY06023,O06023,2023-06-07,Credit Card,Success,1512.13
PAY06024,O06024,2025-10-18,Debit Card,Success,9265.55
PAY06025,O06025,2023-12-20,UPI,Success,7399.9
PAY06026,O06026,2025-03-24,UPI,Success,40074.11
PAY06027,O06027,2025-04-15,UPI,Success,2496.55
PAY06028,O06028,2024-06-17,Credit Card,Success,1439.63
PAY06029,O06029,2024-02-09,Credit Card,Success,7916.28
PAY06030,O06030,2024-12-01,Credit Card,Refunded,1495.94
PAY06031,O06031,2025-03-08,COD,Success,1181.69
PAY06032,O06032,2023-10-16,COD,Success,37386.42
PAY06033,O06033,2023-04-01,Net Banking,Success,29065.99
PAY06034,O06034,2025-08-25,Credit Card,Success,1263.86
PAY06035,O06035,2024-08-07,UPI,Success,1019.07
PAY06036,O06036,2025-09-09,UPI,Success,5984.96
PAY06037,O06037,2025-01-23,UPI,Failed,2111.18
PAY06038,O06038,2024-12-16,UPI,Failed,2268.65
PAY06039,O06039,2025-04-07,Credit Card,Success,127551.79
PAY06040,O06040,2024-01-31,UPI,Success,1851.86
PAY06041,O06041,2024-04-20,Debit Card,Success,52913.82
PAY06042,O06042,2025-02-14,Credit Card,Success,101290.0
PAY06043,O06043,2024-03-17,Credit Card,Refunded,918.1
PAY06044,O06044,2023-01-08,UPI,Success,1356.26
PAY06045,O06045,2023-03-12,UPI,Success,81026.6
PAY06046,O06046,2024-12-03,Credit Card,Success,39070.66
PAY06047,O06047,2023-02-10,UPI,Success,1453.73
PAY06048,O06048,2025-05-05,Debit Card,Success,15859.64
PAY06049,O06049,2025-11-19,Net Banking,Success,167506.43
PAY06050,O06050,2023-10-06,Credit Card,Success,2315.94
PAY06051,O06051,2023-07-02,Debit Card,Failed,1421.88
PAY06052,O06052,2025-07-29,Credit Card,Success,107400.98
PAY06053,O06053,2024-06-06,Debit Card,Failed,99220.08
PAY06054,O06054,2024-11-20,Debit Card,Failed,14673.82
PAY06055,O06055,2023-03-25,COD,Success,990.33
PAY06056,O06056,2023-03-28,Debit Card,Success,50104.21
PAY06057,O06057,2024-06-29,Debit Card,Success,22208.46
PAY06058,O06058,2025-07-29,Credit Card,Success,1018.48
PAY06059,O06059,2025-11-02,Credit Card,Failed,7721.9
PAY06060,O06060,2024-12-27,Credit Card,Failed,66977.96
PAY06061,O06061,2025-08-22,Credit Card,Success,5773.64
PAY06062,O06062,2024-09-10,UPI,Success,5553.04
PAY06063,O06063,2023-01-16,UPI,Failed,564.06
PAY06064,O06064,2024-12-27,Debit Card,Success,17216.0
PAY06065,O06065,2023-07-09,COD,Refunded,26913.75
PAY06066,O06066,2023-08-24,Net Banking,Success,816.31
PAY06067,O06067,2025-01-05,Credit Card,Refunded,1452.34
PAY06068,O06068,2024-04-02,UPI,Success,48263.23
PAY06069,O06069,2024-12-25,COD,Success,31523.23
PAY06070,O06070,2023-05-27,Debit Card,Success,15809.16
PAY06071,O06071,2024-06-02,UPI,Failed,4415.72
PAY06072,O06072,2024-06-18,COD,Success,938.2
PAY06073,O06073,2025-06-10,Credit Card,Success,49659.5
PAY06074,O06074,2025-12-04,COD,Success,9622.39
PAY06075,O06075,2023-07-24,UPI,Refunded,49624.35
PAY06076,O06076,2023-12-28,COD,Success,3746.84
PAY06077,O06077,2023-08-04,Debit Card,Success,25571.29
PAY06078,O06078,2024-10-03,UPI,Success,7834.75
PAY06079,O06079,2024-08-28,Credit Card,Success,19845.54
PAY06080,O06080,2025-12-26,Debit Card,Success,1507.96
PAY06081,O06081,2024-01-03,UPI,Success,14490.48
PAY06082,O06082,2025-06-19,Credit Card,Failed,4529.62
PAY06083,O06083,2023-07-07,UPI,Success,2619.52
PAY06084,O06084,2024-12-24,Debit Card,Success,832.03
PAY06085,O06085,2025-10-13,Credit Card,Success,7247.72
PAY06086,O06086,2024-12-05,Debit Card,Success,203180.3
PAY06087,O06087,2025-04-13,UPI,Success,2582.44
PAY06088,O06088,2023-04-02,UPI,Success,5889.4
PAY06089,O06089,2025-01-28,Credit Card,Success,2364.12
PAY06090,O06090,2025-09-17,UPI,Success,7474.7
PAY06091,O06091,2025-07-04,Credit Card,Success,5615.68
PAY06092,O06092,2024-01-29,Debit Card,Success,5924.72
PAY06093,O06093,2024-02-16,COD,Failed,56276.65
PAY06094,O06094,2023-10-22,UPI,Success,46683.26
PAY06095,O06095,2024-09-22,Debit Card,Success,12980.56
PAY06096,O06096,2023-06-19,UPI,Success,29278.6
PAY06097,O06097,2025-06-10,Debit Card,Failed,40220.51
PAY06098,O06098,2025-12-28,UPI,Success,1064.35
PAY06099,O06099,2023-02-25,Credit Card,Refunded,42005.45
PAY06100,O06100,2024-07-21,COD,Success,54071.79
PAY06101,O06101,2023-05-31,UPI,Success,21883.75
PAY06102,O06102,2023-11-15,COD,Success,2155.18
PAY06103,O06103,2025-09-10,Credit Card,Success,2076.3
PAY06104,O06104,2025-09-03,COD,Success,20517.53
PAY06105,O06105,2023-01-06,Net Banking,Success,41877.68
PAY06106,O06106,2023-07-10,UPI,Success,3946.91
PAY06107,O06107,2023-11-14,Debit Card,Success,48986.95
PAY06108,O06108,2025-01-02,UPI,Success,26830.26
PAY06109,O06109,2024-06-09,UPI,Success,859.27
PAY06110,O06110,2024-05-31,Debit Card,Success,2082.39
PAY06111,O06111,2025-12-25,UPI,Success,112616.22
PAY06112,O06112,2024-12-15,Credit Card,Success,109779.88
PAY06113,O06113,2024-07-31,Debit Card,Success,37924.24
PAY06114,O06114,2024-10-28,Credit Card,Success,4464.22
PAY06115,O06115,2024-08-10,Debit Card,Success,5265.66
PAY06116,O06116,2025-02-12,COD,Success,10251.22
PAY06117,O06117,2025-05-05,COD,Success,40029.14
PAY06118,O06118,2023-12-04,Credit Card,Success,9920.93
PAY06119,O06119,2025-05-09,UPI,Success,1924.36
PAY06120,O06120,2024-05-15,Credit Card,Success,11244.65
PAY06121,O06121,2024-10-10,Credit Card,Success,754.99
PAY06122,O06122,2023-06-26,UPI,Failed,8237.95
PAY06123,O06123,2025-03-11,Credit Card,Success,57490.79
PAY06124,O06124,2025-04-30,UPI,Success,12751.24
PAY06125,O06125,2025-11-27,Debit Card,Refunded,4897.21
PAY06126,O06126,2025-09-16,COD,Success,7226.82
PAY06127,O06127,2023-05-25,Net Banking,Success,6715.21
PAY06128,O06128,2024-10-11,Net Banking,Success,48359.25
PAY06129,O06129,2024-06-13,UPI,Success,25956.22
PAY06130,O06130,2023-01-06,UPI,Success,1354.52
PAY06131,O06131,2024-08-08,UPI,Success,1012.21
PAY06132,O06132,2024-11-03,Credit Card,Success,9078.53
PAY06133,O06133,2023-08-13,UPI,Success,26512.2
PAY06134,O06134,2023-12-22,Net Banking,Success,47537.38
PAY06135,O06135,2025-07-26,UPI,Success,25344.03
PAY06136,O06136,2025-10-04,Credit Card,Success,810.72
PAY06137,O06137,2025-11-25,COD,Success,1052.28
PAY06138,O06138,2024-06-29,Net Banking,Success,7071.37
PAY06139,O06139,2024-06-08,Credit Card,Success,3354.54
PAY06140,O06140,2025-12-16,Credit Card,Failed,4868.94
PAY06141,O06141,2025-10-29,Debit Card,Success,50483.98
PAY06142,O06142,2023-04-22,Credit Card,Success,275.38
PAY06143,O06143,2025-02-10,UPI,Success,59005.31
PAY06144,O06144,2023-11-07,Debit Card,Success,17750.5
PAY06145,O06145,2023-04-05,Credit Card,Success,6957.51
PAY06146,O06146,2025-03-14,Credit Card,Success,2607.77
PAY06147,O06147,2024-07-13,UPI,Success,451.78
PAY06148,O06148,2025-12-16,UPI,Success,6675.14
PAY06149,O06149,2023-01-17,Credit Card,Success,46912.81
PAY06150,O06150,2025-12-22,Debit Card,Success,39122.18
PAY06151,O06151,2024-09-30,Debit Card,Success,1332.49
PAY06152,O06152,2025-01-18,COD,Failed,278.33
PAY06153,O06153,2024-07-10,COD,Success,27183.7
PAY06154,O06154,2025-10-09,UPI,Success,1819.07
PAY06155,O06155,2023-09-16,COD,Success,18847.57
PAY06156,O06156,2024-12-15,Debit Card,Success,27076.64
PAY06157,O06157,2025-04-15,COD,Success,6711.18
PAY06158,O06158,2025-10-09,COD,Success,892.78
PAY06159,O06159,2025-05-16,UPI,Success,1604.26
PAY06160,O06160,2025-06-23,UPI,Success,749.75
PAY06161,O06161,2024-02-14,Credit Card,Success,488.25
PAY06162,O06162,2025-06-07,UPI,Success,1592.72
PAY06163,O06163,2023-05-24,UPI,Success,31131.49
PAY06164,O06164,2024-02-03,UPI,Success,55019.65
PAY06165,O06165,2025-01-10,Net Banking,Success,3655.57
PAY06166,O06166,2024-10-09,UPI,Success,47466.67
PAY06167,O06167,2025-08-28,COD,Success,4681.4
PAY06168,O06168,2025-03-13,Net Banking,Success,101046.59
PAY06169,O06169,2024-12-12,Net Banking,Failed,9956.22
PAY06170,O06170,2023-01-21,Debit Card,Success,12759.42
PAY06171,O06171,2024-10-07,Credit Card,Success,101433.68
PAY06172,O06172,2025-02-22,UPI,Refunded,8929.32
PAY06173,O06173,2024-01-05,COD,Success,10355.08
PAY06174,O06174,2024-04-02,UPI,Success,50645.0
PAY06175,O06175,2023-01-19,UPI,Success,3501.77
PAY06176,O06176,2025-11-25,UPI,Success,5850.73
PAY06177,O06177,2024-11-09,UPI,Refunded,3339.96
PAY06178,O06178,2024-10-06,Debit Card,Success,18865.15
PAY06179,O06179,2024-09-20,UPI,Success,39552.74
PAY06180,O06180,2024-09-13,UPI,Success,36187.86
PAY06181,O06181,2024-12-30,UPI,Success,7898.48
PAY06182,O06182,2023-04-08,COD,Success,43836.84
PAY06183,O06183,2025-06-19,Debit Card,Success,12015.21
PAY06184,O06184,2024-12-30,Credit Card,Success,164622.33
PAY06185,O06185,2024-11-29,Credit Card,Success,1184.78
PAY06186,O06186,2025-06-03,UPI,Success,33139.37
PAY06187,O06187,2025-12-24,Credit Card,Success,37778.35
PAY06188,O06188,2023-04-08,COD,Failed,12355.13
PAY06189,O06189,2025-10-01,UPI,Failed,24716.8
PAY06190,O06190,2024-03-18,COD,Success,4478.39
PAY06191,O06191,2024-03-26,UPI,Success,26790.75
PAY06192,O06192,2023-08-23,UPI,Success,54744.6
PAY06193,O06193,2025-03-04,COD,Success,7088.27
PAY06194,O06194,2023-01-30,Credit Card,Success,3412.89
PAY06195,O06195,2025-07-12,Debit Card,Success,45983.92
PAY06196,O06196,2025-04-24,UPI,Success,20173.92
PAY06197,O06197,2025-01-11,Debit Card,Success,6593.04
PAY06198,O06198,2025-06-22,COD,Success,1991.66
PAY06199,O06199,2024-01-11,COD,Failed,1901.49
PAY06200,O06200,2025-05-13,Credit Card,Success,36814.22
PAY06201,O06201,2024-09-15,COD,Success,42868.69
PAY06202,O06202,2023-10-28,Credit Card,Success,1258.46
PAY06203,O06203,2025-11-14,COD,Success,4817.75
PAY06204,O06204,2024-08-30,UPI,Success,34986.16
PAY06205,O06205,2023-03-09,UPI,Success,8165.5
PAY06206,O06206,2024-06-13,Debit Card,Success,15333.95
PAY06207,O06207,2023-10-07,Debit Card,Success,2934.64
PAY06208,O06208,2023-01-11,Debit Card,Success,12549.94
PAY06209,O06209,2023-01-29,UPI,Success,14086.84
PAY06210,O06210,2024-01-28,Credit Card,Success,4809.84
PAY06211,O06211,2024-12-22,UPI,Success,22961.34
PAY06212,O06212,2025-04-28,UPI,Failed,50042.55
PAY06213,O06213,2023-09-20,UPI,Success,34511.38
PAY06214,O06214,2025-12-29,Net Banking,Success,27316.56
PAY06215,O06215,2023-02-08,UPI,Refunded,16078.21
PAY06216,O06216,2025-12-27,UPI,Failed,5413.73
PAY06217,O06217,2024-04-11,Debit Card,Success,2031.8
PAY06218,O06218,2023-03-05,Debit Card,Success,6572.99
PAY06219,O06219,2025-01-18,Debit Card,Success,3272.79
PAY06220,O06220,2024-11-10,Debit Card,Success,1184.05
PAY06221,O06221,2025-04-25,UPI,Success,22788.26
PAY06222,O06222,2023-04-10,Credit Card,Success,14260.0
PAY06223,O06223,2023-11-02,UPI,Success,694.55
PAY06224,O06224,2025-08-05,UPI,Failed,6416.87
PAY06225,O06225,2023-08-04,Net Banking,Success,50157.59
PAY06226,O06226,2023-11-01,Debit Card,Success,974.56
PAY06227,O06227,2023-12-13,COD,Failed,1982.97
PAY06228,O06228,2025-01-15,UPI,Success,70691.96
PAY06229,O06229,2024-05-10,Credit Card,Failed,52995.42
PAY06230,O06230,2025-04-22,Credit Card,Success,970.15
PAY06231,O06231,2024-02-14,UPI,Failed,28540.08
PAY06232,O06232,2025-09-19,COD,Success,4521.8
PAY06233,O06233,2024-10-18,UPI,Success,1605.28
PAY06234,O06234,2024-09-08,Debit Card,Success,1982.89
PAY06235,O06235,2023-12-12,Credit Card,Failed,2156.77
PAY06236,O06236,2025-02-14,COD,Success,56097.78
PAY06237,O06237,2023-03-07,UPI,Success,75513.52
PAY06238,O06238,2024-05-17,UPI,Success,2527.72
PAY06239,O06239,2025-10-31,COD,Failed,3406.36
PAY06240,O06240,2024-08-30,UPI,Success,1239.8
PAY06241,O06241,2024-03-07,Debit Card,Success,3391.95
PAY06242,O06242,2025-10-01,UPI,Success,2832.97
PAY06243,O06243,2023-04-06,COD,Success,24849.77
PAY06244,O06244,2023-11-13,COD,Success,1114.1
PAY06245,O06245,2023-06-03,COD,Success,30568.4
PAY06246,O06246,2023-05-20,Credit Card,Success,35373.97
PAY06247,O06247,2023-08-06,UPI,Success,3824.17
PAY06248,O06248,2025-03-06,UPI,Success,4663.73
PAY06249,O06249,2024-01-06,Credit Card,Success,5976.9
PAY06250,O06250,2025-08-29,UPI,Success,53847.01
PAY06251,O06251,2023-08-31,UPI,Success,52027.57
PAY06252,O06252,2025-09-08,UPI,Failed,2319.36
PAY06253,O06253,2023-11-18,UPI,Success,453.13
PAY06254,O06254,2023-02-16,Debit Card,Success,23691.33
PAY06255,O06255,2024-09-07,UPI,Success,1916.19
PAY06256,O06256,2023-10-12,Net Banking,Success,169916.46
PAY06257,O06257,2024-11-02,UPI,Refunded,13427.83
PAY06258,O06258,2023-03-29,UPI,Success,51425.47
PAY06259,O06259,2025-10-28,UPI,Success,5169.07
PAY06260,O06260,2023-07-04,Debit Card,Success,25591.36
PAY06261,O06261,2023-10-28,UPI,Success,3057.22
PAY06262,O06262,2024-02-04,UPI,Success,1119.17
PAY06263,O06263,2023-01-15,UPI,Success,1239.19
PAY06264,O06264,2023-04-10,Debit Card,Success,53130.01
PAY06265,O06265,2025-01-27,UPI,Success,222.92
PAY06266,O06266,2023-06-20,Credit Card,Success,3198.39
PAY06267,O06267,2023-08-20,Net Banking,Success,1764.8
PAY06268,O06268,2024-09-05,UPI,Success,34986.16
PAY06269,O06269,2024-12-31,UPI,Failed,3956.12
PAY06270,O06270,2023-08-29,Credit Card,Success,11073.22
PAY06271,O06271,2023-08-30,UPI,Success,2449.16
PAY06272,O06272,2025-01-04,UPI,Success,4715.7
PAY06273,O06273,2023-09-28,Credit Card,Success,1484.53
PAY06274,O06274,2024-06-23,Debit Card,Refunded,5239.04
PAY06275,O06275,2023-12-03,UPI,Success,22808.31
PAY06276,O06276,2024-03-20,COD,Refunded,2831.41
PAY06277,O06277,2024-12-25,UPI,Success,71304.76
PAY06278,O06278,2025-06-26,Net Banking,Success,3219.95
PAY06279,O06279,2024-01-06,Credit Card,Success,12743.39
PAY06280,O06280,2023-03-17,Debit Card,Success,5893.3
PAY06281,O06281,2024-02-27,COD,Failed,28894.03
PAY06282,O06282,2023-03-11,Credit Card,Success,14206.91
PAY06283,O06283,2025-04-15,COD,Success,38624.34
PAY06284,O06284,2025-01-15,UPI,Success,54553.14
PAY06285,O06285,2023-09-28,UPI,Success,1714.48
PAY06286,O06286,2023-05-14,COD,Success,33037.56
PAY06287,O06287,2023-04-13,UPI,Failed,51947.76
PAY06288,O06288,2024-08-22,Debit Card,Success,46361.9
PAY06289,O06289,2024-11-04,UPI,Success,823.9
PAY06290,O06290,2024-09-27,Debit Card,Refunded,23166.49
PAY06291,O06291,2025-07-14,Net Banking,Success,49890.68
PAY06292,O06292,2025-05-03,Credit Card,Failed,3777.98
PAY06293,O06293,2024-02-25,Credit Card,Success,2641.8
PAY06294,O06294,2023-09-20,Credit Card,Success,17422.05
PAY06295,O06295,2025-09-04,Debit Card,Success,781.72
PAY06296,O06296,2024-02-21,UPI,Success,486.41
PAY06297,O06297,2024-12-01,UPI,Success,4102.95
PAY06298,O06298,2024-06-26,Credit Card,Success,783.87
PAY06299,O06299,2025-09-09,Credit Card,Success,4527.4
PAY06300,O06300,2025-07-18,Credit Card,Success,12616.95
PAY06301,O06301,2025-03-27,Debit Card,Failed,45626.88
PAY06302,O06302,2023-02-18,UPI,Success,51147.19
PAY06303,O06303,2024-03-21,Credit Card,Success,3965.31
PAY06304,O06304,2025-06-04,UPI,Success,792.94
PAY06305,O06305,2023-06-21,Credit Card,Success,5381.31
PAY06306,O06306,2025-07-18,UPI,Success,4295.93
PAY06307,O06307,2025-09-18,UPI,Success,8276.92
PAY06308,O06308,2023-01-08,Credit Card,Success,43911.95
PAY06309,O06309,2024-01-04,Debit Card,Success,5330.32
PAY06310,O06310,2025-06-13,UPI,Success,11641.63
PAY06311,O06311,2024-12-23,COD,Success,49264.62
PAY06312,O06312,2025-07-21,UPI,Refunded,48192.7
PAY06313,O06313,2023-10-09,Debit Card,Success,6102.95
PAY06314,O06314,2025-12-16,UPI,Success,2823.68
PAY06315,O06315,2025-07-08,Credit Card,Success,38792.01
PAY06316,O06316,2024-03-03,Debit Card,Success,13979.51
PAY06317,O06317,2024-02-17,UPI,Success,1308.24
PAY06318,O06318,2025-04-20,COD,Success,714.88
PAY06319,O06319,2023-02-17,Debit Card,Success,1878.17
PAY06320,O06320,2025-10-23,Credit Card,Success,31401.91
PAY06321,O06321,2024-11-15,UPI,Success,105700.84
PAY06322,O06322,2025-02-26,COD,Success,10806.14
PAY06323,O06323,2023-11-26,UPI,Success,1730.94
PAY06324,O06324,2023-08-23,UPI,Success,12646.07
PAY06325,O06325,2023-03-01,Debit Card,Success,1339.01
PAY06326,O06326,2024-08-12,UPI,Success,33005.25
PAY06327,O06327,2024-06-15,Credit Card,Success,7190.17
PAY06328,O06328,2025-12-25,Credit Card,Success,6877.31
PAY06329,O06329,2025-11-22,Credit Card,Success,9985.69
PAY06330,O06330,2025-09-09,UPI,Success,37193.39
PAY06331,O06331,2025-02-17,Debit Card,Success,29193.37
PAY06332,O06332,2023-05-29,UPI,Success,16937.35
PAY06333,O06333,2023-02-18,Debit Card,Success,398.13
PAY06334,O06334,2023-12-23,COD,Success,60312.77
PAY06335,O06335,2024-10-15,Credit Card,Success,41522.69
PAY06336,O06336,2024-03-30,Debit Card,Success,1054.04
PAY06337,O06337,2024-06-05,UPI,Success,2189.78
PAY06338,O06338,2023-06-27,UPI,Success,51136.12
PAY06339,O06339,2025-08-13,UPI,Success,9581.76
PAY06340,O06340,2023-07-30,UPI,Success,1563.43
PAY06341,O06341,2025-12-03,UPI,Success,654.23
PAY06342,O06342,2023-07-06,Debit Card,Success,1127.95
PAY06343,O06343,2025-11-16,UPI,Success,12932.68
PAY06344,O06344,2025-10-04,COD,Success,61876.35
PAY06345,O06345,2023-02-05,Credit Card,Failed,21288.31
PAY06346,O06346,2024-04-19,UPI,Success,6541.04
PAY06347,O06347,2025-01-29,COD,Success,155760.3
PAY06348,O06348,2024-04-15,COD,Success,15189.21
PAY06349,O06349,2025-06-25,COD,Failed,124522.27
PAY06350,O06350,2024-06-07,Debit Card,Failed,59883.55
PAY06351,O06351,2023-09-22,Debit Card,Success,8117.97
PAY06352,O06352,2025-02-05,UPI,Success,139882.62
PAY06353,O06353,2024-02-13,Credit Card,Success,25276.7
PAY06354,O06354,2024-10-08,Debit Card,Success,15709.43
PAY06355,O06355,2024-09-29,UPI,Success,7564.42
PAY06356,O06356,2023-03-05,COD,Success,119820.84
PAY06357,O06357,2025-08-28,Net Banking,Success,33540.38
PAY06358,O06358,2025-03-25,UPI,Refunded,55510.24
PAY06359,O06359,2025-05-22,UPI,Success,3616.73
PAY06360,O06360,2023-02-08,UPI,Success,6050.73
PAY06361,O06361,2025-01-31,Debit Card,Success,8790.69
PAY06362,O06362,2024-10-28,UPI,Success,568.58
PAY06363,O06363,2023-08-11,UPI,Success,8908.2
PAY06364,O06364,2025-02-10,UPI,Refunded,1664.11
PAY06365,O06365,2024-04-18,Credit Card,Failed,3313.15
PAY06366,O06366,2023-12-25,Debit Card,Success,24075.09
PAY06367,O06367,2024-08-03,Debit Card,Success,1462.8
PAY06368,O06368,2023-08-24,Credit Card,Success,1146.14
PAY06369,O06369,2024-08-26,Net Banking,Success,1421.88
PAY06370,O06370,2023-04-05,Credit Card,Success,43865.7
PAY06371,O06371,2025-05-11,COD,Success,2001.21
PAY06372,O06372,2025-04-18,Net Banking,Success,1347.05
PAY06373,O06373,2023-07-10,UPI,Success,51026.56
PAY06374,O06374,2024-10-12,UPI,Success,6858.2
PAY06375,O06375,2023-01-16,Credit Card,Success,270.24
PAY06376,O06376,2023-12-31,UPI,Success,64262.34
PAY06377,O06377,2025-01-15,Credit Card,Success,795.86
PAY06378,O06378,2024-02-16,Debit Card,Success,2599.4
PAY06379,O06379,2023-06-24,UPI,Success,103095.72
PAY06380,O06380,2023-07-05,Debit Card,Failed,3574.86
PAY06381,O06381,2025-11-19,UPI,Success,50130.36
PAY06382,O06382,2024-04-14,UPI,Success,28265.08
PAY06383,O06383,2023-11-10,Debit Card,Success,26348.69
PAY06384,O06384,2025-03-10,UPI,Refunded,8536.52
PAY06385,O06385,2024-06-18,Credit Card,Success,55103.59
PAY06386,O06386,2024-06-12,Credit Card,Success,90761.19
PAY06387,O06387,2023-05-03,UPI,Success,3615.51
PAY06388,O06388,2023-08-17,UPI,Success,7294.82
PAY06389,O06389,2025-09-15,Debit Card,Success,11724.59
PAY06390,O06390,2024-07-06,Credit Card,Failed,2823.97
PAY06391,O06391,2023-01-16,Debit Card,Success,57738.82
PAY06392,O06392,2023-08-04,COD,Refunded,1350.52
PAY06393,O06393,2024-08-27,UPI,Success,136330.86
PAY06394,O06394,2023-02-23,UPI,Success,27835.67
PAY06395,O06395,2025-07-20,Debit Card,Failed,12570.54
PAY06396,O06396,2023-02-26,COD,Success,26496.6
PAY06397,O06397,2024-02-13,Credit Card,Success,6050.62
PAY06398,O06398,2024-06-17,Credit Card,Failed,4044.23
PAY06399,O06399,2023-12-23,Credit Card,Success,2527.72
PAY06400,O06400,2024-12-01,Credit Card,Success,16801.63
PAY06401,O06401,2025-11-23,Credit Card,Success,679.49
PAY06402,O06402,2024-11-04,COD,Success,1538.73
PAY06403,O06403,2025-05-23,UPI,Success,5400.63
PAY06404,O06404,2024-05-31,Debit Card,Success,46544.86
PAY06405,O06405,2024-11-13,Debit Card,Success,593.96
PAY06406,O06406,2024-12-29,COD,Failed,2530.36
PAY06407,O06407,2023-04-28,Net Banking,Success,49285.28
PAY06408,O06408,2025-02-05,Credit Card,Success,52753.01
PAY06409,O06409,2023-09-26,Credit Card,Success,1978.06
PAY06410,O06410,2024-12-20,Credit Card,Success,21826.7
PAY06411,O06411,2024-12-23,Debit Card,Refunded,7009.24
PAY06412,O06412,2023-05-22,UPI,Success,2952.6
PAY06413,O06413,2023-05-25,UPI,Failed,20832.9
PAY06414,O06414,2023-08-11,COD,Success,3087.75
PAY06415,O06415,2025-02-20,UPI,Success,34689.07
PAY06416,O06416,2025-06-10,UPI,Success,752.51
PAY06417,O06417,2024-08-12,Net Banking,Success,8565.11
PAY06418,O06418,2024-09-21,UPI,Success,11809.13
PAY06419,O06419,2024-03-12,UPI,Success,1654.25
PAY06420,O06420,2025-12-27,Net Banking,Success,58998.65
PAY06421,O06421,2025-10-26,UPI,Success,20161.59
PAY06422,O06422,2025-12-16,Credit Card,Success,1354.4
PAY06423,O06423,2024-01-18,Credit Card,Success,164390.75
PAY06424,O06424,2024-03-09,COD,Failed,39318.02
PAY06425,O06425,2025-12-30,UPI,Refunded,1930.88
PAY06426,O06426,2024-04-25,UPI,Success,331.8
PAY06427,O06427,2023-01-22,Credit Card,Success,47123.74
PAY06428,O06428,2024-07-14,Credit Card,Success,73576.08
PAY06429,O06429,2024-10-09,UPI,Success,104273.41
PAY06430,O06430,2024-09-03,Credit Card,Success,28277.07
PAY06431,O06431,2024-04-13,Net Banking,Success,4405.81
PAY06432,O06432,2024-12-12,UPI,Success,1593.41
PAY06433,O06433,2025-04-27,UPI,Success,24398.21
PAY06434,O06434,2023-05-01,UPI,Success,115959.66
PAY06435,O06435,2025-01-10,Credit Card,Success,10045.88
PAY06436,O06436,2025-01-22,UPI,Failed,38615.58
PAY06437,O06437,2025-02-27,Credit Card,Success,5943.55
PAY06438,O06438,2025-06-15,COD,Success,5673.54
PAY06439,O06439,2025-10-04,UPI,Success,35206.84
PAY06440,O06440,2023-07-07,UPI,Success,2389.96
PAY06441,O06441,2024-06-03,UPI,Success,50550.94
PAY06442,O06442,2024-11-13,UPI,Success,109970.44
PAY06443,O06443,2025-09-29,Debit Card,Success,56976.86
PAY06444,O06444,2024-10-01,UPI,Success,1480.7
PAY06445,O06445,2024-12-30,COD,Success,41670.61
PAY06446,O06446,2024-10-14,COD,Success,25094.84
PAY06447,O06447,2024-03-10,Credit Card,Failed,902.78
PAY06448,O06448,2024-10-05,COD,Success,4799.74
PAY06449,O06449,2025-02-02,Credit Card,Refunded,33964.89
PAY06450,O06450,2025-06-09,Debit Card,Success,18695.85
PAY06451,O06451,2023-04-13,Credit Card,Success,1091.57
PAY06452,O06452,2023-11-16,UPI,Success,2715.35
PAY06453,O06453,2025-04-28,UPI,Success,75385.87
PAY06454,O06454,2023-10-06,Credit Card,Failed,23007.52
PAY06455,O06455,2024-11-29,Net Banking,Success,47913.53
PAY06456,O06456,2023-12-23,UPI,Success,39250.58
PAY06457,O06457,2025-06-14,COD,Success,10962.62
PAY06458,O06458,2025-05-19,COD,Success,51529.87
PAY06459,O06459,2024-03-07,Credit Card,Success,3269.13
PAY06460,O06460,2025-11-28,Credit Card,Failed,58277.0
PAY06461,O06461,2024-02-29,Credit Card,Success,4924.02
PAY06462,O06462,2024-03-06,COD,Failed,3019.09
PAY06463,O06463,2024-03-31,UPI,Success,27233.37
PAY06464,O06464,2024-06-02,UPI,Success,902.78
PAY06465,O06465,2023-07-29,UPI,Success,16520.28
PAY06466,O06466,2024-08-14,COD,Success,35311.36
PAY06467,O06467,2025-06-14,UPI,Success,11228.32
PAY06468,O06468,2025-05-17,Debit Card,Success,1929.71
PAY06469,O06469,2024-03-19,Credit Card,Success,71038.18
PAY06470,O06470,2023-06-26,Debit Card,Failed,34837.77
PAY06471,O06471,2025-01-31,COD,Success,67502.17
PAY06472,O06472,2023-08-07,UPI,Success,13887.72
PAY06473,O06473,2025-05-12,UPI,Success,39071.75
PAY06474,O06474,2024-08-28,Debit Card,Success,8881.25
PAY06475,O06475,2025-03-30,Net Banking,Success,72432.5
PAY06476,O06476,2025-11-27,Debit Card,Success,7165.76
PAY06477,O06477,2024-02-29,COD,Success,4753.08
PAY06478,O06478,2025-06-01,Debit Card,Success,2014.16
PAY06479,O06479,2025-08-23,UPI,Success,17372.16
PAY06480,O06480,2025-06-27,Debit Card,Success,1340.67
PAY06481,O06481,2024-08-02,UPI,Success,16996.49
PAY06482,O06482,2023-07-04,Credit Card,Success,17714.38
PAY06483,O06483,2023-10-02,Credit Card,Success,65509.31
PAY06484,O06484,2024-08-26,COD,Refunded,9850.53
PAY06485,O06485,2024-12-19,COD,Success,4225.53
PAY06486,O06486,2024-06-13,UPI,Success,114081.14
PAY06487,O06487,2025-10-10,Debit Card,Success,11391.02
PAY06488,O06488,2025-01-27,COD,Success,133253.39
PAY06489,O06489,2023-01-08,Credit Card,Success,3060.34
PAY06490,O06490,2023-07-07,UPI,Success,7850.19
PAY06491,O06491,2024-05-13,UPI,Success,1458.1
PAY06492,O06492,2023-03-06,UPI,Success,7588.13
PAY06493,O06493,2024-03-17,Debit Card,Success,35352.25
PAY06494,O06494,2024-08-10,UPI,Success,39624.22
PAY06495,O06495,2024-01-14,Credit Card,Success,6633.33
PAY06496,O06496,2023-10-22,UPI,Success,16690.26
PAY06497,O06497,2024-03-17,Credit Card,Success,13260.3
PAY06498,O06498,2024-01-31,Credit Card,Success,9523.96
PAY06499,O06499,2025-01-06,Credit Card,Success,3880.95
PAY06500,O06500,2025-05-23,Debit Card,Failed,5157.29
PAY06501,O06501,2024-12-05,UPI,Success,13488.86
PAY06502,O06502,2023-04-09,UPI,Success,59298.7
PAY06503,O06503,2025-06-01,Debit Card,Failed,16600.8
PAY06504,O06504,2024-02-17,Net Banking,Success,45017.78
PAY06505,O06505,2024-02-18,Debit Card,Success,714.88
PAY06506,O06506,2023-11-10,COD,Success,33695.12
PAY06507,O06507,2023-11-24,Net Banking,Success,17720.53
PAY06508,O06508,2025-12-21,COD,Failed,7252.66
PAY06509,O06509,2023-05-11,Net Banking,Success,5031.81
PAY06510,O06510,2024-02-28,COD,Success,1369.27
PAY06511,O06511,2024-10-12,COD,Refunded,36494.15
PAY06512,O06512,2023-08-19,Credit Card,Success,3995.69
PAY06513,O06513,2024-11-08,UPI,Success,1149.93
PAY06514,O06514,2024-12-16,Net Banking,Failed,795.03
PAY06515,O06515,2024-09-02,UPI,Success,49005.67
PAY06516,O06516,2023-12-06,Net Banking,Success,83073.08
PAY06517,O06517,2023-09-03,Credit Card,Success,8804.16
PAY06518,O06518,2024-07-11,UPI,Success,6447.58
PAY06519,O06519,2023-07-25,COD,Success,38388.67
PAY06520,O06520,2025-06-25,Credit Card,Success,35204.52
PAY06521,O06521,2024-11-06,COD,Success,17933.66
PAY06522,O06522,2025-01-05,UPI,Success,1586.38
PAY06523,O06523,2023-10-11,Net Banking,Success,1111.89
PAY06524,O06524,2023-08-06,Debit Card,Success,53590.67
PAY06525,O06525,2024-07-28,UPI,Success,15066.79
PAY06526,O06526,2023-07-03,UPI,Success,35408.03
PAY06527,O06527,2025-09-02,Credit Card,Success,15652.05
PAY06528,O06528,2025-07-29,Net Banking,Success,18693.4
PAY06529,O06529,2023-07-27,Credit Card,Success,12987.6
PAY06530,O06530,2024-02-29,UPI,Success,2862.41
PAY06531,O06531,2023-05-20,Net Banking,Success,282.03
PAY06532,O06532,2023-07-23,Net Banking,Success,1803.31
PAY06533,O06533,2023-09-11,COD,Failed,39499.7
PAY06534,O06534,2024-07-23,Debit Card,Success,935.18
PAY06535,O06535,2024-03-02,UPI,Refunded,57923.32
PAY06536,O06536,2025-07-23,UPI,Refunded,31650.85
PAY06537,O06537,2025-08-27,Net Banking,Success,14294.54
PAY06538,O06538,2025-02-02,UPI,Success,3965.78
PAY06539,O06539,2024-07-22,UPI,Success,23444.84
PAY06540,O06540,2024-08-03,Credit Card,Failed,4082.08
PAY06541,O06541,2023-08-19,Credit Card,Success,37972.17
PAY06542,O06542,2025-09-23,COD,Success,4244.18
PAY06543,O06543,2023-10-13,UPI,Success,906.48
PAY06544,O06544,2025-07-10,Debit Card,Success,48018.38
PAY06545,O06545,2023-02-24,Debit Card,Success,859.07
PAY06546,O06546,2025-02-28,COD,Success,61521.29
PAY06547,O06547,2024-07-31,Credit Card,Success,2254.52
PAY06548,O06548,2024-01-25,UPI,Success,2550.21
PAY06549,O06549,2025-11-02,Debit Card,Success,100698.18
PAY06550,O06550,2023-12-10,Debit Card,Success,504.93
PAY06551,O06551,2023-12-06,UPI,Success,91067.93
PAY06552,O06552,2023-01-26,UPI,Success,7333.08
PAY06553,O06553,2025-11-25,UPI,Success,1250.44
PAY06554,O06554,2024-08-10,UPI,Success,7985.8
PAY06555,O06555,2024-02-27,Debit Card,Success,16794.15
PAY06556,O06556,2025-11-08,Credit Card,Success,6708.65
PAY06557,O06557,2024-01-14,Credit Card,Success,13860.04
PAY06558,O06558,2023-05-08,UPI,Success,3183.3
PAY06559,O06559,2024-03-09,Net Banking,Success,4163.41
PAY06560,O06560,2025-02-15,COD,Failed,529.7
PAY06561,O06561,2025-03-24,Credit Card,Success,3698.11
PAY06562,O06562,2024-05-30,UPI,Success,16610.05
PAY06563,O06563,2024-05-18,Debit Card,Success,27843.93
PAY06564,O06564,2025-09-17,Credit Card,Success,1927.15
PAY06565,O06565,2024-02-21,Debit Card,Success,67216.36
PAY06566,O06566,2023-04-11,Debit Card,Success,1788.18
PAY06567,O06567,2025-05-30,UPI,Success,1499.84
PAY06568,O06568,2025-12-12,UPI,Success,35591.41
PAY06569,O06569,2024-03-03,UPI,Success,9346.38
PAY06570,O06570,2024-11-08,Net Banking,Success,2235.32
PAY06571,O06571,2023-05-29,COD,Success,6000.85
PAY06572,O06572,2024-11-07,Net Banking,Success,33050.13
PAY06573,O06573,2024-03-26,UPI,Success,4778.93
PAY06574,O06574,2024-06-18,Credit Card,Success,2589.15
PAY06575,O06575,2024-06-17,Debit Card,Success,47725.94
PAY06576,O06576,2025-05-17,UPI,Success,4071.34
PAY06577,O06577,2024-12-23,COD,Refunded,49573.34
PAY06578,O06578,2025-05-14,Debit Card,Success,331.8
PAY06579,O06579,2025-03-29,Net Banking,Success,56804.92
PAY06580,O06580,2023-09-03,UPI,Success,780.53
PAY06581,O06581,2023-06-05,Debit Card,Success,3497.22
PAY06582,O06582,2023-09-03,Net Banking,Success,134463.31
PAY06583,O06583,2025-03-26,Debit Card,Failed,867.41
PAY06584,O06584,2025-12-03,UPI,Success,4440.27
PAY06585,O06585,2024-01-30,UPI,Success,51524.27
PAY06586,O06586,2023-06-13,Net Banking,Success,8061.66
PAY06587,O06587,2024-04-11,UPI,Success,52901.11
PAY06588,O06588,2024-05-26,Net Banking,Success,39439.25
PAY06589,O06589,2025-04-28,UPI,Failed,11459.3
PAY06590,O06590,2024-05-30,COD,Success,731.11
PAY06591,O06591,2023-05-26,Credit Card,Success,1178.07
PAY06592,O06592,2023-10-23,COD,Success,866.28
PAY06593,O06593,2025-03-18,Credit Card,Success,4424.13
PAY06594,O06594,2023-11-10,COD,Success,1661.64
PAY06595,O06595,2024-07-23,UPI,Success,2261.2
PAY06596,O06596,2023-10-07,Credit Card,Success,111170.14
PAY06597,O06597,2024-04-22,COD,Success,1722.31
PAY06598,O06598,2024-06-19,UPI,Refunded,13557.49
PAY06599,O06599,2024-04-20,Debit Card,Success,60424.99
PAY06600,O06600,2023-08-01,Credit Card,Success,39563.8
PAY06601,O06601,2024-12-30,Credit Card,Refunded,679.49
PAY06602,O06602,2024-08-12,Credit Card,Success,29343.42
PAY06603,O06603,2024-04-25,UPI,Failed,1206.6
PAY06604,O06604,2023-03-04,UPI,Success,1661.15
PAY06605,O06605,2025-02-10,UPI,Success,549.13
PAY06606,O06606,2024-08-12,Credit Card,Success,13727.92
PAY06607,O06607,2023-07-29,UPI,Success,748.26
PAY06608,O06608,2023-02-07,Debit Card,Success,640.81
PAY06609,O06609,2024-08-28,Debit Card,Success,1070.46
PAY06610,O06610,2024-02-16,Credit Card,Failed,4004.7
PAY06611,O06611,2024-10-09,Debit Card,Success,887.54
PAY06612,O06612,2025-01-04,Credit Card,Refunded,5611.62
PAY06613,O06613,2025-07-01,UPI,Success,15736.95
PAY06614,O06614,2024-05-22,COD,Success,15834.9
PAY06615,O06615,2025-04-10,UPI,Success,5367.7
PAY06616,O06616,2025-09-01,Credit Card,Refunded,50836.28
PAY06617,O06617,2024-03-26,UPI,Success,91058.92
PAY06618,O06618,2023-04-30,Debit Card,Success,1406.66
PAY06619,O06619,2024-09-26,UPI,Failed,76320.84
PAY06620,O06620,2023-07-31,UPI,Refunded,3474.2
PAY06621,O06621,2023-10-11,UPI,Success,45007.87
PAY06622,O06622,2023-10-04,UPI,Success,2864.42
PAY06623,O06623,2025-12-01,Debit Card,Success,6316.68
PAY06624,O06624,2025-08-27,Debit Card,Success,90801.19
PAY06625,O06625,2025-06-25,UPI,Success,46135.89
PAY06626,O06626,2024-06-27,UPI,Success,17372.16
PAY06627,O06627,2024-04-06,Credit Card,Success,3254.48
PAY06628,O06628,2024-03-30,Net Banking,Success,6315.78
PAY06629,O06629,2023-12-26,Credit Card,Success,6485.05
PAY06630,O06630,2025-07-24,Debit Card,Success,54654.32
PAY06631,O06631,2025-12-02,Credit Card,Failed,11485.23
PAY06632,O06632,2024-10-07,UPI,Success,5420.82
PAY06633,O06633,2024-10-31,Net Banking,Success,5109.3
PAY06634,O06634,2023-07-25,UPI,Success,2135.57
PAY06635,O06635,2023-04-01,Debit Card,Success,5473.52
PAY06636,O06636,2025-07-26,Net Banking,Success,24877.25
PAY06637,O06637,2025-11-26,UPI,Success,1321.56
PAY06638,O06638,2024-01-09,UPI,Success,2016.54
PAY06639,O06639,2024-01-29,Credit Card,Success,28248.68
PAY06640,O06640,2024-12-13,COD,Refunded,4565.82
PAY06641,O06641,2025-09-21,Net Banking,Success,7994.07
PAY06642,O06642,2023-02-24,Debit Card,Success,6440.88
PAY06643,O06643,2025-08-02,UPI,Success,3702.17
PAY06644,O06644,2025-01-25,Credit Card,Refunded,67036.62
PAY06645,O06645,2024-08-10,COD,Success,35815.15
PAY06646,O06646,2023-11-10,COD,Success,812.5
PAY06647,O06647,2023-01-16,UPI,Success,85906.17
PAY06648,O06648,2023-01-30,Debit Card,Failed,50273.04
PAY06649,O06649,2025-02-14,Net Banking,Success,4158.32
PAY06650,O06650,2023-12-22,COD,Success,6622.69
PAY06651,O06651,2024-11-25,UPI,Success,4963.89
PAY06652,O06652,2024-07-18,UPI,Success,1008.27
PAY06653,O06653,2024-05-27,Credit Card,Success,50755.26
PAY06654,O06654,2023-12-13,Debit Card,Success,38076.11
PAY06655,O06655,2025-04-26,Credit Card,Success,4548.65
PAY06656,O06656,2025-07-12,UPI,Success,8291.05
PAY06657,O06657,2023-01-25,Debit Card,Success,28245.36
PAY06658,O06658,2023-04-03,COD,Success,18853.7
PAY06659,O06659,2023-11-26,UPI,Success,9119.84
PAY06660,O06660,2025-08-30,UPI,Failed,1265.74
PAY06661,O06661,2024-08-24,COD,Success,55481.25
PAY06662,O06662,2023-12-09,Debit Card,Success,3447.27
PAY06663,O06663,2025-06-17,COD,Success,27720.08
PAY06664,O06664,2024-01-31,Credit Card,Success,80763.32
PAY06665,O06665,2024-06-25,Credit Card,Success,109456.12
PAY06666,O06666,2024-06-09,Net Banking,Success,33669.01
PAY06667,O06667,2024-02-13,COD,Success,2357.38
PAY06668,O06668,2025-06-03,Credit Card,Success,32229.29
PAY06669,O06669,2023-03-14,COD,Success,110513.48
PAY06670,O06670,2024-06-28,Net Banking,Success,19475.7
PAY06671,O06671,2025-03-29,UPI,Success,20386.48
PAY06672,O06672,2024-08-25,COD,Success,17454.92
PAY06673,O06673,2025-06-03,UPI,Success,2126.24
PAY06674,O06674,2025-04-28,UPI,Success,4337.81
PAY06675,O06675,2025-02-25,UPI,Success,5612.22
PAY06676,O06676,2025-08-11,UPI,Success,1916.19
PAY06677,O06677,2023-01-02,Credit Card,Success,36861.14
PAY06678,O06678,2024-07-02,Debit Card,Refunded,13334.01
PAY06679,O06679,2025-08-26,COD,Success,2441.23
PAY06680,O06680,2024-08-13,UPI,Success,1178.07
PAY06681,O06681,2023-05-14,Credit Card,Success,8283.16
PAY06682,O06682,2025-05-18,Credit Card,Success,20327.73
PAY06683,O06683,2025-11-12,Credit Card,Success,22727.55
PAY06684,O06684,2024-12-30,Debit Card,Success,58907.19
PAY06685,O06685,2024-06-04,Credit Card,Failed,3488.65
PAY06686,O06686,2025-06-27,Credit Card,Success,4449.16
PAY06687,O06687,2025-03-06,COD,Failed,23411.92
PAY06688,O06688,2024-05-16,COD,Success,15673.17
PAY06689,O06689,2023-09-10,Credit Card,Success,8432.11
PAY06690,O06690,2025-06-23,UPI,Success,12724.45
PAY06691,O06691,2023-01-10,Net Banking,Success,12776.97
PAY06692,O06692,2023-04-20,Debit Card,Success,10229.62
PAY06693,O06693,2025-03-29,COD,Success,7734.02
PAY06694,O06694,2024-06-06,UPI,Success,2648.38
PAY06695,O06695,2024-01-22,COD,Success,17353.98
PAY06696,O06696,2023-07-03,Debit Card,Refunded,1934.12
PAY06697,O06697,2025-07-11,Debit Card,Refunded,2372.4
PAY06698,O06698,2025-10-11,UPI,Success,10154.11
PAY06699,O06699,2025-11-01,Debit Card,Success,3023.76
PAY06700,O06700,2023-07-17,UPI,Success,38088.55
PAY06701,O06701,2023-02-07,UPI,Failed,87561.6
PAY06702,O06702,2025-06-13,UPI,Success,131597.11
PAY06703,O06703,2024-02-26,UPI,Success,6162.14
PAY06704,O06704,2025-10-30,UPI,Success,1390.1
PAY06705,O06705,2023-06-15,Debit Card,Success,2082.35
PAY06706,O06706,2023-04-30,COD,Refunded,2073.59
PAY06707,O06707,2025-01-15,UPI,Success,4327.6
PAY06708,O06708,2024-01-08,COD,Refunded,75044.08
PAY06709,O06709,2023-08-21,Credit Card,Success,1063.02
PAY06710,O06710,2023-10-14,Net Banking,Failed,43789.76
PAY06711,O06711,2025-01-07,UPI,Success,694.2
PAY06712,O06712,2024-03-28,UPI,Success,313.8
PAY06713,O06713,2024-10-19,COD,Refunded,17330.02
PAY06714,O06714,2025-11-30,UPI,Success,990.33
PAY06715,O06715,2025-08-22,Credit Card,Success,21321.82
PAY06716,O06716,2024-01-09,Credit Card,Refunded,3092.85
PAY06717,O06717,2024-07-02,COD,Success,101939.47
PAY06718,O06718,2025-09-30,UPI,Success,75160.2
PAY06719,O06719,2024-04-20,Credit Card,Failed,5216.71
PAY06720,O06720,2023-07-30,Credit Card,Success,43256.5
PAY06721,O06721,2024-02-10,UPI,Failed,32302.56
PAY06722,O06722,2024-08-27,UPI,Success,4412.69
PAY06723,O06723,2024-09-03,Net Banking,Success,3088.47
PAY06724,O06724,2024-08-05,UPI,Success,34496.33
PAY06725,O06725,2023-01-26,Credit Card,Success,38207.79
PAY06726,O06726,2024-09-18,Credit Card,Success,5053.7
PAY06727,O06727,2023-12-09,Debit Card,Success,8292.26
PAY06728,O06728,2023-08-02,Credit Card,Success,87604.82
PAY06729,O06729,2025-07-04,Debit Card,Refunded,60173.16
PAY06730,O06730,2024-08-10,Credit Card,Success,26488.84
PAY06731,O06731,2023-10-24,Debit Card,Success,24877.25
PAY06732,O06732,2025-10-07,Credit Card,Success,843.34
PAY06733,O06733,2024-03-02,UPI,Success,1509.01
PAY06734,O06734,2025-08-25,COD,Refunded,1033.79
PAY06735,O06735,2025-07-03,COD,Success,10686.58
PAY06736,O06736,2023-02-24,Debit Card,Success,795.86
PAY06737,O06737,2025-02-05,Credit Card,Success,2329.74
PAY06738,O06738,2025-05-31,UPI,Failed,31822.05
PAY06739,O06739,2025-04-18,COD,Success,12024.04
PAY06740,O06740,2024-07-15,UPI,Success,4872.63
PAY06741,O06741,2024-12-25,Credit Card,Success,4871.18
PAY06742,O06742,2023-01-05,COD,Success,1282.66
PAY06743,O06743,2023-12-30,Credit Card,Refunded,330.32
PAY06744,O06744,2025-01-23,Credit Card,Success,6516.91
PAY06745,O06745,2025-10-21,COD,Success,11668.73
PAY06746,O06746,2024-03-02,Net Banking,Success,4032.15
PAY06747,O06747,2024-02-03,UPI,Success,6473.86
PAY06748,O06748,2025-08-13,UPI,Success,8949.84
PAY06749,O06749,2023-11-02,Credit Card,Success,1018.48
PAY06750,O06750,2025-04-20,UPI,Success,12899.82
PAY06751,O06751,2023-04-15,Debit Card,Failed,8549.76
PAY06752,O06752,2023-12-31,Credit Card,Refunded,43167.97
PAY06753,O06753,2024-07-22,Credit Card,Success,95370.54
PAY06754,O06754,2025-03-10,UPI,Success,925.93
PAY06755,O06755,2024-11-07,UPI,Success,2440.1
PAY06756,O06756,2024-01-05,UPI,Success,1550.27
PAY06757,O06757,2024-12-26,Credit Card,Success,16310.98
PAY06758,O06758,2024-12-15,Debit Card,Success,2087.6
PAY06759,O06759,2025-04-05,UPI,Success,761.62
PAY06760,O06760,2023-04-02,UPI,Success,20238.04
PAY06761,O06761,2024-09-17,Credit Card,Refunded,62015.62
PAY06762,O06762,2023-06-20,Net Banking,Success,2701.17
PAY06763,O06763,2024-01-23,UPI,Success,202467.04
PAY06764,O06764,2023-04-12,UPI,Success,833.96
PAY06765,O06765,2025-10-05,UPI,Success,52145.44
PAY06766,O06766,2023-07-13,Net Banking,Success,13526.84
PAY06767,O06767,2025-05-21,Credit Card,Success,98773.71
PAY06768,O06768,2024-12-20,Credit Card,Success,1719.9
PAY06769,O06769,2025-08-21,UPI,Refunded,32589.1
PAY06770,O06770,2025-09-01,UPI,Success,1502.54
PAY06771,O06771,2023-08-16,UPI,Failed,1403.25
PAY06772,O06772,2023-12-28,Debit Card,Success,75563.56
PAY06773,O06773,2023-02-14,Debit Card,Success,3929.19
PAY06774,O06774,2023-07-02,Debit Card,Success,3604.79
PAY06775,O06775,2024-05-26,COD,Success,202379.34
PAY06776,O06776,2024-04-08,UPI,Success,85449.49
PAY06777,O06777,2023-10-13,UPI,Refunded,31935.75
PAY06778,O06778,2025-11-26,COD,Failed,48636.03
PAY06779,O06779,2025-07-21,Credit Card,Success,1108.75
PAY06780,O06780,2023-09-15,Net Banking,Failed,82172.89
PAY06781,O06781,2024-06-05,Net Banking,Success,5281.64
PAY06782,O06782,2025-01-20,UPI,Success,3925.07
PAY06783,O06783,2025-11-16,Debit Card,Success,2866.73
PAY06784,O06784,2024-10-19,UPI,Success,27821.38
PAY06785,O06785,2023-11-17,Credit Card,Success,50049.39
PAY06786,O06786,2025-01-04,COD,Success,94417.82
PAY06787,O06787,2024-02-16,Credit Card,Success,46348.54
PAY06788,O06788,2024-04-05,UPI,Success,11486.65
PAY06789,O06789,2023-12-07,UPI,Success,6941.86
PAY06790,O06790,2023-08-16,UPI,Success,7595.59
PAY06791,O06791,2024-01-03,Credit Card,Success,32060.94
PAY06792,O06792,2024-03-10,Debit Card,Success,37529.21
PAY06793,O06793,2025-05-09,Debit Card,Success,943.09
PAY06794,O06794,2024-03-25,Debit Card,Success,15717.74
PAY06795,O06795,2024-05-21,Credit Card,Success,39511.85
PAY06796,O06796,2023-03-04,UPI,Success,22186.48
PAY06797,O06797,2023-07-06,UPI,Failed,3640.18
PAY06798,O06798,2025-06-11,Net Banking,Success,78223.75
PAY06799,O06799,2025-05-01,UPI,Success,33918.1
PAY06800,O06800,2024-08-31,UPI,Success,1691.34
PAY06801,O06801,2023-09-12,UPI,Success,13131.23
PAY06802,O06802,2024-08-03,UPI,Refunded,68936.57
PAY06803,O06803,2023-11-10,COD,Success,6715.21
PAY06804,O06804,2025-10-04,UPI,Success,21507.51
PAY06805,O06805,2024-03-06,Debit Card,Success,13941.95
PAY06806,O06806,2023-08-10,Net Banking,Success,28345.36
PAY06807,O06807,2023-11-14,COD,Refunded,15873.72
PAY06808,O06808,2025-01-30,UPI,Success,42191.76
PAY06809,O06809,2025-02-05,UPI,Success,837.95
PAY06810,O06810,2024-12-29,Debit Card,Success,47139.63
PAY06811,O06811,2023-03-15,Net Banking,Success,36640.51
PAY06812,O06812,2025-09-16,Debit Card,Success,38883.58
PAY06813,O06813,2024-03-31,UPI,Success,16863.62
PAY06814,O06814,2024-09-01,UPI,Success,2755.94
PAY06815,O06815,2024-08-21,Credit Card,Success,1436.29
PAY06816,O06816,2025-04-18,UPI,Success,4897.24
PAY06817,O06817,2025-07-28,UPI,Success,95313.51
PAY06818,O06818,2025-06-08,Debit Card,Success,5250.12
PAY06819,O06819,2025-02-25,Credit Card,Success,4433.33
PAY06820,O06820,2024-06-03,UPI,Success,52145.44
PAY06821,O06821,2025-04-23,UPI,Success,1096.51
PAY06822,O06822,2023-02-07,UPI,Failed,392.08
PAY06823,O06823,2023-11-15,UPI,Success,39355.38
PAY06824,O06824,2024-10-01,COD,Success,6800.69
PAY06825,O06825,2023-05-20,COD,Refunded,5655.33
PAY06826,O06826,2025-07-08,Credit Card,Success,2384.01
PAY06827,O06827,2024-03-03,Debit Card,Success,753.19
PAY06828,O06828,2025-05-05,Credit Card,Success,21319.14
PAY06829,O06829,2023-08-05,COD,Success,27152.94
PAY06830,O06830,2024-10-07,UPI,Success,1200.67
PAY06831,O06831,2024-06-24,UPI,Failed,6271.8
PAY06832,O06832,2025-05-27,UPI,Success,18827.76
PAY06833,O06833,2024-01-25,UPI,Success,19535.88
PAY06834,O06834,2023-06-02,UPI,Success,21651.02
PAY06835,O06835,2025-01-17,COD,Success,50127.89
PAY06836,O06836,2023-05-14,UPI,Success,8731.88
PAY06837,O06837,2025-01-13,Credit Card,Success,4172.17
PAY06838,O06838,2025-11-26,Debit Card,Success,108431.84
PAY06839,O06839,2024-08-15,Debit Card,Success,3283.48
PAY06840,O06840,2025-05-17,UPI,Success,224.46
PAY06841,O06841,2025-01-25,UPI,Success,1315.61
PAY06842,O06842,2023-12-10,COD,Success,23215.64
PAY06843,O06843,2024-04-30,Debit Card,Success,3778.08
PAY06844,O06844,2024-01-23,Debit Card,Success,673.98
PAY06845,O06845,2024-06-30,Credit Card,Success,25617.58
PAY06846,O06846,2025-05-08,UPI,Success,3725.4
PAY06847,O06847,2025-07-07,Credit Card,Success,4767.54
PAY06848,O06848,2024-11-30,UPI,Success,5820.81
PAY06849,O06849,2025-10-31,COD,Success,6555.17
PAY06850,O06850,2024-08-04,Debit Card,Refunded,1933.27
PAY06851,O06851,2023-05-11,COD,Success,106335.25
PAY06852,O06852,2024-01-03,Credit Card,Success,1229.54
PAY06853,O06853,2024-02-25,Credit Card,Failed,8515.99
PAY06854,O06854,2024-03-01,Debit Card,Success,6051.12
PAY06855,O06855,2023-06-12,COD,Refunded,19137.19
PAY06856,O06856,2023-04-05,UPI,Success,3768.66
PAY06857,O06857,2025-04-15,Debit Card,Failed,332.41
PAY06858,O06858,2023-08-09,Credit Card,Success,871.16
PAY06859,O06859,2024-04-09,Credit Card,Refunded,24077.8
PAY06860,O06860,2025-07-21,Credit Card,Success,163583.1
PAY06861,O06861,2024-11-12,UPI,Success,4922.87
PAY06862,O06862,2024-10-20,UPI,Failed,10495.37
PAY06863,O06863,2023-10-14,Debit Card,Success,8822.49
PAY06864,O06864,2025-03-31,COD,Success,1160.91
PAY06865,O06865,2024-03-31,Credit Card,Success,7515.92
PAY06866,O06866,2025-07-09,COD,Success,16801.63
PAY06867,O06867,2023-10-03,Credit Card,Success,18929.31
PAY06868,O06868,2023-02-08,Net Banking,Refunded,3869.16
PAY06869,O06869,2024-03-19,Credit Card,Success,28822.85
PAY06870,O06870,2025-05-26,UPI,Success,24509.29
PAY06871,O06871,2025-11-25,COD,Success,14732.51
PAY06872,O06872,2023-03-10,COD,Success,5041.41
PAY06873,O06873,2023-12-26,Credit Card,Failed,3237.68
PAY06874,O06874,2024-12-17,COD,Success,14010.19
PAY06875,O06875,2025-08-05,UPI,Success,5586.33
PAY06876,O06876,2024-04-26,COD,Success,891.65
PAY06877,O06877,2023-10-18,Debit Card,Success,46017.22
PAY06878,O06878,2023-03-31,UPI,Success,41961.23
PAY06879,O06879,2023-07-31,COD,Success,51242.98
PAY06880,O06880,2024-07-28,UPI,Success,12153.45
PAY06881,O06881,2025-04-27,UPI,Success,1223.79
PAY06882,O06882,2023-10-17,Credit Card,Success,752.51
PAY06883,O06883,2024-01-04,COD,Success,8169.51
PAY06884,O06884,2023-01-27,UPI,Success,772.67
PAY06885,O06885,2024-02-26,Credit Card,Success,1206.6
PAY06886,O06886,2025-06-20,Debit Card,Success,38307.48
PAY06887,O06887,2025-03-15,Debit Card,Success,12095.92
PAY06888,O06888,2024-09-04,Debit Card,Success,10240.07
PAY06889,O06889,2024-04-17,Net Banking,Failed,404.57
PAY06890,O06890,2024-01-06,Credit Card,Success,17853.94
PAY06891,O06891,2024-02-14,COD,Refunded,20969.3
PAY06892,O06892,2025-11-16,Debit Card,Refunded,35322.96
PAY06893,O06893,2023-06-12,Debit Card,Success,6329.37
PAY06894,O06894,2024-11-09,Credit Card,Failed,4982.95
PAY06895,O06895,2023-01-13,UPI,Success,52855.43
PAY06896,O06896,2023-03-29,UPI,Success,13955.82
PAY06897,O06897,2024-03-15,Debit Card,Success,1282.66
PAY06898,O06898,2024-02-25,UPI,Success,36818.52
PAY06899,O06899,2025-10-29,Credit Card,Success,3521.76
PAY06900,O06900,2024-05-15,Debit Card,Refunded,3162.99
PAY06901,O06901,2023-09-04,COD,Success,7119.99
PAY06902,O06902,2023-12-12,Credit Card,Success,2362.55
PAY06903,O06903,2024-04-26,UPI,Failed,83579.85
PAY06904,O06904,2025-06-17,COD,Success,584.89
PAY06905,O06905,2024-06-03,Credit Card,Success,596.39
PAY06906,O06906,2024-03-06,Net Banking,Failed,10346.26
PAY06907,O06907,2023-06-20,COD,Success,20635.68
PAY06908,O06908,2023-04-29,Debit Card,Success,2797.2
PAY06909,O06909,2025-01-29,UPI,Success,29764.24
PAY06910,O06910,2023-03-04,UPI,Success,487.04
PAY06911,O06911,2023-04-19,COD,Success,1724.14
PAY06912,O06912,2025-01-17,UPI,Success,2874.79
PAY06913,O06913,2024-12-17,COD,Success,42132.56
PAY06914,O06914,2024-02-21,Credit Card,Failed,1163.07
PAY06915,O06915,2025-06-11,COD,Success,4821.23
PAY06916,O06916,2024-12-11,Credit Card,Success,27101.39
PAY06917,O06917,2024-09-10,Credit Card,Success,15033.56
PAY06918,O06918,2023-09-11,Debit Card,Success,89396.64
PAY06919,O06919,2025-01-08,COD,Success,4682.14
PAY06920,O06920,2024-05-19,Debit Card,Success,9431.39
PAY06921,O06921,2023-06-05,Credit Card,Success,1158.19
PAY06922,O06922,2023-08-13,UPI,Success,49108.17
PAY06923,O06923,2024-08-20,COD,Failed,25523.16
PAY06924,O06924,2025-04-25,Credit Card,Failed,4725.93
PAY06925,O06925,2024-11-14,COD,Success,12356.29
PAY06926,O06926,2023-06-10,Net Banking,Success,75238.2
PAY06927,O06927,2025-12-10,Debit Card,Success,1311.7
PAY06928,O06928,2023-06-22,UPI,Success,640.46
PAY06929,O06929,2025-09-08,COD,Success,7381.78
PAY06930,O06930,2023-11-28,UPI,Success,1601.22
PAY06931,O06931,2023-03-07,UPI,Success,1153.46
PAY06932,O06932,2023-09-28,UPI,Success,5540.37
PAY06933,O06933,2025-12-22,UPI,Success,7604.27
PAY06934,O06934,2024-11-21,COD,Success,4351.83
PAY06935,O06935,2024-09-22,UPI,Success,69411.3
PAY06936,O06936,2025-09-28,UPI,Success,1231.83
PAY06937,O06937,2023-09-18,UPI,Success,32001.1
PAY06938,O06938,2023-11-27,Debit Card,Success,1933.27
PAY06939,O06939,2025-02-23,UPI,Success,13947.89
PAY06940,O06940,2023-09-25,UPI,Success,22156.44
PAY06941,O06941,2025-03-04,Credit Card,Success,1304.41
PAY06942,O06942,2025-10-27,UPI,Refunded,11668.7
PAY06943,O06943,2025-05-09,Credit Card,Success,90209.73
PAY06944,O06944,2024-03-16,Net Banking,Success,3828.41
PAY06945,O06945,2024-07-05,COD,Success,31007.81
PAY06946,O06946,2023-01-06,UPI,Success,88117.28
PAY06947,O06947,2024-11-08,Debit Card,Success,25885.8
PAY06948,O06948,2023-11-05,Credit Card,Success,8936.62
PAY06949,O06949,2024-04-07,COD,Success,9660.02
PAY06950,O06950,2023-04-28,UPI,Refunded,3567.9
PAY06951,O06951,2024-07-17,UPI,Success,465.89
PAY06952,O06952,2025-08-29,COD,Failed,1840.64
PAY06953,O06953,2025-11-06,COD,Success,60931.78
PAY06954,O06954,2023-07-20,Credit Card,Success,14092.7
PAY06955,O06955,2023-05-05,UPI,Success,781.72
PAY06956,O06956,2023-06-07,COD,Failed,48524.46
PAY06957,O06957,2024-02-13,Credit Card,Success,3923.02
PAY06958,O06958,2024-04-10,UPI,Refunded,86211.82
PAY06959,O06959,2025-01-24,COD,Success,1896.66
PAY06960,O06960,2025-02-11,Credit Card,Failed,57637.55
PAY06961,O06961,2025-04-16,UPI,Success,2071.41
PAY06962,O06962,2025-10-02,COD,Success,3597.91
PAY06963,O06963,2025-01-19,Credit Card,Refunded,2110.41
PAY06964,O06964,2024-01-30,Debit Card,Failed,29925.84
PAY06965,O06965,2023-02-21,COD,Failed,1939.03
PAY06966,O06966,2024-12-27,Credit Card,Success,15296.84
PAY06967,O06967,2023-05-24,UPI,Refunded,58868.43
PAY06968,O06968,2023-06-17,Net Banking,Success,65501.17
PAY06969,O06969,2025-12-26,UPI,Success,9922.82
PAY06970,O06970,2025-11-09,Net Banking,Success,2081.34
PAY06971,O06971,2024-09-16,UPI,Success,2111.79
PAY06972,O06972,2023-03-10,Credit Card,Success,11169.14
PAY06973,O06973,2024-03-30,Debit Card,Success,62807.5
PAY06974,O06974,2023-01-26,COD,Success,46789.32
PAY06975,O06975,2023-11-07,COD,Success,46910.99
PAY06976,O06976,2023-01-13,UPI,Success,7119.54
PAY06977,O06977,2024-08-01,UPI,Success,3383.71
PAY06978,O06978,2024-11-26,UPI,Success,369.08
PAY06979,O06979,2023-08-22,UPI,Failed,478.31
PAY06980,O06980,2025-04-16,Debit Card,Success,53254.54
PAY06981,O06981,2025-07-05,Net Banking,Success,142121.47
PAY06982,O06982,2024-08-15,Debit Card,Success,7119.61
PAY06983,O06983,2025-04-28,Credit Card,Failed,945.68
PAY06984,O06984,2024-09-06,Credit Card,Success,462.09
PAY06985,O06985,2023-06-03,Credit Card,Failed,10702.56
PAY06986,O06986,2023-08-06,Debit Card,Success,7877.92
PAY06987,O06987,2024-10-22,COD,Success,48063.94
PAY06988,O06988,2023-11-08,Debit Card,Failed,27004.72
PAY06989,O06989,2023-05-31,Debit Card,Success,3944.46
PAY06990,O06990,2023-12-04,Net Banking,Success,114878.2
PAY06991,O06991,2024-05-22,COD,Success,9887.64
PAY06992,O06992,2025-08-30,COD,Refunded,32077.71
PAY06993,O06993,2025-10-03,UPI,Success,59294.89
PAY06994,O06994,2024-03-10,Debit Card,Failed,11656.68
PAY06995,O06995,2023-07-24,Credit Card,Success,12304.87
PAY06996,O06996,2024-04-09,Debit Card,Success,1486.29
PAY06997,O06997,2025-08-31,Debit Card,Success,141388.61
PAY06998,O06998,2023-11-24,Debit Card,Success,305.07
PAY06999,O06999,2023-05-29,COD,Success,74376.74
PAY07000,O07000,2023-02-06,COD,Success,9745.61
PAY07001,O07001,2023-01-01,Debit Card,Success,4933.18
PAY07002,O07002,2024-04-12,COD,Success,5344.27
PAY07003,O07003,2024-08-27,COD,Success,28230.73
PAY07004,O07004,2024-04-12,UPI,Success,397.45
PAY07005,O07005,2024-03-27,UPI,Refunded,3959.8
PAY07006,O07006,2024-08-27,UPI,Refunded,25662.52
PAY07007,O07007,2023-03-13,Credit Card,Success,3210.68
PAY07008,O07008,2023-09-15,Credit Card,Success,4257.42
PAY07009,O07009,2025-05-16,Debit Card,Success,15867.22
PAY07010,O07010,2025-10-17,COD,Success,8157.52
PAY07011,O07011,2023-04-02,UPI,Success,2471.34
PAY07012,O07012,2024-08-17,COD,Failed,1192.35
PAY07013,O07013,2024-01-07,UPI,Failed,2587.03
PAY07014,O07014,2025-06-11,COD,Success,13557.49
PAY07015,O07015,2023-04-11,COD,Refunded,92211.35
PAY07016,O07016,2024-05-24,Debit Card,Success,25418.14
PAY07017,O07017,2025-09-12,UPI,Failed,24245.84
PAY07018,O07018,2025-08-27,UPI,Success,7434.83
PAY07019,O07019,2025-08-20,COD,Success,42577.75
PAY07020,O07020,2023-09-05,UPI,Success,22384.02
PAY07021,O07021,2025-03-12,Credit Card,Failed,1574.08
PAY07022,O07022,2023-10-07,Credit Card,Success,2841.38
PAY07023,O07023,2025-02-13,Debit Card,Failed,31681.01
PAY07024,O07024,2025-05-03,Credit Card,Success,69947.8
PAY07025,O07025,2024-03-06,Debit Card,Failed,23169.92
PAY07026,O07026,2024-03-17,COD,Refunded,8431.49
PAY07027,O07027,2023-09-23,Debit Card,Success,53547.35
PAY07028,O07028,2024-05-30,UPI,Refunded,79221.01
PAY07029,O07029,2024-03-21,COD,Success,488.25
PAY07030,O07030,2023-08-11,Credit Card,Failed,8477.44
PAY07031,O07031,2025-02-02,Credit Card,Success,21038.67
PAY07032,O07032,2023-07-11,Credit Card,Success,726.63
PAY07033,O07033,2024-07-13,Credit Card,Success,11170.35
PAY07034,O07034,2025-03-18,Debit Card,Success,1114.47
PAY07035,O07035,2023-09-28,Credit Card,Success,1438.59
PAY07036,O07036,2025-12-02,COD,Success,5582.11
PAY07037,O07037,2024-10-14,COD,Refunded,29445.71
PAY07038,O07038,2023-02-12,UPI,Success,737.59
PAY07039,O07039,2024-03-09,UPI,Success,31291.78
PAY07040,O07040,2025-03-13,COD,Failed,7079.97
PAY07041,O07041,2025-07-19,UPI,Failed,8718.84
PAY07042,O07042,2023-11-21,UPI,Success,61657.92
PAY07043,O07043,2025-06-19,Credit Card,Success,5185.28
PAY07044,O07044,2025-05-13,UPI,Success,87627.32
PAY07045,O07045,2025-05-31,UPI,Success,85666.01
PAY07046,O07046,2023-12-06,UPI,Success,1206.8
PAY07047,O07047,2024-02-26,Debit Card,Success,1067.79
PAY07048,O07048,2024-07-21,COD,Success,2529.54
PAY07049,O07049,2025-01-13,UPI,Success,766.44
PAY07050,O07050,2023-09-19,Credit Card,Success,89453.35
PAY07051,O07051,2025-01-01,UPI,Success,3760.48
PAY07052,O07052,2024-11-12,Credit Card,Success,244.65
PAY07053,O07053,2024-11-13,UPI,Failed,80334.7
PAY07054,O07054,2025-10-08,UPI,Failed,1030.81
PAY07055,O07055,2025-06-16,Net Banking,Success,5820.71
PAY07056,O07056,2025-07-21,Net Banking,Success,3164.56
PAY07057,O07057,2024-04-27,Credit Card,Success,19926.29
PAY07058,O07058,2023-10-18,UPI,Success,7126.91
PAY07059,O07059,2025-03-12,Credit Card,Success,4817.01
PAY07060,O07060,2024-10-10,Net Banking,Success,64159.5
PAY07061,O07061,2023-04-17,UPI,Success,4764.13
PAY07062,O07062,2023-07-10,UPI,Success,16486.28
PAY07063,O07063,2024-01-14,Debit Card,Success,2991.87
PAY07064,O07064,2024-11-15,Debit Card,Success,66082.19
PAY07065,O07065,2025-11-09,UPI,Success,4464.22
PAY07066,O07066,2023-09-17,COD,Success,24038.78
PAY07067,O07067,2025-04-07,Debit Card,Success,6316.68
PAY07068,O07068,2024-01-07,UPI,Success,12808.72
PAY07069,O07069,2025-09-14,UPI,Success,5583.09
PAY07070,O07070,2025-04-12,Net Banking,Success,3262.09
PAY07071,O07071,2025-08-26,Debit Card,Success,50884.89
PAY07072,O07072,2024-08-17,UPI,Success,17848.3
PAY07073,O07073,2023-03-01,Credit Card,Success,5558.19
PAY07074,O07074,2023-04-16,Credit Card,Success,161611.21
PAY07075,O07075,2025-05-27,Debit Card,Success,36997.5
PAY07076,O07076,2025-12-05,UPI,Success,8390.62
PAY07077,O07077,2024-10-07,UPI,Success,10846.21
PAY07078,O07078,2023-09-26,UPI,Success,2162.18
PAY07079,O07079,2025-08-13,Net Banking,Success,4344.02
PAY07080,O07080,2023-10-09,COD,Success,32475.09
PAY07081,O07081,2024-06-09,Credit Card,Success,28814.32
PAY07082,O07082,2025-05-15,Credit Card,Success,19974.86
PAY07083,O07083,2023-01-26,UPI,Success,1675.52
PAY07084,O07084,2024-07-06,Credit Card,Success,3722.69
PAY07085,O07085,2025-03-10,Debit Card,Success,90664.01
PAY07086,O07086,2025-12-25,Debit Card,Success,103267.15
PAY07087,O07087,2023-04-23,UPI,Success,8392.07
PAY07088,O07088,2024-02-28,Debit Card,Failed,2326.65
PAY07089,O07089,2025-06-23,COD,Failed,36360.0
PAY07090,O07090,2024-12-26,UPI,Refunded,4296.27
PAY07091,O07091,2023-10-21,Debit Card,Failed,23955.13
PAY07092,O07092,2025-03-16,COD,Refunded,26384.4
PAY07093,O07093,2024-01-21,UPI,Failed,68849.45
PAY07094,O07094,2023-10-11,Debit Card,Success,803.5
PAY07095,O07095,2025-02-03,UPI,Success,3717.47
PAY07096,O07096,2025-08-24,Debit Card,Success,55926.33
PAY07097,O07097,2023-07-13,Credit Card,Success,2600.64
PAY07098,O07098,2025-04-23,COD,Success,3810.75
PAY07099,O07099,2024-09-12,Credit Card,Refunded,3546.28
PAY07100,O07100,2025-10-17,Credit Card,Refunded,10060.9
PAY07101,O07101,2023-07-26,Net Banking,Success,1831.9
PAY07102,O07102,2024-10-01,Net Banking,Success,1699.66
PAY07103,O07103,2023-03-05,UPI,Success,51202.63
PAY07104,O07104,2025-11-08,Credit Card,Success,825.44
PAY07105,O07105,2023-08-18,UPI,Success,24997.08
PAY07106,O07106,2024-12-04,UPI,Failed,681.81
PAY07107,O07107,2024-01-31,Debit Card,Failed,42398.92
PAY07108,O07108,2025-01-04,UPI,Success,1535.44
PAY07109,O07109,2023-10-26,UPI,Success,14690.34
PAY07110,O07110,2025-10-17,Debit Card,Success,6194.34
PAY07111,O07111,2025-01-31,Debit Card,Success,8035.6
PAY07112,O07112,2024-12-03,COD,Success,9325.34
PAY07113,O07113,2024-06-07,Credit Card,Refunded,4882.05
PAY07114,O07114,2024-07-06,Net Banking,Success,37205.0
PAY07115,O07115,2023-05-08,Debit Card,Success,1815.34
PAY07116,O07116,2023-08-14,Credit Card,Refunded,45279.33
PAY07117,O07117,2024-12-24,Debit Card,Success,3110.28
PAY07118,O07118,2023-11-30,Debit Card,Success,2865.12
PAY07119,O07119,2023-11-26,UPI,Success,1149.93
PAY07120,O07120,2025-06-29,UPI,Success,29319.82
PAY07121,O07121,2023-06-22,Debit Card,Success,2150.96
PAY07122,O07122,2025-07-06,Credit Card,Success,1653.12
PAY07123,O07123,2023-01-01,Credit Card,Success,22025.82
PAY07124,O07124,2025-05-25,Net Banking,Failed,37630.05
PAY07125,O07125,2025-05-12,UPI,Success,94915.2
PAY07126,O07126,2023-08-31,Debit Card,Success,42650.02
PAY07127,O07127,2024-08-06,Net Banking,Success,7767.68
PAY07128,O07128,2024-08-23,UPI,Success,1852.1
PAY07129,O07129,2023-01-22,UPI,Refunded,372.71
PAY07130,O07130,2024-04-19,UPI,Failed,25456.05
PAY07131,O07131,2023-05-22,UPI,Success,17232.11
PAY07132,O07132,2024-11-19,Credit Card,Success,2823.68
PAY07133,O07133,2023-02-19,Debit Card,Success,120593.56
PAY07134,O07134,2024-01-28,COD,Failed,6771.32
PAY07135,O07135,2025-12-14,UPI,Success,1489.35
PAY07136,O07136,2025-12-10,Credit Card,Success,11957.49
PAY07137,O07137,2024-05-06,COD,Success,60173.16
PAY07138,O07138,2023-09-29,COD,Success,50710.87
PAY07139,O07139,2023-12-29,UPI,Success,4959.83
PAY07140,O07140,2023-05-26,UPI,Failed,130553.4
PAY07141,O07141,2024-08-12,COD,Success,53182.22
PAY07142,O07142,2024-01-11,UPI,Success,41828.47
PAY07143,O07143,2025-10-21,Credit Card,Success,27193.4
PAY07144,O07144,2024-06-21,UPI,Refunded,3664.86
PAY07145,O07145,2025-11-25,UPI,Success,54487.64
PAY07146,O07146,2023-11-14,UPI,Success,23493.82
PAY07147,O07147,2024-08-09,Debit Card,Success,2658.89
PAY07148,O07148,2024-07-18,Debit Card,Failed,3381.4
PAY07149,O07149,2024-07-08,UPI,Success,32394.6
PAY07150,O07150,2023-11-07,UPI,Success,24757.88
PAY07151,O07151,2025-07-13,Credit Card,Success,2500.5
PAY07152,O07152,2023-04-05,UPI,Success,495.05
PAY07153,O07153,2023-07-08,UPI,Success,85733.88
PAY07154,O07154,2024-10-10,UPI,Success,7478.35
PAY07155,O07155,2023-07-23,UPI,Success,1371.93
PAY07156,O07156,2023-02-23,Debit Card,Success,1207.98
PAY07157,O07157,2025-08-31,COD,Success,57183.43
PAY07158,O07158,2023-04-05,UPI,Success,517.06
PAY07159,O07159,2023-11-10,UPI,Success,96438.17
PAY07160,O07160,2023-12-26,Credit Card,Success,27274.15
PAY07161,O07161,2023-06-18,UPI,Success,1676.43
PAY07162,O07162,2025-09-08,Net Banking,Success,25547.97
PAY07163,O07163,2024-02-03,UPI,Refunded,680.83
PAY07164,O07164,2024-06-20,UPI,Success,380.28
PAY07165,O07165,2024-01-29,Credit Card,Success,147216.74
PAY07166,O07166,2023-02-17,Credit Card,Success,1094.76
PAY07167,O07167,2024-12-03,Debit Card,Refunded,2429.04
PAY07168,O07168,2023-02-23,Net Banking,Failed,56732.57
PAY07169,O07169,2023-08-29,UPI,Success,104108.03
PAY07170,O07170,2025-06-24,UPI,Success,9981.2
PAY07171,O07171,2025-11-16,UPI,Success,158239.02
PAY07172,O07172,2025-12-18,Debit Card,Success,945.17
PAY07173,O07173,2025-08-20,Debit Card,Refunded,7587.09
PAY07174,O07174,2025-12-16,Credit Card,Success,39520.43
PAY07175,O07175,2024-03-25,UPI,Success,30694.83
PAY07176,O07176,2024-03-10,Credit Card,Success,31096.35
PAY07177,O07177,2025-04-27,COD,Success,2398.25
PAY07178,O07178,2025-08-25,Debit Card,Success,1213.82
PAY07179,O07179,2025-05-17,Debit Card,Success,1943.16
PAY07180,O07180,2023-07-02,UPI,Success,91968.92
PAY07181,O07181,2023-07-02,COD,Success,1352.62
PAY07182,O07182,2023-06-07,UPI,Success,953.8
PAY07183,O07183,2023-04-09,Credit Card,Failed,16123.93
PAY07184,O07184,2025-07-27,COD,Success,64975.93
PAY07185,O07185,2025-03-01,COD,Success,50656.83
PAY07186,O07186,2023-08-26,UPI,Success,32427.23
PAY07187,O07187,2023-01-15,Credit Card,Success,122916.11
PAY07188,O07188,2025-05-08,UPI,Success,13250.71
PAY07189,O07189,2023-07-02,COD,Success,1681.35
PAY07190,O07190,2025-02-02,UPI,Success,35041.28
PAY07191,O07191,2025-03-04,Credit Card,Success,1784.06
PAY07192,O07192,2023-06-26,Net Banking,Success,45928.4
PAY07193,O07193,2025-05-22,COD,Refunded,51698.81
PAY07194,O07194,2025-07-20,UPI,Success,13658.63
PAY07195,O07195,2024-08-06,UPI,Success,979.27
PAY07196,O07196,2025-06-07,UPI,Success,1461.57
PAY07197,O07197,2025-05-31,Debit Card,Success,471.55
PAY07198,O07198,2023-03-10,Debit Card,Success,11149.54
PAY07199,O07199,2023-11-04,UPI,Refunded,769.0
PAY07200,O07200,2025-09-18,UPI,Success,4308.77
PAY07201,O07201,2024-11-22,UPI,Success,36505.53
PAY07202,O07202,2023-02-22,Credit Card,Success,43860.59
PAY07203,O07203,2023-08-05,COD,Success,15400.63
PAY07204,O07204,2024-12-14,UPI,Success,58914.84
PAY07205,O07205,2023-02-09,Debit Card,Success,13601.07
PAY07206,O07206,2025-10-05,COD,Success,5685.96
PAY07207,O07207,2023-02-02,Debit Card,Success,7775.49
PAY07208,O07208,2024-01-29,UPI,Success,106629.44
PAY07209,O07209,2025-03-12,Credit Card,Success,1252.39
PAY07210,O07210,2024-02-29,COD,Success,15824.44
PAY07211,O07211,2025-10-25,UPI,Success,240.87
PAY07212,O07212,2024-11-23,Net Banking,Success,86403.64
PAY07213,O07213,2025-12-14,UPI,Success,113286.8
PAY07214,O07214,2025-02-18,UPI,Success,2699.3
PAY07215,O07215,2023-07-20,COD,Success,25331.67
PAY07216,O07216,2025-02-14,COD,Success,7639.87
PAY07217,O07217,2023-08-16,UPI,Success,2447.9
PAY07218,O07218,2024-04-16,UPI,Success,2219.64
PAY07219,O07219,2023-01-18,Net Banking,Refunded,37387.55
PAY07220,O07220,2024-09-21,UPI,Success,78975.89
PAY07221,O07221,2023-01-10,UPI,Success,824.36
PAY07222,O07222,2025-11-28,UPI,Success,3880.95
PAY07223,O07223,2023-02-11,Debit Card,Success,906.48
PAY07224,O07224,2024-09-13,COD,Success,53665.04
PAY07225,O07225,2023-02-13,UPI,Success,5676.68
PAY07226,O07226,2023-07-17,UPI,Failed,1094.76
PAY07227,O07227,2023-10-26,Credit Card,Success,155967.43
PAY07228,O07228,2023-07-29,Debit Card,Success,381.51
PAY07229,O07229,2024-04-03,Debit Card,Success,1189.4
PAY07230,O07230,2025-05-28,UPI,Success,32266.65
PAY07231,O07231,2025-03-01,UPI,Success,34281.96
PAY07232,O07232,2024-05-29,UPI,Success,9884.0
PAY07233,O07233,2024-01-19,UPI,Success,692.28
PAY07234,O07234,2024-07-02,UPI,Success,72310.39
PAY07235,O07235,2024-05-22,Net Banking,Success,753.48
PAY07236,O07236,2023-11-28,UPI,Success,2066.18
PAY07237,O07237,2025-10-03,COD,Refunded,79732.45
PAY07238,O07238,2024-05-03,Credit Card,Success,1017.67
PAY07239,O07239,2025-03-25,Net Banking,Refunded,2612.78
PAY07240,O07240,2024-04-26,UPI,Success,1337.88
PAY07241,O07241,2024-04-18,UPI,Success,2389.96
PAY07242,O07242,2025-10-18,UPI,Success,714.88
PAY07243,O07243,2025-10-21,Debit Card,Success,1703.71
PAY07244,O07244,2024-03-09,UPI,Success,1218.35
PAY07245,O07245,2023-01-17,COD,Success,52161.46
PAY07246,O07246,2025-09-10,Debit Card,Success,27023.34
PAY07247,O07247,2024-09-12,Credit Card,Success,10834.65
PAY07248,O07248,2024-11-19,Credit Card,Success,134646.98
PAY07249,O07249,2023-03-07,UPI,Success,35468.55
PAY07250,O07250,2024-07-28,UPI,Success,31595.18
PAY07251,O07251,2025-03-31,Credit Card,Success,4000.45
PAY07252,O07252,2023-03-15,UPI,Success,13932.11
PAY07253,O07253,2023-07-24,COD,Success,7543.96
PAY07254,O07254,2023-09-13,COD,Success,85224.98
PAY07255,O07255,2024-09-05,Debit Card,Refunded,40840.25
PAY07256,O07256,2023-07-15,Credit Card,Refunded,55620.2
PAY07257,O07257,2023-09-10,Credit Card,Success,6520.36
PAY07258,O07258,2024-07-03,Credit Card,Failed,49005.67
PAY07259,O07259,2025-08-12,Debit Card,Failed,36851.63
PAY07260,O07260,2023-11-08,UPI,Success,3204.49
PAY07261,O07261,2024-10-15,Credit Card,Success,59029.86
PAY07262,O07262,2024-03-18,COD,Failed,1277.7
PAY07263,O07263,2023-10-03,Credit Card,Success,13604.91
PAY07264,O07264,2024-06-23,UPI,Success,27835.67
PAY07265,O07265,2025-01-12,UPI,Success,49074.93
PAY07266,O07266,2023-01-15,Debit Card,Success,1050.76
PAY07267,O07267,2024-09-01,Net Banking,Success,116553.39
PAY07268,O07268,2023-07-11,COD,Failed,11522.84
PAY07269,O07269,2024-11-29,COD,Success,4673.17
PAY07270,O07270,2023-01-19,Net Banking,Success,10846.53
PAY07271,O07271,2023-12-05,UPI,Success,7542.56
PAY07272,O07272,2025-02-11,UPI,Success,965.44
PAY07273,O07273,2024-08-03,UPI,Success,44224.84
PAY07274,O07274,2023-01-28,Credit Card,Success,3397.61
PAY07275,O07275,2025-10-28,UPI,Failed,106340.74
PAY07276,O07276,2025-11-16,UPI,Success,4177.23
PAY07277,O07277,2023-04-17,Credit Card,Success,134205.53
PAY07278,O07278,2025-02-23,UPI,Success,1291.22
PAY07279,O07279,2023-10-30,Debit Card,Success,19575.47
PAY07280,O07280,2025-11-02,UPI,Success,4171.78
PAY07281,O07281,2025-11-08,Net Banking,Success,3698.11
PAY07282,O07282,2024-10-04,COD,Success,2616.7
PAY07283,O07283,2023-06-23,COD,Success,4404.67
PAY07284,O07284,2024-03-25,COD,Success,54266.91
PAY07285,O07285,2023-02-25,Debit Card,Success,26558.58
PAY07286,O07286,2023-03-19,UPI,Success,25083.01
PAY07287,O07287,2024-03-16,Debit Card,Success,63498.86
PAY07288,O07288,2025-02-22,Debit Card,Success,13828.2
PAY07289,O07289,2023-06-23,UPI,Success,51189.78
PAY07290,O07290,2024-07-05,Debit Card,Success,17720.53
PAY07291,O07291,2023-12-27,Credit Card,Success,23514.84
PAY07292,O07292,2023-08-24,Credit Card,Success,892.03
PAY07293,O07293,2024-03-08,UPI,Success,50421.48
PAY07294,O07294,2025-11-05,Debit Card,Failed,89177.41
PAY07295,O07295,2025-01-07,Net Banking,Success,52615.76
PAY07296,O07296,2025-04-29,COD,Success,3929.5
PAY07297,O07297,2024-09-19,UPI,Success,25816.34
PAY07298,O07298,2023-09-04,Net Banking,Success,4080.63
PAY07299,O07299,2024-07-04,UPI,Success,9518.12
PAY07300,O07300,2025-08-23,UPI,Success,4433.33
PAY07301,O07301,2023-06-17,Net Banking,Success,5020.51
PAY07302,O07302,2023-12-21,COD,Success,6247.67
PAY07303,O07303,2024-12-04,COD,Failed,57674.97
PAY07304,O07304,2023-12-20,UPI,Success,14968.28
PAY07305,O07305,2024-07-29,UPI,Success,966.63
PAY07306,O07306,2025-11-30,UPI,Success,23121.15
PAY07307,O07307,2023-11-19,COD,Success,40709.22
PAY07308,O07308,2025-08-15,UPI,Success,79019.95
PAY07309,O07309,2023-01-30,UPI,Refunded,7396.22
PAY07310,O07310,2025-01-09,UPI,Success,817.78
PAY07311,O07311,2024-06-28,Debit Card,Success,1023.38
PAY07312,O07312,2024-07-23,Credit Card,Success,910.55
PAY07313,O07313,2025-05-18,Net Banking,Success,412.72
PAY07314,O07314,2024-11-28,UPI,Success,2632.11
PAY07315,O07315,2023-07-20,COD,Success,21366.47
PAY07316,O07316,2024-11-15,Credit Card,Success,58489.98
PAY07317,O07317,2023-07-02,Debit Card,Success,76863.46
PAY07318,O07318,2023-05-10,UPI,Refunded,3164.61
PAY07319,O07319,2023-05-12,Debit Card,Success,1006.65
PAY07320,O07320,2024-10-15,UPI,Success,716.27
PAY07321,O07321,2025-10-27,Debit Card,Refunded,18432.09
PAY07322,O07322,2025-04-30,Credit Card,Success,17805.25
PAY07323,O07323,2023-06-18,UPI,Success,1239.19
PAY07324,O07324,2024-01-22,Credit Card,Success,4527.4
PAY07325,O07325,2025-01-13,COD,Success,4387.98
PAY07326,O07326,2023-07-06,UPI,Refunded,44495.14
PAY07327,O07327,2024-07-13,UPI,Success,95428.05
PAY07328,O07328,2023-04-26,Credit Card,Success,19616.81
PAY07329,O07329,2025-10-16,Debit Card,Success,1816.59
PAY07330,O07330,2025-05-08,Credit Card,Success,2237.0
PAY07331,O07331,2025-09-01,UPI,Success,332.41
PAY07332,O07332,2023-08-29,UPI,Success,23106.14
PAY07333,O07333,2023-11-07,UPI,Success,26913.75
PAY07334,O07334,2023-01-17,UPI,Success,80456.98
PAY07335,O07335,2023-03-05,COD,Success,10801.25
PAY07336,O07336,2024-12-07,UPI,Success,560.61
PAY07337,O07337,2023-10-19,UPI,Success,136492.48
PAY07338,O07338,2025-01-18,Net Banking,Failed,1734.52
PAY07339,O07339,2025-03-02,Net Banking,Success,6148.25
PAY07340,O07340,2023-08-30,UPI,Success,388.5
PAY07341,O07341,2025-07-15,Credit Card,Success,37870.11
PAY07342,O07342,2025-08-10,Debit Card,Success,28159.25
PAY07343,O07343,2024-06-11,UPI,Failed,2405.45
PAY07344,O07344,2025-01-11,Debit Card,Success,9083.93
PAY07345,O07345,2023-06-27,Net Banking,Success,1256.22
PAY07346,O07346,2025-03-14,Credit Card,Success,1086.22
PAY07347,O07347,2025-01-28,Credit Card,Success,72459.47
PAY07348,O07348,2025-12-12,Debit Card,Success,5906.48
PAY07349,O07349,2023-12-02,Debit Card,Success,4408.66
PAY07350,O07350,2025-06-17,COD,Success,44089.84
PAY07351,O07351,2024-10-21,UPI,Success,1566.39
PAY07352,O07352,2023-10-20,COD,Success,2111.79
PAY07353,O07353,2024-03-18,COD,Success,434.44
PAY07354,O07354,2024-08-23,UPI,Success,8546.11
PAY07355,O07355,2025-02-06,UPI,Success,369.08
PAY07356,O07356,2025-03-14,Credit Card,Failed,63984.08
PAY07357,O07357,2025-07-02,Credit Card,Success,595.16
PAY07358,O07358,2023-03-12,Net Banking,Success,2767.38
PAY07359,O07359,2025-07-20,UPI,Success,859.27
PAY07360,O07360,2025-10-29,Credit Card,Refunded,15690.42
PAY07361,O07361,2025-08-14,Credit Card,Success,8406.01
PAY07362,O07362,2025-02-19,Credit Card,Success,123537.68
PAY07363,O07363,2025-10-17,Debit Card,Success,55837.86
PAY07364,O07364,2025-05-28,Credit Card,Failed,45863.98
PAY07365,O07365,2023-12-04,UPI,Success,47153.65
PAY07366,O07366,2024-09-20,COD,Success,1178.07
PAY07367,O07367,2024-02-25,UPI,Success,2913.24
PAY07368,O07368,2023-08-27,UPI,Success,4324.96
PAY07369,O07369,2024-05-21,Debit Card,Success,40861.74
PAY07370,O07370,2025-09-07,Credit Card,Success,11668.73
PAY07371,O07371,2024-02-04,Credit Card,Success,2881.37
PAY07372,O07372,2024-09-03,Credit Card,Success,17479.47
PAY07373,O07373,2025-08-12,Credit Card,Success,15660.38
PAY07374,O07374,2023-01-04,Credit Card,Success,7826.14
PAY07375,O07375,2023-01-17,UPI,Success,3019.09
PAY07376,O07376,2023-10-07,Net Banking,Success,2682.5
PAY07377,O07377,2024-01-05,Credit Card,Success,2455.75
PAY07378,O07378,2025-08-20,UPI,Refunded,21138.17
PAY07379,O07379,2025-06-06,Debit Card,Success,1231.88
PAY07380,O07380,2024-01-14,COD,Success,28780.17
PAY07381,O07381,2025-12-15,UPI,Failed,1813.68
PAY07382,O07382,2023-07-29,UPI,Success,9943.93
PAY07383,O07383,2023-05-12,Credit Card,Success,4102.62
PAY07384,O07384,2023-06-27,UPI,Success,7996.73
PAY07385,O07385,2025-01-23,COD,Success,2180.76
PAY07386,O07386,2024-03-12,Credit Card,Success,27563.15
PAY07387,O07387,2025-08-20,UPI,Success,30981.27
PAY07388,O07388,2024-11-11,Net Banking,Success,20892.33
PAY07389,O07389,2024-06-09,Credit Card,Success,10993.13
PAY07390,O07390,2023-03-12,COD,Success,11042.91
PAY07391,O07391,2023-02-23,Credit Card,Success,33864.22
PAY07392,O07392,2023-01-13,Credit Card,Success,48738.2
PAY07393,O07393,2023-03-22,Credit Card,Success,27598.26
PAY07394,O07394,2024-04-21,Credit Card,Success,6665.51
PAY07395,O07395,2025-12-21,UPI,Success,197930.84
PAY07396,O07396,2025-12-06,Net Banking,Success,20797.59
PAY07397,O07397,2024-12-16,UPI,Failed,1267.31
PAY07398,O07398,2025-11-25,Credit Card,Success,13700.86
PAY07399,O07399,2023-10-15,UPI,Success,26389.14
PAY07400,O07400,2025-08-02,Net Banking,Success,1677.27
PAY07401,O07401,2023-08-18,Credit Card,Success,51671.28
PAY07402,O07402,2023-06-21,COD,Refunded,18509.87
PAY07403,O07403,2024-06-07,Credit Card,Failed,2673.6
PAY07404,O07404,2023-10-26,COD,Success,56029.93
PAY07405,O07405,2024-04-01,Credit Card,Success,585.98
PAY07406,O07406,2024-04-23,Credit Card,Success,1543.19
PAY07407,O07407,2023-09-30,Credit Card,Refunded,89777.52
PAY07408,O07408,2024-04-06,UPI,Success,17792.06
PAY07409,O07409,2024-03-09,UPI,Success,21355.8
PAY07410,O07410,2024-09-20,Net Banking,Success,17398.27
PAY07411,O07411,2025-03-07,Debit Card,Success,742.22
PAY07412,O07412,2024-09-13,COD,Success,20551.34
PAY07413,O07413,2024-02-02,UPI,Success,41517.76
PAY07414,O07414,2025-05-11,Credit Card,Success,6899.71
PAY07415,O07415,2025-07-20,UPI,Success,1479.73
PAY07416,O07416,2024-01-22,Debit Card,Success,20865.36
PAY07417,O07417,2024-06-17,COD,Success,5160.8
PAY07418,O07418,2023-08-02,Debit Card,Success,14484.42
PAY07419,O07419,2024-02-01,UPI,Success,4064.64
PAY07420,O07420,2023-02-15,UPI,Success,38329.01
PAY07421,O07421,2024-08-15,Debit Card,Success,8353.49
PAY07422,O07422,2024-01-03,Debit Card,Success,30440.11
PAY07423,O07423,2023-06-23,UPI,Refunded,114088.93
PAY07424,O07424,2023-10-02,Credit Card,Success,31770.81
PAY07425,O07425,2024-05-06,UPI,Success,5164.31
PAY07426,O07426,2024-08-25,UPI,Refunded,1980.66
PAY07427,O07427,2025-12-30,Credit Card,Success,25210.66
PAY07428,O07428,2024-09-03,Debit Card,Success,55977.48
PAY07429,O07429,2023-11-24,UPI,Success,1388.56
PAY07430,O07430,2023-12-14,Debit Card,Failed,3685.26
PAY07431,O07431,2023-06-16,UPI,Success,6618.17
PAY07432,O07432,2025-05-31,Debit Card,Refunded,1509.98
PAY07433,O07433,2025-01-21,Credit Card,Success,27907.03
PAY07434,O07434,2023-12-12,COD,Success,107112.27
PAY07435,O07435,2023-03-03,Credit Card,Success,749.18
PAY07436,O07436,2023-12-30,UPI,Success,5515.0
PAY07437,O07437,2025-07-15,COD,Success,19839.55
PAY07438,O07438,2025-10-20,COD,Success,16431.65
PAY07439,O07439,2023-02-05,UPI,Success,12371.2
PAY07440,O07440,2024-02-09,UPI,Success,3853.88
PAY07441,O07441,2025-06-16,UPI,Success,103348.09
PAY07442,O07442,2023-05-18,COD,Success,465.53
PAY07443,O07443,2023-01-30,UPI,Success,67306.74
PAY07444,O07444,2023-04-16,Credit Card,Success,35018.46
PAY07445,O07445,2023-06-08,Debit Card,Success,3749.09
PAY07446,O07446,2023-07-17,Debit Card,Success,28070.22
PAY07447,O07447,2025-10-06,COD,Success,439.73
PAY07448,O07448,2023-07-23,Credit Card,Success,2442.95
PAY07449,O07449,2023-04-19,Credit Card,Success,15935.18
PAY07450,O07450,2024-06-28,UPI,Success,305.07
PAY07451,O07451,2023-02-10,Debit Card,Refunded,50682.01
PAY07452,O07452,2025-12-25,Credit Card,Success,2384.01
PAY07453,O07453,2025-06-10,UPI,Success,1174.92
PAY07454,O07454,2024-11-14,Credit Card,Success,171690.08
PAY07455,O07455,2025-03-22,Debit Card,Success,31233.02
PAY07456,O07456,2024-02-21,Debit Card,Refunded,2675.17
PAY07457,O07457,2024-01-07,Credit Card,Refunded,31491.91
PAY07458,O07458,2025-03-14,UPI,Success,20366.07
PAY07459,O07459,2023-12-31,Debit Card,Success,5948.91
PAY07460,O07460,2024-04-15,Debit Card,Success,53810.58
PAY07461,O07461,2024-05-14,Credit Card,Success,6572.02
PAY07462,O07462,2025-10-02,UPI,Success,27822.1
PAY07463,O07463,2024-02-29,UPI,Success,1769.56
PAY07464,O07464,2024-08-03,UPI,Success,29457.42
PAY07465,O07465,2024-02-09,COD,Success,5802.06
PAY07466,O07466,2024-05-09,Debit Card,Success,101481.28
PAY07467,O07467,2024-05-06,COD,Failed,42869.18
PAY07468,O07468,2025-07-15,COD,Success,67419.92
PAY07469,O07469,2025-08-03,Credit Card,Success,18988.59
PAY07470,O07470,2024-06-16,Credit Card,Success,40355.05
PAY07471,O07471,2025-07-29,UPI,Success,10843.37
PAY07472,O07472,2023-04-25,Debit Card,Success,13720.97
PAY07473,O07473,2023-12-12,Credit Card,Success,5564.67
PAY07474,O07474,2023-12-24,UPI,Refunded,29249.93
PAY07475,O07475,2023-05-06,UPI,Success,2185.89
PAY07476,O07476,2023-03-23,Debit Card,Success,6626.07
PAY07477,O07477,2023-09-10,Credit Card,Refunded,1573.05
PAY07478,O07478,2024-01-19,UPI,Success,2621.93
PAY07479,O07479,2024-12-18,COD,Success,5327.8
PAY07480,O07480,2024-03-27,Debit Card,Success,465.53
PAY07481,O07481,2024-08-18,UPI,Success,23332.92
PAY07482,O07482,2023-01-26,UPI,Success,16835.22
PAY07483,O07483,2023-12-19,Debit Card,Success,36602.49
PAY07484,O07484,2023-03-15,UPI,Refunded,4420.48
PAY07485,O07485,2024-11-25,Debit Card,Success,332.41
PAY07486,O07486,2024-05-31,Credit Card,Success,1868.5
PAY07487,O07487,2025-02-10,COD,Success,3880.07
PAY07488,O07488,2025-11-20,COD,Failed,1226.44
PAY07489,O07489,2024-10-21,COD,Success,4720.88
PAY07490,O07490,2025-07-28,UPI,Success,290.0
PAY07491,O07491,2025-04-15,Credit Card,Success,26898.22
PAY07492,O07492,2025-11-17,UPI,Success,228.2
PAY07493,O07493,2024-09-13,Credit Card,Success,17216.35
PAY07494,O07494,2023-01-21,Net Banking,Success,12149.65
PAY07495,O07495,2024-06-11,UPI,Success,4381.26
PAY07496,O07496,2025-03-06,COD,Refunded,36114.48
PAY07497,O07497,2024-06-27,Net Banking,Success,586.48
PAY07498,O07498,2024-09-08,Net Banking,Success,4058.87
PAY07499,O07499,2025-12-01,COD,Success,39566.77
PAY07500,O07500,2023-06-15,Credit Card,Failed,2264.81
PAY07501,O07501,2025-03-20,UPI,Refunded,914.62
PAY07502,O07502,2025-05-15,Debit Card,Success,59238.58
PAY07503,O07503,2025-12-14,Debit Card,Success,901.94
PAY07504,O07504,2024-01-07,UPI,Success,19549.64
PAY07505,O07505,2023-12-31,Debit Card,Success,5861.54
PAY07506,O07506,2025-11-26,UPI,Failed,52908.25
PAY07507,O07507,2023-05-01,Debit Card,Success,7934.68
PAY07508,O07508,2024-02-14,COD,Success,2307.0
PAY07509,O07509,2023-12-31,Credit Card,Success,110860.29
PAY07510,O07510,2025-08-17,COD,Success,1036.66
PAY07511,O07511,2023-11-20,Debit Card,Success,25043.21
PAY07512,O07512,2025-01-28,UPI,Success,31144.64
PAY07513,O07513,2025-08-01,UPI,Success,6307.91
PAY07514,O07514,2024-03-23,COD,Failed,6520.36
PAY07515,O07515,2024-12-05,UPI,Success,3597.91
PAY07516,O07516,2024-12-09,Net Banking,Success,56793.42
PAY07517,O07517,2025-09-07,COD,Success,111431.22
PAY07518,O07518,2023-12-09,UPI,Refunded,22001.43
PAY07519,O07519,2024-04-19,UPI,Success,47436.7
PAY07520,O07520,2023-10-19,Debit Card,Success,2164.9
PAY07521,O07521,2023-06-22,Debit Card,Success,5492.43
PAY07522,O07522,2023-10-28,UPI,Success,49520.9
PAY07523,O07523,2023-05-31,UPI,Refunded,1573.76
PAY07524,O07524,2024-10-23,Debit Card,Failed,2524.1
PAY07525,O07525,2024-11-30,COD,Success,16635.85
PAY07526,O07526,2025-08-25,UPI,Success,18538.88
PAY07527,O07527,2024-02-22,Debit Card,Success,8337.42
PAY07528,O07528,2023-09-14,COD,Refunded,16045.9
PAY07529,O07529,2024-05-29,UPI,Success,69949.76
PAY07530,O07530,2024-11-09,Credit Card,Success,6279.15
PAY07531,O07531,2025-07-01,COD,Success,7444.75
PAY07532,O07532,2023-07-24,UPI,Success,13006.23
PAY07533,O07533,2024-11-20,UPI,Success,1031.36
PAY07534,O07534,2023-12-12,Debit Card,Success,4161.74
PAY07535,O07535,2024-04-10,Credit Card,Refunded,71292.6
PAY07536,O07536,2023-01-30,Debit Card,Success,904.5
PAY07537,O07537,2023-04-15,UPI,Success,77747.02
PAY07538,O07538,2023-11-30,Credit Card,Success,22647.01
PAY07539,O07539,2025-12-28,UPI,Failed,9184.9
PAY07540,O07540,2023-04-17,Net Banking,Success,10819.52
PAY07541,O07541,2023-04-13,Credit Card,Success,1396.46
PAY07542,O07542,2024-07-07,Debit Card,Refunded,3268.54
PAY07543,O07543,2023-05-19,UPI,Success,14556.55
PAY07544,O07544,2024-05-05,Net Banking,Success,945.68
PAY07545,O07545,2023-03-09,UPI,Refunded,2122.01
PAY07546,O07546,2023-10-07,UPI,Refunded,76605.56
PAY07547,O07547,2023-08-01,UPI,Failed,43075.61
PAY07548,O07548,2024-09-21,COD,Success,59405.96
PAY07549,O07549,2024-10-11,Debit Card,Success,19335.74
PAY07550,O07550,2024-01-02,Net Banking,Success,666.04
PAY07551,O07551,2024-11-08,UPI,Success,85582.66
PAY07552,O07552,2025-05-13,Debit Card,Refunded,8546.11
PAY07553,O07553,2024-01-30,Credit Card,Refunded,22862.5
PAY07554,O07554,2024-07-08,Debit Card,Refunded,4560.46
PAY07555,O07555,2025-03-15,Credit Card,Success,690.57
PAY07556,O07556,2024-03-01,Debit Card,Success,98707.92
PAY07557,O07557,2024-02-22,COD,Failed,6193.43
PAY07558,O07558,2025-08-03,Credit Card,Success,1557.87
PAY07559,O07559,2023-12-14,COD,Success,21891.06
PAY07560,O07560,2024-11-27,COD,Success,47049.82
PAY07561,O07561,2024-08-01,COD,Success,2624.17
PAY07562,O07562,2025-03-27,Debit Card,Refunded,838.6
PAY07563,O07563,2023-06-30,Credit Card,Success,23226.12
PAY07564,O07564,2023-08-04,UPI,Success,31004.23
PAY07565,O07565,2024-03-13,COD,Refunded,11999.78
PAY07566,O07566,2023-06-03,UPI,Refunded,17443.66
PAY07567,O07567,2025-05-22,UPI,Success,83298.96
PAY07568,O07568,2025-07-29,Credit Card,Failed,39812.14
PAY07569,O07569,2024-08-29,Debit Card,Refunded,20353.99
PAY07570,O07570,2025-01-22,Debit Card,Refunded,107400.98
PAY07571,O07571,2025-08-11,Debit Card,Success,442.25
PAY07572,O07572,2025-02-26,Debit Card,Success,12112.78
PAY07573,O07573,2023-06-01,COD,Success,18510.12
PAY07574,O07574,2025-06-14,COD,Success,9102.5
PAY07575,O07575,2025-06-27,COD,Failed,678.13
PAY07576,O07576,2024-04-02,Credit Card,Success,1465.71
PAY07577,O07577,2023-12-01,UPI,Failed,4285.65
PAY07578,O07578,2024-04-07,Debit Card,Success,26171.38
PAY07579,O07579,2025-11-15,UPI,Success,14413.22
PAY07580,O07580,2025-03-16,COD,Success,3100.22
PAY07581,O07581,2024-03-15,Debit Card,Success,3832.06
PAY07582,O07582,2023-04-08,COD,Success,5828.44
PAY07583,O07583,2024-01-31,UPI,Failed,29619.76
PAY07584,O07584,2023-09-24,Debit Card,Success,1222.01
PAY07585,O07585,2025-04-09,Credit Card,Success,13115.47
PAY07586,O07586,2025-12-02,UPI,Refunded,48517.65
PAY07587,O07587,2023-05-01,COD,Refunded,26660.93
PAY07588,O07588,2024-03-02,Credit Card,Success,4997.8
PAY07589,O07589,2023-01-05,UPI,Success,38099.1
PAY07590,O07590,2024-10-05,UPI,Success,2321.82
PAY07591,O07591,2025-10-21,UPI,Success,25084.26
PAY07592,O07592,2025-03-30,UPI,Success,2098.0
PAY07593,O07593,2023-07-04,UPI,Success,9077.4
PAY07594,O07594,2024-05-13,UPI,Success,13315.79
PAY07595,O07595,2023-03-13,Debit Card,Success,14219.87
PAY07596,O07596,2023-03-11,Net Banking,Success,2217.93
PAY07597,O07597,2024-08-04,UPI,Success,2667.08
PAY07598,O07598,2023-05-03,UPI,Success,32217.77
PAY07599,O07599,2024-01-29,UPI,Failed,3732.73
PAY07600,O07600,2025-07-03,UPI,Refunded,51391.7
PAY07601,O07601,2024-01-03,Credit Card,Success,22709.66
PAY07602,O07602,2024-04-03,Credit Card,Success,49862.4
PAY07603,O07603,2023-07-03,UPI,Success,67412.99
PAY07604,O07604,2024-05-28,UPI,Success,210143.56
PAY07605,O07605,2025-10-28,Credit Card,Success,34933.91
PAY07606,O07606,2024-12-24,Credit Card,Success,29221.77
PAY07607,O07607,2023-02-17,Credit Card,Success,47650.32
PAY07608,O07608,2024-08-17,COD,Refunded,4779.92
PAY07609,O07609,2025-07-28,Credit Card,Success,518.62
PAY07610,O07610,2025-02-12,Credit Card,Success,2424.59
PAY07611,O07611,2024-04-26,UPI,Refunded,13235.82
PAY07612,O07612,2024-10-16,Credit Card,Success,3517.04
PAY07613,O07613,2023-08-27,COD,Success,1840.64
PAY07614,O07614,2025-09-17,Net Banking,Failed,6214.5
PAY07615,O07615,2024-11-18,UPI,Success,2710.21
PAY07616,O07616,2023-03-07,UPI,Success,1479.73
PAY07617,O07617,2023-10-06,COD,Success,94209.49
PAY07618,O07618,2023-02-20,UPI,Success,3089.1
PAY07619,O07619,2023-08-03,UPI,Success,3334.45
PAY07620,O07620,2023-02-06,UPI,Success,26023.97
PAY07621,O07621,2024-03-06,Credit Card,Success,3966.29
PAY07622,O07622,2024-05-19,Credit Card,Failed,6697.06
PAY07623,O07623,2023-09-07,UPI,Success,10712.16
PAY07624,O07624,2025-01-04,COD,Success,94829.59
PAY07625,O07625,2025-03-16,Debit Card,Refunded,29834.34
PAY07626,O07626,2024-04-14,Net Banking,Success,9337.0
PAY07627,O07627,2025-01-31,UPI,Success,148275.71
PAY07628,O07628,2024-05-25,COD,Success,556.67
PAY07629,O07629,2024-12-28,UPI,Success,3715.46
PAY07630,O07630,2025-03-22,UPI,Success,5049.87
PAY07631,O07631,2023-06-16,UPI,Success,914.45
PAY07632,O07632,2025-12-17,Credit Card,Success,3748.23
PAY07633,O07633,2025-04-26,COD,Success,4271.72
PAY07634,O07634,2025-10-08,UPI,Success,39399.73
PAY07635,O07635,2024-06-30,COD,Success,7428.37
PAY07636,O07636,2023-03-06,Debit Card,Success,544.69
PAY07637,O07637,2024-12-02,UPI,Success,2447.37
PAY07638,O07638,2024-07-10,UPI,Success,9773.75
PAY07639,O07639,2024-08-31,UPI,Success,67929.78
PAY07640,O07640,2023-05-30,Debit Card,Refunded,10138.98
PAY07641,O07641,2023-11-05,Credit Card,Refunded,73885.34
PAY07642,O07642,2023-04-08,UPI,Success,2927.38
PAY07643,O07643,2025-12-03,UPI,Success,5181.92
PAY07644,O07644,2023-11-13,Credit Card,Refunded,910.55
PAY07645,O07645,2025-01-23,Debit Card,Refunded,1121.22
PAY07646,O07646,2024-08-13,UPI,Success,9469.32
PAY07647,O07647,2025-11-21,COD,Success,2481.65
PAY07648,O07648,2025-07-22,UPI,Success,32809.34
PAY07649,O07649,2024-11-10,Debit Card,Success,415.3
PAY07650,O07650,2025-11-19,UPI,Success,998.84
PAY07651,O07651,2024-11-13,UPI,Success,53700.49
PAY07652,O07652,2025-05-21,UPI,Success,55673.53
PAY07653,O07653,2024-01-29,Debit Card,Success,88987.16
PAY07654,O07654,2025-11-21,UPI,Success,12456.21
PAY07655,O07655,2024-11-28,Credit Card,Success,6505.65
PAY07656,O07656,2025-08-30,Credit Card,Success,1173.8
PAY07657,O07657,2025-07-07,Credit Card,Success,8283.47
PAY07658,O07658,2025-04-30,Net Banking,Success,1758.96
PAY07659,O07659,2025-08-06,UPI,Success,47950.21
PAY07660,O07660,2025-09-08,Net Banking,Success,2512.44
PAY07661,O07661,2024-02-13,Credit Card,Success,30399.3
PAY07662,O07662,2023-10-03,COD,Success,44771.64
PAY07663,O07663,2025-01-10,UPI,Success,189101.8
PAY07664,O07664,2024-07-04,UPI,Success,2017.2
PAY07665,O07665,2023-03-02,UPI,Success,113630.93
PAY07666,O07666,2024-05-27,Credit Card,Success,3053.01
PAY07667,O07667,2025-12-19,Net Banking,Success,1851.86
PAY07668,O07668,2025-06-20,UPI,Success,1881.29
PAY07669,O07669,2024-01-17,Debit Card,Success,32655.62
PAY07670,O07670,2023-12-13,Credit Card,Success,14934.78
PAY07671,O07671,2024-02-04,Debit Card,Success,20373.62
PAY07672,O07672,2023-01-09,UPI,Success,13531.49
PAY07673,O07673,2025-07-19,UPI,Success,5340.76
PAY07674,O07674,2025-08-14,UPI,Refunded,48907.63
PAY07675,O07675,2025-11-09,UPI,Refunded,3059.98
PAY07676,O07676,2023-11-23,UPI,Failed,88137.48
PAY07677,O07677,2024-10-16,UPI,Success,13355.87
PAY07678,O07678,2023-05-23,UPI,Success,33964.89
PAY07679,O07679,2024-01-29,Credit Card,Success,3504.79
PAY07680,O07680,2024-04-28,Net Banking,Success,47129.54
PAY07681,O07681,2025-09-15,Net Banking,Success,1255.54
PAY07682,O07682,2024-05-06,UPI,Success,9432.21
PAY07683,O07683,2025-08-09,UPI,Success,1648.1
PAY07684,O07684,2024-02-16,Net Banking,Failed,114429.25
PAY07685,O07685,2023-12-20,Credit Card,Success,56100.4
PAY07686,O07686,2024-03-07,Net Banking,Success,42044.78
PAY07687,O07687,2023-01-03,Credit Card,Success,26919.28
PAY07688,O07688,2025-08-15,COD,Failed,3977.63
PAY07689,O07689,2023-05-11,Credit Card,Refunded,59146.14
PAY07690,O07690,2025-10-20,Debit Card,Success,3669.19
PAY07691,O07691,2023-06-10,Credit Card,Success,157907.66
PAY07692,O07692,2023-01-17,UPI,Success,47129.54
PAY07693,O07693,2023-12-22,COD,Success,28723.22
PAY07694,O07694,2025-11-21,UPI,Success,111032.46
PAY07695,O07695,2025-06-07,UPI,Success,5968.78
PAY07696,O07696,2024-04-29,COD,Success,16996.49
PAY07697,O07697,2024-09-02,Credit Card,Success,150019.93
PAY07698,O07698,2025-02-13,UPI,Success,3421.5
PAY07699,O07699,2025-05-06,UPI,Success,1055.47
PAY07700,O07700,2025-03-08,UPI,Success,95912.1
PAY07701,O07701,2025-08-21,UPI,Success,6765.1
PAY07702,O07702,2025-03-12,UPI,Success,14515.59
PAY07703,O07703,2023-12-08,Debit Card,Success,38638.85
PAY07704,O07704,2024-02-11,Debit Card,Refunded,1287.64
PAY07705,O07705,2024-07-15,UPI,Success,7979.99
PAY07706,O07706,2024-07-31,Credit Card,Success,7430.53
PAY07707,O07707,2023-08-11,UPI,Success,6906.23
PAY07708,O07708,2023-05-27,UPI,Success,1916.19
PAY07709,O07709,2025-09-28,Credit Card,Success,3652.95
PAY07710,O07710,2024-05-05,COD,Success,4464.22
PAY07711,O07711,2023-12-21,COD,Success,76483.07
PAY07712,O07712,2025-10-07,Credit Card,Success,1150.47
PAY07713,O07713,2023-03-22,Credit Card,Success,636.25
PAY07714,O07714,2025-05-19,Credit Card,Failed,5941.71
PAY07715,O07715,2024-12-05,Credit Card,Success,13359.22
PAY07716,O07716,2024-03-09,UPI,Success,3008.28
PAY07717,O07717,2025-01-09,Credit Card,Success,6736.56
PAY07718,O07718,2024-05-24,Credit Card,Success,92697.09
PAY07719,O07719,2024-08-16,Credit Card,Success,37680.7
PAY07720,O07720,2025-07-03,Credit Card,Success,4285.4
PAY07721,O07721,2024-04-24,Net Banking,Success,54804.19
PAY07722,O07722,2025-01-25,Debit Card,Success,105469.46
PAY07723,O07723,2024-12-29,COD,Success,26524.59
PAY07724,O07724,2023-12-14,Net Banking,Success,53193.8
PAY07725,O07725,2025-08-13,COD,Success,1224.32
PAY07726,O07726,2023-04-16,Net Banking,Success,12702.29
PAY07727,O07727,2025-02-26,Debit Card,Success,4114.38
PAY07728,O07728,2025-03-05,UPI,Success,910.01
PAY07729,O07729,2024-01-30,UPI,Success,15893.09
PAY07730,O07730,2023-07-16,UPI,Success,15697.95
PAY07731,O07731,2024-02-27,UPI,Success,1231.03
PAY07732,O07732,2025-05-30,UPI,Success,48891.13
PAY07733,O07733,2023-08-07,COD,Success,1118.5
PAY07734,O07734,2023-06-03,UPI,Success,2542.1
PAY07735,O07735,2023-02-08,Debit Card,Success,3883.18
PAY07736,O07736,2024-11-20,COD,Success,12095.92
PAY07737,O07737,2024-12-12,UPI,Success,7838.81
PAY07738,O07738,2023-11-07,UPI,Success,60797.36
PAY07739,O07739,2023-09-09,COD,Success,2836.77
PAY07740,O07740,2025-07-31,UPI,Success,13557.49
PAY07741,O07741,2025-01-09,UPI,Success,70968.34
PAY07742,O07742,2024-09-17,UPI,Success,43166.92
PAY07743,O07743,2023-04-02,UPI,Success,4426.23
PAY07744,O07744,2024-07-28,COD,Success,1238.16
PAY07745,O07745,2024-04-29,Debit Card,Success,46226.8
PAY07746,O07746,2025-04-14,UPI,Success,33505.81
PAY07747,O07747,2023-10-30,Credit Card,Failed,2110.93
PAY07748,O07748,2024-05-02,UPI,Refunded,7807.28
PAY07749,O07749,2024-04-28,UPI,Success,26604.0
PAY07750,O07750,2024-10-10,Credit Card,Success,2635.23
PAY07751,O07751,2024-07-06,Debit Card,Success,3505.18
PAY07752,O07752,2024-04-08,UPI,Success,10656.28
PAY07753,O07753,2023-10-31,COD,Success,2404.3
PAY07754,O07754,2024-02-22,COD,Refunded,3983.32
PAY07755,O07755,2023-03-10,COD,Success,27369.86
PAY07756,O07756,2023-02-26,Debit Card,Success,43920.53
PAY07757,O07757,2023-07-20,UPI,Success,58729.46
PAY07758,O07758,2024-08-21,Debit Card,Success,51881.96
PAY07759,O07759,2025-04-10,UPI,Success,1223.26
PAY07760,O07760,2025-11-29,UPI,Success,2197.11
PAY07761,O07761,2023-05-16,COD,Success,13921.64
PAY07762,O07762,2025-05-13,COD,Success,4222.58
PAY07763,O07763,2025-02-14,UPI,Success,49307.86
PAY07764,O07764,2025-08-07,UPI,Success,8523.46
PAY07765,O07765,2024-08-18,Debit Card,Success,2093.36
PAY07766,O07766,2023-08-03,Net Banking,Success,1812.96
PAY07767,O07767,2025-02-27,Credit Card,Success,93014.26
PAY07768,O07768,2024-05-18,COD,Success,4433.33
PAY07769,O07769,2023-06-22,Net Banking,Success,12716.16
PAY07770,O07770,2024-02-26,Credit Card,Success,22488.08
PAY07771,O07771,2025-04-03,Debit Card,Success,54889.94
PAY07772,O07772,2023-01-23,Debit Card,Failed,87396.23
PAY07773,O07773,2023-10-19,Debit Card,Success,15338.64
PAY07774,O07774,2024-09-13,Credit Card,Success,830.21
PAY07775,O07775,2023-04-18,Debit Card,Success,673.98
PAY07776,O07776,2024-11-20,Credit Card,Success,13041.52
PAY07777,O07777,2025-08-04,Debit Card,Success,15652.05
PAY07778,O07778,2023-10-15,Credit Card,Success,107621.17
PAY07779,O07779,2024-09-13,UPI,Success,63167.94
PAY07780,O07780,2025-02-21,Debit Card,Success,11999.98
PAY07781,O07781,2024-12-29,Credit Card,Success,15448.51
PAY07782,O07782,2025-04-09,UPI,Refunded,51798.98
PAY07783,O07783,2023-05-14,COD,Success,40895.97
PAY07784,O07784,2023-12-07,UPI,Success,52855.43
PAY07785,O07785,2023-08-09,Credit Card,Success,3307.36
PAY07786,O07786,2025-02-21,Debit Card,Success,1206.8
PAY07787,O07787,2025-04-30,Debit Card,Success,4619.37
PAY07788,O07788,2023-03-19,UPI,Success,2625.06
PAY07789,O07789,2024-08-29,UPI,Success,26645.42
PAY07790,O07790,2024-08-14,UPI,Success,17435.87
PAY07791,O07791,2023-02-21,UPI,Refunded,44700.57
PAY07792,O07792,2025-01-18,UPI,Success,3689.42
PAY07793,O07793,2023-11-30,Credit Card,Success,1663.56
PAY07794,O07794,2024-11-10,UPI,Success,457.94
PAY07795,O07795,2025-09-23,Net Banking,Success,13569.32
PAY07796,O07796,2025-08-15,Debit Card,Success,1982.97
PAY07797,O07797,2023-11-19,Credit Card,Success,7589.17
PAY07798,O07798,2024-06-13,Debit Card,Failed,74378.41
PAY07799,O07799,2025-05-19,Credit Card,Success,5007.79
PAY07800,O07800,2025-01-12,Credit Card,Success,14956.31
PAY07801,O07801,2024-12-16,COD,Success,18463.1
PAY07802,O07802,2024-03-08,Debit Card,Success,12521.64
PAY07803,O07803,2025-09-29,Credit Card,Refunded,1122.96
PAY07804,O07804,2024-01-15,Net Banking,Success,111609.0
PAY07805,O07805,2023-09-15,Debit Card,Success,1249.39
PAY07806,O07806,2024-02-02,Credit Card,Failed,1274.58
PAY07807,O07807,2025-03-01,UPI,Success,34433.49
PAY07808,O07808,2023-09-16,Credit Card,Success,1082.72
PAY07809,O07809,2025-08-30,Net Banking,Success,8749.33
PAY07810,O07810,2023-06-09,UPI,Success,14070.5
PAY07811,O07811,2025-04-09,UPI,Success,90381.18
PAY07812,O07812,2025-09-09,COD,Refunded,2225.1
PAY07813,O07813,2023-07-24,UPI,Success,4336.6
PAY07814,O07814,2024-11-18,UPI,Success,198544.15
PAY07815,O07815,2023-03-23,COD,Success,545.78
PAY07816,O07816,2025-11-15,Credit Card,Failed,17735.06
PAY07817,O07817,2025-07-18,Credit Card,Refunded,935.33
PAY07818,O07818,2023-01-20,UPI,Success,61467.71
PAY07819,O07819,2025-08-18,Debit Card,Success,656.37
PAY07820,O07820,2025-06-06,COD,Success,38144.64
PAY07821,O07821,2023-01-22,Debit Card,Failed,33752.22
PAY07822,O07822,2025-09-23,Debit Card,Success,13122.85
PAY07823,O07823,2024-09-30,UPI,Success,21119.5
PAY07824,O07824,2025-07-25,COD,Success,2878.54
PAY07825,O07825,2025-01-06,Credit Card,Success,25572.25
PAY07826,O07826,2024-09-26,COD,Refunded,14000.29
PAY07827,O07827,2024-10-03,UPI,Success,37798.12
PAY07828,O07828,2024-03-21,Debit Card,Success,947.89
PAY07829,O07829,2023-10-14,Net Banking,Success,11919.8
PAY07830,O07830,2025-05-19,UPI,Refunded,1751.84
PAY07831,O07831,2024-10-28,Net Banking,Success,2389.96
PAY07832,O07832,2023-07-19,Credit Card,Success,4810.63
PAY07833,O07833,2025-02-23,Credit Card,Success,22640.67
PAY07834,O07834,2023-05-29,COD,Failed,623.55
PAY07835,O07835,2024-01-03,UPI,Success,19412.6
PAY07836,O07836,2023-08-11,Debit Card,Success,42180.1
PAY07837,O07837,2023-08-18,UPI,Failed,47694.26
PAY07838,O07838,2023-11-04,Credit Card,Success,802.83
PAY07839,O07839,2023-06-29,COD,Success,340.26
PAY07840,O07840,2025-08-26,UPI,Success,151887.83
PAY07841,O07841,2024-02-22,UPI,Success,1730.94
PAY07842,O07842,2024-09-02,Net Banking,Refunded,50127.89
PAY07843,O07843,2024-09-19,COD,Success,2336.13
PAY07844,O07844,2023-05-04,COD,Failed,14585.84
PAY07845,O07845,2023-10-14,Credit Card,Success,12355.13
PAY07846,O07846,2024-12-07,Debit Card,Success,4315.52
PAY07847,O07847,2023-01-03,Net Banking,Failed,11366.7
PAY07848,O07848,2025-01-31,Credit Card,Failed,46425.85
PAY07849,O07849,2023-09-21,COD,Success,2645.66
PAY07850,O07850,2023-11-29,UPI,Success,35258.79
PAY07851,O07851,2025-08-23,Credit Card,Success,29230.34
PAY07852,O07852,2023-09-19,UPI,Success,53458.61
PAY07853,O07853,2025-10-25,Credit Card,Refunded,3445.04
PAY07854,O07854,2025-02-10,UPI,Success,36697.55
PAY07855,O07855,2024-03-22,UPI,Success,1542.85
PAY07856,O07856,2025-02-13,UPI,Success,38942.76
PAY07857,O07857,2024-04-23,Credit Card,Success,3198.39
PAY07858,O07858,2024-07-22,Credit Card,Success,5278.95
PAY07859,O07859,2025-05-18,UPI,Success,956.72
PAY07860,O07860,2024-08-18,Net Banking,Success,22871.26
PAY07861,O07861,2024-03-17,UPI,Success,883.35
PAY07862,O07862,2023-07-19,COD,Success,1341.82
PAY07863,O07863,2024-10-29,UPI,Success,3541.19
PAY07864,O07864,2025-07-23,UPI,Success,93785.18
PAY07865,O07865,2023-10-06,UPI,Success,32888.47
PAY07866,O07866,2023-10-23,COD,Refunded,1509.01
PAY07867,O07867,2023-07-25,COD,Success,35629.91
PAY07868,O07868,2025-05-26,UPI,Success,2386.66
PAY07869,O07869,2023-03-26,UPI,Success,43032.95
PAY07870,O07870,2023-10-22,Debit Card,Refunded,119064.1
PAY07871,O07871,2024-01-27,UPI,Success,1865.28
PAY07872,O07872,2024-02-17,COD,Success,45662.03
PAY07873,O07873,2024-05-24,COD,Failed,665.22
PAY07874,O07874,2024-09-09,COD,Refunded,24487.99
PAY07875,O07875,2025-12-17,UPI,Refunded,875.54
PAY07876,O07876,2023-04-02,UPI,Success,9700.11
PAY07877,O07877,2025-02-24,Net Banking,Success,24379.39
PAY07878,O07878,2024-07-24,Credit Card,Success,1072.71
PAY07879,O07879,2025-02-10,Credit Card,Success,12201.15
PAY07880,O07880,2023-07-14,Debit Card,Success,1497.74
PAY07881,O07881,2024-12-07,Credit Card,Success,71584.62
PAY07882,O07882,2024-10-31,COD,Success,5322.47
PAY07883,O07883,2025-06-24,Net Banking,Failed,123339.38
PAY07884,O07884,2025-11-27,UPI,Success,53331.22
PAY07885,O07885,2024-09-16,UPI,Success,32901.59
PAY07886,O07886,2025-01-10,UPI,Success,18941.84
PAY07887,O07887,2023-07-18,UPI,Success,15490.63
PAY07888,O07888,2023-10-19,UPI,Success,690.57
PAY07889,O07889,2025-02-04,UPI,Success,1784.2
PAY07890,O07890,2025-12-03,UPI,Refunded,749.75
PAY07891,O07891,2025-10-07,Credit Card,Refunded,1844.92
PAY07892,O07892,2023-03-30,Debit Card,Success,2767.38
PAY07893,O07893,2023-06-25,Net Banking,Success,290.0
PAY07894,O07894,2025-07-15,UPI,Success,4350.92
PAY07895,O07895,2023-10-06,Debit Card,Success,11641.63
PAY07896,O07896,2024-02-28,Credit Card,Success,6378.02
PAY07897,O07897,2023-02-02,Credit Card,Failed,3792.54
PAY07898,O07898,2025-11-18,Debit Card,Failed,1714.48
PAY07899,O07899,2023-07-28,UPI,Success,728.12
PAY07900,O07900,2024-08-25,UPI,Success,2871.17
PAY07901,O07901,2023-09-05,Credit Card,Success,112814.82
PAY07902,O07902,2025-04-28,UPI,Success,12411.5
PAY07903,O07903,2025-02-28,Credit Card,Failed,119191.69
PAY07904,O07904,2023-01-18,UPI,Success,158894.06
PAY07905,O07905,2023-08-03,UPI,Success,1420.38
PAY07906,O07906,2024-05-30,UPI,Refunded,2861.25
PAY07907,O07907,2025-05-08,UPI,Success,7025.48
PAY07908,O07908,2025-07-11,UPI,Success,64412.45
PAY07909,O07909,2025-03-18,Debit Card,Success,5058.2
PAY07910,O07910,2025-11-08,UPI,Success,56843.91
PAY07911,O07911,2024-06-12,Net Banking,Success,2940.38
PAY07912,O07912,2023-06-26,UPI,Success,15202.4
PAY07913,O07913,2023-10-25,UPI,Failed,1061.1
PAY07914,O07914,2025-12-22,UPI,Success,10243.83
PAY07915,O07915,2025-09-25,Debit Card,Success,39139.59
PAY07916,O07916,2025-03-07,Debit Card,Success,21008.29
PAY07917,O07917,2023-12-30,COD,Failed,32881.68
PAY07918,O07918,2024-09-07,UPI,Failed,1023.23
PAY07919,O07919,2023-09-25,UPI,Refunded,14759.04
PAY07920,O07920,2024-05-14,COD,Success,13032.29
PAY07921,O07921,2025-07-04,COD,Success,25519.03
PAY07922,O07922,2023-08-06,UPI,Success,89068.0
PAY07923,O07923,2024-10-08,COD,Failed,1285.1
PAY07924,O07924,2025-10-01,Debit Card,Success,2810.29
PAY07925,O07925,2024-06-29,UPI,Success,47405.87
PAY07926,O07926,2024-12-23,UPI,Success,3767.65
PAY07927,O07927,2025-08-25,Credit Card,Success,6659.02
PAY07928,O07928,2024-11-24,Debit Card,Success,4197.82
PAY07929,O07929,2025-02-24,UPI,Success,6865.3
PAY07930,O07930,2025-07-12,UPI,Success,289.82
PAY07931,O07931,2025-10-17,UPI,Success,6447.92
PAY07932,O07932,2023-01-27,COD,Success,17353.98
PAY07933,O07933,2023-09-20,UPI,Success,97546.03
PAY07934,O07934,2024-10-08,Debit Card,Success,9144.67
PAY07935,O07935,2024-11-21,COD,Success,9885.78
PAY07936,O07936,2024-06-06,COD,Success,1067.58
PAY07937,O07937,2024-09-15,Debit Card,Refunded,3055.94
PAY07938,O07938,2023-09-24,Debit Card,Success,887.54
PAY07939,O07939,2025-02-18,Credit Card,Failed,1332.49
PAY07940,O07940,2024-10-29,Credit Card,Success,8467.04
PAY07941,O07941,2023-02-24,UPI,Success,658.29
PAY07942,O07942,2025-02-14,Credit Card,Success,10368.98
PAY07943,O07943,2024-01-30,UPI,Failed,911.8
PAY07944,O07944,2024-05-28,Credit Card,Success,7247.66
PAY07945,O07945,2025-03-11,Debit Card,Success,61031.42
PAY07946,O07946,2023-11-21,Credit Card,Failed,25392.61
PAY07947,O07947,2023-04-08,Credit Card,Success,3806.93
PAY07948,O07948,2023-06-24,COD,Failed,114081.14
PAY07949,O07949,2023-12-10,Debit Card,Success,1273.49
PAY07950,O07950,2023-07-24,UPI,Success,767.72
PAY07951,O07951,2023-02-26,Credit Card,Failed,262.87
PAY07952,O07952,2024-12-11,UPI,Success,329.9
PAY07953,O07953,2023-08-15,UPI,Success,4619.37
PAY07954,O07954,2023-10-31,Debit Card,Success,1855.65
PAY07955,O07955,2023-08-08,Credit Card,Success,1542.85
PAY07956,O07956,2025-10-01,COD,Success,28199.05
PAY07957,O07957,2024-03-04,Credit Card,Success,101719.43
PAY07958,O07958,2023-05-23,UPI,Success,15407.05
PAY07959,O07959,2024-03-31,UPI,Success,977.18
PAY07960,O07960,2023-05-25,UPI,Success,44260.16
PAY07961,O07961,2025-08-26,UPI,Success,1433.08
PAY07962,O07962,2024-06-10,COD,Success,37730.27
PAY07963,O07963,2023-06-07,UPI,Success,6369.07
PAY07964,O07964,2023-04-15,Debit Card,Refunded,39688.03
PAY07965,O07965,2025-01-12,COD,Success,53231.4
PAY07966,O07966,2025-06-09,Credit Card,Success,19489.57
PAY07967,O07967,2023-10-17,UPI,Success,61789.73
PAY07968,O07968,2024-09-24,COD,Success,31004.23
PAY07969,O07969,2025-11-22,Credit Card,Success,46839.2
PAY07970,O07970,2023-10-07,Credit Card,Success,62449.06
PAY07971,O07971,2025-08-06,COD,Success,38623.97
PAY07972,O07972,2023-08-13,Credit Card,Success,653.97
PAY07973,O07973,2023-03-26,UPI,Success,25869.45
PAY07974,O07974,2023-04-02,Debit Card,Success,24838.85
PAY07975,O07975,2023-01-10,UPI,Success,5724.6
PAY07976,O07976,2025-12-13,COD,Success,2065.89
PAY07977,O07977,2024-04-23,COD,Success,2848.77
PAY07978,O07978,2023-04-19,Credit Card,Success,11752.27
PAY07979,O07979,2023-08-27,UPI,Success,25843.15
PAY07980,O07980,2025-09-09,Credit Card,Success,33837.25
PAY07981,O07981,2024-06-12,Credit Card,Failed,17774.03
PAY07982,O07982,2024-09-21,UPI,Success,23253.27
PAY07983,O07983,2025-09-19,UPI,Success,111122.66
PAY07984,O07984,2025-12-10,UPI,Failed,27972.74
PAY07985,O07985,2023-02-23,Credit Card,Success,2087.52
PAY07986,O07986,2025-01-20,Debit Card,Success,2081.34
PAY07987,O07987,2024-03-02,Net Banking,Success,1971.63
PAY07988,O07988,2024-05-14,UPI,Success,330.32
PAY07989,O07989,2023-12-14,UPI,Success,2385.94
PAY07990,O07990,2024-05-26,UPI,Success,715.81
PAY07991,O07991,2024-03-17,Net Banking,Failed,1379.59
PAY07992,O07992,2025-07-12,Credit Card,Success,15061.82
PAY07993,O07993,2024-12-23,Net Banking,Success,7793.89
PAY07994,O07994,2023-08-18,COD,Success,38716.09
PAY07995,O07995,2025-09-24,UPI,Success,26275.74
PAY07996,O07996,2024-09-01,UPI,Failed,3574.59
PAY07997,O07997,2025-04-07,UPI,Success,14069.45
PAY07998,O07998,2025-03-01,UPI,Success,49470.33
PAY07999,O07999,2024-02-02,Credit Card,Success,2478.71
PAY08000,O08000,2025-04-07,Credit Card,Failed,46669.1
PAY08001,O08001,2025-08-16,Debit Card,Success,59249.26
PAY08002,O08002,2024-07-19,UPI,Success,3328.3
PAY08003,O08003,2023-06-07,UPI,Success,2093.05
PAY08004,O08004,2025-03-03,Credit Card,Failed,6369.07
PAY08005,O08005,2024-05-17,UPI,Success,89320.39
PAY08006,O08006,2025-02-20,Credit Card,Success,2297.3
PAY08007,O08007,2023-11-30,UPI,Success,17418.17
PAY08008,O08008,2024-05-05,UPI,Success,1553.44
PAY08009,O08009,2023-11-24,COD,Refunded,43650.4
PAY08010,O08010,2023-01-03,Debit Card,Failed,21386.81
PAY08011,O08011,2024-09-19,UPI,Success,1837.81
PAY08012,O08012,2023-07-06,Credit Card,Success,11047.76
PAY08013,O08013,2023-09-27,UPI,Success,27060.45
PAY08014,O08014,2023-05-03,UPI,Success,93506.79
PAY08015,O08015,2024-07-06,Credit Card,Success,35468.55
PAY08016,O08016,2024-08-11,UPI,Success,61152.68
PAY08017,O08017,2023-12-04,UPI,Success,927.78
PAY08018,O08018,2024-01-25,UPI,Success,2093.05
PAY08019,O08019,2023-10-31,Debit Card,Success,17768.15
PAY08020,O08020,2025-07-02,UPI,Success,3967.34
PAY08021,O08021,2025-04-29,COD,Success,186689.51
PAY08022,O08022,2025-08-30,UPI,Success,42844.19
PAY08023,O08023,2023-08-16,UPI,Success,102117.65
PAY08024,O08024,2024-05-29,COD,Success,715.81
PAY08025,O08025,2025-10-08,Credit Card,Success,17239.97
PAY08026,O08026,2023-01-29,UPI,Failed,13602.65
PAY08027,O08027,2024-08-27,Credit Card,Success,5239.87
PAY08028,O08028,2025-08-24,UPI,Success,42416.9
PAY08029,O08029,2025-09-07,Debit Card,Success,90879.94
PAY08030,O08030,2024-09-07,UPI,Success,44319.68
PAY08031,O08031,2025-10-04,COD,Success,8203.25
PAY08032,O08032,2025-10-09,Credit Card,Failed,18466.4
PAY08033,O08033,2024-12-26,Debit Card,Success,7740.89
PAY08034,O08034,2024-04-16,Debit Card,Failed,1648.22
PAY08035,O08035,2024-11-20,UPI,Success,7381.74
PAY08036,O08036,2023-11-11,COD,Failed,108377.08
PAY08037,O08037,2025-06-29,UPI,Failed,3070.13
PAY08038,O08038,2024-07-11,UPI,Success,8908.2
PAY08039,O08039,2025-07-30,Credit Card,Success,820.96
PAY08040,O08040,2023-10-06,Net Banking,Success,26502.19
PAY08041,O08041,2025-04-20,UPI,Refunded,3806.93
PAY08042,O08042,2024-01-03,Net Banking,Success,2456.36
PAY08043,O08043,2023-11-29,Credit Card,Success,4227.08
PAY08044,O08044,2024-02-03,COD,Refunded,18480.99
PAY08045,O08045,2025-02-27,Credit Card,Success,26788.36
PAY08046,O08046,2024-01-22,UPI,Success,5701.83
PAY08047,O08047,2024-07-12,COD,Success,2030.31
PAY08048,O08048,2025-11-20,UPI,Failed,13644.64
PAY08049,O08049,2023-09-20,Debit Card,Refunded,60038.68
PAY08050,O08050,2024-02-13,COD,Success,30584.66
PAY08051,O08051,2025-08-02,COD,Success,51492.82
PAY08052,O08052,2025-09-17,Debit Card,Success,675.26
PAY08053,O08053,2025-12-03,UPI,Success,48505.9
PAY08054,O08054,2025-04-27,Credit Card,Success,47694.64
PAY08055,O08055,2025-11-26,Debit Card,Success,2693.12
PAY08056,O08056,2025-12-05,COD,Success,23538.15
PAY08057,O08057,2025-12-21,UPI,Success,84844.22
PAY08058,O08058,2025-05-26,Credit Card,Success,10922.48
PAY08059,O08059,2024-05-12,UPI,Success,8654.73
PAY08060,O08060,2023-06-08,Credit Card,Success,726.63
PAY08061,O08061,2023-09-30,UPI,Success,5151.51
PAY08062,O08062,2023-11-11,UPI,Success,16305.93
PAY08063,O08063,2023-12-13,COD,Success,1082.85
PAY08064,O08064,2023-04-27,Credit Card,Success,26527.29
PAY08065,O08065,2025-10-19,Credit Card,Success,6213.54
PAY08066,O08066,2023-06-25,COD,Success,1698.63
PAY08067,O08067,2025-01-20,UPI,Success,30148.27
PAY08068,O08068,2023-06-04,UPI,Success,1477.11
PAY08069,O08069,2024-08-19,UPI,Success,1256.22
PAY08070,O08070,2023-11-06,Debit Card,Success,728.24
PAY08071,O08071,2023-08-22,Credit Card,Success,22989.56
PAY08072,O08072,2023-06-12,Credit Card,Success,9211.78
PAY08073,O08073,2024-11-21,Debit Card,Success,1312.16
PAY08074,O08074,2023-10-19,Credit Card,Success,72447.78
PAY08075,O08075,2023-05-07,COD,Success,6529.68
PAY08076,O08076,2024-11-23,Credit Card,Success,116886.8
PAY08077,O08077,2024-08-26,COD,Failed,7952.78
PAY08078,O08078,2024-01-24,UPI,Success,73395.99
PAY08079,O08079,2025-02-20,UPI,Success,10973.63
PAY08080,O08080,2023-09-07,Debit Card,Success,12227.31
PAY08081,O08081,2023-07-02,Credit Card,Refunded,18002.54
PAY08082,O08082,2025-12-21,Credit Card,Success,9956.22
PAY08083,O08083,2024-11-26,Debit Card,Success,2411.04
PAY08084,O08084,2023-10-08,UPI,Success,1649.36
PAY08085,O08085,2023-10-24,UPI,Success,37195.21
PAY08086,O08086,2024-11-21,Credit Card,Refunded,3651.41
PAY08087,O08087,2024-07-17,COD,Success,13287.13
PAY08088,O08088,2025-11-18,Credit Card,Success,17735.06
PAY08089,O08089,2023-11-08,Credit Card,Success,46067.18
PAY08090,O08090,2025-05-26,UPI,Success,31237.16
PAY08091,O08091,2024-01-25,Credit Card,Success,4351.25
PAY08092,O08092,2023-01-06,Credit Card,Success,7295.47
PAY08093,O08093,2024-12-04,UPI,Success,5553.04
PAY08094,O08094,2025-10-09,UPI,Success,1987.15
PAY08095,O08095,2024-06-15,UPI,Success,106379.07
PAY08096,O08096,2023-06-10,UPI,Failed,4138.83
PAY08097,O08097,2025-08-11,UPI,Success,40230.51
PAY08098,O08098,2023-08-18,Debit Card,Success,74365.12
PAY08099,O08099,2024-11-22,Debit Card,Success,1816.59
PAY08100,O08100,2023-05-15,UPI,Failed,1751.84
PAY08101,O08101,2025-08-08,Credit Card,Failed,19242.24
PAY08102,O08102,2023-06-10,COD,Refunded,75473.76
PAY08103,O08103,2024-06-17,COD,Success,16587.42
PAY08104,O08104,2024-11-12,Debit Card,Success,5955.35
PAY08105,O08105,2023-10-23,UPI,Success,1184.43
PAY08106,O08106,2025-07-27,UPI,Success,12780.33
PAY08107,O08107,2025-04-02,UPI,Success,11468.31
PAY08108,O08108,2023-10-08,Debit Card,Success,22098.77
PAY08109,O08109,2025-12-25,UPI,Success,5250.12
PAY08110,O08110,2023-12-25,Credit Card,Success,681.37
PAY08111,O08111,2025-10-11,COD,Success,43627.82
PAY08112,O08112,2025-04-26,COD,Failed,1480.7
PAY08113,O08113,2024-10-09,COD,Success,1365.43
PAY08114,O08114,2023-01-01,UPI,Success,12068.98
PAY08115,O08115,2023-11-12,COD,Refunded,21248.94
PAY08116,O08116,2024-04-27,Debit Card,Success,3780.55
PAY08117,O08117,2024-10-15,Debit Card,Success,371.45
PAY08118,O08118,2025-04-27,UPI,Success,14324.22
PAY08119,O08119,2025-02-28,Net Banking,Success,1940.94
PAY08120,O08120,2023-11-12,UPI,Success,12845.52
PAY08121,O08121,2023-05-19,UPI,Refunded,1186.2
PAY08122,O08122,2024-05-14,UPI,Success,789.39
PAY08123,O08123,2023-05-02,Debit Card,Success,45439.97
PAY08124,O08124,2024-04-09,Debit Card,Success,14219.87
PAY08125,O08125,2025-09-17,Net Banking,Success,21891.06
PAY08126,O08126,2025-06-29,UPI,Success,53866.51
PAY08127,O08127,2024-01-01,UPI,Success,1063.85
PAY08128,O08128,2023-06-12,Debit Card,Success,3588.98
PAY08129,O08129,2024-10-25,UPI,Success,3655.57
PAY08130,O08130,2025-08-25,Credit Card,Failed,94962.15
PAY08131,O08131,2024-07-03,UPI,Success,16003.12
PAY08132,O08132,2025-12-09,Credit Card,Success,1666.31
PAY08133,O08133,2025-01-18,COD,Success,24591.09
PAY08134,O08134,2023-04-01,UPI,Failed,2808.18
PAY08135,O08135,2025-06-11,UPI,Success,25885.36
PAY08136,O08136,2024-12-21,UPI,Success,25745.25
PAY08137,O08137,2024-01-21,Debit Card,Success,671.25
PAY08138,O08138,2024-10-16,Credit Card,Success,17528.59
PAY08139,O08139,2023-12-04,COD,Success,30082.87
PAY08140,O08140,2024-08-13,Net Banking,Success,29457.42
PAY08141,O08141,2024-03-12,Net Banking,Success,27152.31
PAY08142,O08142,2025-12-04,UPI,Success,4557.55
PAY08143,O08143,2024-05-01,Credit Card,Success,712.78
PAY08144,O08144,2023-04-21,COD,Success,35863.0
PAY08145,O08145,2024-11-30,Debit Card,Success,16601.87
PAY08146,O08146,2025-12-31,COD,Failed,4184.3
PAY08147,O08147,2024-06-28,Credit Card,Success,11686.11
PAY08148,O08148,2025-03-15,Credit Card,Success,4205.36
PAY08149,O08149,2024-11-14,UPI,Success,115885.14
PAY08150,O08150,2024-09-01,UPI,Success,935.51
PAY08151,O08151,2025-04-19,Debit Card,Success,66068.38
PAY08152,O08152,2024-07-05,Credit Card,Success,464.16
PAY08153,O08153,2023-09-21,Debit Card,Success,44037.45
PAY08154,O08154,2023-10-18,UPI,Success,1517.14
PAY08155,O08155,2023-05-25,COD,Success,5185.28
PAY08156,O08156,2024-06-14,COD,Success,5770.33
PAY08157,O08157,2023-04-04,Debit Card,Success,5462.12
PAY08158,O08158,2023-12-06,UPI,Success,27775.55
PAY08159,O08159,2025-09-26,UPI,Success,36878.83
PAY08160,O08160,2025-12-21,Debit Card,Success,44388.13
PAY08161,O08161,2023-03-20,Net Banking,Success,33969.68
PAY08162,O08162,2023-04-11,Credit Card,Refunded,55037.17
PAY08163,O08163,2024-10-09,COD,Success,4060.62
PAY08164,O08164,2025-03-19,Credit Card,Success,3675.33
PAY08165,O08165,2025-09-04,Debit Card,Success,47733.5
PAY08166,O08166,2023-11-02,Credit Card,Failed,5159.94
PAY08167,O08167,2025-05-27,Credit Card,Success,93355.33
PAY08168,O08168,2023-12-24,Debit Card,Success,34622.75
PAY08169,O08169,2025-02-11,Credit Card,Success,4017.8
PAY08170,O08170,2025-02-19,COD,Success,1347.05
PAY08171,O08171,2023-02-10,COD,Success,795.04
PAY08172,O08172,2024-04-21,Debit Card,Failed,34742.75
PAY08173,O08173,2024-11-09,Debit Card,Success,800.6
PAY08174,O08174,2025-04-19,Credit Card,Success,2069.5
PAY08175,O08175,2024-06-15,COD,Success,7076.45
PAY08176,O08176,2023-08-19,Net Banking,Success,36734.81
PAY08177,O08177,2025-09-12,COD,Success,2233.69
PAY08178,O08178,2025-02-19,UPI,Success,42694.62
PAY08179,O08179,2023-03-18,COD,Success,4464.22
PAY08180,O08180,2023-09-22,Credit Card,Success,3403.17
PAY08181,O08181,2023-11-13,Debit Card,Success,26876.16
PAY08182,O08182,2024-09-20,Net Banking,Success,13792.47
PAY08183,O08183,2025-09-18,UPI,Success,62533.64
PAY08184,O08184,2023-03-23,UPI,Failed,11757.42
PAY08185,O08185,2023-08-18,UPI,Success,57409.2
PAY08186,O08186,2024-10-08,UPI,Success,1102.87
PAY08187,O08187,2023-10-25,UPI,Refunded,19926.29
PAY08188,O08188,2023-10-10,Credit Card,Success,719.31
PAY08189,O08189,2024-04-13,COD,Success,2385.94
PAY08190,O08190,2024-06-15,COD,Success,8542.08
PAY08191,O08191,2024-02-14,UPI,Success,11523.34
PAY08192,O08192,2025-09-01,Credit Card,Failed,1421.67
PAY08193,O08193,2023-08-11,COD,Success,4574.45
PAY08194,O08194,2025-02-09,Credit Card,Failed,1575.31
PAY08195,O08195,2025-11-04,COD,Success,1194.24
PAY08196,O08196,2024-11-24,COD,Refunded,2836.77
PAY08197,O08197,2024-07-01,UPI,Failed,2705.89
PAY08198,O08198,2025-10-23,COD,Success,57003.46
PAY08199,O08199,2023-06-01,Credit Card,Success,473.86
PAY08200,O08200,2024-09-09,Credit Card,Success,1578.61
PAY08201,O08201,2025-02-06,COD,Success,42259.73
PAY08202,O08202,2023-01-15,COD,Success,20920.67
PAY08203,O08203,2024-10-17,Debit Card,Success,5037.05
PAY08204,O08204,2025-07-17,COD,Failed,2993.09
PAY08205,O08205,2023-07-26,Net Banking,Success,13030.6
PAY08206,O08206,2024-09-12,COD,Success,41060.03
PAY08207,O08207,2025-01-04,UPI,Success,11559.66
PAY08208,O08208,2025-02-19,COD,Failed,1523.58
PAY08209,O08209,2025-12-02,COD,Success,18953.02
PAY08210,O08210,2024-03-08,Net Banking,Refunded,1044.67
PAY08211,O08211,2025-03-06,Debit Card,Success,9002.93
PAY08212,O08212,2023-02-26,COD,Success,16709.35
PAY08213,O08213,2023-07-29,UPI,Refunded,6204.57
PAY08214,O08214,2025-01-10,Net Banking,Success,102086.1
PAY08215,O08215,2023-04-14,UPI,Success,7588.13
PAY08216,O08216,2024-04-09,COD,Refunded,6316.68
PAY08217,O08217,2024-04-15,Net Banking,Failed,9963.45
PAY08218,O08218,2024-08-04,UPI,Success,9051.51
PAY08219,O08219,2023-09-08,COD,Success,1486.73
PAY08220,O08220,2025-09-19,COD,Success,2106.63
PAY08221,O08221,2024-08-26,Net Banking,Success,79972.37
PAY08222,O08222,2025-02-21,UPI,Success,1747.57
PAY08223,O08223,2024-02-07,COD,Refunded,8969.67
PAY08224,O08224,2023-01-27,Credit Card,Success,34629.97
PAY08225,O08225,2024-12-20,UPI,Success,3418.01
PAY08226,O08226,2025-07-31,Debit Card,Success,26333.86
PAY08227,O08227,2023-01-10,Credit Card,Success,4724.39
PAY08228,O08228,2024-09-07,COD,Success,3095.61
PAY08229,O08229,2025-04-29,Debit Card,Success,56272.22
PAY08230,O08230,2023-08-10,UPI,Success,2480.12
PAY08231,O08231,2024-06-29,UPI,Success,37680.7
PAY08232,O08232,2023-04-08,UPI,Success,26735.06
PAY08233,O08233,2025-02-20,UPI,Refunded,40061.12
PAY08234,O08234,2024-09-08,Debit Card,Success,57107.79
PAY08235,O08235,2025-04-22,COD,Success,46297.11
PAY08236,O08236,2025-11-26,Credit Card,Refunded,6083.02
PAY08237,O08237,2025-05-30,Debit Card,Success,14715.17
PAY08238,O08238,2023-05-13,UPI,Success,2843.34
PAY08239,O08239,2023-04-10,Credit Card,Success,36797.64
PAY08240,O08240,2025-11-26,Credit Card,Refunded,562.7
PAY08241,O08241,2025-08-27,Debit Card,Success,48705.61
PAY08242,O08242,2025-08-14,Credit Card,Success,13177.63
PAY08243,O08243,2024-11-25,UPI,Success,4891.47
PAY08244,O08244,2023-01-28,UPI,Success,9971.54
PAY08245,O08245,2025-06-24,UPI,Success,6050.35
PAY08246,O08246,2024-11-01,Net Banking,Success,16901.49
PAY08247,O08247,2024-06-06,UPI,Success,266.08
PAY08248,O08248,2025-07-12,COD,Refunded,84034.3
PAY08249,O08249,2023-04-20,UPI,Success,1432.55
PAY08250,O08250,2025-04-10,UPI,Success,55999.91
PAY08251,O08251,2024-09-01,Debit Card,Success,51427.52
PAY08252,O08252,2024-10-21,Credit Card,Success,55129.65
PAY08253,O08253,2023-07-29,COD,Success,30614.43
PAY08254,O08254,2023-12-10,COD,Success,1730.94
PAY08255,O08255,2025-12-08,Debit Card,Success,1723.83
PAY08256,O08256,2024-10-29,COD,Success,34164.56
PAY08257,O08257,2025-02-13,COD,Refunded,15316.28
PAY08258,O08258,2023-11-25,COD,Success,31935.75
PAY08259,O08259,2024-07-11,Credit Card,Success,1900.61
PAY08260,O08260,2023-09-07,UPI,Success,14690.34
PAY08261,O08261,2025-11-11,COD,Success,18486.34
PAY08262,O08262,2024-11-27,UPI,Success,46807.24
PAY08263,O08263,2024-05-17,UPI,Success,55901.34
PAY08264,O08264,2023-12-30,UPI,Success,1402.03
PAY08265,O08265,2024-05-05,Debit Card,Success,3286.46
PAY08266,O08266,2025-03-22,UPI,Success,65586.96
PAY08267,O08267,2024-10-27,UPI,Success,17610.91
PAY08268,O08268,2025-11-06,Debit Card,Success,21022.5
PAY08269,O08269,2023-02-08,COD,Success,39740.77
PAY08270,O08270,2024-10-28,UPI,Success,52087.22
PAY08271,O08271,2025-05-17,COD,Success,5119.8
PAY08272,O08272,2023-10-22,UPI,Success,41617.12
PAY08273,O08273,2023-02-08,Net Banking,Success,57449.18
PAY08274,O08274,2023-07-07,Credit Card,Success,22138.71
PAY08275,O08275,2025-01-21,UPI,Success,1384.57
PAY08276,O08276,2025-08-20,Net Banking,Failed,8930.19
PAY08277,O08277,2025-02-22,UPI,Success,25463.84
PAY08278,O08278,2023-11-06,UPI,Success,92458.74
PAY08279,O08279,2023-12-29,UPI,Refunded,46348.54
PAY08280,O08280,2024-04-08,Credit Card,Success,3368.87
PAY08281,O08281,2024-10-31,COD,Success,23484.2
PAY08282,O08282,2024-12-07,COD,Success,45309.91
PAY08283,O08283,2025-02-17,Credit Card,Failed,55293.26
PAY08284,O08284,2023-01-04,Net Banking,Success,5238.78
PAY08285,O08285,2024-10-15,COD,Success,10152.63
PAY08286,O08286,2023-07-01,Debit Card,Success,12944.89
PAY08287,O08287,2023-01-03,UPI,Failed,39670.3
PAY08288,O08288,2025-09-05,Credit Card,Success,9142.6
PAY08289,O08289,2023-11-03,UPI,Success,29501.77
PAY08290,O08290,2025-05-26,UPI,Success,9114.72
PAY08291,O08291,2023-02-20,Debit Card,Success,9830.92
PAY08292,O08292,2025-09-24,UPI,Success,23512.14
PAY08293,O08293,2024-01-16,UPI,Success,80622.16
PAY08294,O08294,2025-03-02,Credit Card,Success,915.76
PAY08295,O08295,2025-03-01,UPI,Failed,26079.25
PAY08296,O08296,2024-05-20,Debit Card,Success,64453.82
PAY08297,O08297,2025-02-24,COD,Refunded,59095.39
PAY08298,O08298,2024-07-10,UPI,Failed,21927.19
PAY08299,O08299,2024-07-25,Credit Card,Success,2675.76
PAY08300,O08300,2023-04-20,COD,Failed,284.29
PAY08301,O08301,2023-03-08,Debit Card,Failed,794.11
PAY08302,O08302,2023-09-27,UPI,Refunded,15202.96
PAY08303,O08303,2023-03-30,Credit Card,Success,54889.94
PAY08304,O08304,2024-03-27,Debit Card,Failed,14453.59
PAY08305,O08305,2025-07-18,Debit Card,Success,1219.15
PAY08306,O08306,2025-01-11,UPI,Success,45914.18
PAY08307,O08307,2024-04-17,UPI,Success,24712.58
PAY08308,O08308,2025-02-04,Debit Card,Failed,53700.18
PAY08309,O08309,2023-04-21,Debit Card,Success,1969.5
PAY08310,O08310,2023-10-22,UPI,Success,3164.84
PAY08311,O08311,2023-08-05,Net Banking,Success,640.81
PAY08312,O08312,2025-08-19,UPI,Success,14083.08
PAY08313,O08313,2024-11-11,Credit Card,Success,16420.23
PAY08314,O08314,2025-11-17,UPI,Success,15150.47
PAY08315,O08315,2023-09-25,COD,Success,36504.09
PAY08316,O08316,2025-06-15,Net Banking,Success,23764.65
PAY08317,O08317,2025-09-22,UPI,Success,48233.76
PAY08318,O08318,2023-10-12,UPI,Success,42260.54
PAY08319,O08319,2025-12-22,Debit Card,Failed,29917.03
PAY08320,O08320,2024-08-23,Credit Card,Success,3313.15
PAY08321,O08321,2025-07-03,UPI,Success,13955.82
PAY08322,O08322,2024-10-29,Net Banking,Success,9618.28
PAY08323,O08323,2023-01-22,Debit Card,Success,4933.34
PAY08324,O08324,2023-02-20,UPI,Success,16921.12
PAY08325,O08325,2023-03-10,Credit Card,Success,19372.68
PAY08326,O08326,2023-12-31,Credit Card,Success,8320.86
PAY08327,O08327,2025-07-02,Credit Card,Success,16467.42
PAY08328,O08328,2024-10-24,Credit Card,Failed,14576.3
PAY08329,O08329,2025-09-05,Credit Card,Success,664.02
PAY08330,O08330,2025-03-27,Credit Card,Success,1837.81
PAY08331,O08331,2023-01-29,UPI,Success,128127.84
PAY08332,O08332,2024-04-11,Debit Card,Success,2493.81
PAY08333,O08333,2023-09-23,COD,Success,26517.55
PAY08334,O08334,2025-02-09,COD,Failed,6579.05
PAY08335,O08335,2025-09-21,UPI,Success,74532.38
PAY08336,O08336,2023-09-15,Credit Card,Success,1748.58
PAY08337,O08337,2025-05-08,Net Banking,Success,3023.71
PAY08338,O08338,2023-03-15,UPI,Success,800.6
PAY08339,O08339,2025-11-02,COD,Success,2010.74
PAY08340,O08340,2024-08-06,UPI,Success,14086.84
PAY08341,O08341,2025-10-21,COD,Failed,51059.66
PAY08342,O08342,2024-04-27,Debit Card,Success,57449.97
PAY08343,O08343,2023-07-15,Debit Card,Success,3681.28
PAY08344,O08344,2024-02-08,Net Banking,Success,19402.71
PAY08345,O08345,2023-01-05,Net Banking,Success,24666.34
PAY08346,O08346,2025-02-04,UPI,Failed,12408.96
PAY08347,O08347,2024-06-27,UPI,Failed,7677.82
PAY08348,O08348,2025-03-14,Credit Card,Success,38284.23
PAY08349,O08349,2023-04-17,UPI,Success,453.13
PAY08350,O08350,2023-05-04,Credit Card,Success,109063.63
PAY08351,O08351,2025-08-14,Net Banking,Success,7949.81
PAY08352,O08352,2024-12-09,Credit Card,Success,24269.28
PAY08353,O08353,2025-09-09,Net Banking,Success,10747.94
PAY08354,O08354,2024-12-15,UPI,Success,2385.94
PAY08355,O08355,2025-02-12,UPI,Success,57029.28
PAY08356,O08356,2025-12-14,Credit Card,Success,784.09
PAY08357,O08357,2023-11-08,Debit Card,Success,56243.5
PAY08358,O08358,2025-05-03,UPI,Success,16876.7
PAY08359,O08359,2024-07-10,Credit Card,Success,1154.47
PAY08360,O08360,2025-07-02,COD,Success,78018.27
PAY08361,O08361,2024-11-28,COD,Success,3964.86
PAY08362,O08362,2023-01-13,UPI,Success,62916.55
PAY08363,O08363,2023-07-29,UPI,Success,12454.61
PAY08364,O08364,2024-03-11,UPI,Success,1816.59
PAY08365,O08365,2025-12-12,Debit Card,Failed,66476.31
PAY08366,O08366,2025-04-30,Net Banking,Success,38620.73
PAY08367,O08367,2023-04-18,UPI,Failed,2384.01
PAY08368,O08368,2024-09-15,Credit Card,Success,83560.54
PAY08369,O08369,2023-05-02,Net Banking,Success,37044.72
PAY08370,O08370,2023-03-09,UPI,Refunded,3643.01
PAY08371,O08371,2025-09-14,Debit Card,Failed,1794.34
PAY08372,O08372,2023-03-23,UPI,Failed,2122.01
PAY08373,O08373,2024-12-15,Net Banking,Failed,1481.54
PAY08374,O08374,2023-04-24,UPI,Success,54582.08
PAY08375,O08375,2025-01-29,Credit Card,Success,7858.05
PAY08376,O08376,2024-03-31,UPI,Success,7801.11
PAY08377,O08377,2025-08-18,UPI,Failed,52826.85
PAY08378,O08378,2023-08-22,Net Banking,Failed,4990.85
PAY08379,O08379,2025-02-11,Credit Card,Success,56389.13
PAY08380,O08380,2024-07-15,Debit Card,Success,58074.51
PAY08381,O08381,2023-11-12,Debit Card,Success,25100.81
PAY08382,O08382,2024-04-21,UPI,Refunded,13955.82
PAY08383,O08383,2025-05-25,UPI,Success,3990.87
PAY08384,O08384,2024-01-08,Debit Card,Success,4020.81
PAY08385,O08385,2025-09-21,COD,Refunded,3651.62
PAY08386,O08386,2023-09-16,Debit Card,Success,3136.63
PAY08387,O08387,2024-12-25,Credit Card,Success,3210.68
PAY08388,O08388,2024-03-04,Debit Card,Failed,25259.4
PAY08389,O08389,2025-10-30,UPI,Failed,11648.3
PAY08390,O08390,2024-11-09,Debit Card,Success,27874.16
PAY08391,O08391,2024-10-24,Credit Card,Success,24918.82
PAY08392,O08392,2024-03-01,Debit Card,Success,1687.8
PAY08393,O08393,2024-09-23,UPI,Success,34096.0
PAY08394,O08394,2023-05-14,UPI,Success,53082.48
PAY08395,O08395,2025-08-19,UPI,Failed,1533.28
PAY08396,O08396,2023-01-20,COD,Success,40968.32
PAY08397,O08397,2024-01-04,UPI,Success,26965.87
PAY08398,O08398,2023-06-19,UPI,Refunded,2165.44
PAY08399,O08399,2023-01-18,COD,Success,128862.02
PAY08400,O08400,2025-06-27,Credit Card,Success,7479.31
PAY08401,O08401,2024-06-28,UPI,Success,49889.78
PAY08402,O08402,2024-12-27,UPI,Success,5868.32
PAY08403,O08403,2023-11-02,Credit Card,Refunded,20751.97
PAY08404,O08404,2024-01-16,Credit Card,Success,12270.31
PAY08405,O08405,2023-12-07,Credit Card,Success,24094.18
PAY08406,O08406,2023-05-31,COD,Success,31990.67
PAY08407,O08407,2025-12-06,UPI,Success,3070.96
PAY08408,O08408,2023-07-26,Credit Card,Success,14081.64
PAY08409,O08409,2023-05-21,Debit Card,Success,30455.43
PAY08410,O08410,2025-04-26,COD,Success,105680.85
PAY08411,O08411,2024-01-20,UPI,Refunded,176651.61
PAY08412,O08412,2024-12-27,Debit Card,Success,2168.76
PAY08413,O08413,2024-11-04,Credit Card,Success,2345.48
PAY08414,O08414,2025-09-20,UPI,Failed,27251.02
PAY08415,O08415,2023-07-22,Debit Card,Success,13488.86
PAY08416,O08416,2023-01-12,UPI,Success,28391.56
PAY08417,O08417,2023-12-18,COD,Success,7430.11
PAY08418,O08418,2025-01-07,COD,Success,21891.06
PAY08419,O08419,2023-08-05,Credit Card,Success,25807.35
PAY08420,O08420,2023-01-04,UPI,Success,29379.95
PAY08421,O08421,2024-08-28,Debit Card,Failed,64771.58
PAY08422,O08422,2025-11-28,Credit Card,Success,8066.68
PAY08423,O08423,2024-08-12,UPI,Success,88147.2
PAY08424,O08424,2025-04-03,UPI,Success,11659.79
PAY08425,O08425,2025-04-11,UPI,Success,7943.65
PAY08426,O08426,2023-10-04,Debit Card,Failed,17655.13
PAY08427,O08427,2024-08-30,Credit Card,Failed,3797.06
PAY08428,O08428,2025-10-07,Credit Card,Success,80579.63
PAY08429,O08429,2023-04-12,Credit Card,Failed,98745.42
PAY08430,O08430,2025-10-25,Debit Card,Success,49677.41
PAY08431,O08431,2024-02-16,Debit Card,Success,2587.37
PAY08432,O08432,2024-08-12,Credit Card,Success,277.51
PAY08433,O08433,2024-12-10,UPI,Success,900.81
PAY08434,O08434,2023-11-22,Credit Card,Failed,123399.09
PAY08435,O08435,2025-08-31,UPI,Success,2149.94
PAY08436,O08436,2025-10-22,Net Banking,Success,726.63
PAY08437,O08437,2024-08-23,Net Banking,Success,43025.19
PAY08438,O08438,2023-01-11,Credit Card,Failed,82604.02
PAY08439,O08439,2024-01-12,UPI,Success,33312.62
PAY08440,O08440,2024-10-07,UPI,Success,985.06
PAY08441,O08441,2024-10-13,COD,Success,6271.8
PAY08442,O08442,2023-04-15,UPI,Success,2116.45
PAY08443,O08443,2025-12-29,Debit Card,Success,34281.58
PAY08444,O08444,2025-06-04,UPI,Success,26300.14
PAY08445,O08445,2025-07-06,COD,Success,22718.81
PAY08446,O08446,2023-04-22,COD,Refunded,116754.6
PAY08447,O08447,2023-08-12,Debit Card,Success,8597.32
PAY08448,O08448,2023-08-12,Debit Card,Success,11007.43
PAY08449,O08449,2025-01-22,UPI,Success,15574.69
PAY08450,O08450,2024-09-24,Debit Card,Success,8331.43
PAY08451,O08451,2025-04-23,Credit Card,Success,557.58
PAY08452,O08452,2023-08-04,Debit Card,Success,1506.38
PAY08453,O08453,2023-09-15,Net Banking,Failed,2864.97
PAY08454,O08454,2024-10-28,COD,Failed,22003.17
PAY08455,O08455,2025-10-16,Credit Card,Failed,4821.42
PAY08456,O08456,2025-12-02,Net Banking,Success,920.42
PAY08457,O08457,2025-11-18,Debit Card,Success,2579.94
PAY08458,O08458,2024-11-26,UPI,Success,7575.85
PAY08459,O08459,2024-07-16,Debit Card,Refunded,11665.37
PAY08460,O08460,2023-11-25,COD,Success,7719.49
PAY08461,O08461,2025-04-22,UPI,Success,5743.14
PAY08462,O08462,2025-12-13,Debit Card,Success,26127.6
PAY08463,O08463,2024-02-23,Net Banking,Success,5684.2
PAY08464,O08464,2025-10-18,UPI,Refunded,79729.26
PAY08465,O08465,2025-06-23,Credit Card,Success,44883.88
PAY08466,O08466,2023-10-08,UPI,Success,35587.33
PAY08467,O08467,2025-12-15,COD,Success,45638.96
PAY08468,O08468,2023-08-11,Credit Card,Failed,24747.13
PAY08469,O08469,2023-04-18,Credit Card,Refunded,1748.58
PAY08470,O08470,2024-12-18,UPI,Success,867.41
PAY08471,O08471,2024-11-15,Net Banking,Failed,71031.1
PAY08472,O08472,2024-08-26,Credit Card,Success,7175.87
PAY08473,O08473,2025-08-18,COD,Success,7647.65
PAY08474,O08474,2025-10-28,Credit Card,Success,65684.08
PAY08475,O08475,2024-05-23,COD,Success,22480.41
PAY08476,O08476,2025-05-26,UPI,Success,3778.08
PAY08477,O08477,2023-09-27,UPI,Success,26259.32
PAY08478,O08478,2023-07-14,UPI,Success,658.0
PAY08479,O08479,2025-01-27,UPI,Success,1962.36
PAY08480,O08480,2025-01-30,Credit Card,Success,9995.4
PAY08481,O08481,2023-03-13,Credit Card,Success,6224.86
PAY08482,O08482,2025-11-20,UPI,Success,5352.78
PAY08483,O08483,2024-05-26,Credit Card,Success,9592.97
PAY08484,O08484,2025-01-05,UPI,Success,19862.64
PAY08485,O08485,2024-04-06,COD,Failed,2829.74
PAY08486,O08486,2024-04-03,Credit Card,Success,1143.39
PAY08487,O08487,2024-07-21,Net Banking,Failed,1018.79
PAY08488,O08488,2023-02-09,UPI,Success,1874.08
PAY08489,O08489,2025-08-28,UPI,Success,624.19
PAY08490,O08490,2023-09-21,UPI,Success,27394.9
PAY08491,O08491,2023-07-03,UPI,Success,7022.1
PAY08492,O08492,2024-06-04,COD,Refunded,1239.38
PAY08493,O08493,2025-09-08,UPI,Success,41417.97
PAY08494,O08494,2025-04-04,UPI,Success,88679.34
PAY08495,O08495,2025-05-24,UPI,Success,62309.47
PAY08496,O08496,2024-01-23,Net Banking,Success,3500.42
PAY08497,O08497,2024-07-29,COD,Success,6257.52
PAY08498,O08498,2023-09-10,UPI,Failed,6758.85
PAY08499,O08499,2025-10-31,Credit Card,Success,25372.56
PAY08500,O08500,2024-08-24,Credit Card,Success,25508.47
PAY08501,O08501,2023-07-30,UPI,Refunded,20497.97
PAY08502,O08502,2023-12-27,Credit Card,Success,9270.18
PAY08503,O08503,2023-03-10,UPI,Success,37938.37
PAY08504,O08504,2024-03-04,Credit Card,Refunded,5615.98
PAY08505,O08505,2023-01-09,UPI,Failed,4971.73
PAY08506,O08506,2024-06-20,Credit Card,Refunded,27976.08
PAY08507,O08507,2025-12-27,UPI,Success,1402.03
PAY08508,O08508,2024-11-25,Debit Card,Success,11453.78
PAY08509,O08509,2025-03-12,Debit Card,Success,4769.22
PAY08510,O08510,2023-01-24,Credit Card,Failed,176473.12
PAY08511,O08511,2025-12-02,Credit Card,Refunded,404.57
PAY08512,O08512,2023-06-06,UPI,Success,1357.16
PAY08513,O08513,2025-03-22,UPI,Success,48452.94
PAY08514,O08514,2023-03-20,UPI,Success,23125.44
PAY08515,O08515,2023-04-16,COD,Success,15298.96
PAY08516,O08516,2023-10-05,Debit Card,Success,803.5
PAY08517,O08517,2024-12-19,UPI,Success,85920.78
PAY08518,O08518,2025-02-02,Debit Card,Success,3778.08
PAY08519,O08519,2023-02-26,Credit Card,Failed,4195.82
PAY08520,O08520,2023-12-06,UPI,Success,26174.56
PAY08521,O08521,2023-10-02,Debit Card,Success,664.81
PAY08522,O08522,2025-06-27,COD,Success,3236.93
PAY08523,O08523,2024-03-10,UPI,Success,32293.33
PAY08524,O08524,2024-09-01,Debit Card,Success,918.43
PAY08525,O08525,2024-01-28,UPI,Success,2381.44
PAY08526,O08526,2023-06-23,UPI,Refunded,10308.16
PAY08527,O08527,2025-09-06,COD,Success,28270.98
PAY08528,O08528,2023-09-29,COD,Success,49031.54
PAY08529,O08529,2023-11-04,UPI,Success,462.09
PAY08530,O08530,2024-08-19,Credit Card,Failed,23133.46
PAY08531,O08531,2024-07-09,Credit Card,Success,10686.98
PAY08532,O08532,2023-07-26,UPI,Success,4904.72
PAY08533,O08533,2023-01-07,UPI,Success,39199.35
PAY08534,O08534,2024-05-13,COD,Failed,70443.33
PAY08535,O08535,2025-11-18,COD,Success,593.96
PAY08536,O08536,2025-08-08,Debit Card,Success,3329.55
PAY08537,O08537,2023-03-13,UPI,Failed,3106.27
PAY08538,O08538,2023-01-31,COD,Success,45520.36
PAY08539,O08539,2025-04-02,Net Banking,Success,28944.97
PAY08540,O08540,2024-11-03,COD,Success,3423.08
PAY08541,O08541,2025-09-20,UPI,Failed,42723.22
PAY08542,O08542,2023-11-19,Credit Card,Success,1139.57
PAY08543,O08543,2024-01-05,COD,Failed,1551.28
PAY08544,O08544,2025-10-03,UPI,Success,47153.65
PAY08545,O08545,2023-08-03,UPI,Failed,1384.65
PAY08546,O08546,2024-10-29,COD,Success,172621.56
PAY08547,O08547,2024-02-09,UPI,Success,1939.03
PAY08548,O08548,2024-09-05,COD,Success,708.54
PAY08549,O08549,2025-10-30,Credit Card,Success,24822.85
PAY08550,O08550,2023-10-08,Credit Card,Success,2872.57
PAY08551,O08551,2023-05-11,COD,Success,63304.13
PAY08552,O08552,2023-11-06,UPI,Success,13403.17
PAY08553,O08553,2024-04-29,Debit Card,Success,74843.66
PAY08554,O08554,2025-09-02,Credit Card,Success,4963.89
PAY08555,O08555,2025-10-20,Credit Card,Failed,1396.46
PAY08556,O08556,2025-03-04,UPI,Refunded,103457.88
PAY08557,O08557,2023-10-11,COD,Success,29442.14
PAY08558,O08558,2023-06-04,UPI,Success,15065.35
PAY08559,O08559,2025-03-18,Credit Card,Success,8343.01
PAY08560,O08560,2024-08-19,UPI,Failed,8935.0
PAY08561,O08561,2025-05-21,Net Banking,Success,46267.19
PAY08562,O08562,2023-09-20,UPI,Refunded,564.63
PAY08563,O08563,2025-02-23,COD,Success,864.51
PAY08564,O08564,2025-09-10,UPI,Success,42840.85
PAY08565,O08565,2023-08-09,UPI,Failed,25537.28
PAY08566,O08566,2024-11-24,Credit Card,Success,1899.11
PAY08567,O08567,2024-02-04,COD,Success,10133.77
PAY08568,O08568,2024-12-14,Debit Card,Success,1890.12
PAY08569,O08569,2025-03-09,COD,Success,13410.17
PAY08570,O08570,2024-02-17,UPI,Failed,5798.81
PAY08571,O08571,2024-09-22,Net Banking,Success,22192.38
PAY08572,O08572,2024-09-20,UPI,Success,69469.43
PAY08573,O08573,2024-02-06,Debit Card,Success,47153.65
PAY08574,O08574,2024-12-09,UPI,Success,61611.74
PAY08575,O08575,2023-06-23,COD,Success,42443.85
PAY08576,O08576,2023-10-30,COD,Success,2743.34
PAY08577,O08577,2023-04-14,Credit Card,Success,881.04
PAY08578,O08578,2024-06-04,Credit Card,Success,61896.45
PAY08579,O08579,2025-10-26,COD,Success,45001.92
PAY08580,O08580,2023-06-28,COD,Success,30819.58
PAY08581,O08581,2023-01-29,Debit Card,Success,1517.14
PAY08582,O08582,2024-01-13,COD,Success,21743.88
PAY08583,O08583,2023-04-08,Debit Card,Success,44670.86
PAY08584,O08584,2024-11-09,Debit Card,Failed,50544.29
PAY08585,O08585,2024-01-24,Credit Card,Success,7790.16
PAY08586,O08586,2025-09-30,Credit Card,Success,35310.26
PAY08587,O08587,2023-06-15,Debit Card,Success,1176.38
PAY08588,O08588,2025-08-03,Credit Card,Success,126531.58
PAY08589,O08589,2024-11-13,Debit Card,Success,90822.66
PAY08590,O08590,2025-09-30,Net Banking,Success,34407.52
PAY08591,O08591,2023-06-07,UPI,Success,1786.95
PAY08592,O08592,2024-02-02,Credit Card,Success,1958.54
PAY08593,O08593,2025-03-24,UPI,Refunded,56818.11
PAY08594,O08594,2025-08-20,Credit Card,Success,26443.07
PAY08595,O08595,2023-12-17,UPI,Success,4075.92
PAY08596,O08596,2025-02-23,Debit Card,Success,18566.02
PAY08597,O08597,2024-01-30,COD,Success,14637.85
PAY08598,O08598,2025-08-06,Debit Card,Success,52302.1
PAY08599,O08599,2023-02-21,Credit Card,Success,57005.63
PAY08600,O08600,2025-04-22,Credit Card,Success,139969.35
PAY08601,O08601,2024-05-15,Debit Card,Failed,24247.79
PAY08602,O08602,2025-01-12,Credit Card,Success,56534.3
PAY08603,O08603,2023-07-08,Debit Card,Success,7514.09
PAY08604,O08604,2025-08-04,COD,Refunded,13073.18
PAY08605,O08605,2023-05-10,Credit Card,Success,21809.81
PAY08606,O08606,2023-04-07,UPI,Success,15870.26
PAY08607,O08607,2024-01-01,UPI,Success,1693.54
PAY08608,O08608,2024-05-16,UPI,Success,26246.08
PAY08609,O08609,2025-07-08,Credit Card,Success,39172.9
PAY08610,O08610,2023-06-26,UPI,Success,6316.68
PAY08611,O08611,2025-10-06,Credit Card,Success,22727.55
PAY08612,O08612,2024-09-21,UPI,Success,5199.65
PAY08613,O08613,2025-08-28,UPI,Refunded,17497.34
PAY08614,O08614,2023-10-01,Debit Card,Failed,25952.34
PAY08615,O08615,2024-02-05,Net Banking,Success,53362.27
PAY08616,O08616,2024-02-15,UPI,Success,2395.22
PAY08617,O08617,2025-02-15,UPI,Success,3560.8
PAY08618,O08618,2025-12-23,UPI,Success,5186.47
PAY08619,O08619,2023-12-09,UPI,Success,1905.51
PAY08620,O08620,2024-05-19,UPI,Success,2097.91
PAY08621,O08621,2025-05-11,UPI,Success,48032.06
PAY08622,O08622,2025-01-08,COD,Success,19535.88
PAY08623,O08623,2024-09-22,Debit Card,Refunded,38391.1
PAY08624,O08624,2023-09-08,UPI,Success,7734.02
PAY08625,O08625,2025-12-29,UPI,Success,31666.18
PAY08626,O08626,2024-05-26,Credit Card,Success,7040.69
PAY08627,O08627,2023-12-11,Debit Card,Success,6619.04
PAY08628,O08628,2024-07-01,UPI,Success,5900.58
PAY08629,O08629,2024-07-11,UPI,Success,462.69
PAY08630,O08630,2025-09-13,UPI,Success,5038.87
PAY08631,O08631,2025-05-21,UPI,Failed,27114.98
PAY08632,O08632,2024-04-05,Credit Card,Success,51015.47
PAY08633,O08633,2025-06-06,Credit Card,Success,6535.87
PAY08634,O08634,2025-01-11,Debit Card,Success,3152.28
PAY08635,O08635,2025-02-02,Credit Card,Success,9325.34
PAY08636,O08636,2024-05-04,Net Banking,Refunded,3838.62
PAY08637,O08637,2025-12-05,Debit Card,Success,9137.86
PAY08638,O08638,2024-05-17,COD,Success,1939.03
PAY08639,O08639,2025-07-10,COD,Success,3788.0
PAY08640,O08640,2023-02-20,COD,Refunded,4114.4
PAY08641,O08641,2023-03-03,UPI,Success,51426.86
PAY08642,O08642,2024-08-01,Credit Card,Success,83440.71
PAY08643,O08643,2023-12-16,UPI,Success,1277.7
PAY08644,O08644,2024-02-04,Credit Card,Success,4922.87
PAY08645,O08645,2024-11-06,UPI,Success,3095.44
PAY08646,O08646,2024-11-07,UPI,Success,14456.19
PAY08647,O08647,2023-01-16,COD,Success,4909.48
PAY08648,O08648,2024-07-04,Debit Card,Success,10630.7
PAY08649,O08649,2023-05-19,Net Banking,Success,51509.2
PAY08650,O08650,2025-03-30,Credit Card,Success,32057.94
PAY08651,O08651,2025-07-19,UPI,Success,41796.39
PAY08652,O08652,2024-09-10,UPI,Success,2882.14
PAY08653,O08653,2023-03-22,Credit Card,Success,66673.73
PAY08654,O08654,2023-11-01,UPI,Success,1162.77
PAY08655,O08655,2025-10-18,Net Banking,Success,35358.88
PAY08656,O08656,2024-02-14,UPI,Refunded,1082.85
PAY08657,O08657,2024-12-22,UPI,Success,23515.64
PAY08658,O08658,2024-01-01,UPI,Failed,21507.51
PAY08659,O08659,2025-10-11,COD,Failed,24937.26
PAY08660,O08660,2023-08-30,Debit Card,Refunded,4404.93
PAY08661,O08661,2023-03-30,COD,Success,1557.85
PAY08662,O08662,2023-09-04,UPI,Success,953.8
PAY08663,O08663,2024-07-25,Debit Card,Success,24574.9
PAY08664,O08664,2024-09-16,Debit Card,Success,30082.09
PAY08665,O08665,2025-08-11,UPI,Success,25796.69
PAY08666,O08666,2023-07-30,Debit Card,Success,27563.15
PAY08667,O08667,2024-06-19,Debit Card,Success,49400.95
PAY08668,O08668,2025-07-30,UPI,Failed,3195.16
PAY08669,O08669,2023-01-14,UPI,Success,12132.75
PAY08670,O08670,2024-06-01,UPI,Success,69651.06
PAY08671,O08671,2025-03-06,Debit Card,Success,36722.2
PAY08672,O08672,2023-12-15,Credit Card,Success,10969.81
PAY08673,O08673,2023-01-21,Credit Card,Success,2913.24
PAY08674,O08674,2023-05-18,UPI,Failed,13606.65
PAY08675,O08675,2024-03-22,Credit Card,Refunded,13483.5
PAY08676,O08676,2023-06-23,UPI,Failed,1917.39
PAY08677,O08677,2024-12-06,Debit Card,Success,64693.27
PAY08678,O08678,2024-06-01,COD,Success,45008.0
PAY08679,O08679,2023-06-09,Credit Card,Refunded,2035.02
PAY08680,O08680,2024-05-28,UPI,Failed,599.44
PAY08681,O08681,2023-01-05,COD,Success,11273.73
PAY08682,O08682,2025-03-17,UPI,Success,1219.15
PAY08683,O08683,2025-01-16,Credit Card,Success,629.87
PAY08684,O08684,2023-04-15,UPI,Success,12617.74
PAY08685,O08685,2024-01-08,Debit Card,Success,5389.86
PAY08686,O08686,2023-10-09,Credit Card,Success,2135.3
PAY08687,O08687,2025-01-12,Credit Card,Success,9783.64
PAY08688,O08688,2023-10-11,Net Banking,Success,499.28
PAY08689,O08689,2023-08-25,Credit Card,Success,2309.43
PAY08690,O08690,2023-12-06,UPI,Success,9432.21
PAY08691,O08691,2024-04-01,Net Banking,Success,80037.54
PAY08692,O08692,2024-12-27,UPI,Success,1455.88
PAY08693,O08693,2024-02-15,Credit Card,Failed,5916.98
PAY08694,O08694,2024-07-12,Debit Card,Failed,451.39
PAY08695,O08695,2024-04-07,COD,Failed,22069.6
PAY08696,O08696,2023-07-10,Debit Card,Success,1082.47
PAY08697,O08697,2023-06-08,COD,Success,3983.32
PAY08698,O08698,2025-06-14,COD,Success,9985.69
PAY08699,O08699,2025-05-13,UPI,Success,1592.72
PAY08700,O08700,2025-11-15,Debit Card,Success,6440.45
PAY08701,O08701,2025-07-19,Debit Card,Success,915.61
PAY08702,O08702,2023-02-22,UPI,Success,11732.9
PAY08703,O08703,2024-10-23,UPI,Success,2817.99
PAY08704,O08704,2023-02-04,Debit Card,Success,9083.93
PAY08705,O08705,2024-03-04,Net Banking,Success,44145.07
PAY08706,O08706,2023-12-05,Debit Card,Success,58663.71
PAY08707,O08707,2024-12-20,Debit Card,Refunded,26275.74
PAY08708,O08708,2024-05-22,UPI,Success,6197.97
PAY08709,O08709,2023-03-21,UPI,Success,47183.7
PAY08710,O08710,2025-11-20,Credit Card,Success,2199.2
PAY08711,O08711,2023-08-14,UPI,Success,2370.02
PAY08712,O08712,2023-06-30,Debit Card,Success,110166.62
PAY08713,O08713,2024-02-23,UPI,Success,507.1
PAY08714,O08714,2024-10-17,Credit Card,Refunded,9462.21
PAY08715,O08715,2025-01-13,UPI,Success,3075.08
PAY08716,O08716,2023-11-11,UPI,Success,2755.46
PAY08717,O08717,2025-12-25,Credit Card,Failed,28499.56
PAY08718,O08718,2023-11-05,UPI,Success,132331.39
PAY08719,O08719,2023-02-11,UPI,Success,56522.06
PAY08720,O08720,2023-12-29,Credit Card,Success,6469.67
PAY08721,O08721,2025-09-07,Credit Card,Failed,7872.66
PAY08722,O08722,2025-06-18,UPI,Success,62809.14
PAY08723,O08723,2025-11-19,Credit Card,Success,1332.49
PAY08724,O08724,2025-07-20,UPI,Success,5670.52
PAY08725,O08725,2024-12-28,UPI,Success,39255.41
PAY08726,O08726,2025-01-03,COD,Success,3581.81
PAY08727,O08727,2025-08-19,Credit Card,Success,65890.93
PAY08728,O08728,2024-09-09,UPI,Success,689.39
PAY08729,O08729,2024-05-14,COD,Success,5473.35
PAY08730,O08730,2023-07-18,COD,Success,531.51
PAY08731,O08731,2023-02-04,UPI,Success,40075.47
PAY08732,O08732,2023-12-01,UPI,Success,80339.11
PAY08733,O08733,2023-08-23,Credit Card,Refunded,82132.37
PAY08734,O08734,2024-06-14,Debit Card,Success,2600.36
PAY08735,O08735,2025-06-05,Credit Card,Success,15147.2
PAY08736,O08736,2025-03-30,Debit Card,Success,932.4
PAY08737,O08737,2025-08-11,Debit Card,Refunded,105640.78
PAY08738,O08738,2025-01-14,Net Banking,Success,2997.38
PAY08739,O08739,2024-03-05,COD,Success,1017.51
PAY08740,O08740,2025-10-02,UPI,Refunded,27835.67
PAY08741,O08741,2024-07-24,Credit Card,Failed,12954.83
PAY08742,O08742,2023-05-31,Credit Card,Success,82318.67
PAY08743,O08743,2025-05-27,Credit Card,Success,167093.93
PAY08744,O08744,2023-12-12,Net Banking,Failed,5181.97
PAY08745,O08745,2025-07-23,UPI,Success,45406.01
PAY08746,O08746,2024-09-13,Debit Card,Success,43167.97
PAY08747,O08747,2023-05-31,COD,Success,17019.56
PAY08748,O08748,2025-01-15,UPI,Success,30307.3
PAY08749,O08749,2023-09-24,COD,Success,23680.26
PAY08750,O08750,2023-05-13,COD,Success,60951.92
PAY08751,O08751,2023-05-28,UPI,Failed,636.25
PAY08752,O08752,2024-08-27,UPI,Success,37043.5
PAY08753,O08753,2025-06-22,UPI,Failed,737.17
PAY08754,O08754,2024-01-11,UPI,Success,13123.71
PAY08755,O08755,2024-05-18,Debit Card,Success,16529.24
PAY08756,O08756,2025-11-02,Net Banking,Success,45425.48
PAY08757,O08757,2025-10-10,UPI,Success,629.07
PAY08758,O08758,2023-03-13,UPI,Success,5308.4
PAY08759,O08759,2023-09-20,UPI,Success,1378.78
PAY08760,O08760,2024-11-27,Net Banking,Success,16452.12
PAY08761,O08761,2025-05-10,Debit Card,Success,2297.3
PAY08762,O08762,2023-08-23,UPI,Success,1795.11
PAY08763,O08763,2025-11-06,COD,Success,63531.49
PAY08764,O08764,2024-09-10,Net Banking,Success,3717.42
PAY08765,O08765,2024-04-28,Credit Card,Success,44000.77
PAY08766,O08766,2025-11-09,UPI,Success,56376.64
PAY08767,O08767,2025-01-30,UPI,Success,35322.6
PAY08768,O08768,2024-04-18,UPI,Success,290.68
PAY08769,O08769,2023-06-12,UPI,Success,886.28
PAY08770,O08770,2024-10-01,UPI,Success,3655.05
PAY08771,O08771,2025-11-24,COD,Success,3741.83
PAY08772,O08772,2025-01-01,UPI,Success,3612.62
PAY08773,O08773,2025-01-25,Credit Card,Failed,26983.59
PAY08774,O08774,2025-11-10,UPI,Success,21233.19
PAY08775,O08775,2025-01-08,UPI,Success,1086.22
PAY08776,O08776,2023-06-17,Debit Card,Failed,27276.57
PAY08777,O08777,2023-06-23,UPI,Refunded,46574.03
PAY08778,O08778,2025-04-04,Net Banking,Success,47814.01
PAY08779,O08779,2023-07-19,UPI,Success,75361.41
PAY08780,O08780,2023-02-21,UPI,Success,55810.04
PAY08781,O08781,2023-11-26,COD,Success,4674.21
PAY08782,O08782,2023-10-21,Net Banking,Success,13697.09
PAY08783,O08783,2023-10-07,Net Banking,Success,20198.47
PAY08784,O08784,2023-12-30,COD,Success,47694.64
PAY08785,O08785,2024-07-24,Net Banking,Success,28429.47
PAY08786,O08786,2023-06-05,COD,Failed,2183.74
PAY08787,O08787,2025-09-19,UPI,Failed,5352.46
PAY08788,O08788,2025-08-03,COD,Success,6346.96
PAY08789,O08789,2024-11-29,Credit Card,Success,27684.71
PAY08790,O08790,2023-10-01,Credit Card,Success,90831.58
PAY08791,O08791,2024-03-19,UPI,Success,4963.55
PAY08792,O08792,2024-05-28,Debit Card,Failed,13708.35
PAY08793,O08793,2025-03-20,Debit Card,Success,4922.87
PAY08794,O08794,2024-02-16,COD,Success,2632.11
PAY08795,O08795,2025-11-05,UPI,Success,2786.05
PAY08796,O08796,2023-03-22,UPI,Success,24457.58
PAY08797,O08797,2024-11-17,Credit Card,Success,28113.29
PAY08798,O08798,2024-06-29,UPI,Failed,5436.26
PAY08799,O08799,2023-03-30,Debit Card,Refunded,1601.56
PAY08800,O08800,2025-08-30,UPI,Success,6675.23
PAY08801,O08801,2023-09-11,UPI,Success,3129.16
PAY08802,O08802,2025-01-16,Credit Card,Success,29077.79
PAY08803,O08803,2023-05-20,Debit Card,Success,19953.5
PAY08804,O08804,2024-12-10,UPI,Success,88842.07
PAY08805,O08805,2023-11-03,UPI,Success,16028.12
PAY08806,O08806,2023-06-23,Credit Card,Success,33849.23
PAY08807,O08807,2024-06-10,Net Banking,Success,32339.32
PAY08808,O08808,2023-11-26,Net Banking,Success,2104.89
PAY08809,O08809,2023-06-04,Debit Card,Success,6652.22
PAY08810,O08810,2024-12-09,COD,Success,1033.79
PAY08811,O08811,2024-08-29,UPI,Success,12268.72
PAY08812,O08812,2025-05-03,UPI,Refunded,10115.05
PAY08813,O08813,2023-11-08,Debit Card,Success,16855.36
PAY08814,O08814,2024-08-13,Debit Card,Success,5237.14
PAY08815,O08815,2025-01-01,UPI,Success,2589.16
PAY08816,O08816,2024-02-13,Credit Card,Success,26836.39
PAY08817,O08817,2024-12-20,UPI,Success,55589.43
PAY08818,O08818,2023-07-03,Debit Card,Refunded,12802.5
PAY08819,O08819,2024-09-18,COD,Success,29084.41
PAY08820,O08820,2023-08-27,COD,Success,86573.74
PAY08821,O08821,2024-02-10,Debit Card,Success,14523.07
PAY08822,O08822,2024-07-16,UPI,Success,33043.0
PAY08823,O08823,2024-08-04,COD,Success,8500.25
PAY08824,O08824,2023-03-29,UPI,Failed,4600.18
PAY08825,O08825,2025-02-28,COD,Success,5302.08
PAY08826,O08826,2025-01-16,UPI,Success,41309.08
PAY08827,O08827,2024-01-07,Credit Card,Refunded,588.24
PAY08828,O08828,2025-06-20,Credit Card,Success,16842.2
PAY08829,O08829,2023-02-13,UPI,Success,12428.16
PAY08830,O08830,2024-04-10,COD,Success,12003.34
PAY08831,O08831,2025-07-03,Credit Card,Refunded,74168.18
PAY08832,O08832,2024-04-19,UPI,Success,15284.13
PAY08833,O08833,2025-09-17,UPI,Success,8890.98
PAY08834,O08834,2023-06-23,Debit Card,Success,24437.18
PAY08835,O08835,2023-08-26,UPI,Success,48869.86
PAY08836,O08836,2025-12-07,Credit Card,Refunded,2481.65
PAY08837,O08837,2023-08-22,Credit Card,Success,12723.04
PAY08838,O08838,2024-02-22,UPI,Success,99702.07
PAY08839,O08839,2023-09-23,UPI,Success,934.25
PAY08840,O08840,2023-07-10,Credit Card,Success,19656.84
PAY08841,O08841,2023-12-25,UPI,Success,51609.1
PAY08842,O08842,2023-05-20,UPI,Success,1511.88
PAY08843,O08843,2024-07-01,UPI,Success,182307.57
PAY08844,O08844,2025-06-04,Credit Card,Success,8616.94
PAY08845,O08845,2023-03-15,UPI,Success,16677.04
PAY08846,O08846,2023-06-12,Net Banking,Success,26904.05
PAY08847,O08847,2023-08-13,COD,Success,6871.09
PAY08848,O08848,2023-07-04,UPI,Refunded,3914.34
PAY08849,O08849,2023-04-07,UPI,Success,3681.59
PAY08850,O08850,2024-11-15,COD,Refunded,5902.86
PAY08851,O08851,2025-09-04,Credit Card,Failed,32808.04
PAY08852,O08852,2024-10-17,COD,Success,37724.62
PAY08853,O08853,2024-05-12,Debit Card,Success,521.11
PAY08854,O08854,2023-03-03,UPI,Success,86201.02
PAY08855,O08855,2025-05-10,COD,Refunded,54889.94
PAY08856,O08856,2023-03-15,Credit Card,Failed,8504.42
PAY08857,O08857,2024-04-28,Debit Card,Refunded,10539.76
PAY08858,O08858,2023-04-25,UPI,Refunded,20232.27
PAY08859,O08859,2025-06-30,UPI,Success,1803.84
PAY08860,O08860,2024-07-08,UPI,Success,2847.51
PAY08861,O08861,2024-07-03,UPI,Failed,488.59
PAY08862,O08862,2023-05-22,Credit Card,Success,32796.49
PAY08863,O08863,2024-02-12,UPI,Success,39852.58
PAY08864,O08864,2024-05-04,COD,Success,67000.23
PAY08865,O08865,2025-06-15,UPI,Success,2512.44
PAY08866,O08866,2023-07-24,COD,Success,725.18
PAY08867,O08867,2023-10-22,Net Banking,Success,3183.92
PAY08868,O08868,2025-05-11,UPI,Success,13812.62
PAY08869,O08869,2024-08-04,UPI,Success,54367.4
PAY08870,O08870,2024-11-01,Debit Card,Success,20668.37
PAY08871,O08871,2025-06-23,Debit Card,Failed,24124.36
PAY08872,O08872,2023-01-18,UPI,Failed,781.72
PAY08873,O08873,2025-01-06,UPI,Success,20845.42
PAY08874,O08874,2024-09-13,UPI,Success,1452.58
PAY08875,O08875,2024-10-06,Credit Card,Success,11787.57
PAY08876,O08876,2024-06-25,UPI,Success,2755.46
PAY08877,O08877,2023-07-18,Credit Card,Success,16343.47
PAY08878,O08878,2023-04-03,UPI,Success,26715.04
PAY08879,O08879,2025-10-22,Debit Card,Success,4435.85
PAY08880,O08880,2025-02-28,COD,Success,1137.47
PAY08881,O08881,2025-09-03,COD,Refunded,11391.15
PAY08882,O08882,2024-09-02,UPI,Success,8603.68
PAY08883,O08883,2024-04-09,Net Banking,Success,20969.1
PAY08884,O08884,2025-02-17,Credit Card,Success,499.28
PAY08885,O08885,2025-10-25,COD,Success,67390.24
PAY08886,O08886,2024-07-06,Debit Card,Success,8272.64
PAY08887,O08887,2025-06-27,Credit Card,Success,28886.87
PAY08888,O08888,2023-08-30,Debit Card,Success,111583.69
PAY08889,O08889,2025-03-19,UPI,Success,18829.77
PAY08890,O08890,2025-06-16,UPI,Success,29387.38
PAY08891,O08891,2025-10-05,UPI,Success,648.58
PAY08892,O08892,2025-12-20,COD,Success,4366.08
PAY08893,O08893,2025-12-21,COD,Refunded,119561.94
PAY08894,O08894,2025-02-07,COD,Success,47794.46
PAY08895,O08895,2023-02-12,COD,Success,749.92
PAY08896,O08896,2025-05-25,Net Banking,Failed,998.84
PAY08897,O08897,2024-02-17,Credit Card,Success,5631.11
PAY08898,O08898,2024-01-18,UPI,Refunded,5441.08
PAY08899,O08899,2023-06-14,Debit Card,Success,10132.96
PAY08900,O08900,2024-12-10,UPI,Success,4973.5
PAY08901,O08901,2023-10-30,UPI,Success,33688.37
PAY08902,O08902,2025-02-12,Debit Card,Success,3966.79
PAY08903,O08903,2025-12-07,UPI,Success,7353.06
PAY08904,O08904,2024-01-03,UPI,Success,3280.82
PAY08905,O08905,2024-10-10,Debit Card,Success,27206.4
PAY08906,O08906,2025-11-22,UPI,Success,26830.26
PAY08907,O08907,2024-05-21,Credit Card,Success,1245.69
PAY08908,O08908,2024-09-04,UPI,Success,1327.8
PAY08909,O08909,2023-03-20,Debit Card,Success,44464.4
PAY08910,O08910,2024-12-08,UPI,Success,7146.99
PAY08911,O08911,2023-03-09,Debit Card,Success,8384.18
PAY08912,O08912,2025-11-19,Net Banking,Success,2961.08
PAY08913,O08913,2025-07-24,COD,Success,4200.55
PAY08914,O08914,2024-02-04,COD,Success,102582.18
PAY08915,O08915,2023-02-26,Net Banking,Success,6356.3
PAY08916,O08916,2024-07-22,UPI,Success,3453.89
PAY08917,O08917,2024-09-10,COD,Success,23240.32
PAY08918,O08918,2023-12-10,Credit Card,Success,438.45
PAY08919,O08919,2024-02-28,UPI,Success,3066.09
PAY08920,O08920,2024-03-16,Debit Card,Success,5113.87
PAY08921,O08921,2024-02-19,UPI,Success,89895.7
PAY08922,O08922,2025-05-23,UPI,Success,30358.58
PAY08923,O08923,2023-05-13,Debit Card,Success,6315.78
PAY08924,O08924,2024-03-06,UPI,Success,9208.12
PAY08925,O08925,2024-12-06,UPI,Success,3579.24
PAY08926,O08926,2023-09-25,COD,Success,25792.46
PAY08927,O08927,2023-04-17,UPI,Success,53810.58
PAY08928,O08928,2023-03-07,COD,Success,15562.84
PAY08929,O08929,2025-10-05,Credit Card,Success,892.03
PAY08930,O08930,2025-12-11,COD,Failed,121092.12
PAY08931,O08931,2024-12-11,Credit Card,Success,3538.96
PAY08932,O08932,2023-10-17,Credit Card,Success,2531.48
PAY08933,O08933,2023-08-20,Credit Card,Success,16419.52
PAY08934,O08934,2024-01-25,COD,Success,13955.82
PAY08935,O08935,2025-11-12,UPI,Refunded,7020.62
PAY08936,O08936,2024-12-30,Debit Card,Failed,4249.9
PAY08937,O08937,2024-11-17,UPI,Success,12486.79
PAY08938,O08938,2025-06-27,COD,Success,48385.46
PAY08939,O08939,2024-06-06,UPI,Success,3272.79
PAY08940,O08940,2023-12-30,UPI,Failed,1568.87
PAY08941,O08941,2023-02-28,Debit Card,Success,72910.16
PAY08942,O08942,2024-05-01,Debit Card,Success,47918.66
PAY08943,O08943,2025-03-10,Debit Card,Success,83896.72
PAY08944,O08944,2023-12-07,UPI,Success,4366.08
PAY08945,O08945,2024-05-02,Debit Card,Success,2368.17
PAY08946,O08946,2024-11-21,UPI,Success,60620.73
PAY08947,O08947,2025-11-07,Net Banking,Refunded,7883.87
PAY08948,O08948,2023-05-02,Credit Card,Success,49113.09
PAY08949,O08949,2023-11-28,UPI,Success,8695.55
PAY08950,O08950,2023-03-27,COD,Success,58543.83
PAY08951,O08951,2025-01-16,UPI,Success,3185.44
PAY08952,O08952,2024-01-23,Net Banking,Success,6781.06
PAY08953,O08953,2023-11-19,Debit Card,Success,4607.82
PAY08954,O08954,2024-03-25,Debit Card,Refunded,1677.27
PAY08955,O08955,2025-06-23,UPI,Success,1730.94
PAY08956,O08956,2023-03-16,Debit Card,Failed,2478.55
PAY08957,O08957,2023-09-13,UPI,Success,31690.26
PAY08958,O08958,2025-05-11,COD,Success,45936.35
PAY08959,O08959,2025-07-05,UPI,Success,50266.97
PAY08960,O08960,2025-10-21,UPI,Success,1469.79
PAY08961,O08961,2025-05-16,Credit Card,Failed,1787.93
PAY08962,O08962,2025-06-20,COD,Success,5454.98
PAY08963,O08963,2025-09-13,Debit Card,Success,2243.4
PAY08964,O08964,2025-04-09,Debit Card,Success,3582.59
PAY08965,O08965,2024-08-30,UPI,Success,2452.88
PAY08966,O08966,2024-08-10,UPI,Success,3489.73
PAY08967,O08967,2023-01-02,Credit Card,Success,48159.56
PAY08968,O08968,2024-01-18,UPI,Success,8305.25
PAY08969,O08969,2024-11-21,COD,Success,86514.92
PAY08970,O08970,2023-07-25,UPI,Success,7618.96
PAY08971,O08971,2023-01-26,UPI,Success,581.3
PAY08972,O08972,2023-04-18,COD,Success,5248.6
PAY08973,O08973,2025-05-19,Net Banking,Refunded,33596.58
PAY08974,O08974,2023-10-02,Debit Card,Success,1317.64
PAY08975,O08975,2023-01-18,UPI,Success,11180.88
PAY08976,O08976,2023-10-25,Credit Card,Refunded,23312.35
PAY08977,O08977,2024-08-17,UPI,Refunded,12865.09
PAY08978,O08978,2025-05-27,Debit Card,Success,1925.54
PAY08979,O08979,2025-11-18,UPI,Success,1018.48
PAY08980,O08980,2023-07-04,UPI,Failed,690.57
PAY08981,O08981,2024-11-05,UPI,Failed,10926.4
PAY08982,O08982,2024-03-24,Debit Card,Success,15738.87
PAY08983,O08983,2024-08-10,UPI,Success,3490.95
PAY08984,O08984,2024-02-26,UPI,Success,5139.02
PAY08985,O08985,2023-08-29,Credit Card,Success,1918.55
PAY08986,O08986,2024-05-28,UPI,Success,52421.04
PAY08987,O08987,2025-03-16,UPI,Success,4241.01
PAY08988,O08988,2024-03-16,UPI,Success,551.0
PAY08989,O08989,2025-02-11,COD,Failed,1557.87
PAY08990,O08990,2025-10-19,COD,Success,18938.65
PAY08991,O08991,2024-06-08,COD,Success,52095.55
PAY08992,O08992,2024-07-25,Credit Card,Success,43632.71
PAY08993,O08993,2024-12-14,Net Banking,Failed,65750.23
PAY08994,O08994,2023-04-25,UPI,Success,40544.26
PAY08995,O08995,2024-02-10,Debit Card,Failed,17031.98
PAY08996,O08996,2023-08-24,Debit Card,Success,2546.98
PAY08997,O08997,2025-10-26,UPI,Success,1146.14
PAY08998,O08998,2024-01-02,UPI,Success,28791.94
PAY08999,O08999,2025-04-26,Net Banking,Success,7086.85
PAY09000,O09000,2025-04-29,Debit Card,Success,499.34
PAY09001,O09001,2023-02-22,UPI,Success,6236.1
PAY09002,O09002,2023-10-29,Credit Card,Success,1690.35
PAY09003,O09003,2025-05-13,Debit Card,Success,53866.51
PAY09004,O09004,2025-12-23,Net Banking,Success,1149.93
PAY09005,O09005,2023-03-26,Debit Card,Success,25547.97
PAY09006,O09006,2025-10-15,Debit Card,Success,3532.1
PAY09007,O09007,2025-07-13,COD,Success,38739.4
PAY09008,O09008,2025-06-09,Debit Card,Success,1868.53
PAY09009,O09009,2025-07-05,Net Banking,Success,60433.37
PAY09010,O09010,2024-05-19,Credit Card,Success,5857.65
PAY09011,O09011,2024-11-26,Debit Card,Failed,38410.14
PAY09012,O09012,2023-04-11,Debit Card,Success,3606.62
PAY09013,O09013,2025-06-28,Credit Card,Failed,2807.84
PAY09014,O09014,2025-02-01,UPI,Refunded,157408.54
PAY09015,O09015,2023-11-11,COD,Success,1629.63
PAY09016,O09016,2023-09-05,UPI,Success,63287.64
PAY09017,O09017,2023-09-23,UPI,Success,22876.69
PAY09018,O09018,2024-03-01,Debit Card,Failed,6162.01
PAY09019,O09019,2025-03-05,Credit Card,Success,2674.95
PAY09020,O09020,2025-12-19,UPI,Success,35650.07
PAY09021,O09021,2023-11-20,COD,Success,2017.04
PAY09022,O09022,2025-03-03,UPI,Success,2882.57
PAY09023,O09023,2025-04-28,UPI,Success,7214.38
PAY09024,O09024,2023-03-05,UPI,Success,41959.61
PAY09025,O09025,2024-08-17,Net Banking,Success,3553.52
PAY09026,O09026,2025-08-21,Credit Card,Success,4218.88
PAY09027,O09027,2025-05-19,UPI,Success,20541.21
PAY09028,O09028,2024-05-29,Credit Card,Success,1901.39
PAY09029,O09029,2025-01-19,Credit Card,Success,35484.17
PAY09030,O09030,2023-02-20,Net Banking,Success,392.08
PAY09031,O09031,2024-09-10,COD,Success,2517.36
PAY09032,O09032,2023-04-09,UPI,Refunded,1143.39
PAY09033,O09033,2023-11-21,Debit Card,Success,3732.73
PAY09034,O09034,2024-08-15,Credit Card,Success,109427.12
PAY09035,O09035,2024-02-09,UPI,Success,63093.01
PAY09036,O09036,2023-06-04,UPI,Success,3945.12
PAY09037,O09037,2024-06-25,Debit Card,Success,49687.0
PAY09038,O09038,2023-05-28,Credit Card,Success,1368.76
PAY09039,O09039,2025-07-16,Debit Card,Success,2084.51
PAY09040,O09040,2025-05-14,UPI,Success,101284.55
PAY09041,O09041,2024-12-02,Credit Card,Success,1509.01
PAY09042,O09042,2025-03-01,COD,Success,54342.62
PAY09043,O09043,2023-09-16,UPI,Success,270.24
PAY09044,O09044,2024-12-17,Debit Card,Failed,54527.7
PAY09045,O09045,2024-03-15,COD,Success,1561.95
PAY09046,O09046,2024-06-20,Credit Card,Success,1840.64
PAY09047,O09047,2023-06-25,COD,Success,980.06
PAY09048,O09048,2024-12-14,Debit Card,Success,3960.24
PAY09049,O09049,2024-05-06,Debit Card,Success,9925.62
PAY09050,O09050,2024-08-28,UPI,Success,1506.96
PAY09051,O09051,2024-07-15,Debit Card,Refunded,2648.38
PAY09052,O09052,2023-08-09,COD,Success,615.2
PAY09053,O09053,2025-10-19,Debit Card,Success,5763.08
PAY09054,O09054,2023-02-26,Credit Card,Success,19514.61
PAY09055,O09055,2025-01-13,Debit Card,Success,30198.79
PAY09056,O09056,2023-12-06,Net Banking,Success,924.18
PAY09057,O09057,2024-12-20,UPI,Success,42463.4
PAY09058,O09058,2025-09-18,Debit Card,Success,4620.54
PAY09059,O09059,2025-07-13,COD,Refunded,17020.96
PAY09060,O09060,2023-10-29,Debit Card,Success,498.45
PAY09061,O09061,2025-10-10,UPI,Success,1257.1
PAY09062,O09062,2023-09-04,COD,Success,10666.53
PAY09063,O09063,2023-01-17,COD,Success,1213.82
PAY09064,O09064,2023-07-31,Debit Card,Success,27737.62
PAY09065,O09065,2025-03-29,Credit Card,Failed,14516.17
PAY09066,O09066,2025-11-11,UPI,Success,16417.31
PAY09067,O09067,2024-09-10,UPI,Success,8294.87
PAY09068,O09068,2023-04-30,Debit Card,Success,62760.09
PAY09069,O09069,2024-05-22,Debit Card,Success,329.9
PAY09070,O09070,2024-03-13,UPI,Success,71462.33
PAY09071,O09071,2025-03-13,UPI,Refunded,48429.62
PAY09072,O09072,2023-04-13,UPI,Success,1403.25
PAY09073,O09073,2024-12-05,Debit Card,Success,91717.39
PAY09074,O09074,2025-04-06,UPI,Success,63804.83
PAY09075,O09075,2025-12-08,UPI,Success,2697.64
PAY09076,O09076,2023-10-31,UPI,Success,4678.27
PAY09077,O09077,2023-06-17,COD,Success,50333.7
PAY09078,O09078,2024-05-08,UPI,Success,21615.36
PAY09079,O09079,2023-03-30,Debit Card,Success,2617.69
PAY09080,O09080,2023-05-01,Credit Card,Success,67428.8
PAY09081,O09081,2025-08-05,Credit Card,Success,532.51
PAY09082,O09082,2023-12-19,Credit Card,Success,3404.62
PAY09083,O09083,2023-12-16,Credit Card,Success,925.93
PAY09084,O09084,2025-10-15,UPI,Success,5513.43
PAY09085,O09085,2025-02-10,Credit Card,Failed,5906.77
PAY09086,O09086,2025-11-15,Credit Card,Success,8913.43
PAY09087,O09087,2023-11-18,UPI,Success,43577.18
PAY09088,O09088,2023-10-24,COD,Failed,2970.56
PAY09089,O09089,2023-05-12,Debit Card,Success,1276.77
PAY09090,O09090,2023-01-19,UPI,Success,18084.53
PAY09091,O09091,2025-02-08,Credit Card,Success,7859.77
PAY09092,O09092,2025-07-25,Net Banking,Success,892.03
PAY09093,O09093,2025-07-11,UPI,Success,772.59
PAY09094,O09094,2023-07-04,Net Banking,Refunded,51173.86
PAY09095,O09095,2025-12-09,Debit Card,Success,63841.85
PAY09096,O09096,2025-04-05,Credit Card,Failed,28896.36
PAY09097,O09097,2023-03-19,Net Banking,Success,26918.83
PAY09098,O09098,2024-06-13,UPI,Success,65934.7
PAY09099,O09099,2025-10-26,UPI,Success,2933.86
PAY09100,O09100,2023-02-03,UPI,Success,297.29
PAY09101,O09101,2023-02-28,Debit Card,Success,75826.22
PAY09102,O09102,2025-12-27,UPI,Refunded,2009.23
PAY09103,O09103,2023-09-12,UPI,Failed,68167.75
PAY09104,O09104,2024-02-09,Debit Card,Success,2054.62
PAY09105,O09105,2023-02-03,UPI,Success,12410.61
PAY09106,O09106,2023-01-12,UPI,Success,2155.18
PAY09107,O09107,2025-01-01,UPI,Refunded,165502.46
PAY09108,O09108,2024-08-11,COD,Success,39643.52
PAY09109,O09109,2024-06-16,Net Banking,Success,98839.54
PAY09110,O09110,2025-11-18,Debit Card,Success,35873.12
PAY09111,O09111,2025-06-10,UPI,Success,910.55
PAY09112,O09112,2024-09-21,Credit Card,Success,996.55
PAY09113,O09113,2025-07-01,UPI,Success,6924.06
PAY09114,O09114,2024-03-05,COD,Refunded,1453.73
PAY09115,O09115,2023-10-23,Debit Card,Success,46897.94
PAY09116,O09116,2024-03-19,UPI,Success,4101.62
PAY09117,O09117,2023-10-15,UPI,Success,2137.44
PAY09118,O09118,2023-11-03,Credit Card,Success,8277.66
PAY09119,O09119,2025-12-31,COD,Success,36015.34
PAY09120,O09120,2023-06-14,Net Banking,Success,3698.11
PAY09121,O09121,2024-08-12,UPI,Refunded,553.29
PAY09122,O09122,2024-09-22,COD,Success,4442.96
PAY09123,O09123,2025-03-09,UPI,Success,1656.58
PAY09124,O09124,2024-08-31,UPI,Success,69673.96
PAY09125,O09125,2024-11-25,UPI,Success,4841.26
PAY09126,O09126,2025-10-22,UPI,Success,52001.65
PAY09127,O09127,2024-04-20,UPI,Refunded,51254.71
PAY09128,O09128,2025-08-22,UPI,Success,3857.08
PAY09129,O09129,2023-03-07,COD,Failed,4591.89
PAY09130,O09130,2025-06-30,UPI,Success,36657.84
PAY09131,O09131,2024-09-06,Credit Card,Success,313.94
PAY09132,O09132,2024-02-26,Credit Card,Success,20181.15
PAY09133,O09133,2025-10-03,Net Banking,Success,18793.34
PAY09134,O09134,2025-10-13,UPI,Success,1213.82
PAY09135,O09135,2023-01-08,UPI,Success,18596.7
PAY09136,O09136,2025-09-01,Net Banking,Success,9932.1
PAY09137,O09137,2025-10-17,Credit Card,Success,108785.02
PAY09138,O09138,2023-04-14,UPI,Failed,236.93
PAY09139,O09139,2024-04-10,UPI,Success,58979.53
PAY09140,O09140,2025-04-29,UPI,Success,28023.14
PAY09141,O09141,2023-12-17,Credit Card,Success,5304.9
PAY09142,O09142,2024-01-01,Debit Card,Success,1713.14
PAY09143,O09143,2023-07-03,Credit Card,Success,10370.56
PAY09144,O09144,2023-08-31,COD,Success,12978.0
PAY09145,O09145,2023-08-08,Credit Card,Success,19059.25
PAY09146,O09146,2024-03-05,UPI,Success,2571.95
PAY09147,O09147,2025-03-19,UPI,Success,15611.69
PAY09148,O09148,2023-02-05,UPI,Success,2892.1
PAY09149,O09149,2024-11-05,UPI,Success,12150.36
PAY09150,O09150,2025-05-12,Net Banking,Refunded,4548.65
PAY09151,O09151,2024-02-13,UPI,Success,38490.46
PAY09152,O09152,2023-01-04,Credit Card,Success,21095.88
PAY09153,O09153,2023-12-28,UPI,Success,17993.96
PAY09154,O09154,2025-09-17,UPI,Success,4028.32
PAY09155,O09155,2024-08-13,Debit Card,Success,9054.51
PAY09156,O09156,2025-11-26,Credit Card,Success,114934.82
PAY09157,O09157,2023-12-03,UPI,Success,40832.23
PAY09158,O09158,2023-10-13,COD,Success,2807.04
PAY09159,O09159,2025-11-25,Credit Card,Success,1500.58
PAY09160,O09160,2024-01-31,UPI,Success,1332.36
PAY09161,O09161,2024-07-21,COD,Failed,1972.56
PAY09162,O09162,2025-12-08,UPI,Failed,1749.3
PAY09163,O09163,2024-04-07,Credit Card,Failed,59778.87
PAY09164,O09164,2023-12-23,Credit Card,Success,4009.51
PAY09165,O09165,2023-12-10,COD,Success,2259.92
PAY09166,O09166,2023-02-25,UPI,Success,20305.26
PAY09167,O09167,2025-04-23,COD,Success,143929.25
PAY09168,O09168,2023-09-17,Debit Card,Success,12723.03
PAY09169,O09169,2025-05-28,COD,Success,31097.21
PAY09170,O09170,2025-07-09,Net Banking,Success,3394.17
PAY09171,O09171,2025-09-26,COD,Success,5238.81
PAY09172,O09172,2025-07-05,UPI,Success,21801.19
PAY09173,O09173,2025-06-22,Debit Card,Failed,749.75
PAY09174,O09174,2023-09-29,COD,Failed,3843.01
PAY09175,O09175,2025-08-24,Credit Card,Success,1071.23
PAY09176,O09176,2025-04-18,Debit Card,Success,164690.46
PAY09177,O09177,2023-07-04,UPI,Success,68778.2
PAY09178,O09178,2024-01-02,COD,Success,145421.56
PAY09179,O09179,2024-12-20,Debit Card,Success,1759.27
PAY09180,O09180,2025-10-28,COD,Success,3085.7
PAY09181,O09181,2024-10-15,Debit Card,Success,44968.32
PAY09182,O09182,2025-06-22,COD,Success,28267.02
PAY09183,O09183,2025-10-15,UPI,Refunded,57628.64
PAY09184,O09184,2023-11-20,COD,Success,151333.17
PAY09185,O09185,2025-06-26,Net Banking,Success,43781.54
PAY09186,O09186,2023-04-13,COD,Success,1204.69
PAY09187,O09187,2025-03-05,Debit Card,Refunded,54281.65
PAY09188,O09188,2023-03-18,Net Banking,Success,1874.12
PAY09189,O09189,2025-01-15,UPI,Success,1403.25
PAY09190,O09190,2023-08-26,UPI,Success,48048.61
PAY09191,O09191,2025-06-08,Net Banking,Success,7049.06
PAY09192,O09192,2024-12-28,Debit Card,Success,3204.49
PAY09193,O09193,2025-03-23,UPI,Success,1584.1
PAY09194,O09194,2023-11-25,UPI,Failed,2954.22
PAY09195,O09195,2025-04-17,Debit Card,Failed,3778.08
PAY09196,O09196,2024-01-06,Debit Card,Success,32353.61
PAY09197,O09197,2023-09-17,UPI,Failed,56433.22
PAY09198,O09198,2023-08-17,Credit Card,Success,731.98
PAY09199,O09199,2024-01-13,COD,Success,451.39
PAY09200,O09200,2023-05-27,Net Banking,Success,2022.4
PAY09201,O09201,2023-03-22,Debit Card,Failed,1668.71
PAY09202,O09202,2025-11-30,Debit Card,Refunded,33042.48
PAY09203,O09203,2024-12-08,Credit Card,Success,849.28
PAY09204,O09204,2024-12-10,Credit Card,Success,20642.38
PAY09205,O09205,2023-04-09,UPI,Success,26180.32
PAY09206,O09206,2023-09-03,UPI,Success,2193.33
PAY09207,O09207,2023-11-29,Credit Card,Success,29118.72
PAY09208,O09208,2025-02-05,UPI,Success,2098.92
PAY09209,O09209,2023-10-05,UPI,Success,8027.58
PAY09210,O09210,2025-10-29,Net Banking,Success,25796.69
PAY09211,O09211,2023-09-10,UPI,Success,789.39
PAY09212,O09212,2025-06-16,UPI,Success,37162.78
PAY09213,O09213,2023-01-18,Credit Card,Success,49576.72
PAY09214,O09214,2024-01-27,UPI,Success,14219.87
PAY09215,O09215,2025-10-26,Debit Card,Success,2476.6
PAY09216,O09216,2025-01-18,UPI,Success,46070.08
PAY09217,O09217,2023-01-12,Debit Card,Success,10962.62
PAY09218,O09218,2025-02-09,COD,Failed,10867.53
PAY09219,O09219,2023-09-17,Debit Card,Success,5111.31
PAY09220,O09220,2024-03-04,UPI,Success,1641.93
PAY09221,O09221,2024-08-19,COD,Success,132751.42
PAY09222,O09222,2023-10-22,UPI,Failed,6225.17
PAY09223,O09223,2023-07-26,Debit Card,Success,90768.41
PAY09224,O09224,2023-08-12,Debit Card,Success,5728.83
PAY09225,O09225,2025-11-02,COD,Success,7115.09
PAY09226,O09226,2023-02-10,Credit Card,Success,588.24
PAY09227,O09227,2024-05-20,UPI,Success,3147.0
PAY09228,O09228,2024-08-23,Credit Card,Success,76727.39
PAY09229,O09229,2024-09-06,Credit Card,Failed,27927.7
PAY09230,O09230,2024-06-06,COD,Failed,4764.45
PAY09231,O09231,2023-11-03,UPI,Success,1257.1
PAY09232,O09232,2024-08-20,COD,Failed,55524.18
PAY09233,O09233,2023-07-22,UPI,Success,1031.36
PAY09234,O09234,2024-07-17,Debit Card,Success,4339.1
PAY09235,O09235,2024-02-16,UPI,Success,10875.85
PAY09236,O09236,2023-08-10,Debit Card,Success,1280.29
PAY09237,O09237,2023-11-20,COD,Success,444.21
PAY09238,O09238,2024-09-04,Credit Card,Success,3308.06
PAY09239,O09239,2023-12-08,Debit Card,Success,6178.28
PAY09240,O09240,2023-05-16,Debit Card,Success,19329.76
PAY09241,O09241,2025-04-08,Debit Card,Success,35153.27
PAY09242,O09242,2025-04-28,Debit Card,Success,2322.99
PAY09243,O09243,2023-05-29,COD,Success,451.39
PAY09244,O09244,2024-03-10,UPI,Success,10742.38
PAY09245,O09245,2024-01-23,UPI,Success,4096.28
PAY09246,O09246,2025-11-24,Net Banking,Success,1714.32
PAY09247,O09247,2023-03-05,COD,Refunded,14149.77
PAY09248,O09248,2024-03-19,Credit Card,Success,72512.4
PAY09249,O09249,2023-07-15,UPI,Success,4252.06
PAY09250,O09250,2023-03-28,COD,Refunded,62300.27
PAY09251,O09251,2025-06-09,Debit Card,Success,22017.22
PAY09252,O09252,2025-07-13,Net Banking,Success,27455.84
PAY09253,O09253,2023-06-22,UPI,Success,1921.37
PAY09254,O09254,2024-02-04,UPI,Success,2669.73
PAY09255,O09255,2025-03-24,Credit Card,Success,974.56
PAY09256,O09256,2023-11-29,COD,Failed,1143.39
PAY09257,O09257,2023-09-10,Net Banking,Success,2468.9
PAY09258,O09258,2025-10-29,UPI,Failed,16237.61
PAY09259,O09259,2025-02-01,UPI,Success,10796.2
PAY09260,O09260,2023-02-05,UPI,Success,13397.73
PAY09261,O09261,2025-02-17,COD,Success,5097.41
PAY09262,O09262,2025-07-23,Credit Card,Success,1929.71
PAY09263,O09263,2024-11-01,COD,Success,1875.66
PAY09264,O09264,2024-12-10,Credit Card,Success,7987.72
PAY09265,O09265,2024-12-31,UPI,Failed,16108.63
PAY09266,O09266,2024-09-19,Debit Card,Success,1295.67
PAY09267,O09267,2023-03-20,Credit Card,Success,11736.65
PAY09268,O09268,2024-01-10,Credit Card,Success,57040.57
PAY09269,O09269,2023-02-23,Net Banking,Failed,5242.0
PAY09270,O09270,2023-09-15,Credit Card,Failed,29995.33
PAY09271,O09271,2023-05-12,COD,Success,53874.92
PAY09272,O09272,2024-08-17,UPI,Success,2073.8
PAY09273,O09273,2025-07-16,Credit Card,Success,2162.01
PAY09274,O09274,2023-09-08,Credit Card,Success,13285.9
PAY09275,O09275,2024-02-02,UPI,Success,12047.41
PAY09276,O09276,2023-03-10,UPI,Success,442.94
PAY09277,O09277,2025-07-09,Debit Card,Success,2073.59
PAY09278,O09278,2024-10-17,UPI,Failed,13237.77
PAY09279,O09279,2024-10-13,UPI,Success,24000.85
PAY09280,O09280,2025-08-03,UPI,Success,7369.71
PAY09281,O09281,2023-12-08,COD,Success,1086.22
PAY09282,O09282,2024-01-11,COD,Success,714.88
PAY09283,O09283,2025-06-04,COD,Success,76636.63
PAY09284,O09284,2023-09-14,UPI,Success,17720.53
PAY09285,O09285,2024-05-30,UPI,Success,1091.22
PAY09286,O09286,2025-04-26,UPI,Success,7008.78
PAY09287,O09287,2023-11-05,Credit Card,Success,1945.51
PAY09288,O09288,2024-08-24,Debit Card,Success,7976.08
PAY09289,O09289,2025-01-01,UPI,Success,26193.03
PAY09290,O09290,2024-05-07,Credit Card,Success,1750.63
PAY09291,O09291,2024-10-01,UPI,Success,5472.58
PAY09292,O09292,2024-09-30,UPI,Success,127789.85
PAY09293,O09293,2024-12-08,Debit Card,Refunded,5030.45
PAY09294,O09294,2023-07-18,Debit Card,Success,2143.11
PAY09295,O09295,2025-10-30,UPI,Success,2812.54
PAY09296,O09296,2024-10-20,Net Banking,Success,42948.71
PAY09297,O09297,2023-01-17,UPI,Success,8927.16
PAY09298,O09298,2025-06-25,COD,Success,2757.39
PAY09299,O09299,2024-04-08,Credit Card,Success,37362.3
PAY09300,O09300,2025-07-05,Credit Card,Success,71320.19
PAY09301,O09301,2025-03-30,Credit Card,Refunded,7026.52
PAY09302,O09302,2025-04-09,Net Banking,Success,15989.34
PAY09303,O09303,2024-08-03,UPI,Success,41630.5
PAY09304,O09304,2023-06-11,Debit Card,Success,5247.53
PAY09305,O09305,2025-04-29,UPI,Success,34483.75
PAY09306,O09306,2024-05-13,COD,Success,33372.82
PAY09307,O09307,2024-04-10,UPI,Success,331.8
PAY09308,O09308,2023-12-09,Debit Card,Success,163530.14
PAY09309,O09309,2024-05-23,Credit Card,Success,1410.97
PAY09310,O09310,2023-06-02,Debit Card,Success,13221.31
PAY09311,O09311,2025-10-20,UPI,Success,10451.04
PAY09312,O09312,2024-07-28,Credit Card,Success,2882.57
PAY09313,O09313,2025-06-04,UPI,Success,132572.96
PAY09314,O09314,2025-06-14,Net Banking,Success,99589.44
PAY09315,O09315,2024-11-28,UPI,Success,7112.73
PAY09316,O09316,2023-08-01,Net Banking,Success,6343.13
PAY09317,O09317,2024-08-08,Credit Card,Success,2238.33
PAY09318,O09318,2025-03-07,UPI,Failed,2632.11
PAY09319,O09319,2024-10-29,UPI,Success,39189.17
PAY09320,O09320,2023-07-08,Credit Card,Success,3541.17
PAY09321,O09321,2025-02-06,Debit Card,Success,650.42
PAY09322,O09322,2025-09-13,Credit Card,Success,3167.22
PAY09323,O09323,2023-07-03,UPI,Success,551.0
PAY09324,O09324,2024-01-21,UPI,Success,2639.14
PAY09325,O09325,2023-01-25,UPI,Success,1020.48
PAY09326,O09326,2025-07-07,Debit Card,Success,1837.81
PAY09327,O09327,2023-02-07,Credit Card,Success,15954.51
PAY09328,O09328,2023-10-31,Credit Card,Success,618.52
PAY09329,O09329,2023-04-12,UPI,Success,10822.13
PAY09330,O09330,2024-10-20,Debit Card,Success,35484.17
PAY09331,O09331,2024-03-23,UPI,Success,13309.77
PAY09332,O09332,2024-04-16,Net Banking,Success,26732.39
PAY09333,O09333,2023-02-26,Debit Card,Success,2522.48
PAY09334,O09334,2024-08-08,UPI,Success,4462.86
PAY09335,O09335,2025-01-25,Debit Card,Refunded,30819.58
PAY09336,O09336,2023-05-08,COD,Refunded,2486.8
PAY09337,O09337,2025-12-29,COD,Success,593.96
PAY09338,O09338,2023-06-04,UPI,Success,974.34
PAY09339,O09339,2023-08-16,Net Banking,Success,13196.31
PAY09340,O09340,2025-04-17,UPI,Success,526.14
PAY09341,O09341,2024-11-22,UPI,Success,167756.55
PAY09342,O09342,2024-02-23,UPI,Failed,39241.32
PAY09343,O09343,2024-05-30,Credit Card,Success,166528.1
PAY09344,O09344,2023-10-18,UPI,Failed,136243.17
PAY09345,O09345,2023-07-20,Debit Card,Failed,31820.12
PAY09346,O09346,2025-05-23,UPI,Success,45645.42
PAY09347,O09347,2024-10-29,Debit Card,Success,7588.13
PAY09348,O09348,2025-02-09,UPI,Success,935.33
PAY09349,O09349,2023-06-19,UPI,Success,13799.36
PAY09350,O09350,2025-07-03,UPI,Refunded,78542.19
PAY09351,O09351,2024-01-15,Debit Card,Success,1762.57
PAY09352,O09352,2025-10-31,Credit Card,Success,4139.12
PAY09353,O09353,2023-12-24,Debit Card,Success,39019.54
PAY09354,O09354,2025-03-23,COD,Success,404.57
PAY09355,O09355,2023-05-13,UPI,Success,4630.8
PAY09356,O09356,2023-07-26,Credit Card,Success,3527.79
PAY09357,O09357,2023-11-13,UPI,Success,27860.65
PAY09358,O09358,2024-08-28,Credit Card,Success,1991.66
PAY09359,O09359,2024-05-02,UPI,Success,13811.04
PAY09360,O09360,2023-04-22,Credit Card,Success,181775.7
PAY09361,O09361,2023-09-05,COD,Failed,31476.99
PAY09362,O09362,2024-02-17,Credit Card,Failed,19935.56
PAY09363,O09363,2024-07-26,COD,Success,3998.18
PAY09364,O09364,2024-03-26,Debit Card,Success,32004.33
PAY09365,O09365,2025-06-09,COD,Success,10797.03
PAY09366,O09366,2025-01-13,Net Banking,Success,19402.71
PAY09367,O09367,2023-05-05,Credit Card,Failed,800.98
PAY09368,O09368,2025-07-30,COD,Success,4344.61
PAY09369,O09369,2023-09-17,Credit Card,Success,3426.29
PAY09370,O09370,2024-06-20,Debit Card,Success,4311.41
PAY09371,O09371,2023-03-22,UPI,Success,7470.3
PAY09372,O09372,2023-10-01,Net Banking,Failed,18692.65
PAY09373,O09373,2024-02-06,COD,Success,31956.54
PAY09374,O09374,2025-12-13,COD,Success,31666.18
PAY09375,O09375,2023-09-30,UPI,Success,8515.0
PAY09376,O09376,2025-06-15,UPI,Success,9019.97
PAY09377,O09377,2023-08-17,Credit Card,Success,39211.39
PAY09378,O09378,2024-01-07,COD,Success,45207.49
PAY09379,O09379,2024-12-13,COD,Success,7536.66
PAY09380,O09380,2023-07-12,UPI,Success,1194.41
PAY09381,O09381,2025-09-07,Credit Card,Success,6084.84
PAY09382,O09382,2025-11-12,Credit Card,Success,14198.8
PAY09383,O09383,2024-05-03,Debit Card,Success,2140.28
PAY09384,O09384,2025-01-03,UPI,Success,1980.12
PAY09385,O09385,2025-04-29,UPI,Success,8120.5
PAY09386,O09386,2023-12-14,UPI,Success,1340.67
PAY09387,O09387,2025-02-04,Credit Card,Failed,13623.37
PAY09388,O09388,2024-11-14,Net Banking,Failed,27276.57
PAY09389,O09389,2024-07-30,Debit Card,Success,54665.0
PAY09390,O09390,2024-06-15,Debit Card,Success,10230.15
PAY09391,O09391,2025-11-03,Net Banking,Success,30307.3
PAY09392,O09392,2023-01-20,Credit Card,Failed,96578.66
PAY09393,O09393,2024-09-14,Credit Card,Success,4221.79
PAY09394,O09394,2023-01-03,UPI,Failed,714.88
PAY09395,O09395,2023-12-03,UPI,Success,499.34
PAY09396,O09396,2023-10-15,COD,Success,462.81
PAY09397,O09397,2023-09-12,COD,Success,726.5
PAY09398,O09398,2024-08-20,COD,Refunded,2343.78
PAY09399,O09399,2024-09-29,UPI,Success,5988.55
PAY09400,O09400,2025-10-30,UPI,Success,12476.93
PAY09401,O09401,2025-07-08,Credit Card,Success,8875.25
PAY09402,O09402,2025-03-30,UPI,Success,71338.78
PAY09403,O09403,2024-11-13,UPI,Success,7106.7
PAY09404,O09404,2025-03-27,Credit Card,Refunded,867.75
PAY09405,O09405,2025-04-16,Credit Card,Refunded,11790.92
PAY09406,O09406,2025-08-05,Debit Card,Success,25104.54
PAY09407,O09407,2024-04-17,Net Banking,Failed,3097.44
PAY09408,O09408,2024-04-18,Debit Card,Refunded,404.57
PAY09409,O09409,2024-11-28,UPI,Success,35381.01
PAY09410,O09410,2023-08-17,Net Banking,Success,20846.12
PAY09411,O09411,2023-02-18,Credit Card,Success,55282.78
PAY09412,O09412,2024-12-28,Debit Card,Success,46426.43
PAY09413,O09413,2025-08-23,UPI,Refunded,4084.2
PAY09414,O09414,2023-04-30,Credit Card,Success,34435.7
PAY09415,O09415,2024-09-02,Credit Card,Success,6960.62
PAY09416,O09416,2023-02-08,Net Banking,Failed,3100.41
PAY09417,O09417,2023-07-07,COD,Refunded,22471.0
PAY09418,O09418,2024-04-04,UPI,Success,1353.81
PAY09419,O09419,2025-09-17,UPI,Failed,51593.18
PAY09420,O09420,2025-02-16,UPI,Success,1887.37
PAY09421,O09421,2025-05-20,Credit Card,Success,3045.93
PAY09422,O09422,2025-05-01,UPI,Success,2282.91
PAY09423,O09423,2024-02-14,UPI,Success,1182.06
PAY09424,O09424,2025-10-17,COD,Success,2623.58
PAY09425,O09425,2023-03-12,UPI,Failed,906.48
PAY09426,O09426,2023-05-29,UPI,Success,261.15
PAY09427,O09427,2025-06-29,COD,Success,2611.1
PAY09428,O09428,2025-02-16,Credit Card,Success,58728.26
PAY09429,O09429,2023-06-04,COD,Refunded,17859.03
PAY09430,O09430,2025-08-07,Credit Card,Success,62779.5
PAY09431,O09431,2024-12-23,COD,Success,1560.99
PAY09432,O09432,2025-12-10,Credit Card,Success,2664.72
PAY09433,O09433,2025-07-25,UPI,Refunded,10801.25
PAY09434,O09434,2025-01-31,Credit Card,Refunded,22702.37
PAY09435,O09435,2025-04-07,Credit Card,Success,11315.98
PAY09436,O09436,2023-05-23,Debit Card,Success,16127.16
PAY09437,O09437,2025-12-30,Net Banking,Failed,8846.78
PAY09438,O09438,2025-09-18,UPI,Success,65460.24
PAY09439,O09439,2025-10-18,Debit Card,Refunded,24017.15
PAY09440,O09440,2024-12-06,Debit Card,Success,2993.19
PAY09441,O09441,2023-09-16,COD,Refunded,44908.77
PAY09442,O09442,2025-04-21,Credit Card,Success,11695.53
PAY09443,O09443,2024-09-12,UPI,Success,255.86
PAY09444,O09444,2024-07-02,COD,Success,3428.64
PAY09445,O09445,2024-07-13,COD,Success,1802.38
PAY09446,O09446,2023-12-13,UPI,Success,538.75
PAY09447,O09447,2024-01-16,UPI,Success,1874.12
PAY09448,O09448,2023-05-13,COD,Success,56774.67
PAY09449,O09449,2024-12-19,Credit Card,Success,11790.92
PAY09450,O09450,2023-03-20,UPI,Refunded,1946.49
PAY09451,O09451,2025-12-25,Debit Card,Success,1033.79
PAY09452,O09452,2025-07-22,Credit Card,Success,1795.02
PAY09453,O09453,2025-01-25,Net Banking,Success,43033.04
PAY09454,O09454,2023-05-28,UPI,Success,62423.49
PAY09455,O09455,2023-03-08,UPI,Success,12647.02
PAY09456,O09456,2024-04-18,UPI,Success,29398.02
PAY09457,O09457,2023-06-01,UPI,Success,4291.22
PAY09458,O09458,2023-01-06,UPI,Failed,297.29
PAY09459,O09459,2025-11-08,COD,Refunded,199539.97
PAY09460,O09460,2024-06-08,UPI,Success,1008.04
PAY09461,O09461,2023-09-15,Debit Card,Success,14624.84
PAY09462,O09462,2025-11-25,Credit Card,Success,717.24
PAY09463,O09463,2025-07-11,Credit Card,Failed,31493.09
PAY09464,O09464,2024-07-08,COD,Success,65101.49
PAY09465,O09465,2024-08-14,Debit Card,Success,21373.85
PAY09466,O09466,2023-11-19,UPI,Success,8928.44
PAY09467,O09467,2024-03-30,UPI,Failed,3310.93
PAY09468,O09468,2025-05-10,Credit Card,Success,2405.45
PAY09469,O09469,2023-12-27,COD,Success,18015.93
PAY09470,O09470,2023-02-22,UPI,Success,737.17
PAY09471,O09471,2024-06-14,UPI,Success,109902.11
PAY09472,O09472,2024-12-25,Credit Card,Success,3354.95
PAY09473,O09473,2023-02-04,UPI,Success,2203.58
PAY09474,O09474,2024-03-13,Net Banking,Success,13246.62
PAY09475,O09475,2025-09-24,UPI,Success,824.8
PAY09476,O09476,2025-04-29,Credit Card,Success,14043.72
PAY09477,O09477,2025-03-23,UPI,Success,6523.85
PAY09478,O09478,2023-03-20,Debit Card,Success,19760.17
PAY09479,O09479,2024-08-02,Debit Card,Refunded,85278.08
PAY09480,O09480,2025-12-09,COD,Success,48660.27
PAY09481,O09481,2024-03-17,Credit Card,Success,1525.19
PAY09482,O09482,2024-11-01,UPI,Success,830.21
PAY09483,O09483,2024-04-09,UPI,Success,21870.3
PAY09484,O09484,2024-01-14,Debit Card,Success,8142.0
PAY09485,O09485,2024-06-29,Credit Card,Success,39341.11
PAY09486,O09486,2024-03-11,UPI,Success,4015.63
PAY09487,O09487,2025-10-18,UPI,Success,53314.72
PAY09488,O09488,2024-12-25,UPI,Success,31223.38
PAY09489,O09489,2025-06-10,UPI,Success,4395.82
PAY09490,O09490,2025-07-27,COD,Success,19547.94
PAY09491,O09491,2023-06-06,Debit Card,Success,106870.99
PAY09492,O09492,2023-09-28,Net Banking,Success,45007.87
PAY09493,O09493,2023-06-11,Credit Card,Success,113357.11
PAY09494,O09494,2023-11-20,Credit Card,Success,45645.42
PAY09495,O09495,2025-11-04,UPI,Success,22171.12
PAY09496,O09496,2023-05-01,Credit Card,Success,10903.93
PAY09497,O09497,2023-12-16,Debit Card,Success,6605.97
PAY09498,O09498,2023-02-15,UPI,Success,11883.59
PAY09499,O09499,2024-04-13,UPI,Success,6083.18
PAY09500,O09500,2024-09-13,UPI,Success,8640.3
PAY09501,O09501,2023-08-09,UPI,Failed,24147.29
PAY09502,O09502,2025-10-02,Credit Card,Success,19463.55
PAY09503,O09503,2025-08-18,Credit Card,Refunded,1040.67
PAY09504,O09504,2024-05-26,Debit Card,Success,1963.05
PAY09505,O09505,2024-01-16,Debit Card,Success,85498.37
PAY09506,O09506,2024-07-21,Debit Card,Success,32636.03
PAY09507,O09507,2024-07-19,UPI,Success,39496.65
PAY09508,O09508,2025-10-26,Debit Card,Success,1583.3
PAY09509,O09509,2025-01-23,Credit Card,Success,4216.49
PAY09510,O09510,2023-07-22,Credit Card,Success,21622.17
PAY09511,O09511,2023-09-14,Debit Card,Success,27201.35
PAY09512,O09512,2023-07-20,Credit Card,Success,57702.62
PAY09513,O09513,2023-03-14,Credit Card,Success,12427.08
PAY09514,O09514,2025-08-09,UPI,Success,1049.0
PAY09515,O09515,2024-11-20,COD,Success,7937.6
PAY09516,O09516,2023-08-07,Credit Card,Success,766.44
PAY09517,O09517,2024-02-13,Credit Card,Success,27513.84
PAY09518,O09518,2025-03-07,Credit Card,Success,14734.57
PAY09519,O09519,2025-03-03,Credit Card,Success,381.51
PAY09520,O09520,2023-07-28,UPI,Success,7698.86
PAY09521,O09521,2023-04-02,Credit Card,Success,3706.51
PAY09522,O09522,2024-06-16,Debit Card,Success,381.51
PAY09523,O09523,2025-12-14,Net Banking,Success,36224.94
PAY09524,O09524,2023-03-26,COD,Success,18924.42
PAY09525,O09525,2024-02-16,Net Banking,Success,23606.14
PAY09526,O09526,2024-03-19,COD,Success,25618.66
PAY09527,O09527,2023-05-12,Debit Card,Success,18668.48
PAY09528,O09528,2025-02-10,Credit Card,Success,28242.38
PAY09529,O09529,2023-07-03,UPI,Success,36908.66
PAY09530,O09530,2024-07-31,UPI,Success,2597.37
PAY09531,O09531,2024-10-27,UPI,Success,16863.62
PAY09532,O09532,2023-12-31,Credit Card,Success,7136.99
PAY09533,O09533,2023-07-16,Debit Card,Success,2441.23
PAY09534,O09534,2025-11-06,Debit Card,Success,3913.07
PAY09535,O09535,2023-07-30,Credit Card,Failed,4489.37
PAY09536,O09536,2023-05-16,UPI,Success,1017.51
PAY09537,O09537,2024-08-17,UPI,Success,45801.38
PAY09538,O09538,2024-05-19,Net Banking,Success,19314.0
PAY09539,O09539,2024-04-21,Net Banking,Success,810.37
PAY09540,O09540,2024-03-21,UPI,Success,9520.02
PAY09541,O09541,2024-11-14,Debit Card,Success,3137.21
PAY09542,O09542,2023-05-04,UPI,Success,2525.39
PAY09543,O09543,2024-05-08,UPI,Success,2471.69
PAY09544,O09544,2024-01-26,Debit Card,Failed,2400.13
PAY09545,O09545,2023-03-04,COD,Refunded,1169.78
PAY09546,O09546,2024-06-03,Credit Card,Success,7734.02
PAY09547,O09547,2023-09-03,UPI,Success,2872.71
PAY09548,O09548,2023-06-15,Credit Card,Success,42626.33
PAY09549,O09549,2025-08-14,Credit Card,Success,2905.16
PAY09550,O09550,2023-10-11,COD,Success,40047.31
PAY09551,O09551,2024-12-11,Debit Card,Refunded,9062.32
PAY09552,O09552,2025-07-21,Debit Card,Success,2098.0
PAY09553,O09553,2024-10-18,UPI,Success,3066.56
PAY09554,O09554,2025-04-02,Debit Card,Success,28988.37
PAY09555,O09555,2023-07-16,Credit Card,Success,1467.32
PAY09556,O09556,2023-10-14,COD,Success,1129.26
PAY09557,O09557,2023-04-27,UPI,Failed,987.27
PAY09558,O09558,2025-08-23,Credit Card,Success,31992.99
PAY09559,O09559,2025-01-22,UPI,Success,1974.54
PAY09560,O09560,2025-06-12,UPI,Success,9916.94
PAY09561,O09561,2024-05-21,COD,Success,4811.34
PAY09562,O09562,2025-03-02,Debit Card,Success,12345.01
PAY09563,O09563,2023-11-29,Debit Card,Failed,49127.21
PAY09564,O09564,2025-09-23,UPI,Success,22014.79
PAY09565,O09565,2024-10-30,Debit Card,Success,2367.57
PAY09566,O09566,2023-09-24,Credit Card,Success,985.06
PAY09567,O09567,2024-08-06,Credit Card,Success,3222.47
PAY09568,O09568,2024-11-23,Credit Card,Success,2989.65
PAY09569,O09569,2024-04-25,COD,Success,36771.56
PAY09570,O09570,2025-10-26,UPI,Success,99743.44
PAY09571,O09571,2024-10-05,COD,Success,99546.59
PAY09572,O09572,2025-02-11,Net Banking,Success,33854.14
PAY09573,O09573,2023-10-11,UPI,Success,1234.71
PAY09574,O09574,2023-10-18,Net Banking,Success,2264.81
PAY09575,O09575,2023-07-25,Net Banking,Refunded,5986.31
PAY09576,O09576,2025-06-24,Debit Card,Success,90444.8
PAY09577,O09577,2023-11-30,UPI,Success,50978.45
PAY09578,O09578,2024-02-09,Credit Card,Success,1480.7
PAY09579,O09579,2023-02-02,UPI,Success,27797.43
PAY09580,O09580,2023-07-13,UPI,Success,1118.5
PAY09581,O09581,2024-02-12,Debit Card,Success,16903.77
PAY09582,O09582,2024-08-27,Credit Card,Refunded,28452.29
PAY09583,O09583,2023-02-06,Credit Card,Failed,119132.52
PAY09584,O09584,2023-11-30,UPI,Success,18757.43
PAY09585,O09585,2025-10-18,UPI,Success,2376.91
PAY09586,O09586,2025-12-11,Net Banking,Success,79380.87
PAY09587,O09587,2023-01-17,Debit Card,Success,4414.25
PAY09588,O09588,2025-05-04,COD,Success,1534.93
PAY09589,O09589,2023-01-09,UPI,Success,37218.31
PAY09590,O09590,2023-07-01,COD,Success,48620.99
PAY09591,O09591,2023-01-04,Debit Card,Success,2161.67
PAY09592,O09592,2024-11-24,UPI,Success,14703.82
PAY09593,O09593,2023-06-17,Debit Card,Success,46613.02
PAY09594,O09594,2023-01-27,Net Banking,Success,259.31
PAY09595,O09595,2023-04-28,UPI,Success,19686.89
PAY09596,O09596,2025-01-09,Credit Card,Failed,1800.7
PAY09597,O09597,2023-12-18,Net Banking,Success,9540.9
PAY09598,O09598,2023-07-15,COD,Success,6118.36
PAY09599,O09599,2024-10-16,Debit Card,Success,984.83
PAY09600,O09600,2023-11-13,UPI,Failed,8561.89
PAY09601,O09601,2025-01-26,Credit Card,Success,20254.17
PAY09602,O09602,2025-12-08,Debit Card,Success,11620.06
PAY09603,O09603,2025-11-05,Credit Card,Success,1402.03
PAY09604,O09604,2023-01-14,Net Banking,Success,6352.92
PAY09605,O09605,2024-01-04,Debit Card,Refunded,532.16
PAY09606,O09606,2023-08-17,UPI,Success,2625.06
PAY09607,O09607,2025-09-29,Credit Card,Success,39591.48
PAY09608,O09608,2025-01-07,Credit Card,Refunded,46656.45
PAY09609,O09609,2024-07-13,Credit Card,Success,38850.23
PAY09610,O09610,2025-12-20,Credit Card,Success,105885.71
PAY09611,O09611,2025-05-17,UPI,Success,1114.1
PAY09612,O09612,2024-10-23,Debit Card,Failed,38046.26
PAY09613,O09613,2025-12-13,UPI,Success,30770.05
PAY09614,O09614,2024-10-18,Credit Card,Success,4708.03
PAY09615,O09615,2023-06-21,UPI,Success,1219.15
PAY09616,O09616,2023-11-15,Net Banking,Refunded,11015.62
PAY09617,O09617,2024-09-07,UPI,Success,23745.96
PAY09618,O09618,2024-05-03,UPI,Success,1939.03
PAY09619,O09619,2024-10-13,Debit Card,Success,1109.82
PAY09620,O09620,2024-11-16,UPI,Success,26193.54
PAY09621,O09621,2023-05-06,UPI,Success,6565.65
PAY09622,O09622,2024-12-06,Debit Card,Failed,1173.97
PAY09623,O09623,2024-04-04,UPI,Success,1480.7
PAY09624,O09624,2024-11-07,UPI,Success,49687.0
PAY09625,O09625,2024-10-09,UPI,Success,4253.38
PAY09626,O09626,2023-06-29,UPI,Success,66534.9
PAY09627,O09627,2024-06-21,Debit Card,Success,465.53
PAY09628,O09628,2025-05-07,Credit Card,Success,47831.39
PAY09629,O09629,2023-11-24,UPI,Success,6271.8
PAY09630,O09630,2024-08-23,UPI,Success,2087.6
PAY09631,O09631,2024-11-02,UPI,Success,974.56
PAY09632,O09632,2025-02-10,UPI,Success,13278.24
PAY09633,O09633,2025-04-03,UPI,Success,29278.6
PAY09634,O09634,2023-10-18,UPI,Success,58915.19
PAY09635,O09635,2023-08-27,UPI,Refunded,3990.0
PAY09636,O09636,2024-03-15,Debit Card,Success,12068.98
PAY09637,O09637,2024-03-22,Net Banking,Success,2262.78
PAY09638,O09638,2025-12-26,COD,Success,3107.23
PAY09639,O09639,2024-12-17,UPI,Success,1048.95
PAY09640,O09640,2023-04-26,UPI,Success,1632.88
PAY09641,O09641,2023-07-10,UPI,Success,37126.43
PAY09642,O09642,2025-05-26,UPI,Success,4322.12
PAY09643,O09643,2023-10-05,Credit Card,Success,25594.89
PAY09644,O09644,2025-07-29,Net Banking,Success,19839.55
PAY09645,O09645,2025-06-03,COD,Failed,359.61
PAY09646,O09646,2025-02-26,Credit Card,Success,2017.04
PAY09647,O09647,2024-12-11,Credit Card,Failed,13955.82
PAY09648,O09648,2025-07-03,UPI,Success,1959.58
PAY09649,O09649,2025-10-08,Credit Card,Success,51557.28
PAY09650,O09650,2025-08-19,Credit Card,Success,6645.06
PAY09651,O09651,2024-08-08,Credit Card,Success,28802.93
PAY09652,O09652,2025-01-25,Credit Card,Success,1980.12
PAY09653,O09653,2024-04-26,COD,Success,12394.56
PAY09654,O09654,2023-01-18,Credit Card,Success,88290.14
PAY09655,O09655,2023-02-16,Credit Card,Success,115081.64
PAY09656,O09656,2023-01-31,UPI,Success,2223.66
PAY09657,O09657,2024-01-29,UPI,Failed,27206.4
PAY09658,O09658,2025-12-01,UPI,Success,3025.32
PAY09659,O09659,2025-07-05,UPI,Success,12339.66
PAY09660,O09660,2023-10-13,Debit Card,Success,3997.03
PAY09661,O09661,2023-03-01,Credit Card,Failed,1946.49
PAY09662,O09662,2025-08-16,Credit Card,Success,18465.35
PAY09663,O09663,2025-10-05,COD,Success,954.99
PAY09664,O09664,2025-11-14,UPI,Success,730.55
PAY09665,O09665,2025-01-20,Debit Card,Success,3835.48
PAY09666,O09666,2025-12-14,Debit Card,Success,1050.76
PAY09667,O09667,2023-11-15,UPI,Success,29294.98
PAY09668,O09668,2024-12-23,UPI,Success,247.1
PAY09669,O09669,2025-12-05,Credit Card,Success,43015.01
PAY09670,O09670,2023-12-28,Net Banking,Refunded,19392.82
PAY09671,O09671,2025-01-31,UPI,Failed,503.48
PAY09672,O09672,2023-01-08,Net Banking,Success,82809.29
PAY09673,O09673,2023-03-30,Credit Card,Success,1640.54
PAY09674,O09674,2025-07-31,Debit Card,Success,32266.65
PAY09675,O09675,2024-04-01,COD,Success,7734.02
PAY09676,O09676,2024-06-27,UPI,Success,2486.4
PAY09677,O09677,2025-09-07,UPI,Failed,116175.98
PAY09678,O09678,2024-01-06,UPI,Success,39798.98
PAY09679,O09679,2025-10-29,UPI,Success,1397.94
PAY09680,O09680,2024-11-09,Net Banking,Success,5768.08
PAY09681,O09681,2024-01-21,UPI,Success,49470.24
PAY09682,O09682,2024-11-15,COD,Success,9266.21
PAY09683,O09683,2024-02-02,Credit Card,Success,14198.8
PAY09684,O09684,2024-06-23,UPI,Success,598.7
PAY09685,O09685,2024-09-13,UPI,Success,3855.24
PAY09686,O09686,2024-08-10,Debit Card,Success,42487.97
PAY09687,O09687,2024-12-10,Debit Card,Success,13613.36
PAY09688,O09688,2024-07-29,UPI,Refunded,10351.04
PAY09689,O09689,2025-05-09,COD,Refunded,47153.65
PAY09690,O09690,2025-06-03,UPI,Success,1357.66
PAY09691,O09691,2025-06-25,Credit Card,Success,588.24
PAY09692,O09692,2024-05-17,Credit Card,Success,2158.68
PAY09693,O09693,2025-07-26,COD,Success,7598.99
PAY09694,O09694,2023-02-21,UPI,Success,48009.36
PAY09695,O09695,2023-08-13,UPI,Success,38923.33
PAY09696,O09696,2023-03-23,UPI,Success,65795.27
PAY09697,O09697,2023-07-03,UPI,Refunded,953.8
PAY09698,O09698,2024-06-05,Debit Card,Success,2277.37
PAY09699,O09699,2025-06-23,UPI,Success,9727.08
PAY09700,O09700,2025-07-18,Credit Card,Success,2105.69
PAY09701,O09701,2023-08-25,COD,Success,25594.89
PAY09702,O09702,2025-04-01,Credit Card,Success,3315.1
PAY09703,O09703,2025-01-18,COD,Success,24308.6
PAY09704,O09704,2024-06-30,COD,Success,21714.92
PAY09705,O09705,2023-02-14,UPI,Success,14869.45
PAY09706,O09706,2024-01-19,UPI,Failed,23217.02
PAY09707,O09707,2024-02-08,UPI,Success,752.51
PAY09708,O09708,2023-02-24,COD,Success,1496.54
PAY09709,O09709,2024-10-16,Credit Card,Success,2177.9
PAY09710,O09710,2024-07-15,COD,Success,70013.77
PAY09711,O09711,2025-02-17,Credit Card,Success,4631.83
PAY09712,O09712,2023-06-08,UPI,Success,31386.9
PAY09713,O09713,2025-08-20,Debit Card,Success,83631.78
PAY09714,O09714,2023-05-20,Credit Card,Success,30245.66
PAY09715,O09715,2024-06-18,UPI,Success,4945.74
PAY09716,O09716,2025-06-17,UPI,Success,25941.78
PAY09717,O09717,2023-09-12,UPI,Success,23772.77
PAY09718,O09718,2025-01-06,UPI,Refunded,2593.23
PAY09719,O09719,2024-12-15,Debit Card,Failed,3316.81
PAY09720,O09720,2024-06-17,Debit Card,Success,7264.19
PAY09721,O09721,2023-10-04,Debit Card,Success,64350.81
PAY09722,O09722,2024-02-26,UPI,Success,6290.54
PAY09723,O09723,2025-09-25,Credit Card,Success,4663.73
PAY09724,O09724,2023-02-28,Debit Card,Success,231.78
PAY09725,O09725,2024-07-23,Debit Card,Success,45251.67
PAY09726,O09726,2023-03-10,COD,Success,4407.4
PAY09727,O09727,2024-12-20,UPI,Success,7237.97
PAY09728,O09728,2023-07-07,UPI,Success,22286.6
PAY09729,O09729,2025-12-08,UPI,Failed,104011.05
PAY09730,O09730,2025-07-22,UPI,Success,3990.0
PAY09731,O09731,2023-08-31,Net Banking,Failed,7113.78
PAY09732,O09732,2023-06-30,UPI,Success,18635.97
PAY09733,O09733,2023-01-08,COD,Success,8225.25
PAY09734,O09734,2023-04-13,Debit Card,Success,13856.97
PAY09735,O09735,2023-06-10,UPI,Success,2163.12
PAY09736,O09736,2024-04-16,Credit Card,Refunded,1983.35
PAY09737,O09737,2023-01-06,Credit Card,Refunded,2050.75
PAY09738,O09738,2025-04-19,UPI,Success,61855.14
PAY09739,O09739,2024-01-16,UPI,Success,8976.52
PAY09740,O09740,2025-08-04,UPI,Success,1054.04
PAY09741,O09741,2024-08-29,Credit Card,Success,1331.76
PAY09742,O09742,2025-06-26,Debit Card,Success,7793.72
PAY09743,O09743,2025-09-01,Credit Card,Success,4749.74
PAY09744,O09744,2025-08-12,Net Banking,Success,4248.79
PAY09745,O09745,2024-10-12,Debit Card,Success,107451.92
PAY09746,O09746,2023-11-02,COD,Refunded,55926.33
PAY09747,O09747,2025-02-13,Credit Card,Success,22722.35
PAY09748,O09748,2025-09-14,UPI,Success,67349.23
PAY09749,O09749,2023-10-01,Credit Card,Failed,1791.5
PAY09750,O09750,2023-05-03,COD,Success,63378.49
PAY09751,O09751,2024-05-27,Credit Card,Success,816.31
PAY09752,O09752,2023-10-07,Credit Card,Success,71368.6
PAY09753,O09753,2025-05-12,Net Banking,Success,11850.54
PAY09754,O09754,2025-06-18,UPI,Success,24116.87
PAY09755,O09755,2025-03-01,COD,Success,5602.6
PAY09756,O09756,2024-12-21,Credit Card,Success,19113.12
PAY09757,O09757,2025-06-26,Credit Card,Success,61826.1
PAY09758,O09758,2023-05-04,UPI,Success,4303.52
PAY09759,O09759,2024-02-02,Debit Card,Success,8817.88
PAY09760,O09760,2023-10-29,COD,Success,2330.49
PAY09761,O09761,2024-08-26,Credit Card,Failed,1432.56
PAY09762,O09762,2024-08-17,COD,Success,9828.42
PAY09763,O09763,2023-08-04,Credit Card,Success,6294.74
PAY09764,O09764,2023-01-01,UPI,Success,10827.42
PAY09765,O09765,2025-09-19,Net Banking,Success,8969.67
PAY09766,O09766,2023-05-16,Debit Card,Success,33405.34
PAY09767,O09767,2024-09-17,COD,Success,41312.69
PAY09768,O09768,2025-02-02,UPI,Success,11047.76
PAY09769,O09769,2023-09-26,COD,Success,3385.89
PAY09770,O09770,2024-04-12,UPI,Success,7858.56
PAY09771,O09771,2023-04-06,UPI,Success,2582.44
PAY09772,O09772,2025-01-22,UPI,Success,38949.93
PAY09773,O09773,2023-10-03,UPI,Success,76223.26
PAY09774,O09774,2025-03-01,UPI,Success,93995.06
PAY09775,O09775,2025-03-14,UPI,Success,6106.39
PAY09776,O09776,2023-11-08,UPI,Success,24265.75
PAY09777,O09777,2023-09-26,COD,Success,35573.31
PAY09778,O09778,2023-10-03,COD,Success,2297.3
PAY09779,O09779,2024-07-11,COD,Failed,8708.14
PAY09780,O09780,2024-10-28,Credit Card,Success,418.49
PAY09781,O09781,2025-06-13,Credit Card,Success,69322.39
PAY09782,O09782,2024-07-08,Credit Card,Success,18521.04
PAY09783,O09783,2023-09-15,UPI,Success,30307.3
PAY09784,O09784,2025-08-17,Debit Card,Refunded,5051.71
PAY09785,O09785,2025-01-23,UPI,Success,3373.21
PAY09786,O09786,2025-11-06,Debit Card,Success,43582.36
PAY09787,O09787,2024-07-11,Credit Card,Refunded,47161.81
PAY09788,O09788,2024-11-11,COD,Success,2260.9
PAY09789,O09789,2024-01-25,Net Banking,Success,25863.57
PAY09790,O09790,2024-12-27,COD,Success,19648.65
PAY09791,O09791,2025-01-08,Debit Card,Success,1119.17
PAY09792,O09792,2025-06-19,Credit Card,Success,30568.4
PAY09793,O09793,2023-02-19,UPI,Success,40082.17
PAY09794,O09794,2024-09-03,Debit Card,Refunded,9995.4
PAY09795,O09795,2025-03-06,UPI,Success,12936.85
PAY09796,O09796,2024-07-24,UPI,Success,2441.23
PAY09797,O09797,2023-09-11,Credit Card,Success,15860.62
PAY09798,O09798,2024-05-28,Credit Card,Success,26869.28
PAY09799,O09799,2025-01-17,COD,Success,1421.88
PAY09800,O09800,2025-03-06,Debit Card,Success,2040.8
PAY09801,O09801,2025-03-09,Debit Card,Success,824.36
PAY09802,O09802,2025-05-15,COD,Success,3219.59
PAY09803,O09803,2023-06-07,UPI,Success,73607.13
PAY09804,O09804,2023-11-20,Net Banking,Success,1267.36
PAY09805,O09805,2025-11-30,UPI,Success,65782.82
PAY09806,O09806,2023-12-29,COD,Success,2593.23
PAY09807,O09807,2024-01-09,COD,Success,2884.04
PAY09808,O09808,2025-08-08,UPI,Success,7843.97
PAY09809,O09809,2024-09-26,Debit Card,Success,55806.94
PAY09810,O09810,2024-12-09,Debit Card,Success,11665.98
PAY09811,O09811,2025-01-23,Net Banking,Success,52020.16
PAY09812,O09812,2023-11-18,UPI,Success,11355.82
PAY09813,O09813,2024-07-10,Credit Card,Success,45251.67
PAY09814,O09814,2025-11-25,COD,Failed,887.54
PAY09815,O09815,2023-04-24,UPI,Success,69364.16
PAY09816,O09816,2023-01-04,COD,Success,1441.34
PAY09817,O09817,2025-01-19,Credit Card,Success,1073.5
PAY09818,O09818,2025-01-28,Debit Card,Success,19158.29
PAY09819,O09819,2025-11-25,UPI,Refunded,94224.77
PAY09820,O09820,2025-10-29,UPI,Refunded,37876.98
PAY09821,O09821,2025-03-11,Credit Card,Success,35552.72
PAY09822,O09822,2024-07-26,UPI,Success,12731.92
PAY09823,O09823,2023-03-26,Net Banking,Success,713.62
PAY09824,O09824,2025-10-31,COD,Success,1916.19
PAY09825,O09825,2024-03-09,COD,Success,9866.36
PAY09826,O09826,2024-09-10,Credit Card,Success,240.87
PAY09827,O09827,2025-03-01,Credit Card,Success,35263.99
PAY09828,O09828,2025-05-21,COD,Success,10206.63
PAY09829,O09829,2023-11-19,Credit Card,Failed,1790.83
PAY09830,O09830,2025-03-08,Credit Card,Success,5389.95
PAY09831,O09831,2025-05-28,Credit Card,Success,11070.5
PAY09832,O09832,2023-03-06,Debit Card,Success,84474.39
PAY09833,O09833,2024-10-13,Debit Card,Refunded,579.54
PAY09834,O09834,2024-10-20,Debit Card,Success,46302.69
PAY09835,O09835,2024-12-08,Credit Card,Success,9929.2
PAY09836,O09836,2024-01-05,UPI,Failed,5790.15
PAY09837,O09837,2024-04-17,Net Banking,Success,197832.33
PAY09838,O09838,2025-01-25,COD,Success,9071.1
PAY09839,O09839,2025-05-28,UPI,Success,4141.58
PAY09840,O09840,2025-07-18,Credit Card,Refunded,10368.98
PAY09841,O09841,2025-09-12,UPI,Success,97623.31
PAY09842,O09842,2024-10-11,Debit Card,Failed,6523.41
PAY09843,O09843,2024-08-25,Credit Card,Success,173087.34
PAY09844,O09844,2024-06-30,UPI,Success,25738.17
PAY09845,O09845,2023-07-27,Debit Card,Success,42446.88
PAY09846,O09846,2025-02-28,UPI,Failed,3965.94
PAY09847,O09847,2023-05-05,UPI,Success,69288.8
PAY09848,O09848,2023-10-02,UPI,Success,29307.73
PAY09849,O09849,2024-04-19,COD,Success,148294.95
PAY09850,O09850,2023-12-22,Credit Card,Success,68087.3
PAY09851,O09851,2023-04-08,Credit Card,Success,1496.72
PAY09852,O09852,2023-03-24,Debit Card,Success,1072.71
PAY09853,O09853,2024-06-22,UPI,Success,11033.22
PAY09854,O09854,2025-12-21,Credit Card,Success,1732.75
PAY09855,O09855,2025-09-06,UPI,Success,63241.33
PAY09856,O09856,2024-01-02,UPI,Success,33003.88
PAY09857,O09857,2025-08-21,Credit Card,Success,369.34
PAY09858,O09858,2025-01-29,UPI,Success,26236.79
PAY09859,O09859,2025-06-09,Debit Card,Success,38991.74
PAY09860,O09860,2024-11-13,Credit Card,Success,62624.22
PAY09861,O09861,2025-05-01,UPI,Success,2299.86
PAY09862,O09862,2025-01-19,Debit Card,Failed,1554.11
PAY09863,O09863,2023-06-21,UPI,Success,369.34
PAY09864,O09864,2025-06-25,COD,Success,113150.5
PAY09865,O09865,2025-05-14,Credit Card,Refunded,2025.51
PAY09866,O09866,2023-10-28,COD,Success,40586.41
PAY09867,O09867,2024-12-08,UPI,Refunded,2678.03
PAY09868,O09868,2025-05-08,Credit Card,Success,2959.35
PAY09869,O09869,2024-10-30,UPI,Success,5612.97
PAY09870,O09870,2025-07-09,UPI,Success,92530.1
PAY09871,O09871,2025-03-20,Net Banking,Success,34383.07
PAY09872,O09872,2025-06-12,Debit Card,Success,13727.92
PAY09873,O09873,2023-09-22,UPI,Success,13221.31
PAY09874,O09874,2024-04-25,UPI,Success,6426.88
PAY09875,O09875,2025-08-19,UPI,Success,15108.83
PAY09876,O09876,2024-06-04,UPI,Success,412.72
PAY09877,O09877,2025-03-17,UPI,Failed,5604.11
PAY09878,O09878,2025-12-03,UPI,Success,876.66
PAY09879,O09879,2024-06-09,Debit Card,Success,9947.52
PAY09880,O09880,2025-09-25,Credit Card,Success,2796.64
PAY09881,O09881,2024-02-08,Credit Card,Success,5279.76
PAY09882,O09882,2024-10-13,Debit Card,Refunded,8187.48
PAY09883,O09883,2023-10-12,UPI,Success,36674.56
PAY09884,O09884,2024-06-16,UPI,Success,7540.72
PAY09885,O09885,2025-06-15,UPI,Success,26725.42
PAY09886,O09886,2023-09-28,Credit Card,Success,10017.01
PAY09887,O09887,2025-01-31,Net Banking,Failed,36143.95
PAY09888,O09888,2024-12-12,COD,Refunded,10796.15
PAY09889,O09889,2025-09-07,Credit Card,Success,2045.43
PAY09890,O09890,2024-02-29,Debit Card,Success,14364.15
PAY09891,O09891,2025-10-25,Net Banking,Success,2112.84
PAY09892,O09892,2023-03-26,Credit Card,Success,55150.89
PAY09893,O09893,2023-08-02,COD,Success,4639.12
PAY09894,O09894,2025-03-03,Credit Card,Success,54412.8
PAY09895,O09895,2024-10-18,UPI,Success,14475.55
PAY09896,O09896,2025-06-19,Net Banking,Success,45439.97
PAY09897,O09897,2023-02-28,UPI,Success,4245.57
PAY09898,O09898,2025-08-26,Debit Card,Success,3052.77
PAY09899,O09899,2024-02-06,UPI,Success,48292.17
PAY09900,O09900,2025-08-09,COD,Success,674.78
PAY09901,O09901,2025-08-23,UPI,Success,16644.32
PAY09902,O09902,2024-06-05,UPI,Success,90799.9
PAY09903,O09903,2023-09-27,Credit Card,Success,40091.05
PAY09904,O09904,2024-06-02,Credit Card,Success,54516.52
PAY09905,O09905,2025-04-28,COD,Success,2500.5
PAY09906,O09906,2024-02-16,COD,Success,3617.83
PAY09907,O09907,2023-05-21,UPI,Success,4393.39
PAY09908,O09908,2025-09-30,Credit Card,Success,1995.46
PAY09909,O09909,2023-09-23,Credit Card,Success,6710.78
PAY09910,O09910,2024-03-26,Credit Card,Refunded,12996.29
PAY09911,O09911,2025-12-21,COD,Success,1635.56
PAY09912,O09912,2025-12-16,Credit Card,Success,7260.08
PAY09913,O09913,2024-08-30,COD,Success,7588.13
PAY09914,O09914,2024-03-04,UPI,Success,52300.09
PAY09915,O09915,2024-06-05,COD,Success,12775.9
PAY09916,O09916,2023-08-16,UPI,Success,2691.25
PAY09917,O09917,2023-04-27,COD,Success,57481.06
PAY09918,O09918,2025-08-30,Credit Card,Success,3451.96
PAY09919,O09919,2024-06-18,COD,Success,101926.7
PAY09920,O09920,2023-11-28,UPI,Success,82643.93
PAY09921,O09921,2023-04-11,Debit Card,Success,11998.87
PAY09922,O09922,2024-07-11,COD,Success,2669.78
PAY09923,O09923,2023-08-12,COD,Success,15032.74
PAY09924,O09924,2025-01-22,Credit Card,Success,3041.49
PAY09925,O09925,2024-03-05,Debit Card,Success,1376.77
PAY09926,O09926,2025-12-26,UPI,Success,65465.46
PAY09927,O09927,2025-06-01,UPI,Success,3965.69
PAY09928,O09928,2024-06-01,UPI,Failed,24461.11
PAY09929,O09929,2023-10-22,COD,Success,3077.68
PAY09930,O09930,2023-08-10,UPI,Success,19302.4
PAY09931,O09931,2024-03-04,UPI,Success,30373.47
PAY09932,O09932,2023-11-09,Net Banking,Success,9520.38
PAY09933,O09933,2024-08-06,Debit Card,Success,27821.38
PAY09934,O09934,2023-09-10,Debit Card,Success,97426.96
PAY09935,O09935,2024-11-27,Credit Card,Success,50949.74
PAY09936,O09936,2023-10-07,Debit Card,Success,2085.89
PAY09937,O09937,2023-10-22,Credit Card,Success,3551.35
PAY09938,O09938,2023-06-30,UPI,Success,26298.27
PAY09939,O09939,2023-07-08,Credit Card,Success,568.58
PAY09940,O09940,2023-06-19,Credit Card,Success,49959.22
PAY09941,O09941,2023-02-23,UPI,Refunded,15396.43
PAY09942,O09942,2023-11-14,UPI,Success,48582.5
PAY09943,O09943,2023-09-28,COD,Success,1033.79
PAY09944,O09944,2024-12-26,COD,Success,28791.94
PAY09945,O09945,2023-07-04,COD,Success,18476.91
PAY09946,O09946,2023-01-26,Debit Card,Success,16511.86
PAY09947,O09947,2025-05-01,Debit Card,Success,1852.86
PAY09948,O09948,2023-09-15,UPI,Success,73242.89
PAY09949,O09949,2025-11-30,UPI,Success,50474.02
PAY09950,O09950,2025-03-07,UPI,Success,1508.15
PAY09951,O09951,2024-03-11,UPI,Failed,39842.04
PAY09952,O09952,2025-10-10,Debit Card,Success,1381.04
PAY09953,O09953,2025-06-23,COD,Success,9130.54
PAY09954,O09954,2023-05-03,COD,Success,1439.63
PAY09955,O09955,2025-03-18,Debit Card,Failed,22578.03
PAY09956,O09956,2023-10-13,Credit Card,Success,12853.28
PAY09957,O09957,2023-09-02,UPI,Failed,66490.52
PAY09958,O09958,2025-02-01,Net Banking,Failed,18929.98
PAY09959,O09959,2023-05-23,Debit Card,Refunded,1506.96
PAY09960,O09960,2023-11-17,Credit Card,Success,19988.25
PAY09961,O09961,2024-03-10,UPI,Success,1878.77
PAY09962,O09962,2023-05-04,COD,Failed,4171.89
PAY09963,O09963,2025-03-04,UPI,Success,131260.86
PAY09964,O09964,2024-03-04,COD,Success,1150.47
PAY09965,O09965,2025-01-03,UPI,Success,8646.89
PAY09966,O09966,2025-02-12,UPI,Success,5300.17
PAY09967,O09967,2025-01-21,Credit Card,Success,49033.47
PAY09968,O09968,2023-07-24,UPI,Success,37077.76
PAY09969,O09969,2025-04-02,UPI,Success,47868.93
PAY09970,O09970,2023-08-27,Debit Card,Success,26569.57
PAY09971,O09971,2024-04-07,UPI,Success,27201.35
PAY09972,O09972,2023-04-20,Debit Card,Success,109638.47
PAY09973,O09973,2024-02-16,Credit Card,Success,768.68
PAY09974,O09974,2023-03-12,UPI,Success,1067.58
PAY09975,O09975,2024-12-19,Credit Card,Success,40105.04
PAY09976,O09976,2024-02-28,UPI,Failed,989.68
PAY09977,O09977,2023-08-29,Credit Card,Success,1480.7
PAY09978,O09978,2024-10-31,UPI,Success,597.24
PAY09979,O09979,2024-12-21,UPI,Success,42902.23
PAY09980,O09980,2024-11-10,UPI,Success,36164.65
PAY09981,O09981,2023-05-08,UPI,Success,11104.23
PAY09982,O09982,2024-03-03,Debit Card,Success,3883.19
PAY09983,O09983,2023-10-07,UPI,Success,38930.55
PAY09984,O09984,2024-05-09,Debit Card,Success,69314.19
PAY09985,O09985,2024-01-23,COD,Success,7465.46
PAY09986,O09986,2025-02-10,COD,Success,6667.51
PAY09987,O09987,2024-06-21,Credit Card,Success,2087.6
PAY09988,O09988,2023-11-05,COD,Failed,1636.39
PAY09989,O09989,2023-10-16,Credit Card,Refunded,5594.4
PAY09990,O09990,2025-12-13,Credit Card,Success,38812.22
PAY09991,O09991,2024-03-22,Credit Card,Success,17353.98
PAY09992,O09992,2025-06-25,Debit Card,Success,3023.76
PAY09993,O09993,2023-03-26,Debit Card,Success,3616.52
PAY09994,O09994,2025-07-02,COD,Success,4322.98
PAY09995,O09995,2025-05-26,Debit Card,Success,2998.13
PAY09996,O09996,2025-03-14,COD,Success,25346.66
PAY09997,O09997,2023-11-05,Debit Card,Success,5522.34
PAY09998,O09998,2023-12-04,Net Banking,Success,12486.79
PAY09999,O09999,2024-05-31,Debit Card,Success,49755.51
PAY10000,O10000,2023-04-12,Debit Card,Success,3950.75
PAY10001,O10001,2023-04-11,COD,Success,5684.19
PAY10002,O10002,2023-06-22,Debit Card,Success,412.72
PAY10003,O10003,2025-02-22,UPI,Success,120372.45
PAY10004,O10004,2023-01-28,UPI,Success,27175.09
PAY10005,O10005,2025-01-28,UPI,Refunded,52912.78
PAY10006,O10006,2023-11-12,COD,Success,593.96
PAY10007,O10007,2023-02-09,UPI,Success,69321.69
PAY10008,O10008,2023-11-24,UPI,Success,2952.6
PAY10009,O10009,2023-02-17,UPI,Success,19346.15
PAY10010,O10010,2025-07-04,UPI,Success,54602.83
PAY10011,O10011,2023-01-07,COD,Success,977.9
PAY10012,O10012,2025-12-22,UPI,Failed,1223.26
PAY10013,O10013,2025-02-08,Debit Card,Success,228.2
PAY10014,O10014,2025-03-28,UPI,Success,102734.09
PAY10015,O10015,2023-01-09,Credit Card,Failed,35923.87
PAY10016,O10016,2025-02-15,UPI,Success,1357.66
PAY10017,O10017,2024-10-25,UPI,Success,1077.24
PAY10018,O10018,2024-04-29,Debit Card,Success,75492.67
PAY10019,O10019,2024-12-12,Credit Card,Success,10165.92
PAY10020,O10020,2023-11-25,Credit Card,Success,730.55
PAY10021,O10021,2024-02-06,UPI,Success,12729.18
PAY10022,O10022,2025-02-19,Credit Card,Success,58369.01
PAY10023,O10023,2023-12-06,COD,Success,191557.03
PAY10024,O10024,2024-02-23,UPI,Refunded,7725.66
PAY10025,O10025,2025-09-18,Credit Card,Failed,11778.39
PAY10026,O10026,2023-04-12,UPI,Success,295.22
PAY10027,O10027,2024-02-19,COD,Success,679.49
PAY10028,O10028,2024-07-25,UPI,Success,5481.31
PAY10029,O10029,2023-11-21,Net Banking,Success,1218.35
PAY10030,O10030,2023-01-30,COD,Success,2544.42
PAY10031,O10031,2025-01-21,UPI,Success,2221.48
PAY10032,O10032,2025-10-26,Credit Card,Success,41343.24
PAY10033,O10033,2024-08-30,Debit Card,Success,5846.02
PAY10034,O10034,2024-05-31,Credit Card,Success,393.78
PAY10035,O10035,2023-08-28,Debit Card,Success,134311.9
PAY10036,O10036,2025-12-08,Credit Card,Success,105405.9
PAY10037,O10037,2023-01-28,COD,Success,3227.96
PAY10038,O10038,2025-04-20,UPI,Success,24868.05
PAY10039,O10039,2024-02-18,UPI,Success,53566.97
PAY10040,O10040,2023-10-03,Net Banking,Success,37755.33
PAY10041,O10041,2025-11-15,Debit Card,Success,412.72
PAY10042,O10042,2024-10-08,Debit Card,Success,816.31
PAY10043,O10043,2023-07-02,COD,Success,27003.18
PAY10044,O10044,2024-08-19,Credit Card,Refunded,6444.94
PAY10045,O10045,2023-09-04,Credit Card,Failed,1146.28
PAY10046,O10046,2025-02-01,Net Banking,Success,2122.01
PAY10047,O10047,2024-03-17,Credit Card,Failed,42243.74
PAY10048,O10048,2024-09-18,UPI,Refunded,4748.71
PAY10049,O10049,2024-04-13,UPI,Success,29000.75
PAY10050,O10050,2025-08-23,COD,Failed,28929.07
PAY10051,O10051,2025-09-27,UPI,Refunded,78716.91
PAY10052,O10052,2025-01-10,Debit Card,Success,19974.86
PAY10053,O10053,2025-02-06,UPI,Success,281.92
PAY10054,O10054,2023-08-17,Debit Card,Success,1946.49
PAY10055,O10055,2025-01-30,Credit Card,Success,15401.58
PAY10056,O10056,2024-05-30,Debit Card,Refunded,3336.36
PAY10057,O10057,2023-08-01,UPI,Success,2087.52
PAY10058,O10058,2025-11-26,UPI,Failed,3536.92
PAY10059,O10059,2024-07-03,UPI,Success,2140.87
PAY10060,O10060,2025-02-08,COD,Success,8874.95
PAY10061,O10061,2024-03-06,Debit Card,Refunded,46038.08
PAY10062,O10062,2023-09-18,UPI,Failed,1092.95
PAY10063,O10063,2023-12-18,COD,Success,6083.39
PAY10064,O10064,2024-12-08,COD,Refunded,2303.99
PAY10065,O10065,2023-02-16,UPI,Failed,15431.0
PAY10066,O10066,2025-05-28,Debit Card,Failed,1463.0
PAY10067,O10067,2025-05-21,UPI,Success,311.57
PAY10068,O10068,2023-08-16,Credit Card,Refunded,5052.06
PAY10069,O10069,2025-09-04,Credit Card,Success,867.41
PAY10070,O10070,2025-03-01,Debit Card,Refunded,3326.11
PAY10071,O10071,2023-12-01,UPI,Success,163532.89
PAY10072,O10072,2024-07-11,UPI,Success,26941.99
PAY10073,O10073,2023-01-03,Debit Card,Failed,32622.58
PAY10074,O10074,2025-01-01,Net Banking,Success,5144.32
PAY10075,O10075,2024-12-29,Debit Card,Success,47503.52
PAY10076,O10076,2025-07-13,Credit Card,Refunded,30419.93
PAY10077,O10077,2024-01-03,UPI,Success,340.69
PAY10078,O10078,2024-09-15,Debit Card,Success,85818.85
PAY10079,O10079,2023-10-28,Debit Card,Success,553.83
PAY10080,O10080,2025-10-20,Debit Card,Success,1511.44
PAY10081,O10081,2025-12-31,COD,Success,62633.55
PAY10082,O10082,2025-05-23,Debit Card,Success,4618.98
PAY10083,O10083,2023-06-07,COD,Success,6185.36
PAY10084,O10084,2024-04-08,UPI,Success,1507.96
PAY10085,O10085,2023-03-26,UPI,Failed,12560.7
PAY10086,O10086,2025-05-30,UPI,Success,31935.75
PAY10087,O10087,2023-01-15,COD,Success,13612.14
PAY10088,O10088,2024-11-11,Debit Card,Success,56282.92
PAY10089,O10089,2025-07-19,UPI,Success,14605.65
PAY10090,O10090,2023-07-28,UPI,Success,22566.78
PAY10091,O10091,2023-04-19,COD,Success,12692.04
PAY10092,O10092,2024-09-23,Credit Card,Success,251551.48
PAY10093,O10093,2024-12-31,UPI,Success,8667.74
PAY10094,O10094,2023-06-15,UPI,Refunded,3052.77
PAY10095,O10095,2025-05-11,COD,Success,103936.06
PAY10096,O10096,2023-06-05,UPI,Refunded,7785.36
PAY10097,O10097,2023-12-13,UPI,Success,46302.69
PAY10098,O10098,2025-11-14,Debit Card,Failed,60663.5
PAY10099,O10099,2023-12-16,Credit Card,Success,3913.07
PAY10100,O10100,2025-01-20,Credit Card,Success,14704.42
PAY10101,O10101,2025-01-07,COD,Success,2087.22
PAY10102,O10102,2023-11-09,Net Banking,Success,31935.75
PAY10103,O10103,2025-05-25,Credit Card,Success,397.45
PAY10104,O10104,2024-04-06,UPI,Success,18000.99
PAY10105,O10105,2023-09-14,Credit Card,Success,13048.78
PAY10106,O10106,2025-03-31,UPI,Success,677.0
PAY10107,O10107,2023-07-28,Credit Card,Refunded,103746.58
PAY10108,O10108,2024-02-13,UPI,Success,18269.48
PAY10109,O10109,2023-03-23,Credit Card,Success,553.83
PAY10110,O10110,2023-04-17,Net Banking,Success,8570.02
PAY10111,O10111,2024-10-10,UPI,Success,159944.17
PAY10112,O10112,2024-03-13,Debit Card,Success,2435.19
PAY10113,O10113,2025-11-03,Credit Card,Success,38991.74
PAY10114,O10114,2024-11-21,Debit Card,Success,31316.18
PAY10115,O10115,2024-05-25,Credit Card,Success,5756.77
PAY10116,O10116,2023-03-25,UPI,Success,14874.31
PAY10117,O10117,2024-11-23,COD,Success,3178.86
PAY10118,O10118,2023-09-06,Debit Card,Success,46371.41
PAY10119,O10119,2023-08-31,Credit Card,Failed,17372.16
PAY10120,O10120,2023-06-16,COD,Success,1497.74
PAY10121,O10121,2025-11-20,Net Banking,Success,11444.79
PAY10122,O10122,2025-05-18,Credit Card,Failed,17382.61
PAY10123,O10123,2024-04-03,UPI,Success,6317.75
PAY10124,O10124,2023-10-31,Debit Card,Success,34970.04
PAY10125,O10125,2024-11-10,Credit Card,Failed,54432.37
PAY10126,O10126,2025-03-07,UPI,Success,1704.62
PAY10127,O10127,2025-06-30,UPI,Failed,12185.91
PAY10128,O10128,2025-09-26,COD,Success,1128.05
PAY10129,O10129,2025-07-14,Debit Card,Failed,915.76
PAY10130,O10130,2024-12-14,COD,Success,26832.26
PAY10131,O10131,2024-08-30,UPI,Failed,7266.76
PAY10132,O10132,2024-04-04,UPI,Failed,275.38
PAY10133,O10133,2025-11-04,UPI,Success,2387.13
PAY10134,O10134,2023-10-29,Net Banking,Success,5175.29
PAY10135,O10135,2024-02-11,UPI,Success,654.23
PAY10136,O10136,2025-12-08,Credit Card,Success,4720.88
PAY10137,O10137,2023-04-25,Debit Card,Success,12121.06
PAY10138,O10138,2024-03-31,Debit Card,Success,18634.28
PAY10139,O10139,2024-06-11,Debit Card,Refunded,16208.47
PAY10140,O10140,2025-04-03,Credit Card,Success,9337.0
PAY10141,O10141,2023-12-15,UPI,Success,13520.31
PAY10142,O10142,2025-08-24,Debit Card,Success,246.11
PAY10143,O10143,2023-06-21,UPI,Success,29864.47
PAY10144,O10144,2024-02-10,UPI,Success,2961.81
PAY10145,O10145,2025-12-22,UPI,Success,2835.56
PAY10146,O10146,2024-06-13,UPI,Refunded,1445.53
PAY10147,O10147,2025-07-28,Credit Card,Success,5556.55
PAY10148,O10148,2025-01-13,COD,Success,290.0
PAY10149,O10149,2023-07-20,Credit Card,Success,3168.19
PAY10150,O10150,2023-02-27,Credit Card,Success,1855.46
PAY10151,O10151,2023-03-27,UPI,Success,86243.66
PAY10152,O10152,2025-02-21,Net Banking,Failed,2007.64
PAY10153,O10153,2024-12-13,COD,Success,3473.48
PAY10154,O10154,2025-04-05,COD,Success,3640.18
PAY10155,O10155,2025-11-05,UPI,Success,7286.99
PAY10156,O10156,2025-07-28,Credit Card,Success,131687.51
PAY10157,O10157,2025-12-04,Credit Card,Success,37993.57
PAY10158,O10158,2024-01-09,Credit Card,Success,660.45
PAY10159,O10159,2025-12-31,UPI,Success,1326.64
PAY10160,O10160,2025-02-03,UPI,Failed,26720.08
PAY10161,O10161,2025-04-28,Net Banking,Failed,3011.58
PAY10162,O10162,2024-06-08,Debit Card,Success,1417.78
PAY10163,O10163,2025-12-29,UPI,Refunded,46935.77
PAY10164,O10164,2025-05-22,COD,Success,2935.88
PAY10165,O10165,2023-04-10,UPI,Refunded,735.98
PAY10166,O10166,2025-03-05,Debit Card,Success,853.02
PAY10167,O10167,2025-03-30,Debit Card,Success,4126.94
PAY10168,O10168,2024-12-15,UPI,Success,29631.27
PAY10169,O10169,2024-11-06,Credit Card,Success,80012.81
PAY10170,O10170,2024-05-24,UPI,Success,2080.65
PAY10171,O10171,2025-08-01,UPI,Success,24840.51
PAY10172,O10172,2025-08-02,UPI,Success,47262.0
PAY10173,O10173,2024-01-11,UPI,Success,1209.82
PAY10174,O10174,2023-05-20,COD,Success,257.53
PAY10175,O10175,2024-01-18,UPI,Success,1384.57
PAY10176,O10176,2024-02-08,Debit Card,Success,2085.89
PAY10177,O10177,2025-01-31,UPI,Success,1186.99
PAY10178,O10178,2025-06-26,Net Banking,Success,18946.81
PAY10179,O10179,2023-09-25,Credit Card,Refunded,6013.42
PAY10180,O10180,2025-12-14,UPI,Success,63861.15
PAY10181,O10181,2023-07-19,Credit Card,Success,1482.68
PAY10182,O10182,2024-09-20,UPI,Refunded,44277.06
PAY10183,O10183,2024-07-10,UPI,Success,3263.66
PAY10184,O10184,2023-06-04,Debit Card,Refunded,2672.6
PAY10185,O10185,2025-03-10,UPI,Success,621.44
PAY10186,O10186,2024-09-18,UPI,Success,120700.05
PAY10187,O10187,2023-11-29,Credit Card,Success,35316.06
PAY10188,O10188,2024-02-12,UPI,Failed,5435.13
PAY10189,O10189,2024-09-19,UPI,Success,15279.74
PAY10190,O10190,2024-11-17,Credit Card,Success,19514.61
PAY10191,O10191,2024-02-20,UPI,Success,3349.92
PAY10192,O10192,2025-08-20,COD,Success,55133.79
PAY10193,O10193,2023-05-23,Credit Card,Success,14519.29
PAY10194,O10194,2025-05-21,UPI,Refunded,16672.16
PAY10195,O10195,2025-10-27,UPI,Failed,13493.89
PAY10196,O10196,2025-06-23,Net Banking,Success,22017.22
PAY10197,O10197,2024-08-02,Credit Card,Success,2611.09
PAY10198,O10198,2024-10-26,UPI,Failed,15454.66
PAY10199,O10199,2025-01-09,UPI,Failed,3137.74
PAY10200,O10200,2023-03-06,Credit Card,Refunded,690.18
PAY10201,O10201,2025-05-15,UPI,Refunded,27221.29
PAY10202,O10202,2024-05-27,Debit Card,Success,75077.48
PAY10203,O10203,2023-09-14,Credit Card,Success,42234.36
PAY10204,O10204,2025-01-06,Debit Card,Success,33486.82
PAY10205,O10205,2023-05-08,UPI,Success,6788.3
PAY10206,O10206,2025-02-19,UPI,Success,3732.88
PAY10207,O10207,2024-09-11,Net Banking,Success,198285.49
PAY10208,O10208,2023-03-29,Credit Card,Success,3158.07
PAY10209,O10209,2024-11-20,UPI,Success,6626.53
PAY10210,O10210,2024-10-02,UPI,Refunded,2526.38
PAY10211,O10211,2024-03-22,Credit Card,Success,1544.76
PAY10212,O10212,2023-11-16,Debit Card,Success,26906.47
PAY10213,O10213,2025-07-10,Credit Card,Success,10688.03
PAY10214,O10214,2023-10-02,COD,Success,2026.88
PAY10215,O10215,2024-10-14,UPI,Success,622.9
PAY10216,O10216,2025-08-20,UPI,Success,128062.35
PAY10217,O10217,2024-09-29,UPI,Success,42252.32
PAY10218,O10218,2024-06-07,COD,Failed,32475.09
PAY10219,O10219,2025-03-11,Net Banking,Success,11528.48
PAY10220,O10220,2023-01-16,UPI,Success,654.23
PAY10221,O10221,2024-01-03,UPI,Failed,23113.1
PAY10222,O10222,2023-09-09,COD,Success,2270.46
PAY10223,O10223,2025-03-04,UPI,Success,1343.69
PAY10224,O10224,2023-12-28,UPI,Success,17101.46
PAY10225,O10225,2023-08-21,COD,Failed,1360.69
PAY10226,O10226,2024-09-05,Net Banking,Success,89094.0
PAY10227,O10227,2024-08-30,Credit Card,Success,4938.66
PAY10228,O10228,2024-05-31,UPI,Success,560.92
PAY10229,O10229,2024-06-03,COD,Failed,38192.98
PAY10230,O10230,2024-04-28,Credit Card,Success,66057.64
PAY10231,O10231,2023-03-06,UPI,Refunded,52734.73
PAY10232,O10232,2023-08-09,Credit Card,Success,72440.17
PAY10233,O10233,2023-06-25,COD,Success,59666.87
PAY10234,O10234,2024-12-12,UPI,Success,5368.41
PAY10235,O10235,2025-06-29,Credit Card,Success,36058.48
PAY10236,O10236,2025-10-30,Credit Card,Success,26814.09
PAY10237,O10237,2025-02-04,COD,Success,4344.61
PAY10238,O10238,2025-07-21,Debit Card,Success,1240.9
PAY10239,O10239,2024-09-06,COD,Success,692.1
PAY10240,O10240,2025-09-15,Debit Card,Success,51584.92
PAY10241,O10241,2023-01-16,Credit Card,Success,24712.58
PAY10242,O10242,2024-06-30,UPI,Success,451.39
PAY10243,O10243,2025-08-07,COD,Success,45516.44
PAY10244,O10244,2023-07-03,Debit Card,Success,1510.04
PAY10245,O10245,2023-11-29,Debit Card,Success,55256.62
PAY10246,O10246,2023-03-21,COD,Success,5839.47
PAY10247,O10247,2025-11-08,UPI,Success,5525.46
PAY10248,O10248,2025-11-12,Credit Card,Success,62599.95
PAY10249,O10249,2024-02-09,Credit Card,Refunded,67354.09
PAY10250,O10250,2025-11-08,UPI,Success,7403.62
PAY10251,O10251,2025-07-12,UPI,Success,1462.8
PAY10252,O10252,2024-03-08,COD,Success,4404.67
PAY10253,O10253,2024-07-10,Debit Card,Success,28416.54
PAY10254,O10254,2023-01-28,COD,Success,42256.68
PAY10255,O10255,2025-11-14,Debit Card,Success,78792.05
PAY10256,O10256,2023-11-01,UPI,Success,7860.76
PAY10257,O10257,2024-09-04,UPI,Failed,3967.34
PAY10258,O10258,2025-12-26,Credit Card,Success,313.24
PAY10259,O10259,2023-09-12,COD,Success,1517.32
PAY10260,O10260,2023-09-29,UPI,Success,2111.29
PAY10261,O10261,2024-07-15,COD,Success,16760.39
PAY10262,O10262,2025-09-06,UPI,Failed,248.3
PAY10263,O10263,2023-12-02,UPI,Success,52302.1
PAY10264,O10264,2025-01-27,Debit Card,Failed,10467.56
PAY10265,O10265,2023-07-29,Debit Card,Success,59651.73
PAY10266,O10266,2023-02-05,UPI,Success,5356.22
PAY10267,O10267,2023-04-25,COD,Success,72109.31
PAY10268,O10268,2025-11-21,COD,Success,3599.31
PAY10269,O10269,2025-02-04,COD,Success,802.83
PAY10270,O10270,2025-05-04,Credit Card,Success,1506.38
PAY10271,O10271,2025-01-30,UPI,Failed,79233.21
PAY10272,O10272,2025-07-09,COD,Success,63602.17
PAY10273,O10273,2023-06-06,Credit Card,Success,10682.89
PAY10274,O10274,2025-10-15,Net Banking,Success,925.93
PAY10275,O10275,2025-04-14,UPI,Success,95338.99
PAY10276,O10276,2025-08-20,Net Banking,Success,1870.99
PAY10277,O10277,2023-12-21,UPI,Success,1821.09
PAY10278,O10278,2025-07-18,Credit Card,Success,2890.55
PAY10279,O10279,2023-02-06,UPI,Success,14249.74
PAY10280,O10280,2025-05-17,Net Banking,Success,5958.68
PAY10281,O10281,2023-08-06,UPI,Success,55225.01
PAY10282,O10282,2023-02-14,Credit Card,Success,6765.1
PAY10283,O10283,2023-07-19,UPI,Success,45507.79
PAY10284,O10284,2025-05-07,UPI,Success,21198.0
PAY10285,O10285,2023-10-31,Debit Card,Success,20271.5
PAY10286,O10286,2025-04-06,COD,Success,24162.01
PAY10287,O10287,2025-07-18,UPI,Success,20146.58
PAY10288,O10288,2024-02-10,Credit Card,Success,2257.53
PAY10289,O10289,2024-12-23,Credit Card,Success,56651.23
PAY10290,O10290,2024-12-13,Credit Card,Success,54923.81
PAY10291,O10291,2025-09-21,Net Banking,Refunded,12813.11
PAY10292,O10292,2025-04-25,Credit Card,Refunded,38923.33
PAY10293,O10293,2023-05-27,Net Banking,Success,26275.14
PAY10294,O10294,2025-05-20,UPI,Success,309.26
PAY10295,O10295,2023-12-13,UPI,Success,973.68
PAY10296,O10296,2023-06-07,Credit Card,Success,2630.02
PAY10297,O10297,2025-07-26,COD,Success,79485.4
PAY10298,O10298,2023-05-22,Credit Card,Failed,2903.34
PAY10299,O10299,2023-04-16,UPI,Success,2001.46
PAY10300,O10300,2023-04-20,Debit Card,Success,12319.23
PAY10301,O10301,2024-06-20,UPI,Success,13860.04
PAY10302,O10302,2025-07-26,COD,Success,1930.05
PAY10303,O10303,2024-09-18,UPI,Refunded,1365.43
PAY10304,O10304,2025-08-24,Credit Card,Success,388.5
PAY10305,O10305,2023-07-27,COD,Success,56700.61
PAY10306,O10306,2024-12-02,UPI,Success,19524.06
PAY10307,O10307,2024-12-27,COD,Success,41328.88
PAY10308,O10308,2024-12-20,UPI,Success,110192.4
PAY10309,O10309,2023-06-30,Debit Card,Success,26913.75
PAY10310,O10310,2024-10-03,UPI,Success,28352.85
PAY10311,O10311,2025-09-27,UPI,Success,23957.19
PAY10312,O10312,2023-04-28,Debit Card,Success,38923.33
PAY10313,O10313,2024-04-17,Credit Card,Success,5481.31
PAY10314,O10314,2023-01-05,Credit Card,Success,31326.62
PAY10315,O10315,2023-07-19,UPI,Failed,45413.08
PAY10316,O10316,2023-07-24,Credit Card,Success,3258.66
PAY10317,O10317,2024-07-29,UPI,Refunded,5139.43
PAY10318,O10318,2024-08-05,UPI,Success,33949.55
PAY10319,O10319,2024-08-28,Credit Card,Success,420.25
PAY10320,O10320,2024-11-19,Net Banking,Success,2921.02
PAY10321,O10321,2024-07-23,Credit Card,Success,27143.67
PAY10322,O10322,2024-08-02,UPI,Success,1879.16
PAY10323,O10323,2025-06-27,Net Banking,Success,23380.96
PAY10324,O10324,2024-03-11,UPI,Success,1592.97
PAY10325,O10325,2023-03-05,Debit Card,Success,3547.79
PAY10326,O10326,2024-07-07,UPI,Failed,44941.99
PAY10327,O10327,2025-01-13,Debit Card,Success,2791.5
PAY10328,O10328,2023-06-26,UPI,Success,13203.8
PAY10329,O10329,2025-07-17,Credit Card,Success,28899.86
PAY10330,O10330,2024-08-31,COD,Success,2616.7
PAY10331,O10331,2025-11-25,COD,Success,290.0
PAY10332,O10332,2025-11-03,UPI,Success,3089.05
PAY10333,O10333,2023-06-16,UPI,Success,59617.24
PAY10334,O10334,2025-07-16,UPI,Success,1591.93
PAY10335,O10335,2023-06-30,COD,Success,2231.3
PAY10336,O10336,2023-10-31,Net Banking,Success,13601.07
PAY10337,O10337,2025-04-28,UPI,Success,70231.64
PAY10338,O10338,2023-09-04,Credit Card,Refunded,141848.06
PAY10339,O10339,2025-07-18,Credit Card,Success,18596.7
PAY10340,O10340,2024-02-14,Credit Card,Failed,7057.8
PAY10341,O10341,2023-01-15,Credit Card,Success,15262.1
PAY10342,O10342,2023-03-21,Credit Card,Success,2583.47
PAY10343,O10343,2023-01-01,UPI,Success,10297.67
PAY10344,O10344,2025-09-14,UPI,Success,11374.32
PAY10345,O10345,2025-02-27,Debit Card,Success,1407.65
PAY10346,O10346,2025-04-06,COD,Success,1496.72
PAY10347,O10347,2024-10-10,COD,Success,24485.76
PAY10348,O10348,2024-04-11,Debit Card,Success,104750.61
PAY10349,O10349,2024-05-11,Net Banking,Success,6463.55
PAY10350,O10350,2024-07-30,UPI,Success,1605.65
PAY10351,O10351,2024-12-08,UPI,Success,24788.37
PAY10352,O10352,2024-08-26,UPI,Success,36504.09
PAY10353,O10353,2025-02-23,UPI,Success,18824.71
PAY10354,O10354,2024-02-02,COD,Success,6018.55
PAY10355,O10355,2024-01-28,UPI,Failed,4574.08
PAY10356,O10356,2025-01-20,Credit Card,Success,41085.91
PAY10357,O10357,2023-01-15,Debit Card,Success,1654.52
PAY10358,O10358,2023-04-19,COD,Success,6804.33
PAY10359,O10359,2023-02-13,Debit Card,Success,70773.04
PAY10360,O10360,2025-04-05,Credit Card,Failed,3152.28
PAY10361,O10361,2023-12-25,Debit Card,Success,2547.99
PAY10362,O10362,2024-04-20,Credit Card,Success,11307.77
PAY10363,O10363,2024-05-21,Credit Card,Success,73749.47
PAY10364,O10364,2025-04-15,UPI,Success,7741.16
PAY10365,O10365,2025-06-17,UPI,Success,51471.39
PAY10366,O10366,2023-03-21,UPI,Failed,5244.53
PAY10367,O10367,2024-05-10,UPI,Success,29541.71
PAY10368,O10368,2024-05-19,UPI,Success,47129.54
PAY10369,O10369,2024-09-17,UPI,Success,76487.4
PAY10370,O10370,2025-04-28,Net Banking,Refunded,1223.69
PAY10371,O10371,2023-04-22,UPI,Success,2547.77
PAY10372,O10372,2024-06-26,Credit Card,Success,117160.68
PAY10373,O10373,2025-02-24,Credit Card,Refunded,1506.38
PAY10374,O10374,2023-09-06,Credit Card,Refunded,5355.23
PAY10375,O10375,2024-08-30,UPI,Success,3749.83
PAY10376,O10376,2025-01-17,COD,Success,168731.29
PAY10377,O10377,2025-11-15,Debit Card,Success,49602.67
PAY10378,O10378,2025-04-21,Net Banking,Success,66433.37
PAY10379,O10379,2024-11-25,UPI,Success,11717.76
PAY10380,O10380,2023-08-29,Credit Card,Failed,2493.54
PAY10381,O10381,2024-11-26,COD,Success,10119.45
PAY10382,O10382,2025-05-05,UPI,Failed,35846.99
PAY10383,O10383,2023-12-21,COD,Refunded,5780.68
PAY10384,O10384,2023-04-04,UPI,Success,665.2
PAY10385,O10385,2023-02-22,UPI,Success,698.97
PAY10386,O10386,2024-01-05,Net Banking,Success,72946.34
PAY10387,O10387,2024-09-03,UPI,Success,11723.42
PAY10388,O10388,2024-09-22,Credit Card,Success,2156.77
PAY10389,O10389,2023-12-26,Credit Card,Success,427.96
PAY10390,O10390,2023-03-04,UPI,Success,1131.39
PAY10391,O10391,2025-01-31,Net Banking,Success,464.16
PAY10392,O10392,2025-02-14,UPI,Success,84337.07
PAY10393,O10393,2024-07-21,UPI,Success,2940.83
PAY10394,O10394,2025-12-05,UPI,Failed,1068.59
PAY10395,O10395,2023-06-05,Credit Card,Success,905.2
PAY10396,O10396,2024-04-23,UPI,Success,41563.81
PAY10397,O10397,2025-07-06,Debit Card,Success,20277.45
PAY10398,O10398,2023-10-07,Credit Card,Success,2719.44
PAY10399,O10399,2024-03-17,UPI,Success,1593.41
PAY10400,O10400,2024-09-08,Debit Card,Success,1722.85
PAY10401,O10401,2025-05-08,Credit Card,Success,3989.58
PAY10402,O10402,2023-06-04,COD,Success,37630.05
PAY10403,O10403,2025-06-02,COD,Failed,53827.5
PAY10404,O10404,2025-03-14,Net Banking,Success,17568.11
PAY10405,O10405,2023-11-12,UPI,Success,2616.7
PAY10406,O10406,2024-08-18,Credit Card,Success,31531.36
PAY10407,O10407,2023-01-24,Credit Card,Success,2115.69
PAY10408,O10408,2024-10-10,UPI,Success,6316.68
PAY10409,O10409,2024-08-24,Net Banking,Success,92108.28
PAY10410,O10410,2025-05-30,UPI,Success,3698.11
PAY10411,O10411,2025-05-31,Credit Card,Success,15030.42
PAY10412,O10412,2023-04-08,UPI,Success,19410.28
PAY10413,O10413,2025-02-22,Debit Card,Success,8856.4
PAY10414,O10414,2025-12-09,Debit Card,Success,10701.58
PAY10415,O10415,2025-01-06,COD,Success,14446.64
PAY10416,O10416,2025-10-26,Credit Card,Success,4288.11
PAY10417,O10417,2025-12-15,COD,Success,2100.11
PAY10418,O10418,2025-05-01,Credit Card,Success,25594.89
PAY10419,O10419,2025-04-24,COD,Success,6074.27
PAY10420,O10420,2025-11-04,UPI,Success,1061.98
PAY10421,O10421,2024-06-07,Credit Card,Success,1661.15
PAY10422,O10422,2025-03-30,UPI,Success,36409.44
PAY10423,O10423,2023-03-29,COD,Success,1660.43
PAY10424,O10424,2023-12-22,UPI,Failed,1797.06
PAY10425,O10425,2025-12-24,UPI,Failed,1065.38
PAY10426,O10426,2023-07-10,Net Banking,Success,25338.76
PAY10427,O10427,2024-10-17,Credit Card,Success,96434.22
PAY10428,O10428,2025-11-29,Net Banking,Refunded,120307.56
PAY10429,O10429,2024-10-27,Credit Card,Success,105344.96
PAY10430,O10430,2024-01-17,Credit Card,Success,4120.92
PAY10431,O10431,2023-02-07,Debit Card,Success,682.42
PAY10432,O10432,2025-01-08,UPI,Failed,50238.05
PAY10433,O10433,2025-08-11,UPI,Success,4141.74
PAY10434,O10434,2023-01-11,Debit Card,Failed,1258.15
PAY10435,O10435,2023-12-02,Credit Card,Success,19098.62
PAY10436,O10436,2024-02-24,COD,Refunded,56780.2
PAY10437,O10437,2023-08-26,UPI,Success,52887.77
PAY10438,O10438,2025-05-31,Credit Card,Refunded,549.12
PAY10439,O10439,2023-11-05,UPI,Success,58300.84
PAY10440,O10440,2024-08-04,Debit Card,Success,15281.33
PAY10441,O10441,2023-06-20,COD,Success,3872.66
PAY10442,O10442,2024-08-17,UPI,Success,164195.62
PAY10443,O10443,2024-03-28,Credit Card,Success,20637.12
PAY10444,O10444,2024-06-07,Credit Card,Success,53396.51
PAY10445,O10445,2025-07-31,Debit Card,Success,513.95
PAY10446,O10446,2024-03-17,Credit Card,Success,4806.86
PAY10447,O10447,2023-05-28,UPI,Success,1912.7
PAY10448,O10448,2025-06-06,Net Banking,Refunded,47193.4
PAY10449,O10449,2023-10-27,COD,Success,92392.27
PAY10450,O10450,2024-01-07,Credit Card,Failed,51126.2
PAY10451,O10451,2025-03-19,COD,Refunded,32561.13
PAY10452,O10452,2025-06-13,UPI,Success,53844.57
PAY10453,O10453,2024-10-22,UPI,Success,1647.79
PAY10454,O10454,2023-05-05,COD,Success,9676.83
PAY10455,O10455,2023-09-06,UPI,Failed,6280.51
PAY10456,O10456,2025-08-17,UPI,Failed,5111.31
PAY10457,O10457,2025-06-02,Debit Card,Success,39019.86
PAY10458,O10458,2024-11-08,UPI,Success,55245.28
PAY10459,O10459,2024-07-25,UPI,Success,47804.09
PAY10460,O10460,2024-04-25,UPI,Success,3913.23
PAY10461,O10461,2025-05-31,Credit Card,Success,746.36
PAY10462,O10462,2024-04-13,Debit Card,Success,4786.98
PAY10463,O10463,2024-01-01,UPI,Refunded,7254.32
PAY10464,O10464,2025-01-27,Credit Card,Success,6175.98
PAY10465,O10465,2025-02-18,UPI,Success,2044.98
PAY10466,O10466,2025-07-15,UPI,Success,7774.36
PAY10467,O10467,2023-12-06,UPI,Success,716.27
PAY10468,O10468,2023-04-05,UPI,Refunded,28242.38
PAY10469,O10469,2023-12-21,UPI,Failed,21507.51
PAY10470,O10470,2025-12-28,COD,Success,5888.91
PAY10471,O10471,2023-05-31,Net Banking,Success,51972.5
PAY10472,O10472,2023-01-05,Debit Card,Success,39015.33
PAY10473,O10473,2023-09-03,UPI,Success,2066.0
PAY10474,O10474,2025-01-31,Debit Card,Success,40205.42
PAY10475,O10475,2025-09-15,Debit Card,Success,124222.58
PAY10476,O10476,2024-10-08,UPI,Success,53063.17
PAY10477,O10477,2025-06-11,UPI,Success,12514.27
PAY10478,O10478,2024-03-21,Credit Card,Success,752.51
PAY10479,O10479,2023-10-15,UPI,Success,28949.2
PAY10480,O10480,2023-08-02,Credit Card,Success,41867.45
PAY10481,O10481,2025-10-16,UPI,Failed,27967.97
PAY10482,O10482,2024-11-26,Credit Card,Success,37241.38
PAY10483,O10483,2023-08-07,Debit Card,Failed,49394.16
PAY10484,O10484,2025-04-29,Credit Card,Success,16447.2
PAY10485,O10485,2023-12-03,UPI,Success,2864.85
PAY10486,O10486,2025-06-05,COD,Success,40880.53
PAY10487,O10487,2023-06-22,Credit Card,Success,112544.44
PAY10488,O10488,2025-05-25,Credit Card,Failed,28275.56
PAY10489,O10489,2024-06-02,UPI,Success,32226.56
PAY10490,O10490,2023-06-02,UPI,Success,4359.93
PAY10491,O10491,2024-05-02,Debit Card,Success,5077.06
PAY10492,O10492,2024-02-15,UPI,Success,68312.55
PAY10493,O10493,2023-11-07,COD,Refunded,262.26
PAY10494,O10494,2024-05-01,Credit Card,Success,3098.99
PAY10495,O10495,2024-05-14,COD,Refunded,8782.88
PAY10496,O10496,2024-07-22,Net Banking,Success,1411.98
PAY10497,O10497,2023-04-04,Credit Card,Failed,59907.41
PAY10498,O10498,2024-10-31,UPI,Success,1678.33
PAY10499,O10499,2024-05-08,Credit Card,Success,35301.01
PAY10500,O10500,2023-02-15,UPI,Success,18748.34
PAY10501,O10501,2025-03-16,Credit Card,Success,12137.09
PAY10502,O10502,2025-01-29,UPI,Success,3696.3
PAY10503,O10503,2025-01-07,Credit Card,Refunded,744.68
PAY10504,O10504,2025-09-09,Credit Card,Success,31270.42
PAY10505,O10505,2025-02-01,Debit Card,Refunded,52261.05
PAY10506,O10506,2023-03-19,UPI,Success,2476.6
PAY10507,O10507,2023-02-19,UPI,Success,16525.58
PAY10508,O10508,2024-10-23,UPI,Success,4107.0
PAY10509,O10509,2023-04-17,Debit Card,Failed,33865.73
PAY10510,O10510,2024-11-29,COD,Success,2442.42
PAY10511,O10511,2024-05-14,Debit Card,Success,3110.7
PAY10512,O10512,2025-10-28,Net Banking,Success,57988.95
PAY10513,O10513,2025-04-06,UPI,Success,4433.66
PAY10514,O10514,2023-10-20,Credit Card,Success,2197.11
PAY10515,O10515,2025-09-07,COD,Success,6962.15
PAY10516,O10516,2024-06-20,UPI,Success,13669.64
PAY10517,O10517,2023-11-09,COD,Success,96864.3
PAY10518,O10518,2024-05-06,Credit Card,Success,48391.98
PAY10519,O10519,2023-03-20,Net Banking,Refunded,7920.04
PAY10520,O10520,2023-05-05,UPI,Success,24973.58
PAY10521,O10521,2025-08-25,Credit Card,Success,16228.94
PAY10522,O10522,2023-10-13,UPI,Success,24323.4
PAY10523,O10523,2025-04-24,UPI,Success,85194.81
PAY10524,O10524,2024-04-27,COD,Success,33346.25
PAY10525,O10525,2024-09-01,Credit Card,Refunded,5447.63
PAY10526,O10526,2024-07-11,Debit Card,Failed,3523.72
PAY10527,O10527,2023-03-12,Debit Card,Success,39793.69
PAY10528,O10528,2023-03-11,Credit Card,Success,714.88
PAY10529,O10529,2023-03-21,Net Banking,Refunded,52119.79
PAY10530,O10530,2023-03-18,Net Banking,Success,27907.03
PAY10531,O10531,2024-05-29,Debit Card,Success,58726.41
PAY10532,O10532,2025-09-22,Net Banking,Success,2723.82
PAY10533,O10533,2025-12-09,UPI,Failed,17054.61
PAY10534,O10534,2025-02-06,UPI,Success,29564.88
PAY10535,O10535,2025-12-03,UPI,Success,935.33
PAY10536,O10536,2023-05-16,Net Banking,Success,13464.99
PAY10537,O10537,2025-04-08,Debit Card,Success,30830.8
PAY10538,O10538,2024-08-17,Net Banking,Success,90852.63
PAY10539,O10539,2025-11-08,UPI,Success,2721.38
PAY10540,O10540,2024-11-24,UPI,Success,25902.61
PAY10541,O10541,2025-04-08,Credit Card,Success,15142.48
PAY10542,O10542,2024-06-16,UPI,Success,1473.57
PAY10543,O10543,2023-03-11,COD,Refunded,60614.6
PAY10544,O10544,2024-03-09,Credit Card,Success,7123.18
PAY10545,O10545,2023-05-15,COD,Failed,330.22
PAY10546,O10546,2023-03-09,Credit Card,Success,3380.11
PAY10547,O10547,2025-03-18,Credit Card,Success,22505.51
PAY10548,O10548,2023-08-20,Debit Card,Success,47224.31
PAY10549,O10549,2024-10-29,UPI,Success,8110.34
PAY10550,O10550,2023-06-01,Net Banking,Success,52474.58
PAY10551,O10551,2025-03-31,Credit Card,Success,10822.13
PAY10552,O10552,2024-09-08,Credit Card,Success,4931.05
PAY10553,O10553,2024-06-25,Debit Card,Failed,1462.22
PAY10554,O10554,2025-10-30,Debit Card,Refunded,254586.42
PAY10555,O10555,2024-04-20,Net Banking,Success,3976.93
PAY10556,O10556,2023-09-11,COD,Success,4442.71
PAY10557,O10557,2024-05-09,UPI,Success,41941.13
PAY10558,O10558,2024-10-28,UPI,Success,51355.54
PAY10559,O10559,2024-07-24,UPI,Refunded,7639.87
PAY10560,O10560,2025-03-13,UPI,Success,115222.91
PAY10561,O10561,2025-06-03,Credit Card,Success,2737.23
PAY10562,O10562,2024-03-06,Debit Card,Success,21294.02
PAY10563,O10563,2025-03-16,COD,Success,621.6
PAY10564,O10564,2023-04-20,Net Banking,Success,29027.98
PAY10565,O10565,2025-01-25,Credit Card,Success,20960.4
PAY10566,O10566,2023-10-07,Credit Card,Success,29834.34
PAY10567,O10567,2024-10-30,Debit Card,Success,3308.55
PAY10568,O10568,2025-11-10,Credit Card,Success,3262.09
PAY10569,O10569,2025-08-06,UPI,Success,29680.96
PAY10570,O10570,2023-09-09,UPI,Failed,13661.32
PAY10571,O10571,2024-07-14,COD,Failed,24668.96
PAY10572,O10572,2023-10-13,Debit Card,Success,5830.34
PAY10573,O10573,2025-01-13,Debit Card,Success,30425.06
PAY10574,O10574,2024-11-11,COD,Failed,4600.18
PAY10575,O10575,2025-09-20,UPI,Failed,11073.85
PAY10576,O10576,2024-06-05,Credit Card,Success,6245.68
PAY10577,O10577,2025-01-11,UPI,Refunded,748.88
PAY10578,O10578,2025-01-14,Debit Card,Success,90764.17
PAY10579,O10579,2024-03-21,UPI,Success,1538.0
PAY10580,O10580,2024-02-23,Debit Card,Success,44707.39
PAY10581,O10581,2024-06-15,Credit Card,Success,1149.02
PAY10582,O10582,2024-04-07,Credit Card,Success,126798.17
PAY10583,O10583,2025-03-16,COD,Success,5066.07
PAY10584,O10584,2025-06-23,UPI,Success,6149.48
PAY10585,O10585,2023-04-27,UPI,Success,62574.62
PAY10586,O10586,2023-02-01,COD,Success,55525.16
PAY10587,O10587,2023-10-27,Debit Card,Success,1898.32
PAY10588,O10588,2025-02-22,Credit Card,Success,33731.14
PAY10589,O10589,2025-09-13,Credit Card,Success,1636.39
PAY10590,O10590,2024-02-17,UPI,Success,773.34
PAY10591,O10591,2024-09-19,Credit Card,Success,14883.07
PAY10592,O10592,2024-02-28,UPI,Success,10120.88
PAY10593,O10593,2024-06-27,COD,Success,58514.35
PAY10594,O10594,2023-06-03,Credit Card,Success,77860.63
PAY10595,O10595,2025-01-26,Credit Card,Success,51580.15
PAY10596,O10596,2025-04-17,Credit Card,Failed,2550.54
PAY10597,O10597,2024-06-20,UPI,Success,1389.47
PAY10598,O10598,2023-08-08,UPI,Success,1749.09
PAY10599,O10599,2024-02-25,Credit Card,Success,1656.58
PAY10600,O10600,2024-03-04,UPI,Success,147152.22
PAY10601,O10601,2023-11-13,Debit Card,Success,18664.16
PAY10602,O10602,2023-11-12,COD,Success,3130.46
PAY10603,O10603,2023-04-01,Net Banking,Success,500.18
PAY10604,O10604,2024-03-16,COD,Success,83649.57
PAY10605,O10605,2024-07-23,Net Banking,Success,1654.52
PAY10606,O10606,2023-04-12,UPI,Success,1978.06
PAY10607,O10607,2025-06-11,Credit Card,Success,8184.1
PAY10608,O10608,2025-03-22,UPI,Success,58195.31
PAY10609,O10609,2025-09-26,UPI,Success,48382.06
PAY10610,O10610,2023-09-02,Debit Card,Success,1029.05
PAY10611,O10611,2023-02-22,UPI,Success,2264.81
PAY10612,O10612,2023-06-13,UPI,Success,10031.26
PAY10613,O10613,2023-05-03,UPI,Failed,4107.0
PAY10614,O10614,2025-10-10,UPI,Success,2532.36
PAY10615,O10615,2023-10-21,UPI,Success,14694.64
PAY10616,O10616,2023-09-03,UPI,Success,52850.06
PAY10617,O10617,2023-12-12,UPI,Success,93974.91
PAY10618,O10618,2024-08-25,COD,Success,9759.41
PAY10619,O10619,2024-08-25,UPI,Success,70835.02
PAY10620,O10620,2023-02-05,UPI,Success,145299.84
PAY10621,O10621,2025-11-05,UPI,Success,5454.98
PAY10622,O10622,2023-07-26,UPI,Success,17861.82
PAY10623,O10623,2024-11-04,UPI,Success,29321.33
PAY10624,O10624,2025-06-01,Debit Card,Success,2070.85
PAY10625,O10625,2024-12-12,Net Banking,Success,102062.75
PAY10626,O10626,2025-09-14,Debit Card,Success,13455.54
PAY10627,O10627,2024-02-27,COD,Refunded,23653.68
PAY10628,O10628,2025-08-18,COD,Failed,13830.73
PAY10629,O10629,2023-07-25,UPI,Success,2087.52
PAY10630,O10630,2023-06-07,Debit Card,Success,18313.55
PAY10631,O10631,2025-04-12,Debit Card,Success,4321.9
PAY10632,O10632,2023-10-28,UPI,Success,20228.06
PAY10633,O10633,2023-01-21,Net Banking,Success,14900.19
PAY10634,O10634,2023-05-20,Net Banking,Success,22432.49
PAY10635,O10635,2024-12-01,Credit Card,Failed,8888.49
PAY10636,O10636,2023-02-13,UPI,Failed,3497.22
PAY10637,O10637,2023-11-02,UPI,Success,6860.97
PAY10638,O10638,2023-10-24,Credit Card,Success,2715.32
PAY10639,O10639,2024-09-16,UPI,Success,19850.29
PAY10640,O10640,2024-01-05,UPI,Success,6979.21
PAY10641,O10641,2024-01-13,UPI,Success,10043.82
PAY10642,O10642,2025-08-23,Debit Card,Success,3041.87
PAY10643,O10643,2023-08-06,Debit Card,Success,1421.67
PAY10644,O10644,2025-05-01,Credit Card,Failed,1676.43
PAY10645,O10645,2024-04-27,UPI,Success,14694.64
PAY10646,O10646,2025-11-15,Net Banking,Success,59282.22
PAY10647,O10647,2025-12-05,Credit Card,Success,62127.67
PAY10648,O10648,2024-01-21,Credit Card,Success,49186.54
PAY10649,O10649,2025-07-08,Credit Card,Success,3868.6
PAY10650,O10650,2024-04-25,Credit Card,Refunded,7026.41
PAY10651,O10651,2023-03-21,Net Banking,Success,261.0
PAY10652,O10652,2023-11-15,Debit Card,Refunded,1381.04
PAY10653,O10653,2023-05-24,Credit Card,Success,20585.1
PAY10654,O10654,2024-05-30,COD,Success,1357.66
PAY10655,O10655,2023-11-23,UPI,Success,21551.17
PAY10656,O10656,2024-05-01,UPI,Refunded,7145.08
PAY10657,O10657,2024-05-03,Credit Card,Success,2270.46
PAY10658,O10658,2024-01-07,UPI,Success,428.82
PAY10659,O10659,2024-09-21,UPI,Failed,15490.63
PAY10660,O10660,2025-07-02,Credit Card,Success,2082.6
PAY10661,O10661,2024-01-30,Credit Card,Failed,56635.03
PAY10662,O10662,2023-04-30,Credit Card,Success,29635.6
PAY10663,O10663,2023-12-20,UPI,Success,26612.69
PAY10664,O10664,2025-02-06,UPI,Success,24607.48
PAY10665,O10665,2025-08-16,UPI,Success,31565.5
PAY10666,O10666,2025-12-24,COD,Failed,129998.58
PAY10667,O10667,2023-09-17,UPI,Success,85850.35
PAY10668,O10668,2025-10-26,UPI,Success,11993.04
PAY10669,O10669,2023-01-19,UPI,Success,73824.77
PAY10670,O10670,2023-10-09,Net Banking,Success,7994.71
PAY10671,O10671,2024-07-06,Credit Card,Success,4727.64
PAY10672,O10672,2024-03-18,UPI,Success,750.29
PAY10673,O10673,2024-01-03,UPI,Success,20438.79
PAY10674,O10674,2023-12-23,COD,Refunded,6012.54
PAY10675,O10675,2025-03-27,UPI,Success,7511.36
PAY10676,O10676,2025-09-24,Debit Card,Failed,18681.97
PAY10677,O10677,2023-08-21,Debit Card,Refunded,75434.55
PAY10678,O10678,2024-01-24,Credit Card,Failed,1432.55
PAY10679,O10679,2024-01-11,COD,Success,3012.86
PAY10680,O10680,2023-07-11,UPI,Failed,969.52
PAY10681,O10681,2023-05-17,COD,Success,40748.56
PAY10682,O10682,2023-06-28,Debit Card,Success,1506.41
PAY10683,O10683,2023-08-11,COD,Refunded,2414.35
PAY10684,O10684,2024-07-04,UPI,Success,11459.3
PAY10685,O10685,2024-07-11,UPI,Success,6654.8
PAY10686,O10686,2025-03-21,UPI,Success,498.45
PAY10687,O10687,2023-06-06,Credit Card,Success,50645.0
PAY10688,O10688,2023-01-03,UPI,Success,9941.66
PAY10689,O10689,2023-07-22,Net Banking,Refunded,1453.73
PAY10690,O10690,2023-12-11,Debit Card,Success,484.88
PAY10691,O10691,2024-02-21,COD,Success,18020.71
PAY10692,O10692,2023-04-09,Credit Card,Success,8524.62
PAY10693,O10693,2024-09-13,Debit Card,Success,44534.0
PAY10694,O10694,2025-01-09,UPI,Success,4139.03
PAY10695,O10695,2024-06-24,COD,Success,13921.64
PAY10696,O10696,2025-05-30,Debit Card,Success,4101.62
PAY10697,O10697,2024-06-08,Credit Card,Success,44605.03
PAY10698,O10698,2025-08-13,COD,Success,2233.05
PAY10699,O10699,2023-04-07,COD,Success,14799.11
PAY10700,O10700,2023-05-12,UPI,Refunded,8453.39
PAY10701,O10701,2024-08-29,Net Banking,Success,12723.04
PAY10702,O10702,2024-07-21,UPI,Success,26516.63
PAY10703,O10703,2023-09-15,Credit Card,Failed,255.86
PAY10704,O10704,2025-04-25,UPI,Success,33964.89
PAY10705,O10705,2023-11-02,COD,Failed,51527.0
PAY10706,O10706,2024-05-15,Credit Card,Success,1856.45
PAY10707,O10707,2024-08-02,COD,Success,1036.9
PAY10708,O10708,2023-07-10,COD,Success,26443.89
PAY10709,O10709,2023-12-05,COD,Success,26108.82
PAY10710,O10710,2023-01-21,Net Banking,Success,40543.54
PAY10711,O10711,2024-02-21,COD,Success,48230.08
PAY10712,O10712,2023-03-03,UPI,Success,521.66
PAY10713,O10713,2025-06-29,UPI,Success,937.04
PAY10714,O10714,2023-03-09,Debit Card,Success,41711.08
PAY10715,O10715,2024-12-25,UPI,Success,867.75
PAY10716,O10716,2025-05-04,COD,Success,10648.84
PAY10717,O10717,2023-06-24,Net Banking,Success,24248.97
PAY10718,O10718,2024-06-04,UPI,Success,6552.87
PAY10719,O10719,2025-08-23,UPI,Success,658.0
PAY10720,O10720,2025-06-16,Debit Card,Failed,1636.39
PAY10721,O10721,2023-08-21,Debit Card,Success,27997.86
PAY10722,O10722,2024-12-11,Credit Card,Success,63287.64
PAY10723,O10723,2024-06-17,UPI,Success,37888.95
PAY10724,O10724,2025-01-11,UPI,Success,6369.07
PAY10725,O10725,2025-04-06,Debit Card,Refunded,3937.33
PAY10726,O10726,2023-05-05,Debit Card,Success,73444.41
PAY10727,O10727,2024-11-29,UPI,Success,33734.59
PAY10728,O10728,2025-11-29,UPI,Refunded,7832.06
PAY10729,O10729,2023-09-05,Credit Card,Success,29203.27
PAY10730,O10730,2023-05-22,Credit Card,Success,3771.3
PAY10731,O10731,2023-04-08,COD,Success,3913.07
PAY10732,O10732,2025-10-09,Credit Card,Success,150183.19
PAY10733,O10733,2024-04-19,Net Banking,Success,26843.87
PAY10734,O10734,2025-03-27,UPI,Success,9323.01
PAY10735,O10735,2025-03-18,Debit Card,Success,45795.95
PAY10736,O10736,2025-03-09,Debit Card,Success,13376.62
PAY10737,O10737,2024-06-20,Debit Card,Failed,2665.69
PAY10738,O10738,2023-09-23,UPI,Success,4882.46
PAY10739,O10739,2024-11-03,UPI,Success,38359.22
PAY10740,O10740,2023-11-03,Debit Card,Success,14155.18
PAY10741,O10741,2024-03-05,Debit Card,Success,49610.04
PAY10742,O10742,2025-02-23,UPI,Success,32853.68
PAY10743,O10743,2025-03-04,UPI,Success,2014.16
PAY10744,O10744,2023-02-08,COD,Success,4736.48
PAY10745,O10745,2023-10-29,COD,Failed,49363.7
PAY10746,O10746,2023-05-17,UPI,Success,47815.65
PAY10747,O10747,2024-05-02,Net Banking,Success,1397.94
PAY10748,O10748,2023-06-24,Debit Card,Success,10822.67
PAY10749,O10749,2025-03-15,Credit Card,Success,1602.39
PAY10750,O10750,2024-09-23,UPI,Success,596.72
PAY10751,O10751,2025-09-13,Debit Card,Success,2165.7
PAY10752,O10752,2023-12-05,Net Banking,Success,88086.52
PAY10753,O10753,2023-12-27,UPI,Success,52438.4
PAY10754,O10754,2023-09-16,Credit Card,Success,1561.07
PAY10755,O10755,2025-10-15,COD,Success,14294.54
PAY10756,O10756,2023-07-22,Net Banking,Failed,5994.76
PAY10757,O10757,2024-10-16,UPI,Success,8135.8
PAY10758,O10758,2023-09-13,COD,Success,25065.18
PAY10759,O10759,2023-05-13,UPI,Failed,2651.81
PAY10760,O10760,2024-09-18,Credit Card,Success,78619.49
PAY10761,O10761,2023-10-16,COD,Success,11612.3
PAY10762,O10762,2024-10-21,Credit Card,Success,2453.34
PAY10763,O10763,2023-02-27,UPI,Success,2126.13
PAY10764,O10764,2023-11-30,Credit Card,Failed,9714.24
PAY10765,O10765,2025-03-22,UPI,Success,2625.73
PAY10766,O10766,2025-04-22,UPI,Success,5245.82
PAY10767,O10767,2024-11-18,Credit Card,Failed,33097.81
PAY10768,O10768,2024-10-27,Net Banking,Success,35810.11
PAY10769,O10769,2025-03-20,Debit Card,Failed,113866.34
PAY10770,O10770,2023-01-06,UPI,Success,124048.61
PAY10771,O10771,2024-03-12,COD,Failed,5454.98
PAY10772,O10772,2025-09-12,UPI,Success,8546.11
PAY10773,O10773,2025-02-20,Credit Card,Success,5894.24
PAY10774,O10774,2025-09-23,Debit Card,Success,6271.8
PAY10775,O10775,2023-02-17,Credit Card,Success,1900.16
PAY10776,O10776,2024-08-24,Debit Card,Success,1040.67
PAY10777,O10777,2025-04-09,Debit Card,Success,183760.71
PAY10778,O10778,2024-11-24,Debit Card,Success,135268.76
PAY10779,O10779,2025-10-31,Credit Card,Failed,879.63
PAY10780,O10780,2023-06-02,UPI,Failed,979.52
PAY10781,O10781,2024-10-22,COD,Success,1743.68
PAY10782,O10782,2025-08-23,UPI,Success,35711.19
PAY10783,O10783,2023-01-27,Credit Card,Success,47129.54
PAY10784,O10784,2025-09-16,UPI,Success,9314.92
PAY10785,O10785,2024-09-04,UPI,Success,195682.44
PAY10786,O10786,2023-03-26,UPI,Success,2274.58
PAY10787,O10787,2025-12-15,UPI,Success,57040.57
PAY10788,O10788,2023-04-09,Net Banking,Success,1557.85
PAY10789,O10789,2025-05-21,Net Banking,Failed,4410.84
PAY10790,O10790,2023-08-17,Credit Card,Success,7889.65
PAY10791,O10791,2025-10-17,Credit Card,Refunded,1596.44
PAY10792,O10792,2025-04-13,UPI,Success,660.64
PAY10793,O10793,2024-05-29,COD,Failed,10738.36
PAY10794,O10794,2024-05-13,UPI,Success,47656.42
PAY10795,O10795,2024-04-03,UPI,Success,1467.32
PAY10796,O10796,2025-11-22,Credit Card,Success,396.01
PAY10797,O10797,2025-02-16,UPI,Success,20582.61
PAY10798,O10798,2025-10-10,UPI,Success,2452.36
PAY10799,O10799,2023-02-25,UPI,Success,48538.5
PAY10800,O10800,2023-11-29,Net Banking,Success,1034.5
PAY10801,O10801,2023-04-07,Debit Card,Refunded,1457.44
PAY10802,O10802,2024-05-21,Credit Card,Success,50242.26
PAY10803,O10803,2023-05-30,UPI,Refunded,58226.76
PAY10804,O10804,2024-06-02,Credit Card,Success,8618.49
PAY10805,O10805,2023-10-08,Debit Card,Success,4164.48
PAY10806,O10806,2024-02-22,COD,Success,73602.19
PAY10807,O10807,2024-07-11,Net Banking,Refunded,9963.45
PAY10808,O10808,2023-07-26,UPI,Failed,3915.56
PAY10809,O10809,2025-09-28,UPI,Success,11633.41
PAY10810,O10810,2023-04-29,Credit Card,Success,12903.3
PAY10811,O10811,2024-04-26,Net Banking,Success,38047.62
PAY10812,O10812,2025-05-04,Credit Card,Success,113514.5
PAY10813,O10813,2023-08-18,Debit Card,Success,540.81
PAY10814,O10814,2024-10-17,UPI,Success,6442.01
PAY10815,O10815,2024-06-24,COD,Success,829.66
PAY10816,O10816,2025-11-14,Debit Card,Success,56881.31
PAY10817,O10817,2023-03-28,Credit Card,Success,68942.96
PAY10818,O10818,2024-09-04,Credit Card,Success,36662.33
PAY10819,O10819,2025-08-10,Debit Card,Success,1073.5
PAY10820,O10820,2025-10-04,UPI,Success,2264.81
PAY10821,O10821,2023-06-28,UPI,Refunded,867.41
PAY10822,O10822,2023-05-20,UPI,Success,6765.1
PAY10823,O10823,2024-03-09,Net Banking,Success,3615.04
PAY10824,O10824,2025-08-05,UPI,Success,20564.08
PAY10825,O10825,2024-06-16,UPI,Success,44649.04
PAY10826,O10826,2024-01-05,UPI,Success,3037.63
PAY10827,O10827,2025-02-07,Credit Card,Success,29709.78
PAY10828,O10828,2023-02-22,UPI,Success,22760.18
PAY10829,O10829,2024-06-30,COD,Success,1133.18
PAY10830,O10830,2024-10-28,UPI,Success,81199.3
PAY10831,O10831,2025-01-13,UPI,Success,2291.0
PAY10832,O10832,2025-12-12,Credit Card,Refunded,16996.49
PAY10833,O10833,2025-07-05,UPI,Success,24083.92
PAY10834,O10834,2023-02-14,UPI,Success,6769.08
PAY10835,O10835,2024-06-12,Net Banking,Success,51325.04
PAY10836,O10836,2024-10-18,Credit Card,Success,34861.02
PAY10837,O10837,2025-05-18,COD,Success,61605.15
PAY10838,O10838,2025-12-30,UPI,Success,1124.45
PAY10839,O10839,2023-03-27,Debit Card,Success,59495.24
PAY10840,O10840,2025-09-11,COD,Refunded,3629.02
PAY10841,O10841,2023-01-31,Credit Card,Success,25796.69
PAY10842,O10842,2023-03-30,Debit Card,Success,61537.12
PAY10843,O10843,2025-04-08,COD,Success,2373.84
PAY10844,O10844,2024-08-14,UPI,Success,16863.97
PAY10845,O10845,2025-11-13,UPI,Success,25338.6
PAY10846,O10846,2023-06-27,COD,Success,4425.13
PAY10847,O10847,2025-02-21,UPI,Success,31850.84
PAY10848,O10848,2024-11-19,Credit Card,Success,2303.99
PAY10849,O10849,2024-08-14,Credit Card,Success,2162.01
PAY10850,O10850,2025-01-19,Debit Card,Success,1491.25
PAY10851,O10851,2025-03-21,Debit Card,Success,8305.34
PAY10852,O10852,2025-03-15,Credit Card,Success,17655.13
PAY10853,O10853,2024-03-25,Net Banking,Success,6830.66
PAY10854,O10854,2023-02-23,UPI,Success,18635.97
PAY10855,O10855,2023-06-16,COD,Success,8269.44
PAY10856,O10856,2024-03-12,Credit Card,Success,4223.58
PAY10857,O10857,2024-04-21,Debit Card,Success,750.29
PAY10858,O10858,2024-12-24,UPI,Refunded,315.97
PAY10859,O10859,2025-01-22,UPI,Success,20085.66
PAY10860,O10860,2023-12-25,COD,Success,2593.27
PAY10861,O10861,2024-02-27,UPI,Success,23104.98
PAY10862,O10862,2023-11-14,Credit Card,Success,2286.78
PAY10863,O10863,2024-12-03,UPI,Success,18181.21
PAY10864,O10864,2025-08-24,Debit Card,Success,4532.21
PAY10865,O10865,2024-06-30,Debit Card,Refunded,48643.93
PAY10866,O10866,2025-05-10,COD,Success,3493.94
PAY10867,O10867,2023-02-11,COD,Success,44881.86
PAY10868,O10868,2023-10-22,Debit Card,Refunded,31985.54
PAY10869,O10869,2025-02-08,UPI,Success,78452.49
PAY10870,O10870,2023-03-01,UPI,Success,8773.37
PAY10871,O10871,2024-06-04,Credit Card,Success,14326.17
PAY10872,O10872,2023-07-17,UPI,Success,39842.04
PAY10873,O10873,2025-05-25,Net Banking,Success,6312.57
PAY10874,O10874,2024-03-12,COD,Success,2718.36
PAY10875,O10875,2025-05-11,UPI,Success,2664.72
PAY10876,O10876,2025-04-29,Net Banking,Success,2188.79
PAY10877,O10877,2024-04-27,COD,Success,7205.04
PAY10878,O10878,2025-10-04,COD,Success,4677.24
PAY10879,O10879,2023-10-10,UPI,Success,5019.36
PAY10880,O10880,2024-08-19,UPI,Success,29367.01
PAY10881,O10881,2023-08-07,Credit Card,Success,5012.57
PAY10882,O10882,2025-09-18,UPI,Refunded,29246.63
PAY10883,O10883,2025-06-19,Credit Card,Success,43038.67
PAY10884,O10884,2025-04-08,UPI,Success,3210.68
PAY10885,O10885,2023-10-17,COD,Success,62126.67
PAY10886,O10886,2024-07-19,UPI,Refunded,27545.79
PAY10887,O10887,2024-05-18,Credit Card,Success,6065.5
PAY10888,O10888,2024-01-26,Net Banking,Success,693.46
PAY10889,O10889,2024-10-17,COD,Success,6203.89
PAY10890,O10890,2025-12-20,COD,Success,590.73
PAY10891,O10891,2025-12-17,Debit Card,Failed,18007.95
PAY10892,O10892,2025-11-26,Credit Card,Success,3979.79
PAY10893,O10893,2024-04-13,Credit Card,Failed,2149.13
PAY10894,O10894,2025-03-10,UPI,Success,818.65
PAY10895,O10895,2023-05-08,UPI,Success,5247.27
PAY10896,O10896,2025-12-13,COD,Success,5176.71
PAY10897,O10897,2025-05-03,Credit Card,Failed,34289.8
PAY10898,O10898,2024-09-06,UPI,Success,5868.32
PAY10899,O10899,2024-02-18,Debit Card,Success,5761.42
PAY10900,O10900,2023-11-13,Debit Card,Success,8567.36
PAY10901,O10901,2023-05-26,UPI,Success,8743.49
PAY10902,O10902,2023-07-24,Credit Card,Success,44228.02
PAY10903,O10903,2024-04-04,Credit Card,Success,37321.05
PAY10904,O10904,2024-11-18,Credit Card,Success,5355.69
PAY10905,O10905,2025-08-03,Credit Card,Success,820.96
PAY10906,O10906,2024-05-05,UPI,Success,19412.01
PAY10907,O10907,2024-09-17,UPI,Success,6165.03
PAY10908,O10908,2023-02-10,UPI,Failed,16157.9
PAY10909,O10909,2024-12-31,Credit Card,Success,41932.24
PAY10910,O10910,2025-01-19,UPI,Success,1059.78
PAY10911,O10911,2023-10-04,Net Banking,Success,11872.28
PAY10912,O10912,2025-01-23,Debit Card,Success,57349.36
PAY10913,O10913,2023-12-24,Credit Card,Success,9114.72
PAY10914,O10914,2023-06-04,Credit Card,Success,2342.14
PAY10915,O10915,2024-11-24,UPI,Success,42127.18
PAY10916,O10916,2025-02-01,UPI,Success,2940.83
PAY10917,O10917,2023-02-26,UPI,Refunded,1722.1
PAY10918,O10918,2024-12-17,Debit Card,Success,2612.75
PAY10919,O10919,2024-11-03,COD,Success,4862.18
PAY10920,O10920,2024-02-07,COD,Success,2867.12
PAY10921,O10921,2023-08-20,Debit Card,Success,2183.59
PAY10922,O10922,2023-03-10,COD,Success,21891.06
PAY10923,O10923,2023-04-24,Net Banking,Success,3868.25
PAY10924,O10924,2024-02-20,Net Banking,Success,604.44
PAY10925,O10925,2025-11-04,Credit Card,Failed,52328.23
PAY10926,O10926,2025-11-12,UPI,Success,29834.34
PAY10927,O10927,2023-08-04,UPI,Success,1130.6
PAY10928,O10928,2024-05-06,Net Banking,Success,3855.22
PAY10929,O10929,2025-06-23,UPI,Success,4309.24
PAY10930,O10930,2023-12-07,UPI,Success,1927.52
PAY10931,O10931,2023-04-22,Credit Card,Success,290.0
PAY10932,O10932,2025-09-30,Debit Card,Success,51527.29
PAY10933,O10933,2024-01-17,COD,Success,6791.36
PAY10934,O10934,2023-03-28,Credit Card,Success,15730.16
PAY10935,O10935,2023-12-27,UPI,Success,12990.95
PAY10936,O10936,2024-04-29,COD,Success,10147.92
PAY10937,O10937,2024-04-20,Credit Card,Success,45007.87
PAY10938,O10938,2025-05-30,UPI,Success,42626.33
PAY10939,O10939,2025-11-22,COD,Success,125879.42
PAY10940,O10940,2023-06-19,Debit Card,Success,2221.48
PAY10941,O10941,2025-06-25,UPI,Failed,1859.89
PAY10942,O10942,2025-08-30,UPI,Success,1062.58
PAY10943,O10943,2024-01-03,UPI,Success,14866.24
PAY10944,O10944,2024-07-26,COD,Success,162736.01
PAY10945,O10945,2025-04-26,Credit Card,Success,19288.9
PAY10946,O10946,2025-06-25,UPI,Success,9777.92
PAY10947,O10947,2025-08-08,UPI,Success,21783.94
PAY10948,O10948,2025-06-08,Credit Card,Success,2902.67
PAY10949,O10949,2024-01-01,UPI,Success,19582.48
PAY10950,O10950,2025-12-14,Debit Card,Success,7783.66
PAY10951,O10951,2023-06-04,Credit Card,Success,46485.48
PAY10952,O10952,2023-06-20,COD,Success,2061.5
PAY10953,O10953,2025-07-13,Debit Card,Success,2770.39
PAY10954,O10954,2025-06-15,UPI,Success,1458.1
PAY10955,O10955,2023-02-07,UPI,Success,754.99
PAY10956,O10956,2024-12-26,Credit Card,Success,31935.75
PAY10957,O10957,2023-03-01,Debit Card,Success,23773.19
PAY10958,O10958,2025-03-22,Debit Card,Success,731.11
PAY10959,O10959,2023-11-25,COD,Success,22051.54
PAY10960,O10960,2024-07-12,UPI,Success,545.78
PAY10961,O10961,2025-09-13,UPI,Success,6363.09
PAY10962,O10962,2023-12-10,Debit Card,Refunded,112532.15
PAY10963,O10963,2024-09-27,Debit Card,Failed,34915.71
PAY10964,O10964,2023-06-15,COD,Success,2457.56
PAY10965,O10965,2023-10-09,UPI,Success,161431.75
PAY10966,O10966,2025-12-09,Net Banking,Failed,11385.11
PAY10967,O10967,2023-05-12,UPI,Success,3064.78
PAY10968,O10968,2025-05-26,UPI,Success,16308.5
PAY10969,O10969,2023-09-20,UPI,Success,6018.55
PAY10970,O10970,2023-02-17,UPI,Success,3778.08
PAY10971,O10971,2025-01-03,COD,Success,7730.37
PAY10972,O10972,2023-01-04,UPI,Success,11666.4
PAY10973,O10973,2024-12-20,Credit Card,Success,23314.9
PAY10974,O10974,2025-01-11,UPI,Success,19273.77
PAY10975,O10975,2025-05-17,UPI,Success,211.99
PAY10976,O10976,2023-09-10,Net Banking,Success,1596.44
PAY10977,O10977,2025-04-09,COD,Failed,7910.26
PAY10978,O10978,2023-03-31,Credit Card,Success,80057.6
PAY10979,O10979,2025-11-05,Credit Card,Success,2137.32
PAY10980,O10980,2024-11-23,COD,Success,28698.81
PAY10981,O10981,2025-08-30,COD,Success,1460.76
PAY10982,O10982,2024-09-11,Debit Card,Success,52193.48
PAY10983,O10983,2025-09-11,Credit Card,Success,1507.96
PAY10984,O10984,2024-04-13,Debit Card,Success,4284.18
PAY10985,O10985,2024-10-04,Credit Card,Success,49959.22
PAY10986,O10986,2024-03-14,Credit Card,Success,2519.6
PAY10987,O10987,2023-07-25,Credit Card,Failed,12141.03
PAY10988,O10988,2025-11-20,COD,Success,6837.56
PAY10989,O10989,2025-08-14,UPI,Success,1749.09
PAY10990,O10990,2024-06-06,UPI,Success,3854.57
PAY10991,O10991,2023-10-13,UPI,Refunded,2797.92
PAY10992,O10992,2025-04-17,Credit Card,Success,2933.7
PAY10993,O10993,2024-03-14,Debit Card,Refunded,15683.97
PAY10994,O10994,2024-10-29,UPI,Success,6333.87
PAY10995,O10995,2024-10-20,Debit Card,Success,15951.95
PAY10996,O10996,2025-07-04,Debit Card,Refunded,21325.2
PAY10997,O10997,2025-02-15,UPI,Success,61707.26
PAY10998,O10998,2024-10-09,UPI,Success,1837.81
PAY10999,O10999,2024-06-14,COD,Success,1199.2
PAY11000,O11000,2023-05-18,Credit Card,Success,8821.2
PAY11001,O11001,2024-01-25,Debit Card,Success,11523.87
PAY11002,O11002,2023-07-19,Net Banking,Success,257.53
PAY11003,O11003,2024-07-10,UPI,Failed,4598.08
PAY11004,O11004,2024-02-11,UPI,Success,503.48
PAY11005,O11005,2024-04-02,Credit Card,Success,4244.01
PAY11006,O11006,2023-08-12,UPI,Failed,4626.85
PAY11007,O11007,2023-05-26,COD,Success,93965.22
PAY11008,O11008,2023-05-12,UPI,Success,85558.61
PAY11009,O11009,2025-11-30,UPI,Success,45608.89
PAY11010,O11010,2025-11-05,UPI,Success,2983.22
PAY11011,O11011,2025-08-31,Net Banking,Success,2705.39
PAY11012,O11012,2025-09-16,Debit Card,Refunded,51153.23
PAY11013,O11013,2024-06-22,Debit Card,Success,7491.74
PAY11014,O11014,2024-02-28,UPI,Success,2990.55
PAY11015,O11015,2025-07-20,UPI,Failed,4542.63
PAY11016,O11016,2025-06-20,COD,Success,26344.03
PAY11017,O11017,2023-03-28,Credit Card,Success,925.11
PAY11018,O11018,2025-05-20,UPI,Success,29426.97
PAY11019,O11019,2023-01-04,Credit Card,Success,752.51
PAY11020,O11020,2023-07-26,Credit Card,Refunded,4551.95
PAY11021,O11021,2024-02-16,UPI,Success,305.07
PAY11022,O11022,2024-08-24,Credit Card,Failed,3895.71
PAY11023,O11023,2023-05-03,UPI,Refunded,906.48
PAY11024,O11024,2023-01-10,COD,Success,107186.75
PAY11025,O11025,2023-11-08,Debit Card,Success,16404.26
PAY11026,O11026,2025-04-03,COD,Success,15545.76
PAY11027,O11027,2025-04-10,Credit Card,Refunded,3845.3
PAY11028,O11028,2024-05-14,Credit Card,Success,162410.98
PAY11029,O11029,2025-06-27,COD,Success,5984.52
PAY11030,O11030,2024-10-12,Credit Card,Success,794.11
PAY11031,O11031,2023-05-27,Credit Card,Success,921.9
PAY11032,O11032,2024-02-06,Credit Card,Success,26485.8
PAY11033,O11033,2025-07-17,Credit Card,Success,5536.61
PAY11034,O11034,2024-11-16,COD,Success,1433.56
PAY11035,O11035,2025-01-25,Credit Card,Success,16937.35
PAY11036,O11036,2024-04-29,COD,Success,37231.83
PAY11037,O11037,2023-04-12,COD,Success,21057.98
PAY11038,O11038,2024-08-27,Debit Card,Success,4891.52
PAY11039,O11039,2025-01-18,COD,Success,418.39
PAY11040,O11040,2025-02-25,Credit Card,Success,134452.59
PAY11041,O11041,2023-09-24,COD,Success,8394.66
PAY11042,O11042,2024-05-20,UPI,Success,2373.18
PAY11043,O11043,2023-09-09,UPI,Success,10753.16
PAY11044,O11044,2024-03-16,Debit Card,Failed,984.45
PAY11045,O11045,2024-01-23,UPI,Success,8683.23
PAY11046,O11046,2024-05-10,Debit Card,Refunded,8091.23
PAY11047,O11047,2024-09-09,UPI,Success,5022.95
PAY11048,O11048,2025-09-12,Net Banking,Success,2385.11
PAY11049,O11049,2024-10-18,Credit Card,Refunded,31287.98
PAY11050,O11050,2023-05-17,UPI,Success,95983.71
PAY11051,O11051,2024-08-02,Credit Card,Success,14238.78
PAY11052,O11052,2023-06-23,COD,Failed,2067.81
PAY11053,O11053,2023-01-04,COD,Success,2343.6
PAY11054,O11054,2025-05-07,Credit Card,Success,37138.86
PAY11055,O11055,2024-05-14,UPI,Success,1031.36
PAY11056,O11056,2025-03-01,COD,Success,2743.77
PAY11057,O11057,2025-08-24,Net Banking,Success,98913.44
PAY11058,O11058,2023-05-31,UPI,Success,62531.57
PAY11059,O11059,2025-04-23,UPI,Failed,10134.49
PAY11060,O11060,2025-05-05,Credit Card,Success,122407.35
PAY11061,O11061,2023-08-07,Credit Card,Success,5553.04
PAY11062,O11062,2023-07-02,Credit Card,Success,3784.61
PAY11063,O11063,2024-05-30,UPI,Success,6034.05
PAY11064,O11064,2024-07-23,UPI,Success,11943.69
PAY11065,O11065,2023-07-17,Credit Card,Success,1904.89
PAY11066,O11066,2025-11-17,UPI,Failed,2127.4
PAY11067,O11067,2024-04-02,UPI,Refunded,104290.89
PAY11068,O11068,2023-04-25,Credit Card,Success,9802.89
PAY11069,O11069,2024-12-10,UPI,Failed,5770.3
PAY11070,O11070,2023-12-28,Credit Card,Success,26333.86
PAY11071,O11071,2024-12-12,Debit Card,Failed,4113.48
PAY11072,O11072,2025-11-12,UPI,Success,16456.26
PAY11073,O11073,2025-07-17,Debit Card,Success,4527.4
PAY11074,O11074,2023-06-25,Credit Card,Success,66960.84
PAY11075,O11075,2023-10-07,UPI,Success,240047.93
PAY11076,O11076,2023-07-28,Debit Card,Success,2111.79
PAY11077,O11077,2025-02-15,UPI,Success,2802.75
PAY11078,O11078,2023-11-03,UPI,Success,448.92
PAY11079,O11079,2024-12-29,UPI,Success,7691.5
PAY11080,O11080,2025-09-20,Credit Card,Success,27737.62
PAY11081,O11081,2023-01-31,Credit Card,Failed,2907.46
PAY11082,O11082,2023-05-06,UPI,Success,14654.36
PAY11083,O11083,2024-03-07,Net Banking,Success,9019.97
PAY11084,O11084,2025-05-12,UPI,Refunded,10176.99
PAY11085,O11085,2024-12-08,UPI,Success,51723.5
PAY11086,O11086,2024-04-03,UPI,Success,51149.97
PAY11087,O11087,2025-11-25,UPI,Success,1675.72
PAY11088,O11088,2025-01-12,Net Banking,Refunded,3547.85
PAY11089,O11089,2023-12-07,Debit Card,Success,4186.72
PAY11090,O11090,2025-04-20,COD,Success,3362.46
PAY11091,O11091,2023-11-16,Credit Card,Success,1358.98
PAY11092,O11092,2025-11-20,Credit Card,Success,46604.76
PAY11093,O11093,2024-01-11,Net Banking,Refunded,8193.42
PAY11094,O11094,2024-01-07,UPI,Success,4547.68
PAY11095,O11095,2025-10-30,UPI,Success,42983.89
PAY11096,O11096,2024-02-20,UPI,Success,332.41
PAY11097,O11097,2025-08-16,UPI,Success,1082.72
PAY11098,O11098,2023-03-27,Debit Card,Success,107901.91
PAY11099,O11099,2024-08-06,UPI,Success,4041.44
PAY11100,O11100,2025-06-03,COD,Failed,37448.57
PAY11101,O11101,2025-12-15,UPI,Success,5182.23
PAY11102,O11102,2025-05-20,UPI,Failed,110567.8
PAY11103,O11103,2023-10-29,COD,Success,1846.95
PAY11104,O11104,2023-08-11,Debit Card,Success,1867.43
PAY11105,O11105,2025-07-24,COD,Success,591.38
PAY11106,O11106,2023-08-21,UPI,Success,9359.62
PAY11107,O11107,2023-06-28,UPI,Success,102571.51
PAY11108,O11108,2023-03-15,COD,Success,4604.35
PAY11109,O11109,2025-06-07,Debit Card,Success,55879.33
PAY11110,O11110,2023-02-24,Credit Card,Success,2067.81
PAY11111,O11111,2024-04-09,UPI,Success,16426.72
PAY11112,O11112,2025-02-08,UPI,Success,35746.56
PAY11113,O11113,2023-04-28,COD,Success,26259.32
PAY11114,O11114,2023-08-07,Debit Card,Success,94767.34
PAY11115,O11115,2024-09-12,Debit Card,Success,600.23
PAY11116,O11116,2025-03-11,COD,Success,1745.92
PAY11117,O11117,2023-10-09,COD,Success,56759.75
PAY11118,O11118,2024-12-16,COD,Success,25627.07
PAY11119,O11119,2024-08-30,Credit Card,Refunded,7474.35
PAY11120,O11120,2025-11-28,UPI,Success,17568.11
PAY11121,O11121,2025-07-26,Debit Card,Success,16388.86
PAY11122,O11122,2025-03-27,UPI,Success,68644.09
PAY11123,O11123,2023-06-30,COD,Success,1282.23
PAY11124,O11124,2024-01-19,UPI,Success,31777.17
PAY11125,O11125,2025-05-18,UPI,Success,33977.31
PAY11126,O11126,2023-10-11,UPI,Success,60274.15
PAY11127,O11127,2024-03-28,UPI,Success,13500.5
PAY11128,O11128,2023-12-28,UPI,Failed,46345.53
PAY11129,O11129,2024-04-23,UPI,Success,4274.34
PAY11130,O11130,2023-04-10,UPI,Success,7793.17
PAY11131,O11131,2023-09-15,Credit Card,Success,44649.04
PAY11132,O11132,2024-01-23,COD,Success,2823.68
PAY11133,O11133,2023-05-12,UPI,Success,3937.34
PAY11134,O11134,2024-09-18,UPI,Success,9150.56
PAY11135,O11135,2024-02-08,Credit Card,Success,8515.99
PAY11136,O11136,2023-11-16,COD,Success,1511.88
PAY11137,O11137,2024-04-13,UPI,Refunded,1480.7
PAY11138,O11138,2025-03-14,UPI,Success,2682.5
PAY11139,O11139,2023-04-28,COD,Success,2059.34
PAY11140,O11140,2025-03-24,UPI,Refunded,14675.34
PAY11141,O11141,2025-12-16,COD,Refunded,83373.3
PAY11142,O11142,2024-10-26,Credit Card,Success,824.8
PAY11143,O11143,2023-10-04,Credit Card,Success,18596.7
PAY11144,O11144,2024-05-12,Credit Card,Success,934.25
PAY11145,O11145,2024-05-20,UPI,Success,10368.98
PAY11146,O11146,2023-06-03,UPI,Success,8348.37
PAY11147,O11147,2023-10-07,UPI,Success,11869.88
PAY11148,O11148,2024-01-18,Debit Card,Success,1833.55
PAY11149,O11149,2025-02-03,Net Banking,Success,43622.16
PAY11150,O11150,2023-10-09,UPI,Failed,92184.25
PAY11151,O11151,2024-04-26,UPI,Success,5050.56
PAY11152,O11152,2024-04-10,Credit Card,Refunded,7740.06
PAY11153,O11153,2023-10-01,Credit Card,Success,3599.31
PAY11154,O11154,2024-05-30,UPI,Success,14789.23
PAY11155,O11155,2024-06-06,Net Banking,Success,9618.28
PAY11156,O11156,2023-04-14,Net Banking,Success,2008.51
PAY11157,O11157,2025-06-20,COD,Success,1256.22
PAY11158,O11158,2025-07-06,UPI,Failed,2058.36
PAY11159,O11159,2024-05-10,UPI,Success,115073.01
PAY11160,O11160,2023-08-07,Credit Card,Failed,26536.73
PAY11161,O11161,2023-10-15,UPI,Success,51961.86
PAY11162,O11162,2025-09-12,UPI,Success,4089.26
PAY11163,O11163,2024-10-22,Debit Card,Success,5181.92
PAY11164,O11164,2024-11-02,Debit Card,Success,3837.56
PAY11165,O11165,2023-10-02,Credit Card,Success,18702.04
PAY11166,O11166,2024-11-17,UPI,Success,3609.1
PAY11167,O11167,2023-02-28,Credit Card,Success,41655.43
PAY11168,O11168,2024-02-25,Credit Card,Success,5139.37
PAY11169,O11169,2025-07-08,UPI,Success,261.0
PAY11170,O11170,2023-03-06,Credit Card,Failed,4717.41
PAY11171,O11171,2024-02-18,Credit Card,Success,400.3
PAY11172,O11172,2023-10-26,UPI,Success,22077.49
PAY11173,O11173,2025-03-22,Credit Card,Success,4629.0
PAY11174,O11174,2024-12-20,UPI,Success,1367.65
PAY11175,O11175,2023-08-31,COD,Success,5690.48
PAY11176,O11176,2024-12-05,Credit Card,Failed,7052.96
PAY11177,O11177,2023-06-22,Credit Card,Success,16690.19
PAY11178,O11178,2025-01-23,UPI,Success,977.9
PAY11179,O11179,2023-09-17,Net Banking,Success,1471.96
PAY11180,O11180,2024-04-17,Net Banking,Refunded,20390.52
PAY11181,O11181,2023-06-02,UPI,Success,3334.2
PAY11182,O11182,2025-06-26,Net Banking,Failed,56859.1
PAY11183,O11183,2023-08-25,Debit Card,Success,18014.0
PAY11184,O11184,2024-02-24,COD,Success,666.04
PAY11185,O11185,2024-07-31,UPI,Success,53368.71
PAY11186,O11186,2025-02-01,UPI,Success,922.46
PAY11187,O11187,2023-06-09,Credit Card,Success,979.52
PAY11188,O11188,2023-02-02,UPI,Success,5879.66
PAY11189,O11189,2023-11-20,COD,Success,25568.06
PAY11190,O11190,2023-03-01,COD,Success,54140.24
PAY11191,O11191,2025-10-19,Debit Card,Success,8351.9
PAY11192,O11192,2023-07-24,UPI,Success,12814.9
PAY11193,O11193,2023-04-26,Credit Card,Success,25178.91
PAY11194,O11194,2025-02-06,UPI,Success,28610.95
PAY11195,O11195,2025-12-29,Net Banking,Success,16674.29
PAY11196,O11196,2024-02-26,Debit Card,Refunded,165980.65
PAY11197,O11197,2025-09-29,UPI,Success,1018.48
PAY11198,O11198,2025-04-24,Credit Card,Success,1223.26
PAY11199,O11199,2024-11-14,UPI,Success,1114.47
PAY11200,O11200,2023-07-31,UPI,Success,2814.93
PAY11201,O11201,2024-11-02,UPI,Success,27835.67
PAY11202,O11202,2025-05-28,COD,Success,18424.56
PAY11203,O11203,2024-08-24,Credit Card,Success,25932.89
PAY11204,O11204,2024-01-04,UPI,Success,5058.2
PAY11205,O11205,2025-03-15,UPI,Success,26779.18
PAY11206,O11206,2023-04-19,Credit Card,Success,38515.85
PAY11207,O11207,2023-08-27,Credit Card,Success,3768.33
PAY11208,O11208,2023-07-24,UPI,Success,17735.7
PAY11209,O11209,2024-08-05,Credit Card,Failed,66897.81
PAY11210,O11210,2024-08-15,UPI,Success,1454.62
PAY11211,O11211,2025-05-15,Net Banking,Success,66932.19
PAY11212,O11212,2025-09-19,UPI,Success,13100.41
PAY11213,O11213,2025-05-24,Net Banking,Success,7929.99
PAY11214,O11214,2025-09-02,Credit Card,Success,2553.09
PAY11215,O11215,2025-04-06,COD,Success,52690.95
PAY11216,O11216,2024-06-20,Credit Card,Success,4531.88
PAY11217,O11217,2025-08-26,COD,Success,27737.62
PAY11218,O11218,2023-01-27,UPI,Success,36874.74
PAY11219,O11219,2024-06-19,UPI,Success,1780.25
PAY11220,O11220,2025-08-24,UPI,Success,37745.2
PAY11221,O11221,2025-01-11,UPI,Success,65693.18
PAY11222,O11222,2023-11-08,Net Banking,Failed,3185.44
PAY11223,O11223,2023-09-23,Credit Card,Success,756.07
PAY11224,O11224,2025-12-14,Net Banking,Failed,12075.03
PAY11225,O11225,2025-05-31,Debit Card,Success,3077.0
PAY11226,O11226,2024-01-10,COD,Success,76983.32
PAY11227,O11227,2024-09-04,Credit Card,Success,67074.56
PAY11228,O11228,2023-08-10,UPI,Success,1791.5
PAY11229,O11229,2024-06-05,UPI,Success,293.24
PAY11230,O11230,2023-12-29,Debit Card,Success,1018.48
PAY11231,O11231,2025-07-12,Net Banking,Success,1272.5
PAY11232,O11232,2024-09-16,UPI,Success,17807.47
PAY11233,O11233,2023-08-03,COD,Success,17097.45
PAY11234,O11234,2025-05-25,UPI,Refunded,6083.66
PAY11235,O11235,2023-01-11,Net Banking,Success,110225.64
PAY11236,O11236,2024-06-16,COD,Success,2773.63
PAY11237,O11237,2024-03-24,UPI,Success,16217.2
PAY11238,O11238,2023-02-23,COD,Success,26628.06
PAY11239,O11239,2024-10-18,Debit Card,Failed,75506.82
PAY11240,O11240,2023-12-06,COD,Success,3500.28
PAY11241,O11241,2025-04-26,UPI,Success,7991.94
PAY11242,O11242,2025-06-15,COD,Success,15772.55
PAY11243,O11243,2023-07-20,UPI,Success,18929.98
PAY11244,O11244,2023-06-01,Credit Card,Success,42546.72
PAY11245,O11245,2023-02-19,UPI,Success,653.97
PAY11246,O11246,2024-09-28,Credit Card,Failed,6048.37
PAY11247,O11247,2025-05-10,COD,Failed,4704.97
PAY11248,O11248,2025-02-18,UPI,Success,1592.72
PAY11249,O11249,2023-02-19,COD,Success,1086.22
PAY11250,O11250,2024-07-14,Credit Card,Success,1690.35
PAY11251,O11251,2025-07-25,UPI,Success,11238.55
PAY11252,O11252,2024-02-04,UPI,Success,65424.75
PAY11253,O11253,2024-01-13,Credit Card,Success,28173.69
PAY11254,O11254,2023-01-24,UPI,Success,55422.69
PAY11255,O11255,2024-09-18,Net Banking,Success,37993.57
PAY11256,O11256,2023-10-11,UPI,Failed,39582.21
PAY11257,O11257,2025-10-28,Credit Card,Success,18443.7
PAY11258,O11258,2023-10-07,Credit Card,Success,3504.79
PAY11259,O11259,2024-08-21,UPI,Success,53668.34
PAY11260,O11260,2024-01-28,COD,Success,3518.22
PAY11261,O11261,2025-12-30,UPI,Success,5592.19
PAY11262,O11262,2024-04-28,COD,Success,910.01
PAY11263,O11263,2025-03-22,UPI,Success,120263.23
PAY11264,O11264,2025-04-09,UPI,Refunded,1582.45
PAY11265,O11265,2023-06-25,Net Banking,Success,1367.65
PAY11266,O11266,2023-08-20,Debit Card,Success,3620.4
PAY11267,O11267,2023-03-29,Debit Card,Success,1816.59
PAY11268,O11268,2024-01-26,UPI,Failed,462.69
PAY11269,O11269,2024-12-21,UPI,Success,2344.37
PAY11270,O11270,2025-01-08,Debit Card,Success,139305.11
PAY11271,O11271,2023-07-01,Credit Card,Success,10011.33
PAY11272,O11272,2024-02-28,UPI,Refunded,1909.98
PAY11273,O11273,2024-10-20,UPI,Success,120076.52
PAY11274,O11274,2024-03-29,COD,Success,60712.71
PAY11275,O11275,2023-07-20,COD,Success,1050.19
PAY11276,O11276,2024-08-05,UPI,Success,47153.65
PAY11277,O11277,2023-01-26,COD,Success,7521.9
PAY11278,O11278,2025-05-23,UPI,Refunded,2071.72
PAY11279,O11279,2024-05-16,COD,Success,25326.98
PAY11280,O11280,2023-12-03,UPI,Failed,4318.89
PAY11281,O11281,2025-10-05,Debit Card,Success,653.65
PAY11282,O11282,2023-05-23,Credit Card,Success,6297.44
PAY11283,O11283,2025-01-25,UPI,Refunded,1163.1
PAY11284,O11284,2025-12-30,Debit Card,Success,44539.27
PAY11285,O11285,2024-01-29,UPI,Success,18330.81
PAY11286,O11286,2023-09-05,UPI,Success,3931.89
PAY11287,O11287,2025-07-23,Credit Card,Success,1432.56
PAY11288,O11288,2025-12-13,Net Banking,Success,55944.97
PAY11289,O11289,2023-09-17,COD,Success,1661.15
PAY11290,O11290,2024-02-12,COD,Success,39819.31
PAY11291,O11291,2025-06-06,COD,Success,3498.18
PAY11292,O11292,2025-10-24,Credit Card,Success,53130.01
PAY11293,O11293,2024-01-04,UPI,Success,1766.54
PAY11294,O11294,2023-01-07,COD,Success,2444.02
PAY11295,O11295,2023-01-03,UPI,Success,3503.68
PAY11296,O11296,2023-12-07,Net Banking,Success,61825.28
PAY11297,O11297,2023-12-16,Credit Card,Success,13374.56
PAY11298,O11298,2024-09-18,Credit Card,Success,42576.62
PAY11299,O11299,2023-02-24,UPI,Success,956.72
PAY11300,O11300,2024-09-21,UPI,Success,1533.28
PAY11301,O11301,2025-03-08,Debit Card,Success,9745.26
PAY11302,O11302,2025-06-19,UPI,Success,8515.74
PAY11303,O11303,2023-09-30,UPI,Success,31404.57
PAY11304,O11304,2025-05-07,UPI,Success,31304.1
PAY11305,O11305,2025-05-30,Credit Card,Refunded,28397.6
PAY11306,O11306,2024-01-13,Credit Card,Success,1152.38
PAY11307,O11307,2024-01-23,Credit Card,Success,26941.99
PAY11308,O11308,2024-01-24,UPI,Success,15062.45
PAY11309,O11309,2024-03-01,Credit Card,Refunded,152628.87
PAY11310,O11310,2025-02-27,UPI,Refunded,2406.06
PAY11311,O11311,2024-10-21,UPI,Refunded,4363.68
PAY11312,O11312,2023-10-04,Credit Card,Success,29491.68
PAY11313,O11313,2025-05-11,Debit Card,Success,1840.64
PAY11314,O11314,2024-07-11,Credit Card,Failed,51682.56
PAY11315,O11315,2025-10-22,Debit Card,Failed,1502.54
PAY11316,O11316,2023-06-21,Debit Card,Success,20280.07
PAY11317,O11317,2023-05-28,UPI,Success,1676.68
PAY11318,O11318,2023-01-14,UPI,Failed,636.25
PAY11319,O11319,2024-02-14,UPI,Failed,1640.54
PAY11320,O11320,2024-01-21,Net Banking,Success,2106.63
PAY11321,O11321,2023-02-26,UPI,Success,3867.62
PAY11322,O11322,2024-05-28,COD,Success,3800.32
PAY11323,O11323,2023-12-13,COD,Success,884.51
PAY11324,O11324,2024-02-11,Debit Card,Success,62363.5
PAY11325,O11325,2023-09-03,Credit Card,Success,3309.06
PAY11326,O11326,2025-05-08,Credit Card,Success,52680.42
PAY11327,O11327,2023-02-21,UPI,Success,74235.58
PAY11328,O11328,2023-07-28,UPI,Success,31064.42
PAY11329,O11329,2023-05-23,UPI,Success,5770.36
PAY11330,O11330,2024-06-30,COD,Success,2014.16
PAY11331,O11331,2025-03-16,Credit Card,Success,3017.02
PAY11332,O11332,2024-09-25,COD,Success,42092.19
PAY11333,O11333,2025-12-04,COD,Success,1071.23
PAY11334,O11334,2023-12-01,Credit Card,Success,871.16
PAY11335,O11335,2023-09-06,UPI,Success,4997.91
PAY11336,O11336,2024-06-13,COD,Success,7506.36
PAY11337,O11337,2024-04-09,UPI,Success,1991.26
PAY11338,O11338,2023-10-29,UPI,Failed,186319.19
PAY11339,O11339,2024-09-12,UPI,Success,123355.02
PAY11340,O11340,2025-09-14,Credit Card,Success,616.41
PAY11341,O11341,2024-06-21,COD,Success,62387.43
PAY11342,O11342,2024-01-03,Credit Card,Success,8723.39
PAY11343,O11343,2023-12-24,Credit Card,Success,1359.18
PAY11344,O11344,2023-11-27,Credit Card,Success,3380.39
PAY11345,O11345,2025-06-05,Debit Card,Success,31901.82
PAY11346,O11346,2024-03-19,Debit Card,Success,1923.45
PAY11347,O11347,2024-05-16,UPI,Refunded,2221.48
PAY11348,O11348,2025-01-14,Credit Card,Success,16222.33
PAY11349,O11349,2025-05-22,UPI,Success,3150.77
PAY11350,O11350,2023-07-20,Debit Card,Success,1861.69
PAY11351,O11351,2024-07-04,COD,Success,21059.17
PAY11352,O11352,2023-07-19,Credit Card,Refunded,451.78
PAY11353,O11353,2023-12-07,UPI,Refunded,22592.71
PAY11354,O11354,2024-11-11,UPI,Success,449.41
PAY11355,O11355,2025-01-06,Debit Card,Success,34975.11
PAY11356,O11356,2023-10-05,UPI,Failed,1258.6
PAY11357,O11357,2023-02-25,Credit Card,Success,58904.85
PAY11358,O11358,2023-06-15,Net Banking,Success,2451.27
PAY11359,O11359,2024-10-18,UPI,Success,14998.88
PAY11360,O11360,2023-03-19,UPI,Success,3115.69
PAY11361,O11361,2025-01-13,COD,Failed,162783.47
PAY11362,O11362,2025-10-04,UPI,Refunded,2467.23
PAY11363,O11363,2024-02-26,Net Banking,Failed,24973.58
PAY11364,O11364,2024-07-30,COD,Success,3095.61
PAY11365,O11365,2025-09-14,Credit Card,Success,116143.23
PAY11366,O11366,2024-05-20,Debit Card,Refunded,7923.06
PAY11367,O11367,2025-02-07,UPI,Success,36735.8
PAY11368,O11368,2025-12-16,UPI,Success,13799.36
PAY11369,O11369,2024-10-20,Credit Card,Success,120914.88
PAY11370,O11370,2025-11-19,Credit Card,Success,3848.87
PAY11371,O11371,2024-03-10,Net Banking,Failed,8169.81
PAY11372,O11372,2023-08-06,Credit Card,Success,35962.38
PAY11373,O11373,2024-07-01,Debit Card,Success,76385.05
PAY11374,O11374,2025-04-29,UPI,Success,26662.84
PAY11375,O11375,2024-04-11,Debit Card,Success,113808.43
PAY11376,O11376,2024-07-19,UPI,Success,2651.04
PAY11377,O11377,2024-05-20,Debit Card,Success,21373.96
PAY11378,O11378,2024-01-23,COD,Refunded,4631.25
PAY11379,O11379,2024-06-25,Credit Card,Failed,49773.29
PAY11380,O11380,2023-03-22,UPI,Success,14085.29
PAY11381,O11381,2024-04-29,Credit Card,Success,595.75
PAY11382,O11382,2023-11-07,COD,Failed,54676.17
PAY11383,O11383,2024-02-24,Debit Card,Success,36232.38
PAY11384,O11384,2023-08-24,Debit Card,Success,2008.3
PAY11385,O11385,2024-03-14,Debit Card,Failed,13757.89
PAY11386,O11386,2023-05-28,COD,Success,12738.14
PAY11387,O11387,2023-06-16,UPI,Success,1127.95
PAY11388,O11388,2024-08-21,COD,Success,134716.35
PAY11389,O11389,2024-03-21,COD,Success,17941.22
PAY11390,O11390,2024-10-15,Credit Card,Failed,18668.48
PAY11391,O11391,2023-02-18,Credit Card,Success,13860.04
PAY11392,O11392,2025-08-09,Net Banking,Failed,51181.77
PAY11393,O11393,2024-10-14,COD,Success,5460.26
PAY11394,O11394,2024-10-17,Net Banking,Refunded,30465.95
PAY11395,O11395,2025-08-02,Debit Card,Success,1698.63
PAY11396,O11396,2024-10-16,UPI,Success,2188.79
PAY11397,O11397,2025-09-09,UPI,Success,13392.66
PAY11398,O11398,2023-09-02,COD,Success,11409.52
PAY11399,O11399,2025-05-05,Debit Card,Success,38538.02
PAY11400,O11400,2025-06-22,UPI,Success,487.04
PAY11401,O11401,2024-09-05,UPI,Success,52694.49
PAY11402,O11402,2023-11-19,UPI,Success,142019.18
PAY11403,O11403,2025-03-17,UPI,Success,5503.4
PAY11404,O11404,2024-04-20,COD,Success,987.27
PAY11405,O11405,2024-12-09,COD,Success,9319.0
PAY11406,O11406,2023-09-29,COD,Success,998.57
PAY11407,O11407,2024-04-11,UPI,Success,9793.44
PAY11408,O11408,2025-01-24,UPI,Failed,1189.33
PAY11409,O11409,2023-08-14,UPI,Success,53419.33
PAY11410,O11410,2023-10-17,UPI,Success,1332.08
PAY11411,O11411,2023-12-07,UPI,Success,4183.15
PAY11412,O11412,2023-06-08,Net Banking,Success,5620.62
PAY11413,O11413,2024-10-21,COD,Success,515.06
PAY11414,O11414,2023-07-05,UPI,Success,2452.36
PAY11415,O11415,2023-01-31,UPI,Success,2954.22
PAY11416,O11416,2025-06-16,UPI,Success,31034.29
PAY11417,O11417,2025-01-18,COD,Success,7565.92
PAY11418,O11418,2025-11-18,Debit Card,Success,2137.17
PAY11419,O11419,2025-09-12,Debit Card,Success,33656.26
PAY11420,O11420,2024-06-18,COD,Success,11733.16
PAY11421,O11421,2025-07-03,UPI,Success,7899.07
PAY11422,O11422,2025-07-18,UPI,Success,2881.37
PAY11423,O11423,2023-06-21,UPI,Failed,61563.23
PAY11424,O11424,2023-04-24,UPI,Refunded,995.4
PAY11425,O11425,2025-11-11,Debit Card,Refunded,3423.65
PAY11426,O11426,2024-07-07,UPI,Success,27588.4
PAY11427,O11427,2023-08-01,Credit Card,Success,49959.22
PAY11428,O11428,2025-03-26,Debit Card,Success,18800.39
PAY11429,O11429,2024-01-21,Credit Card,Failed,65182.31
PAY11430,O11430,2025-06-19,UPI,Success,2347.94
PAY11431,O11431,2025-12-12,Credit Card,Success,2150.96
PAY11432,O11432,2024-10-03,UPI,Success,58447.26
PAY11433,O11433,2025-08-09,COD,Success,13828.7
PAY11434,O11434,2023-08-01,Credit Card,Failed,44976.83
PAY11435,O11435,2023-07-11,UPI,Success,424.44
PAY11436,O11436,2025-10-10,Debit Card,Success,17372.16
PAY11437,O11437,2023-07-03,UPI,Success,11864.91
PAY11438,O11438,2023-04-05,UPI,Success,84891.36
PAY11439,O11439,2024-12-16,UPI,Success,1143.39
PAY11440,O11440,2025-09-30,UPI,Success,23593.5
PAY11441,O11441,2025-11-25,Net Banking,Failed,31007.81
PAY11442,O11442,2025-03-30,Credit Card,Success,30489.2
PAY11443,O11443,2023-09-04,UPI,Success,2282.91
PAY11444,O11444,2024-12-06,Credit Card,Failed,977.18
PAY11445,O11445,2023-02-21,Credit Card,Success,2405.52
PAY11446,O11446,2023-08-27,UPI,Success,55376.84
PAY11447,O11447,2023-11-15,Credit Card,Success,59238.58
PAY11448,O11448,2024-07-16,Debit Card,Success,151333.17
PAY11449,O11449,2025-01-31,UPI,Success,4872.63
PAY11450,O11450,2023-11-26,Credit Card,Success,118353.76
PAY11451,O11451,2023-08-31,COD,Success,21626.17
PAY11452,O11452,2024-09-01,UPI,Success,2500.5
PAY11453,O11453,2024-09-05,Credit Card,Success,783.56
PAY11454,O11454,2025-10-19,Net Banking,Success,50048.56
PAY11455,O11455,2025-08-04,COD,Success,3901.65
PAY11456,O11456,2025-05-17,Credit Card,Success,75077.46
PAY11457,O11457,2023-06-04,Debit Card,Refunded,23510.36
PAY11458,O11458,2024-06-25,Credit Card,Success,16112.37
PAY11459,O11459,2023-06-10,Net Banking,Success,3311.95
PAY11460,O11460,2025-02-28,UPI,Success,114407.32
PAY11461,O11461,2024-05-03,Debit Card,Success,1055.47
PAY11462,O11462,2023-02-27,UPI,Failed,467.59
PAY11463,O11463,2025-05-03,UPI,Success,49917.45
PAY11464,O11464,2025-05-19,Debit Card,Success,33753.93
PAY11465,O11465,2025-08-24,Debit Card,Success,926.64
PAY11466,O11466,2024-11-14,UPI,Success,11362.58
PAY11467,O11467,2023-08-04,UPI,Success,9077.69
PAY11468,O11468,2023-05-26,UPI,Failed,2800.39
PAY11469,O11469,2023-05-05,COD,Success,21553.59
PAY11470,O11470,2025-03-29,Credit Card,Success,16936.0
PAY11471,O11471,2023-11-29,Credit Card,Failed,758.23
PAY11472,O11472,2024-08-29,COD,Success,20759.01
PAY11473,O11473,2023-07-08,Debit Card,Success,1479.98
PAY11474,O11474,2023-05-25,Net Banking,Success,163675.95
PAY11475,O11475,2025-04-09,Net Banking,Success,17400.85
PAY11476,O11476,2024-12-25,UPI,Success,5893.26
PAY11477,O11477,2025-04-30,Debit Card,Success,948.75
PAY11478,O11478,2025-04-13,Credit Card,Failed,17278.8
PAY11479,O11479,2024-08-29,Credit Card,Success,16718.33
PAY11480,O11480,2023-03-15,Debit Card,Success,92502.69
PAY11481,O11481,2024-09-15,UPI,Success,2476.6
PAY11482,O11482,2025-08-05,COD,Success,42626.33
PAY11483,O11483,2024-03-16,UPI,Success,14935.12
PAY11484,O11484,2023-06-10,Credit Card,Success,27645.04
PAY11485,O11485,2024-09-17,UPI,Success,167561.06
PAY11486,O11486,2025-07-02,Credit Card,Success,24269.28
PAY11487,O11487,2023-12-06,Net Banking,Success,2737.3
PAY11488,O11488,2025-01-24,Credit Card,Failed,1983.14
PAY11489,O11489,2025-09-10,Debit Card,Success,20411.85
PAY11490,O11490,2024-11-07,UPI,Success,14890.47
PAY11491,O11491,2024-01-04,Credit Card,Success,2411.25
PAY11492,O11492,2024-09-20,COD,Success,47545.55
PAY11493,O11493,2025-08-28,Net Banking,Success,17481.72
PAY11494,O11494,2024-11-02,Credit Card,Success,5088.11
PAY11495,O11495,2023-11-20,COD,Success,163491.12
PAY11496,O11496,2025-03-02,UPI,Failed,3022.55
PAY11497,O11497,2025-04-08,Credit Card,Success,517.06
PAY11498,O11498,2023-09-23,Debit Card,Success,17931.5
PAY11499,O11499,2024-03-25,UPI,Refunded,92190.72
PAY11500,O11500,2024-07-04,COD,Success,130420.75
PAY11501,O11501,2023-03-06,COD,Success,979.79
PAY11502,O11502,2024-03-03,COD,Success,8443.17
PAY11503,O11503,2024-09-17,UPI,Success,13582.21
PAY11504,O11504,2023-12-19,UPI,Success,2296.22
PAY11505,O11505,2025-08-04,Debit Card,Success,1461.57
PAY11506,O11506,2024-08-03,Credit Card,Success,1277.7
PAY11507,O11507,2025-10-06,Credit Card,Success,3476.73
PAY11508,O11508,2023-05-18,UPI,Success,3539.13
PAY11509,O11509,2025-10-07,Credit Card,Refunded,1163.1
PAY11510,O11510,2024-12-26,COD,Success,5239.04
PAY11511,O11511,2025-01-24,Debit Card,Success,6960.62
PAY11512,O11512,2023-11-06,Credit Card,Success,32611.47
PAY11513,O11513,2023-06-06,Debit Card,Success,2626.55
PAY11514,O11514,2025-08-21,COD,Failed,939.72
PAY11515,O11515,2024-01-03,COD,Success,39167.02
PAY11516,O11516,2025-12-19,Credit Card,Success,19974.86
PAY11517,O11517,2023-12-06,UPI,Failed,33340.26
PAY11518,O11518,2024-04-16,UPI,Success,478.31
PAY11519,O11519,2023-10-16,Credit Card,Success,62809.14
PAY11520,O11520,2024-01-11,UPI,Success,57833.07
PAY11521,O11521,2023-12-14,Credit Card,Success,1279.5
PAY11522,O11522,2024-09-24,Credit Card,Success,1867.73
PAY11523,O11523,2023-02-07,Debit Card,Success,86692.62
PAY11524,O11524,2024-12-27,UPI,Success,2239.37
PAY11525,O11525,2024-04-04,UPI,Success,4591.82
PAY11526,O11526,2025-06-09,COD,Success,151680.79
PAY11527,O11527,2025-03-13,UPI,Success,7734.02
PAY11528,O11528,2025-10-24,Net Banking,Success,3166.4
PAY11529,O11529,2023-01-06,Credit Card,Success,52273.27
PAY11530,O11530,2024-09-06,UPI,Success,1955.8
PAY11531,O11531,2023-11-06,UPI,Success,7004.92
PAY11532,O11532,2023-12-26,Credit Card,Success,23312.35
PAY11533,O11533,2025-08-17,UPI,Success,5404.88
PAY11534,O11534,2024-05-24,COD,Success,46681.23
PAY11535,O11535,2024-04-10,COD,Success,4744.07
PAY11536,O11536,2024-11-07,Credit Card,Failed,8465.8
PAY11537,O11537,2025-03-13,Net Banking,Success,25846.08
PAY11538,O11538,2024-06-03,UPI,Success,654.12
PAY11539,O11539,2025-09-27,COD,Success,13820.91
PAY11540,O11540,2024-01-19,COD,Refunded,8253.37
PAY11541,O11541,2025-08-20,Credit Card,Success,4091.49
PAY11542,O11542,2024-05-06,UPI,Success,4139.06
PAY11543,O11543,2024-06-24,Credit Card,Success,2391.42
PAY11544,O11544,2024-07-05,Net Banking,Success,1432.56
PAY11545,O11545,2024-08-31,UPI,Success,50850.01
PAY11546,O11546,2023-06-12,UPI,Success,3924.26
PAY11547,O11547,2024-08-24,Debit Card,Success,2512.44
PAY11548,O11548,2024-10-27,Debit Card,Failed,50381.12
PAY11549,O11549,2025-04-23,UPI,Success,45746.81
PAY11550,O11550,2025-05-13,COD,Success,13321.0
PAY11551,O11551,2023-09-01,Net Banking,Refunded,12548.21
PAY11552,O11552,2023-01-30,UPI,Success,2261.42
PAY11553,O11553,2024-04-26,Net Banking,Success,664.02
PAY11554,O11554,2023-08-11,UPI,Success,23107.23
PAY11555,O11555,2024-01-08,UPI,Success,5325.44
PAY11556,O11556,2023-05-02,UPI,Success,5854.6
PAY11557,O11557,2024-05-25,Credit Card,Success,35361.74
PAY11558,O11558,2024-05-29,Net Banking,Success,5561.89
PAY11559,O11559,2023-07-11,UPI,Success,8041.97
PAY11560,O11560,2025-11-08,Credit Card,Success,70319.67
PAY11561,O11561,2023-02-01,UPI,Failed,2026.41
PAY11562,O11562,2025-06-15,UPI,Refunded,11303.71
PAY11563,O11563,2025-12-30,Net Banking,Failed,8041.97
PAY11564,O11564,2024-01-28,Debit Card,Success,11076.13
PAY11565,O11565,2023-01-24,Debit Card,Success,557.91
PAY11566,O11566,2024-03-23,Debit Card,Success,31185.65
PAY11567,O11567,2023-06-17,UPI,Success,2053.91
PAY11568,O11568,2025-02-09,UPI,Success,315.97
PAY11569,O11569,2023-10-17,Credit Card,Success,1622.98
PAY11570,O11570,2025-11-03,Net Banking,Success,3300.17
PAY11571,O11571,2024-03-13,Debit Card,Success,933.21
PAY11572,O11572,2023-02-24,Credit Card,Success,31007.81
PAY11573,O11573,2024-12-29,Credit Card,Success,1745.92
PAY11574,O11574,2023-03-27,Net Banking,Success,12075.03
PAY11575,O11575,2024-01-06,UPI,Success,96181.79
PAY11576,O11576,2025-06-14,UPI,Refunded,2663.7
PAY11577,O11577,2023-11-03,UPI,Refunded,20966.12
PAY11578,O11578,2024-12-11,COD,Success,11433.64
PAY11579,O11579,2023-07-20,COD,Failed,14212.64
PAY11580,O11580,2023-12-01,Credit Card,Success,22194.29
PAY11581,O11581,2023-06-29,UPI,Success,1753.31
PAY11582,O11582,2024-03-26,UPI,Success,5071.24
PAY11583,O11583,2025-01-10,UPI,Success,46104.92
PAY11584,O11584,2025-05-19,Net Banking,Success,31977.85
PAY11585,O11585,2025-09-04,COD,Success,6613.53
PAY11586,O11586,2024-10-27,Credit Card,Success,1150.47
PAY11587,O11587,2023-01-27,UPI,Success,5684.87
PAY11588,O11588,2024-04-22,COD,Success,2675.88
PAY11589,O11589,2025-02-22,Credit Card,Success,4925.93
PAY11590,O11590,2023-07-22,UPI,Success,7043.53
PAY11591,O11591,2024-09-03,UPI,Refunded,56512.72
PAY11592,O11592,2024-08-13,Debit Card,Refunded,97869.91
PAY11593,O11593,2024-03-14,Net Banking,Success,3430.17
PAY11594,O11594,2025-05-23,Credit Card,Success,15076.07
PAY11595,O11595,2023-04-23,UPI,Success,1028.71
PAY11596,O11596,2023-05-03,Credit Card,Success,55644.97
PAY11597,O11597,2023-02-24,UPI,Success,46627.81
PAY11598,O11598,2023-06-18,COD,Success,38372.74
PAY11599,O11599,2025-09-17,UPI,Success,1223.26
PAY11600,O11600,2024-03-10,UPI,Success,4248.79
PAY11601,O11601,2025-08-18,Debit Card,Success,8057.92
PAY11602,O11602,2024-08-23,UPI,Success,11219.01
PAY11603,O11603,2025-11-01,UPI,Refunded,2401.33
PAY11604,O11604,2024-05-24,Credit Card,Success,12486.79
PAY11605,O11605,2024-07-19,COD,Success,50755.26
PAY11606,O11606,2024-12-25,Credit Card,Success,62165.29
PAY11607,O11607,2025-12-15,Net Banking,Success,27462.5
PAY11608,O11608,2023-09-05,Credit Card,Success,19816.36
PAY11609,O11609,2024-08-03,COD,Success,4082.0
PAY11610,O11610,2023-05-20,Credit Card,Success,52249.27
PAY11611,O11611,2025-05-20,Credit Card,Failed,4248.79
PAY11612,O11612,2024-02-11,Net Banking,Success,10986.26
PAY11613,O11613,2024-05-22,Debit Card,Success,4872.63
PAY11614,O11614,2024-08-05,UPI,Success,3717.42
PAY11615,O11615,2023-12-13,Credit Card,Success,1115.16
PAY11616,O11616,2025-05-12,UPI,Refunded,8094.29
PAY11617,O11617,2024-01-10,UPI,Success,40802.45
PAY11618,O11618,2024-09-26,COD,Success,13203.8
PAY11619,O11619,2023-10-19,Debit Card,Success,58751.08
PAY11620,O11620,2023-10-05,UPI,Success,7652.62
PAY11621,O11621,2023-09-11,UPI,Success,25736.99
PAY11622,O11622,2024-10-22,Credit Card,Failed,34983.68
PAY11623,O11623,2023-01-04,UPI,Success,1477.11
PAY11624,O11624,2024-04-03,UPI,Success,3332.62
PAY11625,O11625,2024-02-23,UPI,Success,150955.59
PAY11626,O11626,2023-06-08,Debit Card,Success,5845.73
PAY11627,O11627,2023-07-23,Credit Card,Success,2996.15
PAY11628,O11628,2025-06-04,UPI,Success,5186.47
PAY11629,O11629,2024-11-28,COD,Success,7130.16
PAY11630,O11630,2023-11-26,COD,Success,42659.6
PAY11631,O11631,2023-02-09,Credit Card,Refunded,30695.31
PAY11632,O11632,2024-12-17,UPI,Refunded,36722.2
PAY11633,O11633,2023-05-27,Credit Card,Success,116853.31
PAY11634,O11634,2023-08-30,Debit Card,Success,23213.21
PAY11635,O11635,2023-06-28,UPI,Success,917.55
PAY11636,O11636,2025-12-10,Debit Card,Success,2527.06
PAY11637,O11637,2023-06-30,Debit Card,Success,10089.24
PAY11638,O11638,2024-10-25,COD,Success,1420.9
PAY11639,O11639,2025-06-01,UPI,Success,2737.52
PAY11640,O11640,2025-08-15,UPI,Refunded,28090.71
PAY11641,O11641,2025-01-21,UPI,Success,43615.39
PAY11642,O11642,2023-07-29,Net Banking,Success,25208.68
PAY11643,O11643,2024-09-24,UPI,Success,340.69
PAY11644,O11644,2024-06-28,COD,Success,5902.86
PAY11645,O11645,2023-12-17,Net Banking,Success,48440.0
PAY11646,O11646,2024-06-04,Net Banking,Failed,1135.53
PAY11647,O11647,2024-01-22,Credit Card,Success,513.46
PAY11648,O11648,2025-03-12,COD,Success,40449.44
PAY11649,O11649,2024-08-29,Debit Card,Success,25968.85
PAY11650,O11650,2023-12-10,COD,Success,95060.73
PAY11651,O11651,2025-11-27,UPI,Success,59447.3
PAY11652,O11652,2024-01-02,COD,Failed,50836.76
PAY11653,O11653,2024-01-16,Credit Card,Success,3725.4
PAY11654,O11654,2025-09-11,Credit Card,Failed,9281.81
PAY11655,O11655,2024-05-07,Debit Card,Success,14206.1
PAY11656,O11656,2023-07-14,UPI,Success,21553.59
PAY11657,O11657,2023-03-22,UPI,Success,18819.52
PAY11658,O11658,2025-05-27,Credit Card,Success,20939.36
PAY11659,O11659,2023-05-11,UPI,Success,1317.74
PAY11660,O11660,2025-10-28,UPI,Success,14444.57
PAY11661,O11661,2023-01-21,Net Banking,Success,4145.58
PAY11662,O11662,2025-05-02,UPI,Success,3379.66
PAY11663,O11663,2023-01-29,UPI,Success,12885.23
PAY11664,O11664,2024-03-27,UPI,Success,625.22
PAY11665,O11665,2025-07-12,Credit Card,Success,1610.18
PAY11666,O11666,2025-07-16,COD,Success,57489.9
PAY11667,O11667,2024-10-14,UPI,Success,4819.95
PAY11668,O11668,2025-04-14,Debit Card,Success,758.66
PAY11669,O11669,2023-08-24,UPI,Success,395.7
PAY11670,O11670,2024-02-29,COD,Success,18077.19
PAY11671,O11671,2024-08-28,Debit Card,Success,15359.4
PAY11672,O11672,2023-03-24,COD,Success,27183.7
PAY11673,O11673,2023-11-15,COD,Success,4658.07
PAY11674,O11674,2024-01-01,COD,Refunded,27898.5
PAY11675,O11675,2025-02-05,Net Banking,Failed,53939.99
PAY11676,O11676,2025-01-10,Debit Card,Refunded,1432.56
PAY11677,O11677,2024-02-06,Debit Card,Success,33751.34
PAY11678,O11678,2023-12-24,UPI,Success,16674.29
PAY11679,O11679,2025-07-26,UPI,Success,6468.5
PAY11680,O11680,2023-08-24,Credit Card,Success,3222.87
PAY11681,O11681,2023-02-05,Debit Card,Success,4880.01
PAY11682,O11682,2024-10-01,UPI,Success,36850.11
PAY11683,O11683,2023-12-07,UPI,Success,26401.78
PAY11684,O11684,2025-12-14,Debit Card,Success,57476.29
PAY11685,O11685,2024-03-20,UPI,Success,4141.58
PAY11686,O11686,2024-02-25,Credit Card,Failed,1039.26
PAY11687,O11687,2024-12-08,Credit Card,Refunded,2714.33
PAY11688,O11688,2025-01-22,COD,Success,41633.38
PAY11689,O11689,2023-09-06,Credit Card,Success,1224.32
PAY11690,O11690,2023-10-20,UPI,Success,11307.77
PAY11691,O11691,2023-07-28,UPI,Success,10933.35
PAY11692,O11692,2024-03-10,UPI,Success,146012.71
PAY11693,O11693,2023-08-28,UPI,Success,8048.72
PAY11694,O11694,2024-06-03,Debit Card,Success,11391.02
PAY11695,O11695,2025-01-06,Credit Card,Success,4663.67
PAY11696,O11696,2023-05-31,Debit Card,Success,49596.7
PAY11697,O11697,2023-02-26,Debit Card,Success,11453.76
PAY11698,O11698,2023-06-06,Credit Card,Success,9241.2
PAY11699,O11699,2024-06-20,Net Banking,Success,40203.56
PAY11700,O11700,2023-04-25,COD,Success,3143.8
PAY11701,O11701,2024-08-26,UPI,Success,9383.91
PAY11702,O11702,2023-11-28,Credit Card,Success,2943.96
PAY11703,O11703,2024-01-02,UPI,Success,37538.74
PAY11704,O11704,2025-06-05,Debit Card,Success,1762.0
PAY11705,O11705,2025-11-26,UPI,Success,21100.94
PAY11706,O11706,2023-10-25,Debit Card,Success,3965.13
PAY11707,O11707,2024-04-11,UPI,Success,7267.23
PAY11708,O11708,2025-04-27,UPI,Success,12885.23
PAY11709,O11709,2025-01-07,UPI,Success,5587.1
PAY11710,O11710,2025-05-22,Net Banking,Refunded,5738.78
PAY11711,O11711,2025-03-21,UPI,Success,42006.55
PAY11712,O11712,2024-04-30,COD,Success,18847.57
PAY11713,O11713,2024-02-03,COD,Success,31574.85
PAY11714,O11714,2025-12-13,UPI,Success,874.7
PAY11715,O11715,2025-02-11,Credit Card,Success,762.34
PAY11716,O11716,2025-07-02,COD,Success,14824.25
PAY11717,O11717,2025-06-05,Debit Card,Success,18244.35
PAY11718,O11718,2024-06-04,UPI,Failed,1209.82
PAY11719,O11719,2024-12-02,Net Banking,Success,21790.04
PAY11720,O11720,2023-12-13,UPI,Failed,39932.05
PAY11721,O11721,2023-02-28,UPI,Success,3009.81
PAY11722,O11722,2024-10-19,UPI,Success,2547.77
PAY11723,O11723,2023-06-29,Debit Card,Success,37533.58
PAY11724,O11724,2024-04-10,UPI,Success,922.46
PAY11725,O11725,2025-12-05,COD,Success,25594.07
PAY11726,O11726,2023-07-09,UPI,Success,703.03
PAY11727,O11727,2024-01-03,UPI,Failed,20585.1
PAY11728,O11728,2023-07-14,COD,Refunded,4615.5
PAY11729,O11729,2024-07-22,COD,Success,3527.72
PAY11730,O11730,2023-10-23,Credit Card,Success,3929.19
PAY11731,O11731,2025-02-11,Credit Card,Success,7241.27
PAY11732,O11732,2025-10-07,Debit Card,Success,33233.04
PAY11733,O11733,2024-06-11,Debit Card,Success,3413.83
PAY11734,O11734,2023-05-31,Credit Card,Success,2042.12
PAY11735,O11735,2023-05-29,COD,Success,6800.54
PAY11736,O11736,2023-09-08,COD,Success,750.29
PAY11737,O11737,2024-03-10,COD,Success,744.68
PAY11738,O11738,2023-08-02,UPI,Success,42639.04
PAY11739,O11739,2024-09-12,UPI,Success,1748.58
PAY11740,O11740,2023-02-06,UPI,Success,8688.2
PAY11741,O11741,2024-01-16,COD,Success,1745.92
PAY11742,O11742,2025-02-12,UPI,Success,27835.67
PAY11743,O11743,2023-08-15,UPI,Success,1631.72
PAY11744,O11744,2023-08-08,Net Banking,Failed,25065.18
PAY11745,O11745,2025-03-10,UPI,Success,47984.35
PAY11746,O11746,2023-09-24,UPI,Success,39832.0
PAY11747,O11747,2025-02-25,COD,Success,3379.66
PAY11748,O11748,2023-12-03,UPI,Success,451.39
PAY11749,O11749,2025-08-19,COD,Success,3216.3
PAY11750,O11750,2023-11-29,UPI,Success,43907.34
PAY11751,O11751,2025-02-13,UPI,Success,42296.79
PAY11752,O11752,2024-12-25,UPI,Refunded,54188.54
PAY11753,O11753,2024-09-23,COD,Failed,9620.38
PAY11754,O11754,2024-12-08,COD,Refunded,6594.77
PAY11755,O11755,2025-12-04,UPI,Success,74690.66
PAY11756,O11756,2025-09-06,Debit Card,Success,35221.86
PAY11757,O11757,2024-11-20,UPI,Success,4551.91
PAY11758,O11758,2024-03-18,Credit Card,Success,647.72
PAY11759,O11759,2024-09-02,UPI,Success,15647.39
PAY11760,O11760,2024-03-14,COD,Success,5995.32
PAY11761,O11761,2025-08-16,Credit Card,Success,11560.1
PAY11762,O11762,2025-06-22,Net Banking,Success,6710.65
PAY11763,O11763,2025-03-13,Credit Card,Failed,1959.05
PAY11764,O11764,2023-06-20,Credit Card,Success,448.84
PAY11765,O11765,2023-11-07,Debit Card,Success,7053.86
PAY11766,O11766,2025-09-05,COD,Success,1680.89
PAY11767,O11767,2023-12-19,UPI,Success,2838.89
PAY11768,O11768,2025-05-10,Credit Card,Success,869.83
PAY11769,O11769,2025-09-22,COD,Failed,45003.28
PAY11770,O11770,2023-05-23,Credit Card,Success,2285.18
PAY11771,O11771,2025-01-16,UPI,Success,6600.73
PAY11772,O11772,2023-08-09,UPI,Success,24554.19
PAY11773,O11773,2025-01-14,COD,Success,21446.72
PAY11774,O11774,2025-04-20,UPI,Failed,23106.14
PAY11775,O11775,2023-04-25,UPI,Success,782.9
PAY11776,O11776,2025-12-09,UPI,Success,31408.56
PAY11777,O11777,2024-11-07,UPI,Failed,29308.72
PAY11778,O11778,2023-06-22,UPI,Success,3832.38
PAY11779,O11779,2023-05-27,COD,Failed,4912.87
PAY11780,O11780,2025-02-02,UPI,Success,17479.47
PAY11781,O11781,2024-06-29,Credit Card,Success,16823.53
PAY11782,O11782,2023-11-19,COD,Success,33491.92
PAY11783,O11783,2024-12-07,Net Banking,Success,614.46
PAY11784,O11784,2023-05-08,Debit Card,Success,1496.72
PAY11785,O11785,2025-07-01,Net Banking,Success,60665.3
PAY11786,O11786,2024-11-05,Credit Card,Success,4629.0
PAY11787,O11787,2024-11-13,COD,Success,15859.98
PAY11788,O11788,2025-10-13,Net Banking,Success,41736.74
PAY11789,O11789,2023-08-06,UPI,Failed,47407.3
PAY11790,O11790,2025-01-14,UPI,Success,49610.04
PAY11791,O11791,2023-08-27,Debit Card,Success,976.67
PAY11792,O11792,2023-04-08,UPI,Success,58352.22
PAY11793,O11793,2025-07-02,UPI,Success,2362.55
PAY11794,O11794,2023-03-14,COD,Success,2514.48
PAY11795,O11795,2025-07-07,UPI,Success,13887.0
PAY11796,O11796,2025-08-11,UPI,Success,273741.68
PAY11797,O11797,2023-02-23,COD,Refunded,724.94
PAY11798,O11798,2025-09-05,UPI,Success,27731.21
PAY11799,O11799,2023-06-04,COD,Success,22495.36
PAY11800,O11800,2023-11-18,Credit Card,Success,27850.92
PAY11801,O11801,2023-10-28,COD,Success,311.57
PAY11802,O11802,2023-07-15,COD,Success,2259.68
PAY11803,O11803,2025-11-15,Credit Card,Success,42815.52
PAY11804,O11804,2023-07-29,Net Banking,Success,8321.52
PAY11805,O11805,2025-01-02,Debit Card,Success,8989.1
PAY11806,O11806,2025-04-27,Credit Card,Success,1092.95
PAY11807,O11807,2025-03-08,Credit Card,Success,3674.28
PAY11808,O11808,2025-09-25,UPI,Success,73954.13
PAY11809,O11809,2023-09-11,COD,Failed,55283.9
PAY11810,O11810,2025-08-02,UPI,Refunded,4056.85
PAY11811,O11811,2024-09-05,UPI,Success,4206.25
PAY11812,O11812,2023-07-05,Debit Card,Success,21729.84
PAY11813,O11813,2024-05-14,UPI,Success,5054.11
PAY11814,O11814,2025-05-07,Credit Card,Success,65888.83
PAY11815,O11815,2025-09-26,Credit Card,Success,28136.33
PAY11816,O11816,2024-04-30,Credit Card,Success,465.53
PAY11817,O11817,2023-07-16,UPI,Success,20353.99
PAY11818,O11818,2025-11-11,COD,Refunded,937.04
PAY11819,O11819,2025-03-10,Debit Card,Refunded,159592.32
PAY11820,O11820,2025-12-16,UPI,Success,92297.61
PAY11821,O11821,2025-10-22,UPI,Success,3438.04
PAY11822,O11822,2023-11-01,Credit Card,Success,5476.87
PAY11823,O11823,2023-03-30,Credit Card,Failed,4589.22
PAY11824,O11824,2025-05-31,Net Banking,Success,33031.04
PAY11825,O11825,2025-10-04,UPI,Success,56548.55
PAY11826,O11826,2024-08-08,COD,Success,14105.43
PAY11827,O11827,2023-11-03,COD,Success,10761.74
PAY11828,O11828,2024-06-14,Credit Card,Refunded,10292.55
PAY11829,O11829,2023-10-12,COD,Success,780.53
PAY11830,O11830,2024-03-17,COD,Success,16823.04
PAY11831,O11831,2023-07-08,Debit Card,Success,6829.32
PAY11832,O11832,2025-04-27,UPI,Success,7278.77
PAY11833,O11833,2025-08-20,UPI,Success,19926.29
PAY11834,O11834,2025-01-15,Credit Card,Success,14770.29
PAY11835,O11835,2024-09-20,UPI,Success,17992.69
PAY11836,O11836,2024-07-10,Credit Card,Success,3715.32
PAY11837,O11837,2025-09-26,Credit Card,Success,2150.96
PAY11838,O11838,2024-09-21,Credit Card,Success,54315.26
PAY11839,O11839,2024-01-09,Credit Card,Failed,46177.65
PAY11840,O11840,2023-11-05,UPI,Success,14968.28
PAY11841,O11841,2023-04-12,UPI,Success,3043.44
PAY11842,O11842,2023-05-14,Credit Card,Success,2905.36
PAY11843,O11843,2023-07-21,Credit Card,Refunded,22268.42
PAY11844,O11844,2023-10-21,UPI,Success,1528.16
PAY11845,O11845,2023-02-04,UPI,Success,21095.88
PAY11846,O11846,2023-01-18,UPI,Refunded,1312.29
PAY11847,O11847,2025-05-22,Credit Card,Success,32365.32
PAY11848,O11848,2024-11-02,Credit Card,Success,3089.1
PAY11849,O11849,2023-07-27,UPI,Success,2913.24
PAY11850,O11850,2023-06-11,Debit Card,Failed,1556.65
PAY11851,O11851,2023-11-15,Credit Card,Success,30307.3
PAY11852,O11852,2024-04-08,Debit Card,Refunded,1131.39
PAY11853,O11853,2025-06-28,COD,Success,1166.48
PAY11854,O11854,2023-02-22,UPI,Success,777.72
PAY11855,O11855,2023-02-21,UPI,Success,7516.78
PAY11856,O11856,2024-09-10,Debit Card,Refunded,5726.77
PAY11857,O11857,2024-09-01,Net Banking,Success,28527.08
PAY11858,O11858,2023-05-11,Credit Card,Failed,10799.0
PAY11859,O11859,2025-08-22,UPI,Success,1883.82
PAY11860,O11860,2023-08-12,Net Banking,Success,8362.3
PAY11861,O11861,2023-11-13,Credit Card,Success,56962.36
PAY11862,O11862,2025-04-17,Credit Card,Failed,8567.19
PAY11863,O11863,2024-05-28,Credit Card,Refunded,6884.43
PAY11864,O11864,2023-05-11,UPI,Failed,32962.41
PAY11865,O11865,2024-12-09,COD,Success,23974.63
PAY11866,O11866,2025-12-03,Debit Card,Refunded,29350.67
PAY11867,O11867,2023-07-07,Net Banking,Success,34738.6
PAY11868,O11868,2023-09-02,UPI,Success,4169.6
PAY11869,O11869,2025-07-11,Debit Card,Success,24443.84
PAY11870,O11870,2024-08-27,Credit Card,Refunded,23957.73
PAY11871,O11871,2025-07-23,COD,Success,22002.56
PAY11872,O11872,2025-07-23,UPI,Success,54188.54
PAY11873,O11873,2023-11-15,COD,Success,4939.61
PAY11874,O11874,2025-08-11,Debit Card,Success,53810.58
PAY11875,O11875,2023-10-01,Debit Card,Success,25841.28
PAY11876,O11876,2025-02-01,COD,Success,8216.24
PAY11877,O11877,2025-07-15,Credit Card,Success,19287.87
PAY11878,O11878,2023-03-13,Debit Card,Success,23296.82
PAY11879,O11879,2023-01-24,Debit Card,Success,6273.64
PAY11880,O11880,2023-05-16,UPI,Success,79665.93
PAY11881,O11881,2025-01-29,UPI,Success,2065.61
PAY11882,O11882,2025-07-26,UPI,Success,3518.01
PAY11883,O11883,2023-07-21,Debit Card,Success,4440.26
PAY11884,O11884,2023-06-12,UPI,Success,20982.02
PAY11885,O11885,2025-12-06,COD,Success,71749.54
PAY11886,O11886,2024-05-14,UPI,Success,49876.48
PAY11887,O11887,2023-04-16,Credit Card,Success,1940.47
PAY11888,O11888,2025-08-06,UPI,Success,54069.26
PAY11889,O11889,2024-06-08,UPI,Success,34415.44
PAY11890,O11890,2025-04-03,UPI,Success,3419.46
PAY11891,O11891,2025-06-26,Net Banking,Success,7844.4
PAY11892,O11892,2025-09-10,UPI,Success,14198.8
PAY11893,O11893,2023-10-18,UPI,Success,4282.6
PAY11894,O11894,2023-12-07,COD,Success,4265.65
PAY11895,O11895,2023-01-14,Credit Card,Success,54404.13
PAY11896,O11896,2024-06-17,Debit Card,Success,1417.83
PAY11897,O11897,2024-07-07,COD,Success,2246.27
PAY11898,O11898,2023-05-07,Debit Card,Success,48507.4
PAY11899,O11899,2025-02-14,COD,Success,10053.06
PAY11900,O11900,2025-10-10,Credit Card,Failed,10476.68
PAY11901,O11901,2025-04-02,Debit Card,Success,3607.71
PAY11902,O11902,2025-08-29,Net Banking,Success,16326.87
PAY11903,O11903,2023-08-12,COD,Success,47343.01
PAY11904,O11904,2024-02-01,Debit Card,Failed,26830.26
PAY11905,O11905,2023-04-09,UPI,Success,10612.47
PAY11906,O11906,2023-10-07,Net Banking,Success,21967.09
PAY11907,O11907,2024-11-24,UPI,Success,1145.5
PAY11908,O11908,2025-02-28,UPI,Success,671.25
PAY11909,O11909,2024-01-12,UPI,Success,44368.9
PAY11910,O11910,2023-08-26,UPI,Failed,951.54
PAY11911,O11911,2024-10-19,COD,Success,64584.11
PAY11912,O11912,2023-03-11,UPI,Success,974.56
PAY11913,O11913,2025-08-27,UPI,Success,18252.49
PAY11914,O11914,2025-03-25,UPI,Success,7582.24
PAY11915,O11915,2024-08-07,UPI,Success,4441.62
PAY11916,O11916,2024-09-10,Debit Card,Success,2161.67
PAY11917,O11917,2025-05-23,Debit Card,Refunded,4799.88
PAY11918,O11918,2025-03-29,Debit Card,Success,4735.67
PAY11919,O11919,2023-02-24,Debit Card,Success,3520.34
PAY11920,O11920,2025-09-08,UPI,Success,540.48
PAY11921,O11921,2024-12-18,Debit Card,Success,29138.97
PAY11922,O11922,2024-01-27,Debit Card,Success,21927.19
PAY11923,O11923,2025-11-21,UPI,Failed,748.87
PAY11924,O11924,2023-07-12,Credit Card,Failed,46882.76
PAY11925,O11925,2025-04-10,UPI,Success,4044.72
PAY11926,O11926,2023-02-20,UPI,Success,1453.25
PAY11927,O11927,2024-06-23,Credit Card,Success,10822.67
PAY11928,O11928,2023-10-06,UPI,Success,4145.54
PAY11929,O11929,2024-03-28,UPI,Success,3755.68
PAY11930,O11930,2023-12-02,UPI,Success,4096.38
PAY11931,O11931,2025-02-05,UPI,Success,8163.99
PAY11932,O11932,2024-05-21,UPI,Success,35518.75
PAY11933,O11933,2024-04-28,Debit Card,Success,2121.65
PAY11934,O11934,2023-12-28,UPI,Success,4535.55
PAY11935,O11935,2024-12-04,COD,Success,43968.95
PAY11936,O11936,2023-05-26,COD,Success,3646.75
PAY11937,O11937,2024-07-08,Debit Card,Success,717.24
PAY11938,O11938,2023-03-17,UPI,Success,3281.66
PAY11939,O11939,2024-11-03,COD,Success,8057.04
PAY11940,O11940,2023-10-16,Credit Card,Success,4557.36
PAY11941,O11941,2025-12-25,UPI,Failed,750.29
PAY11942,O11942,2024-06-26,COD,Success,101510.52
PAY11943,O11943,2025-07-27,UPI,Failed,54889.94
PAY11944,O11944,2025-08-26,Credit Card,Success,636.25
PAY11945,O11945,2023-07-19,Debit Card,Success,25662.52
PAY11946,O11946,2024-02-24,UPI,Success,11451.22
PAY11947,O11947,2023-04-22,UPI,Success,38886.68
PAY11948,O11948,2023-04-05,Net Banking,Success,9743.18
PAY11949,O11949,2025-05-28,Debit Card,Success,1186.2
PAY11950,O11950,2023-12-26,UPI,Success,726.92
PAY11951,O11951,2023-10-25,Credit Card,Success,1433.15
PAY11952,O11952,2023-09-18,UPI,Success,7826.14
PAY11953,O11953,2024-12-25,COD,Success,2664.72
PAY11954,O11954,2023-11-16,Credit Card,Success,16380.82
PAY11955,O11955,2023-09-29,COD,Success,925.93
PAY11956,O11956,2023-07-29,Net Banking,Success,48203.67
PAY11957,O11957,2025-05-28,Net Banking,Failed,11102.51
PAY11958,O11958,2024-02-09,UPI,Success,737.17
PAY11959,O11959,2024-03-20,Net Banking,Success,22654.28
PAY11960,O11960,2024-09-01,UPI,Success,34457.85
PAY11961,O11961,2025-12-28,UPI,Success,2523.43
PAY11962,O11962,2024-04-14,UPI,Success,2179.0
PAY11963,O11963,2025-03-22,Debit Card,Failed,1486.29
PAY11964,O11964,2025-04-03,Debit Card,Success,97383.55
PAY11965,O11965,2025-07-31,COD,Success,630.11
PAY11966,O11966,2025-05-25,Net Banking,Success,2034.22
PAY11967,O11967,2024-04-07,Credit Card,Success,40607.99
PAY11968,O11968,2023-04-02,Credit Card,Refunded,3183.87
PAY11969,O11969,2023-10-16,Debit Card,Success,44206.29
PAY11970,O11970,2025-03-06,Debit Card,Success,15622.25
PAY11971,O11971,2025-10-02,Credit Card,Success,3724.95
PAY11972,O11972,2024-08-14,COD,Success,166530.72
PAY11973,O11973,2024-07-10,UPI,Success,818.65
PAY11974,O11974,2024-08-06,Debit Card,Success,44837.25
PAY11975,O11975,2024-07-02,UPI,Success,13956.37
PAY11976,O11976,2024-07-12,Credit Card,Success,68203.6
PAY11977,O11977,2025-08-03,COD,Success,2113.6
PAY11978,O11978,2023-08-14,UPI,Success,102595.06
PAY11979,O11979,2025-02-11,COD,Success,23081.69
PAY11980,O11980,2025-11-15,Credit Card,Success,4706.12
PAY11981,O11981,2024-11-07,Debit Card,Success,1436.29
PAY11982,O11982,2023-06-13,Debit Card,Success,7716.07
PAY11983,O11983,2023-10-18,UPI,Success,49156.86
PAY11984,O11984,2023-02-15,COD,Success,2701.17
PAY11985,O11985,2024-01-03,UPI,Success,1624.1
PAY11986,O11986,2025-01-07,Credit Card,Success,51182.71
PAY11987,O11987,2023-05-28,Net Banking,Success,60642.6
PAY11988,O11988,2025-07-11,UPI,Success,38046.26
PAY11989,O11989,2023-12-18,Credit Card,Failed,398.13
PAY11990,O11990,2025-03-11,UPI,Success,11307.77
PAY11991,O11991,2025-04-15,UPI,Success,1441.28
PAY11992,O11992,2025-08-05,UPI,Success,3685.07
PAY11993,O11993,2025-10-31,COD,Success,18759.16
PAY11994,O11994,2024-06-04,Credit Card,Success,40528.01
PAY11995,O11995,2025-11-23,UPI,Success,8827.77
PAY11996,O11996,2023-08-24,Net Banking,Success,12955.18
PAY11997,O11997,2024-06-08,UPI,Success,20376.78
PAY11998,O11998,2025-01-20,Debit Card,Failed,58138.45
PAY11999,O11999,2025-08-12,Credit Card,Success,51189.78
PAY12000,O12000,2024-01-23,Debit Card,Success,1876.38
PAY12001,O12001,2023-09-30,UPI,Success,836.88
PAY12002,O12002,2025-04-25,Debit Card,Success,815.83
PAY12003,O12003,2023-11-24,COD,Success,19521.2
PAY12004,O12004,2023-12-03,UPI,Success,40897.97
PAY12005,O12005,2024-05-29,UPI,Success,118085.36
PAY12006,O12006,2023-01-29,Net Banking,Failed,86899.88
PAY12007,O12007,2024-10-28,UPI,Success,8908.96
PAY12008,O12008,2023-05-21,UPI,Success,4766.84
PAY12009,O12009,2023-04-06,UPI,Success,45645.42
PAY12010,O12010,2023-06-19,UPI,Success,1538.96
PAY12011,O12011,2023-01-30,Credit Card,Failed,906.48
PAY12012,O12012,2024-08-07,UPI,Success,2823.68
PAY12013,O12013,2025-10-10,UPI,Success,663.02
PAY12014,O12014,2023-11-06,COD,Success,39506.31
PAY12015,O12015,2023-05-16,COD,Failed,13454.25
PAY12016,O12016,2025-02-24,UPI,Success,5024.02
PAY12017,O12017,2024-12-06,UPI,Success,48294.75
PAY12018,O12018,2024-05-10,Net Banking,Success,12870.49
PAY12019,O12019,2023-12-22,Net Banking,Refunded,44246.14
PAY12020,O12020,2024-06-30,Net Banking,Failed,72950.34
PAY12021,O12021,2024-09-29,Net Banking,Refunded,3075.08
PAY12022,O12022,2025-11-08,Debit Card,Success,11289.02
PAY12023,O12023,2023-04-20,UPI,Success,604.44
PAY12024,O12024,2023-01-10,Net Banking,Success,23373.37
PAY12025,O12025,2024-07-16,Debit Card,Failed,1648.22
PAY12026,O12026,2025-04-29,Debit Card,Failed,26967.3
PAY12027,O12027,2025-01-19,COD,Success,9618.28
PAY12028,O12028,2024-08-31,Credit Card,Success,49612.46
PAY12029,O12029,2024-04-11,Credit Card,Success,100523.56
PAY12030,O12030,2023-06-26,UPI,Success,720.73
PAY12031,O12031,2025-09-13,UPI,Success,37382.32
PAY12032,O12032,2025-05-30,Credit Card,Success,671.25
PAY12033,O12033,2025-08-19,Credit Card,Success,8769.56
PAY12034,O12034,2025-06-14,COD,Success,162766.0
PAY12035,O12035,2023-09-23,Credit Card,Refunded,21535.77
PAY12036,O12036,2023-01-25,COD,Success,9555.03
PAY12037,O12037,2025-12-24,UPI,Failed,141792.09
PAY12038,O12038,2024-03-03,Net Banking,Success,28679.33
PAY12039,O12039,2025-04-04,UPI,Success,64434.33
PAY12040,O12040,2024-03-30,Credit Card,Failed,20468.3
PAY12041,O12041,2025-01-18,UPI,Success,36237.41
PAY12042,O12042,2024-07-27,UPI,Failed,564.63
PAY12043,O12043,2024-06-09,UPI,Success,14526.05
PAY12044,O12044,2023-03-29,Debit Card,Success,7213.0
PAY12045,O12045,2025-11-05,Credit Card,Failed,4707.12
PAY12046,O12046,2024-01-30,Net Banking,Success,22666.07
PAY12047,O12047,2024-11-16,Debit Card,Success,7070.23
PAY12048,O12048,2024-05-30,Credit Card,Success,79834.17
PAY12049,O12049,2025-01-25,Debit Card,Failed,2490.28
PAY12050,O12050,2023-06-10,UPI,Success,17347.73
PAY12051,O12051,2023-08-07,Credit Card,Success,16862.97
PAY12052,O12052,2025-02-22,Debit Card,Success,4403.94
PAY12053,O12053,2024-07-01,UPI,Success,7237.42
PAY12054,O12054,2023-02-11,Debit Card,Success,3537.21
PAY12055,O12055,2023-01-26,Credit Card,Success,1243.96
PAY12056,O12056,2024-05-07,Credit Card,Failed,5732.16
PAY12057,O12057,2025-11-14,Debit Card,Success,1497.74
PAY12058,O12058,2023-07-19,Credit Card,Success,5447.13
PAY12059,O12059,2024-01-08,UPI,Success,1573.72
PAY12060,O12060,2023-04-03,UPI,Success,17655.13
PAY12061,O12061,2024-02-03,Debit Card,Success,38467.82
PAY12062,O12062,2024-04-04,UPI,Success,14844.84
PAY12063,O12063,2024-07-12,COD,Success,3513.2
PAY12064,O12064,2023-08-14,Credit Card,Success,36065.74
PAY12065,O12065,2025-02-27,Debit Card,Failed,16297.62
PAY12066,O12066,2023-03-31,UPI,Success,7033.72
PAY12067,O12067,2024-07-26,UPI,Success,10962.62
PAY12068,O12068,2024-12-14,COD,Success,4967.38
PAY12069,O12069,2023-12-10,UPI,Success,3206.37
PAY12070,O12070,2024-04-14,UPI,Failed,2593.46
PAY12071,O12071,2025-07-02,UPI,Success,68288.62
PAY12072,O12072,2025-04-20,UPI,Success,1716.46
PAY12073,O12073,2025-02-25,UPI,Success,2204.34
PAY12074,O12074,2025-10-15,COD,Success,3756.34
PAY12075,O12075,2025-11-12,UPI,Success,36702.74
PAY12076,O12076,2024-06-22,COD,Success,8887.13
PAY12077,O12077,2023-08-18,Credit Card,Success,14447.02
PAY12078,O12078,2023-05-12,COD,Failed,6026.53
PAY12079,O12079,2024-09-20,COD,Success,62458.63
PAY12080,O12080,2023-06-17,UPI,Success,98149.86
PAY12081,O12081,2024-11-12,Debit Card,Success,1350.59
PAY12082,O12082,2024-07-28,UPI,Success,1984.46
PAY12083,O12083,2023-09-02,COD,Success,17885.57
PAY12084,O12084,2024-01-04,COD,Success,25932.89
PAY12085,O12085,2024-11-30,UPI,Failed,29549.24
PAY12086,O12086,2024-09-20,Credit Card,Success,50353.02
PAY12087,O12087,2023-09-16,Credit Card,Success,21288.31
PAY12088,O12088,2023-07-28,Credit Card,Success,4354.68
PAY12089,O12089,2023-09-13,UPI,Failed,1289.72
PAY12090,O12090,2023-09-04,UPI,Success,10875.4
PAY12091,O12091,2023-06-29,COD,Success,8625.56
PAY12092,O12092,2023-02-09,UPI,Refunded,465.53
PAY12093,O12093,2024-01-28,UPI,Success,7457.59
PAY12094,O12094,2024-08-15,UPI,Failed,64290.81
PAY12095,O12095,2024-10-21,UPI,Success,28403.2
PAY12096,O12096,2025-03-05,Debit Card,Success,37230.24
PAY12097,O12097,2025-07-20,Credit Card,Success,73476.52
PAY12098,O12098,2023-05-01,Credit Card,Success,57679.86
PAY12099,O12099,2023-12-03,Debit Card,Success,32304.84
PAY12100,O12100,2024-11-15,COD,Success,4365.64
PAY12101,O12101,2023-05-15,UPI,Failed,1036.8
PAY12102,O12102,2025-11-26,UPI,Failed,1028.71
PAY12103,O12103,2025-11-01,UPI,Success,18151.85
PAY12104,O12104,2024-01-04,COD,Success,40484.62
PAY12105,O12105,2025-11-30,Credit Card,Failed,21530.09
PAY12106,O12106,2023-02-25,UPI,Success,83903.91
PAY12107,O12107,2023-10-09,UPI,Success,2851.39
PAY12108,O12108,2023-09-08,COD,Success,152627.26
PAY12109,O12109,2025-10-17,UPI,Success,90129.19
PAY12110,O12110,2025-06-10,UPI,Success,4070.62
PAY12111,O12111,2024-08-11,Debit Card,Success,1506.96
PAY12112,O12112,2023-12-23,COD,Success,763.03
PAY12113,O12113,2024-05-01,Credit Card,Success,8852.45
PAY12114,O12114,2025-12-04,COD,Success,55754.39
PAY12115,O12115,2024-06-15,Credit Card,Success,5517.73
PAY12116,O12116,2025-01-27,Debit Card,Success,2127.4
PAY12117,O12117,2025-09-09,Credit Card,Success,2104.22
PAY12118,O12118,2023-07-27,COD,Success,26262.47
PAY12119,O12119,2024-11-09,UPI,Success,30252.15
PAY12120,O12120,2023-10-14,COD,Success,4526.05
PAY12121,O12121,2025-07-26,Debit Card,Success,1035.6
PAY12122,O12122,2023-04-07,COD,Success,10152.63
PAY12123,O12123,2025-04-03,Debit Card,Success,39056.86
PAY12124,O12124,2025-06-03,Credit Card,Refunded,3343.29
PAY12125,O12125,2024-05-26,UPI,Success,1416.67
PAY12126,O12126,2025-04-05,COD,Success,7863.78
PAY12127,O12127,2023-03-03,COD,Success,38657.39
PAY12128,O12128,2023-03-30,Credit Card,Refunded,17331.61
PAY12129,O12129,2023-03-13,UPI,Success,5413.64
PAY12130,O12130,2024-11-15,Debit Card,Success,14219.87
PAY12131,O12131,2024-01-30,UPI,Success,29936.34
PAY12132,O12132,2024-09-15,UPI,Success,8770.73
PAY12133,O12133,2024-04-10,UPI,Failed,7619.34
PAY12134,O12134,2025-10-19,Debit Card,Success,4873.83
PAY12135,O12135,2024-03-08,COD,Success,4037.75
PAY12136,O12136,2025-07-23,UPI,Success,45177.26
PAY12137,O12137,2023-10-01,Net Banking,Success,499.28
PAY12138,O12138,2023-08-21,Credit Card,Success,30082.87
PAY12139,O12139,2025-06-03,Net Banking,Success,31402.95
PAY12140,O12140,2025-05-07,UPI,Success,50343.56
PAY12141,O12141,2025-03-13,Credit Card,Success,26500.83
PAY12142,O12142,2024-12-11,Credit Card,Success,22039.02
PAY12143,O12143,2025-04-29,Credit Card,Success,18203.61
PAY12144,O12144,2023-06-04,Net Banking,Refunded,122315.82
PAY12145,O12145,2023-09-11,COD,Success,27758.61
PAY12146,O12146,2024-11-23,COD,Success,47942.73
PAY12147,O12147,2023-01-09,UPI,Success,61113.82
PAY12148,O12148,2023-02-05,UPI,Success,68434.08
PAY12149,O12149,2025-03-12,UPI,Success,48217.5
PAY12150,O12150,2023-05-22,COD,Success,20549.92
PAY12151,O12151,2023-06-06,Credit Card,Success,1763.75
PAY12152,O12152,2024-10-20,Net Banking,Success,6467.57
PAY12153,O12153,2023-11-09,UPI,Success,2427.76
PAY12154,O12154,2024-07-19,UPI,Success,1315.61
PAY12155,O12155,2024-12-02,Net Banking,Success,3926.89
PAY12156,O12156,2024-02-08,COD,Success,3418.86
PAY12157,O12157,2025-01-03,Credit Card,Success,33211.5
PAY12158,O12158,2024-01-19,COD,Success,27719.85
PAY12159,O12159,2025-05-01,Net Banking,Success,51801.31
PAY12160,O12160,2024-10-24,COD,Failed,4972.72
PAY12161,O12161,2025-02-21,COD,Refunded,34426.11
PAY12162,O12162,2023-12-11,UPI,Success,579.63
PAY12163,O12163,2025-05-05,Credit Card,Success,4976.07
PAY12164,O12164,2024-07-31,COD,Success,41867.45
PAY12165,O12165,2025-02-22,Credit Card,Success,78018.89
PAY12166,O12166,2024-05-19,Debit Card,Success,182535.69
PAY12167,O12167,2024-07-21,Net Banking,Refunded,350.87
PAY12168,O12168,2024-10-02,UPI,Success,6076.72
PAY12169,O12169,2025-04-03,Credit Card,Success,18000.91
PAY12170,O12170,2024-11-23,Credit Card,Refunded,19277.16
PAY12171,O12171,2024-10-22,UPI,Failed,4238.72
PAY12172,O12172,2023-07-03,UPI,Success,18178.71
PAY12173,O12173,2024-04-19,COD,Success,6781.06
PAY12174,O12174,2023-04-09,Net Banking,Success,15296.84
PAY12175,O12175,2023-12-04,Debit Card,Failed,6601.0
PAY12176,O12176,2024-02-07,Credit Card,Refunded,29542.14
PAY12177,O12177,2023-08-25,Debit Card,Success,925.93
PAY12178,O12178,2024-08-30,Net Banking,Success,79847.58
PAY12179,O12179,2023-08-13,UPI,Success,47403.8
PAY12180,O12180,2025-07-04,Debit Card,Success,1160.91
PAY12181,O12181,2024-09-16,Credit Card,Success,44649.04
PAY12182,O12182,2023-03-04,Debit Card,Failed,25222.42
PAY12183,O12183,2023-08-28,UPI,Success,2444.02
PAY12184,O12184,2024-07-11,Net Banking,Success,50396.09
PAY12185,O12185,2025-01-27,UPI,Success,99848.16
PAY12186,O12186,2024-08-29,UPI,Failed,24642.53
PAY12187,O12187,2024-01-20,UPI,Success,39901.18
PAY12188,O12188,2025-08-01,Debit Card,Success,969.75
PAY12189,O12189,2023-12-30,Debit Card,Success,585.98
PAY12190,O12190,2024-07-25,UPI,Success,69052.66
PAY12191,O12191,2025-09-03,UPI,Success,1996.44
PAY12192,O12192,2025-08-17,UPI,Success,3768.97
PAY12193,O12193,2025-12-16,Debit Card,Success,3323.37
PAY12194,O12194,2023-10-15,Net Banking,Success,6880.85
PAY12195,O12195,2025-06-19,UPI,Success,48047.41
PAY12196,O12196,2025-06-06,Credit Card,Success,114433.92
PAY12197,O12197,2024-11-26,UPI,Success,4963.89
PAY12198,O12198,2023-07-01,Credit Card,Success,4922.82
PAY12199,O12199,2025-10-23,Debit Card,Success,58822.89
PAY12200,O12200,2024-02-01,Credit Card,Failed,1624.1
PAY12201,O12201,2023-10-27,Credit Card,Success,36874.74
PAY12202,O12202,2024-11-25,COD,Success,564.63
PAY12203,O12203,2025-06-28,COD,Success,14968.28
PAY12204,O12204,2023-05-20,Net Banking,Failed,6881.98
PAY12205,O12205,2025-01-20,Credit Card,Failed,298.62
PAY12206,O12206,2023-01-10,UPI,Success,5850.73
PAY12207,O12207,2025-06-16,Debit Card,Success,22133.09
PAY12208,O12208,2025-08-11,COD,Success,2755.46
PAY12209,O12209,2023-03-14,Net Banking,Success,1881.11
PAY12210,O12210,2025-06-25,UPI,Success,10338.31
PAY12211,O12211,2023-05-07,COD,Success,116386.93
PAY12212,O12212,2023-09-17,Credit Card,Success,46824.53
PAY12213,O12213,2023-08-17,UPI,Success,8013.98
PAY12214,O12214,2024-03-22,UPI,Refunded,9063.24
PAY12215,O12215,2025-02-16,COD,Success,13360.74
PAY12216,O12216,2023-08-29,UPI,Failed,4431.33
PAY12217,O12217,2024-01-16,Debit Card,Success,1591.93
PAY12218,O12218,2023-11-30,Credit Card,Failed,40298.2
PAY12219,O12219,2025-07-15,UPI,Success,22451.25
PAY12220,O12220,2024-02-21,COD,Failed,25615.91
PAY12221,O12221,2023-06-15,UPI,Success,1760.46
PAY12222,O12222,2025-05-01,COD,Refunded,5559.9
PAY12223,O12223,2023-08-29,Credit Card,Failed,1838.92
PAY12224,O12224,2023-10-08,UPI,Success,8172.22
PAY12225,O12225,2023-03-11,COD,Success,16001.91
PAY12226,O12226,2023-01-21,COD,Failed,3005.93
PAY12227,O12227,2023-08-26,UPI,Success,633.96
PAY12228,O12228,2025-07-01,Credit Card,Failed,86492.67
PAY12229,O12229,2023-03-11,UPI,Success,68870.52
PAY12230,O12230,2023-07-17,COD,Success,29605.33
PAY12231,O12231,2025-10-15,Net Banking,Success,25936.5
PAY12232,O12232,2025-04-24,Credit Card,Success,22912.05
PAY12233,O12233,2023-07-14,UPI,Success,50873.93
PAY12234,O12234,2023-05-12,COD,Success,92697.09
PAY12235,O12235,2024-01-10,Credit Card,Success,1003.64
PAY12236,O12236,2025-12-31,Credit Card,Success,60165.74
PAY12237,O12237,2025-02-06,UPI,Success,62005.11
PAY12238,O12238,2025-01-17,Debit Card,Success,54799.46
PAY12239,O12239,2024-01-07,Debit Card,Success,80841.78
PAY12240,O12240,2023-08-18,UPI,Success,39635.89
PAY12241,O12241,2025-01-26,UPI,Failed,3710.82
PAY12242,O12242,2025-08-11,Credit Card,Success,5077.06
PAY12243,O12243,2025-07-13,Credit Card,Success,20179.7
PAY12244,O12244,2023-07-04,UPI,Refunded,38057.37
PAY12245,O12245,2023-12-21,UPI,Success,18986.29
PAY12246,O12246,2025-08-29,UPI,Failed,632.74
PAY12247,O12247,2024-07-18,COD,Refunded,66594.16
PAY12248,O12248,2025-09-22,UPI,Refunded,99572.98
PAY12249,O12249,2023-01-30,COD,Success,32204.03
PAY12250,O12250,2025-03-25,Credit Card,Success,39730.56
PAY12251,O12251,2024-03-28,Debit Card,Success,48284.35
PAY12252,O12252,2024-05-03,Net Banking,Success,9868.15
PAY12253,O12253,2023-07-27,UPI,Success,22760.18
PAY12254,O12254,2024-11-11,Debit Card,Success,4850.87
PAY12255,O12255,2023-08-03,Debit Card,Success,58612.68
PAY12256,O12256,2023-01-28,Net Banking,Success,517.06
PAY12257,O12257,2025-11-24,UPI,Success,52829.58
PAY12258,O12258,2025-03-26,Credit Card,Success,10891.43
PAY12259,O12259,2025-03-31,Net Banking,Success,451.39
PAY12260,O12260,2023-03-10,UPI,Success,69580.96
PAY12261,O12261,2023-07-15,Net Banking,Failed,1093.1
PAY12262,O12262,2023-10-24,COD,Success,1871.02
PAY12263,O12263,2024-07-11,UPI,Failed,1399.27
PAY12264,O12264,2025-08-26,UPI,Success,2654.19
PAY12265,O12265,2023-10-21,UPI,Success,1378.02
PAY12266,O12266,2024-08-25,UPI,Success,17875.18
PAY12267,O12267,2023-11-23,Credit Card,Success,12493.4
PAY12268,O12268,2024-11-06,Net Banking,Success,151844.89
PAY12269,O12269,2025-10-13,Credit Card,Success,3366.04
PAY12270,O12270,2023-07-02,Credit Card,Success,8163.54
PAY12271,O12271,2025-02-07,UPI,Success,1654.52
PAY12272,O12272,2023-12-28,Debit Card,Success,11043.97
PAY12273,O12273,2024-02-28,Credit Card,Success,41375.88
PAY12274,O12274,2024-09-01,COD,Success,32391.93
PAY12275,O12275,2023-05-06,Credit Card,Success,1453.84
PAY12276,O12276,2023-06-27,COD,Success,120106.75
PAY12277,O12277,2023-11-26,COD,Refunded,56962.37
PAY12278,O12278,2025-08-22,UPI,Success,2695.49
PAY12279,O12279,2023-06-12,UPI,Success,85105.31
PAY12280,O12280,2025-03-25,UPI,Success,4802.31
PAY12281,O12281,2024-05-07,UPI,Success,1433.45
PAY12282,O12282,2025-05-29,UPI,Success,5438.93
PAY12283,O12283,2024-04-16,Credit Card,Success,36943.7
PAY12284,O12284,2023-12-07,UPI,Failed,13228.1
PAY12285,O12285,2023-06-05,Credit Card,Success,6741.64
PAY12286,O12286,2025-01-30,UPI,Success,4424.0
PAY12287,O12287,2024-08-08,Credit Card,Success,14294.54
PAY12288,O12288,2023-04-10,Net Banking,Success,95492.29
PAY12289,O12289,2023-08-15,Debit Card,Success,115254.13
PAY12290,O12290,2025-11-20,Credit Card,Success,3773.01
PAY12291,O12291,2025-01-06,COD,Success,109342.24
PAY12292,O12292,2025-11-06,UPI,Success,3571.71
PAY12293,O12293,2024-12-18,UPI,Refunded,2126.04
PAY12294,O12294,2024-04-03,Net Banking,Success,9189.41
PAY12295,O12295,2023-08-05,COD,Success,32422.94
PAY12296,O12296,2024-09-03,UPI,Success,42823.34
PAY12297,O12297,2024-06-21,UPI,Success,5113.87
PAY12298,O12298,2024-03-09,Credit Card,Failed,695.85
PAY12299,O12299,2025-08-17,Net Banking,Success,7119.02
PAY12300,O12300,2024-07-12,Credit Card,Success,116891.61
PAY12301,O12301,2023-08-30,UPI,Failed,17552.19
PAY12302,O12302,2025-03-26,Credit Card,Success,16946.8
PAY12303,O12303,2023-04-12,UPI,Success,1935.73
PAY12304,O12304,2024-10-27,UPI,Success,121092.52
PAY12305,O12305,2025-12-02,UPI,Success,31573.09
PAY12306,O12306,2023-11-19,Credit Card,Success,259.31
PAY12307,O12307,2025-03-19,Debit Card,Success,2452.36
PAY12308,O12308,2024-02-19,Debit Card,Success,3095.61
PAY12309,O12309,2025-07-17,Debit Card,Success,7618.71
PAY12310,O12310,2023-02-04,Debit Card,Success,65698.82
PAY12311,O12311,2025-01-19,COD,Success,7140.94
PAY12312,O12312,2024-03-21,UPI,Success,3524.54
PAY12313,O12313,2023-07-01,UPI,Success,87491.75
PAY12314,O12314,2024-12-19,UPI,Success,9602.79
PAY12315,O12315,2025-08-27,UPI,Failed,1754.01
PAY12316,O12316,2023-11-10,UPI,Refunded,21446.9
PAY12317,O12317,2023-01-06,COD,Refunded,4101.62
PAY12318,O12318,2024-07-02,UPI,Success,3472.79
PAY12319,O12319,2024-09-29,UPI,Success,59312.68
PAY12320,O12320,2024-04-02,Credit Card,Success,2258.32
PAY12321,O12321,2024-07-26,UPI,Success,55552.32
PAY12322,O12322,2023-03-10,UPI,Success,2311.89
PAY12323,O12323,2023-05-02,UPI,Success,30755.74
PAY12324,O12324,2025-08-21,COD,Success,155403.94
PAY12325,O12325,2025-04-27,UPI,Success,10275.62
PAY12326,O12326,2025-05-25,UPI,Failed,24838.85
PAY12327,O12327,2025-08-04,COD,Success,692.1
PAY12328,O12328,2025-10-06,UPI,Success,49100.27
PAY12329,O12329,2023-12-12,Credit Card,Success,81791.95
PAY12330,O12330,2025-07-23,UPI,Success,10633.64
PAY12331,O12331,2024-09-19,COD,Failed,1815.23
PAY12332,O12332,2024-09-07,Debit Card,Success,32000.64
PAY12333,O12333,2023-10-02,UPI,Success,1328.04
PAY12334,O12334,2024-09-22,Net Banking,Success,5330.17
PAY12335,O12335,2025-12-25,Credit Card,Success,89396.64
PAY12336,O12336,2023-03-10,COD,Success,2111.79
PAY12337,O12337,2024-12-28,COD,Success,26356.64
PAY12338,O12338,2023-11-06,Credit Card,Success,69840.66
PAY12339,O12339,2023-05-28,Debit Card,Success,2882.68
PAY12340,O12340,2024-08-01,UPI,Success,1520.0
PAY12341,O12341,2024-05-23,UPI,Success,2013.58
PAY12342,O12342,2023-06-25,UPI,Failed,26880.45
PAY12343,O12343,2024-08-02,UPI,Success,1035.42
PAY12344,O12344,2023-07-20,Net Banking,Success,6352.92
PAY12345,O12345,2025-11-07,Net Banking,Success,21590.85
PAY12346,O12346,2024-12-14,UPI,Success,1347.05
PAY12347,O12347,2025-12-11,UPI,Success,332.41
PAY12348,O12348,2023-07-07,Credit Card,Failed,23458.91
PAY12349,O12349,2023-08-20,Credit Card,Success,4143.13
PAY12350,O12350,2025-08-13,Debit Card,Failed,25665.59
PAY12351,O12351,2025-04-27,Credit Card,Success,10954.86
PAY12352,O12352,2024-03-03,Credit Card,Success,1824.19
PAY12353,O12353,2024-04-23,Debit Card,Success,12732.32
PAY12354,O12354,2025-11-24,UPI,Success,166341.1
PAY12355,O12355,2025-01-19,UPI,Success,1490.43
PAY12356,O12356,2024-08-17,UPI,Success,824.05
PAY12357,O12357,2025-05-18,Debit Card,Success,2680.55
PAY12358,O12358,2024-05-29,UPI,Success,26864.62
PAY12359,O12359,2023-11-29,Net Banking,Success,2607.35
PAY12360,O12360,2024-06-17,UPI,Success,44266.96
PAY12361,O12361,2023-01-07,Credit Card,Success,59669.34
PAY12362,O12362,2023-10-12,UPI,Success,10106.96
PAY12363,O12363,2023-11-02,Net Banking,Success,2361.9
PAY12364,O12364,2025-05-15,UPI,Success,6999.7
PAY12365,O12365,2025-05-16,Credit Card,Success,52713.28
PAY12366,O12366,2025-04-18,Net Banking,Success,172163.24
PAY12367,O12367,2023-06-19,UPI,Success,5056.75
PAY12368,O12368,2023-01-07,Credit Card,Success,40457.18
PAY12369,O12369,2023-05-24,Credit Card,Success,5617.75
PAY12370,O12370,2024-01-10,UPI,Success,1402.03
PAY12371,O12371,2024-01-30,Debit Card,Refunded,1935.11
PAY12372,O12372,2025-11-13,Credit Card,Failed,1722.85
PAY12373,O12373,2023-04-19,UPI,Success,780.98
PAY12374,O12374,2023-07-30,Debit Card,Success,58728.26
PAY12375,O12375,2024-08-30,Credit Card,Success,87099.26
PAY12376,O12376,2025-03-07,Credit Card,Success,2303.99
PAY12377,O12377,2023-01-04,Net Banking,Success,88859.98
PAY12378,O12378,2025-01-12,Credit Card,Refunded,24533.04
PAY12379,O12379,2025-02-06,COD,Success,36291.66
PAY12380,O12380,2023-03-19,COD,Success,4693.17
PAY12381,O12381,2023-07-31,Credit Card,Failed,51313.37
PAY12382,O12382,2023-07-07,COD,Success,29278.6
PAY12383,O12383,2023-11-07,UPI,Success,7934.68
PAY12384,O12384,2025-08-23,UPI,Refunded,31271.93
PAY12385,O12385,2025-06-07,Debit Card,Success,50444.39
PAY12386,O12386,2023-07-31,Net Banking,Success,5367.66
PAY12387,O12387,2023-12-17,UPI,Success,30960.56
PAY12388,O12388,2023-11-18,COD,Success,34296.87
PAY12389,O12389,2023-07-26,UPI,Success,107488.08
PAY12390,O12390,2024-10-20,Credit Card,Success,71625.33
PAY12391,O12391,2023-03-08,Debit Card,Success,617.88
PAY12392,O12392,2024-02-20,Credit Card,Success,2764.27
PAY12393,O12393,2025-10-21,UPI,Success,27911.65
PAY12394,O12394,2024-04-21,UPI,Success,2091.1
PAY12395,O12395,2024-01-07,Net Banking,Success,4338.31
PAY12396,O12396,2024-11-04,Credit Card,Success,4182.14
PAY12397,O12397,2025-01-14,UPI,Success,4433.33
PAY12398,O12398,2024-10-16,UPI,Success,754.99
PAY12399,O12399,2024-03-07,UPI,Failed,27775.77
PAY12400,O12400,2023-08-27,Credit Card,Success,7454.84
PAY12401,O12401,2023-10-20,Debit Card,Success,5999.99
PAY12402,O12402,2023-08-27,Net Banking,Success,28399.43
PAY12403,O12403,2024-10-06,COD,Success,3109.98
PAY12404,O12404,2024-12-01,Debit Card,Success,23841.56
PAY12405,O12405,2023-11-21,Debit Card,Success,7595.59
PAY12406,O12406,2024-02-26,Credit Card,Refunded,915.76
PAY12407,O12407,2024-03-06,Credit Card,Success,1483.4
PAY12408,O12408,2023-12-21,COD,Success,53195.9
PAY12409,O12409,2023-10-22,UPI,Success,13040.72
PAY12410,O12410,2025-03-05,UPI,Success,5858.35
PAY12411,O12411,2024-09-16,Net Banking,Success,2138.09
PAY12412,O12412,2024-01-17,Credit Card,Success,7840.57
PAY12413,O12413,2023-08-15,Credit Card,Success,105202.04
PAY12414,O12414,2025-06-21,COD,Success,1439.17
PAY12415,O12415,2024-11-03,COD,Success,54458.88
PAY12416,O12416,2024-06-05,UPI,Success,17621.1
PAY12417,O12417,2024-08-29,Debit Card,Success,68917.81
PAY12418,O12418,2024-11-08,UPI,Success,2752.64
PAY12419,O12419,2024-03-18,UPI,Success,17787.68
PAY12420,O12420,2024-12-19,Net Banking,Success,1184.56
PAY12421,O12421,2023-07-02,Debit Card,Success,3968.92
PAY12422,O12422,2024-03-18,Net Banking,Success,40574.51
PAY12423,O12423,2024-08-30,COD,Success,97479.34
PAY12424,O12424,2025-08-01,Credit Card,Success,20082.46
PAY12425,O12425,2023-09-26,COD,Success,83419.42
PAY12426,O12426,2025-07-19,COD,Success,6140.35
PAY12427,O12427,2025-03-13,UPI,Success,24362.6
PAY12428,O12428,2024-04-10,Debit Card,Success,18438.39
PAY12429,O12429,2025-09-20,UPI,Success,1173.8
PAY12430,O12430,2024-05-23,UPI,Success,27183.7
PAY12431,O12431,2023-04-24,UPI,Success,10634.08
PAY12432,O12432,2023-05-13,Credit Card,Success,1557.19
PAY12433,O12433,2025-07-15,Credit Card,Success,71080.44
PAY12434,O12434,2025-05-26,UPI,Success,84040.16
PAY12435,O12435,2023-04-13,Debit Card,Success,20585.1
PAY12436,O12436,2024-11-12,Debit Card,Success,19575.47
PAY12437,O12437,2025-09-06,UPI,Success,43137.01
PAY12438,O12438,2023-03-09,Net Banking,Success,2845.37
PAY12439,O12439,2023-05-16,COD,Refunded,59924.58
PAY12440,O12440,2023-02-26,COD,Success,3315.08
PAY12441,O12441,2025-03-01,UPI,Success,8833.75
PAY12442,O12442,2025-06-25,Net Banking,Success,98156.87
PAY12443,O12443,2024-11-26,Net Banking,Success,41153.12
PAY12444,O12444,2025-11-05,Credit Card,Success,69647.76
PAY12445,O12445,2025-06-19,Net Banking,Refunded,7015.91
PAY12446,O12446,2024-09-19,Debit Card,Success,41031.15
PAY12447,O12447,2024-04-11,UPI,Success,7881.75
PAY12448,O12448,2025-10-22,COD,Success,43456.54
PAY12449,O12449,2023-01-27,Credit Card,Refunded,8031.42
PAY12450,O12450,2025-02-10,UPI,Success,2888.12
PAY12451,O12451,2023-11-17,UPI,Success,979.79
PAY12452,O12452,2023-08-08,Credit Card,Success,795.86
PAY12453,O12453,2024-02-25,Debit Card,Success,58189.73
PAY12454,O12454,2024-08-30,COD,Failed,3436.22
PAY12455,O12455,2023-03-11,Credit Card,Success,36136.09
PAY12456,O12456,2024-11-13,Credit Card,Success,80011.3
PAY12457,O12457,2025-08-26,Debit Card,Success,3498.18
PAY12458,O12458,2024-04-05,Credit Card,Failed,19217.36
PAY12459,O12459,2025-10-01,Debit Card,Success,4883.76
PAY12460,O12460,2023-05-29,Debit Card,Success,1082.72
PAY12461,O12461,2023-07-12,Net Banking,Success,2979.07
PAY12462,O12462,2023-06-13,Debit Card,Success,20606.65
PAY12463,O12463,2025-09-03,Debit Card,Refunded,34567.68
PAY12464,O12464,2025-01-11,COD,Success,83894.52
PAY12465,O12465,2024-07-06,COD,Success,33695.12
PAY12466,O12466,2023-06-12,UPI,Refunded,6170.04
PAY12467,O12467,2023-06-02,Credit Card,Success,5710.16
PAY12468,O12468,2023-11-18,Net Banking,Success,2593.86
PAY12469,O12469,2024-01-17,Net Banking,Success,13530.2
PAY12470,O12470,2025-02-01,UPI,Success,48030.1
PAY12471,O12471,2025-03-01,Credit Card,Success,2972.59
PAY12472,O12472,2024-12-03,UPI,Success,4886.34
PAY12473,O12473,2025-01-21,COD,Success,8230.75
PAY12474,O12474,2025-07-31,COD,Success,54274.4
PAY12475,O12475,2024-08-05,Credit Card,Success,6341.57
PAY12476,O12476,2024-02-16,Debit Card,Success,1724.52
PAY12477,O12477,2024-07-11,COD,Success,25052.1
PAY12478,O12478,2024-09-12,Debit Card,Success,7964.78
PAY12479,O12479,2023-12-17,UPI,Success,6783.98
PAY12480,O12480,2025-09-17,Debit Card,Success,53810.58
PAY12481,O12481,2024-01-05,UPI,Success,37933.0
PAY12482,O12482,2023-03-12,Debit Card,Failed,41414.61
PAY12483,O12483,2023-05-25,UPI,Success,16705.32
PAY12484,O12484,2023-02-25,UPI,Success,54382.03
PAY12485,O12485,2024-06-05,UPI,Success,110913.02
PAY12486,O12486,2023-04-02,Credit Card,Success,5473.35
PAY12487,O12487,2024-01-13,Net Banking,Success,19926.29
PAY12488,O12488,2025-02-15,UPI,Refunded,41255.44
PAY12489,O12489,2025-09-24,Net Banking,Success,6579.05
PAY12490,O12490,2023-12-04,UPI,Success,59492.13
PAY12491,O12491,2024-05-21,Net Banking,Success,11495.1
PAY12492,O12492,2023-04-18,Net Banking,Success,6198.14
PAY12493,O12493,2024-08-30,UPI,Success,5718.37
PAY12494,O12494,2024-05-26,COD,Success,86335.94
PAY12495,O12495,2023-11-19,Credit Card,Success,1637.3
PAY12496,O12496,2023-10-14,Debit Card,Success,4663.73
PAY12497,O12497,2025-03-25,COD,Success,6941.86
PAY12498,O12498,2025-05-06,UPI,Success,4961.43
PAY12499,O12499,2024-08-10,COD,Success,46405.38
PAY12500,O12500,2023-12-30,UPI,Success,1417.78
PAY12501,O12501,2023-08-12,Debit Card,Success,33379.55
PAY12502,O12502,2024-12-16,Credit Card,Success,40969.66
PAY12503,O12503,2024-03-15,Debit Card,Success,5024.22
PAY12504,O12504,2025-10-03,Debit Card,Success,12526.84
PAY12505,O12505,2024-07-28,COD,Success,4063.16
PAY12506,O12506,2024-03-24,COD,Success,172296.74
PAY12507,O12507,2023-10-29,Credit Card,Refunded,698.97
PAY12508,O12508,2025-08-31,Credit Card,Success,20633.97
PAY12509,O12509,2024-07-03,UPI,Success,545.45
PAY12510,O12510,2025-09-22,COD,Refunded,45399.95
PAY12511,O12511,2025-10-02,Net Banking,Success,2682.22
PAY12512,O12512,2024-09-07,UPI,Success,9611.6
PAY12513,O12513,2024-07-15,Credit Card,Success,1820.02
PAY12514,O12514,2024-05-23,COD,Refunded,94753.42
PAY12515,O12515,2025-06-11,Debit Card,Success,15598.46
PAY12516,O12516,2025-04-20,COD,Success,3141.83
PAY12517,O12517,2025-03-11,UPI,Success,26938.69
PAY12518,O12518,2025-06-02,COD,Success,42537.55
PAY12519,O12519,2025-03-28,UPI,Success,10014.19
PAY12520,O12520,2024-05-14,Credit Card,Success,18715.94
PAY12521,O12521,2024-03-31,UPI,Success,18668.48
PAY12522,O12522,2025-09-12,Net Banking,Refunded,27280.28
PAY12523,O12523,2023-09-06,UPI,Refunded,88913.57
PAY12524,O12524,2024-10-22,UPI,Success,174189.16
PAY12525,O12525,2025-02-21,COD,Success,20410.64
PAY12526,O12526,2024-11-06,Credit Card,Failed,5453.34
PAY12527,O12527,2024-11-19,COD,Success,52255.82
PAY12528,O12528,2023-08-19,Debit Card,Success,40572.42
PAY12529,O12529,2023-08-12,UPI,Success,5144.22
PAY12530,O12530,2023-02-23,Credit Card,Success,40968.32
PAY12531,O12531,2025-11-27,UPI,Success,23038.14
PAY12532,O12532,2024-12-02,UPI,Success,1794.34
PAY12533,O12533,2024-04-28,UPI,Success,27201.35
PAY12534,O12534,2024-08-08,COD,Success,1691.83
PAY12535,O12535,2023-10-18,UPI,Success,116167.34
PAY12536,O12536,2023-11-07,UPI,Success,2479.42
PAY12537,O12537,2024-04-03,Net Banking,Success,86910.91
PAY12538,O12538,2023-02-21,Credit Card,Failed,34376.18
PAY12539,O12539,2023-12-09,Credit Card,Success,20203.92
PAY12540,O12540,2024-07-18,Net Banking,Success,1593.41
PAY12541,O12541,2025-09-09,Debit Card,Success,10511.25
PAY12542,O12542,2024-04-02,COD,Success,33235.55
PAY12543,O12543,2025-01-21,COD,Success,1249.39
PAY12544,O12544,2025-05-03,Debit Card,Success,162889.25
PAY12545,O12545,2023-09-23,Debit Card,Success,22867.6
PAY12546,O12546,2023-01-28,Credit Card,Success,4366.08
PAY12547,O12547,2025-12-11,UPI,Success,803.5
PAY12548,O12548,2025-07-31,UPI,Refunded,2882.57
PAY12549,O12549,2024-10-03,UPI,Success,31863.8
PAY12550,O12550,2023-12-31,UPI,Success,665.22
PAY12551,O12551,2023-05-27,Credit Card,Success,17059.66
PAY12552,O12552,2023-06-17,Credit Card,Refunded,3323.27
PAY12553,O12553,2025-12-03,Debit Card,Success,1402.77
PAY12554,O12554,2025-08-29,COD,Failed,6309.64
PAY12555,O12555,2025-11-04,Debit Card,Success,17353.98
PAY12556,O12556,2023-05-11,UPI,Success,1480.54
PAY12557,O12557,2023-02-27,UPI,Success,53951.12
PAY12558,O12558,2023-02-23,UPI,Failed,41008.57
PAY12559,O12559,2023-05-15,COD,Success,40176.83
PAY12560,O12560,2023-07-29,Credit Card,Success,1661.64
PAY12561,O12561,2023-09-01,COD,Failed,10174.94
PAY12562,O12562,2024-01-19,UPI,Success,892.78
PAY12563,O12563,2023-08-04,Debit Card,Success,1458.1
PAY12564,O12564,2025-12-30,Debit Card,Success,6458.22
PAY12565,O12565,2025-03-24,COD,Success,491.82
PAY12566,O12566,2023-03-27,Credit Card,Success,42434.73
PAY12567,O12567,2024-10-24,COD,Success,16383.47
PAY12568,O12568,2025-08-11,Net Banking,Refunded,37077.76
PAY12569,O12569,2023-03-23,Net Banking,Success,15746.3
PAY12570,O12570,2025-03-11,UPI,Success,3999.87
PAY12571,O12571,2023-04-01,Debit Card,Success,947.2
PAY12572,O12572,2023-06-11,UPI,Success,5401.37
PAY12573,O12573,2025-10-04,Net Banking,Success,106584.32
PAY12574,O12574,2024-01-07,Net Banking,Success,14900.19
PAY12575,O12575,2024-07-17,Credit Card,Success,46345.53
PAY12576,O12576,2023-06-30,Net Banking,Success,2231.03
PAY12577,O12577,2025-01-03,COD,Success,3309.03
PAY12578,O12578,2024-05-30,Debit Card,Success,44005.11
PAY12579,O12579,2023-04-28,Credit Card,Success,51631.43
PAY12580,O12580,2024-02-07,Credit Card,Failed,30359.09
PAY12581,O12581,2023-10-26,Net Banking,Success,88799.39
PAY12582,O12582,2024-10-31,UPI,Success,8432.48
PAY12583,O12583,2024-05-26,COD,Success,104685.0
PAY12584,O12584,2023-02-22,UPI,Success,1332.63
PAY12585,O12585,2025-10-05,Debit Card,Success,8237.37
PAY12586,O12586,2024-06-23,UPI,Success,1131.39
PAY12587,O12587,2023-07-31,UPI,Success,44321.27
PAY12588,O12588,2025-02-10,Net Banking,Success,141289.58
PAY12589,O12589,2025-01-02,Credit Card,Failed,231.78
PAY12590,O12590,2024-06-14,Credit Card,Success,5239.04
PAY12591,O12591,2024-12-24,Debit Card,Success,2629.97
PAY12592,O12592,2025-10-10,Credit Card,Success,18333.51
PAY12593,O12593,2025-03-08,Credit Card,Success,7138.21
PAY12594,O12594,2025-07-18,Credit Card,Success,21919.12
PAY12595,O12595,2023-03-27,Net Banking,Success,1596.39
PAY12596,O12596,2024-02-26,COD,Success,21235.35
PAY12597,O12597,2023-07-29,UPI,Success,2633.71
PAY12598,O12598,2023-03-04,COD,Success,51069.53
PAY12599,O12599,2023-01-06,Credit Card,Success,2263.54
PAY12600,O12600,2024-05-10,UPI,Success,48061.24
PAY12601,O12601,2025-01-01,COD,Success,8342.78
PAY12602,O12602,2023-06-30,UPI,Success,1004.99
PAY12603,O12603,2025-12-26,UPI,Failed,3748.22
PAY12604,O12604,2024-06-13,UPI,Success,1911.53
PAY12605,O12605,2024-01-23,Net Banking,Success,597.24
PAY12606,O12606,2024-07-06,COD,Success,1326.64
PAY12607,O12607,2023-12-03,UPI,Success,631.51
PAY12608,O12608,2024-08-10,Credit Card,Failed,10082.65
PAY12609,O12609,2025-01-27,UPI,Success,15087.92
PAY12610,O12610,2025-12-12,UPI,Failed,108250.71
PAY12611,O12611,2024-10-03,Net Banking,Success,26531.68
PAY12612,O12612,2023-11-03,COD,Success,56040.71
PAY12613,O12613,2024-12-22,Net Banking,Failed,2203.21
PAY12614,O12614,2023-07-30,UPI,Success,44769.31
PAY12615,O12615,2025-07-24,Debit Card,Success,77210.89
PAY12616,O12616,2023-02-20,UPI,Success,756.07
PAY12617,O12617,2024-03-17,Credit Card,Success,48217.5
PAY12618,O12618,2023-09-04,COD,Success,27206.4
PAY12619,O12619,2024-07-04,UPI,Refunded,48646.8
PAY12620,O12620,2024-03-29,Credit Card,Success,5339.04
PAY12621,O12621,2024-10-17,Credit Card,Success,29056.66
PAY12622,O12622,2023-09-06,Debit Card,Success,35519.49
PAY12623,O12623,2023-12-29,UPI,Success,48739.67
PAY12624,O12624,2024-10-31,UPI,Success,6740.49
PAY12625,O12625,2023-01-16,Debit Card,Success,7590.87
PAY12626,O12626,2024-01-25,Debit Card,Success,772.59
PAY12627,O12627,2023-12-15,Debit Card,Success,39983.17
PAY12628,O12628,2025-07-18,UPI,Success,71297.84
PAY12629,O12629,2023-10-08,UPI,Success,44279.43
PAY12630,O12630,2023-05-25,COD,Failed,9696.79
PAY12631,O12631,2023-02-17,UPI,Success,5731.19
PAY12632,O12632,2024-04-09,Credit Card,Success,2513.63
PAY12633,O12633,2025-04-02,Credit Card,Success,1557.87
PAY12634,O12634,2024-05-09,UPI,Success,17970.26
PAY12635,O12635,2023-05-13,Credit Card,Success,2559.06
PAY12636,O12636,2023-09-26,COD,Success,12993.7
PAY12637,O12637,2024-08-15,UPI,Success,73358.64
PAY12638,O12638,2024-10-31,Credit Card,Success,57319.88
PAY12639,O12639,2025-09-05,UPI,Success,30427.73
PAY12640,O12640,2023-08-13,Net Banking,Success,4379.43
PAY12641,O12641,2025-06-30,UPI,Success,10661.85
PAY12642,O12642,2023-01-03,UPI,Success,819.01
PAY12643,O12643,2025-08-31,UPI,Success,27404.07
PAY12644,O12644,2024-09-28,UPI,Success,16799.16
PAY12645,O12645,2023-04-27,Credit Card,Success,1851.86
PAY12646,O12646,2024-03-14,Debit Card,Success,5685.01
PAY12647,O12647,2023-11-08,Credit Card,Success,3403.77
PAY12648,O12648,2025-10-10,COD,Success,32729.61
PAY12649,O12649,2023-08-07,UPI,Success,5416.57
PAY12650,O12650,2024-07-25,Debit Card,Refunded,17281.23
PAY12651,O12651,2023-12-11,UPI,Success,3439.55
PAY12652,O12652,2023-03-19,Debit Card,Refunded,5855.14
PAY12653,O12653,2024-08-20,Net Banking,Success,4114.59
PAY12654,O12654,2025-10-24,Net Banking,Success,1525.19
PAY12655,O12655,2024-11-01,Debit Card,Success,8442.37
PAY12656,O12656,2025-06-18,Net Banking,Success,61466.8
PAY12657,O12657,2023-11-06,Debit Card,Success,54948.52
PAY12658,O12658,2023-02-14,Net Banking,Success,99939.77
PAY12659,O12659,2025-07-05,COD,Success,13065.88
PAY12660,O12660,2024-03-29,UPI,Success,62244.43
PAY12661,O12661,2025-10-06,Credit Card,Success,91562.73
PAY12662,O12662,2025-01-01,UPI,Success,46308.29
PAY12663,O12663,2023-07-13,UPI,Success,31322.39
PAY12664,O12664,2025-11-01,Credit Card,Success,51721.32
PAY12665,O12665,2025-08-11,UPI,Success,27703.32
PAY12666,O12666,2024-12-18,UPI,Success,5335.52
PAY12667,O12667,2023-12-16,Credit Card,Success,64439.66
PAY12668,O12668,2024-03-15,UPI,Success,1135.62
PAY12669,O12669,2025-01-03,Net Banking,Success,291.87
PAY12670,O12670,2023-10-31,COD,Success,11805.5
PAY12671,O12671,2023-12-16,Net Banking,Success,82553.91
PAY12672,O12672,2023-05-02,COD,Success,4597.84
PAY12673,O12673,2025-02-24,Debit Card,Failed,38363.7
PAY12674,O12674,2024-07-08,Credit Card,Success,4443.26
PAY12675,O12675,2023-07-27,UPI,Success,27632.38
PAY12676,O12676,2024-04-20,UPI,Failed,17477.22
PAY12677,O12677,2023-08-03,Debit Card,Failed,4302.84
PAY12678,O12678,2023-03-20,Credit Card,Success,21761.08
PAY12679,O12679,2023-09-11,UPI,Success,12424.74
PAY12680,O12680,2024-07-27,UPI,Success,28607.41
PAY12681,O12681,2023-08-02,UPI,Success,1718.4
PAY12682,O12682,2024-05-12,UPI,Success,2110.9
PAY12683,O12683,2024-12-06,COD,Success,76952.49
PAY12684,O12684,2023-01-29,Debit Card,Success,46148.08
PAY12685,O12685,2025-06-17,UPI,Success,1627.74
PAY12686,O12686,2023-03-16,UPI,Success,17054.61
PAY12687,O12687,2025-03-01,UPI,Success,10516.98
PAY12688,O12688,2023-07-26,Credit Card,Success,13131.23
PAY12689,O12689,2023-02-22,UPI,Success,9432.21
PAY12690,O12690,2025-09-30,COD,Success,48234.58
PAY12691,O12691,2023-11-20,COD,Failed,1722.85
PAY12692,O12692,2024-09-20,UPI,Success,456.39
PAY12693,O12693,2025-12-21,Debit Card,Success,18924.42
PAY12694,O12694,2023-01-20,Credit Card,Success,12778.92
PAY12695,O12695,2023-11-09,Net Banking,Success,1574.18
PAY12696,O12696,2024-08-14,COD,Success,18365.33
PAY12697,O12697,2024-06-08,Credit Card,Success,4643.8
PAY12698,O12698,2024-10-17,Debit Card,Success,25973.58
PAY12699,O12699,2023-03-26,UPI,Success,3328.3
PAY12700,O12700,2025-08-16,COD,Refunded,18214.43
PAY12701,O12701,2023-01-05,Credit Card,Success,41336.25
PAY12702,O12702,2025-02-09,Credit Card,Refunded,3171.56
PAY12703,O12703,2024-02-11,Credit Card,Success,7207.6
PAY12704,O12704,2025-12-03,UPI,Success,2669.78
PAY12705,O12705,2023-08-22,COD,Refunded,37207.61
PAY12706,O12706,2024-05-24,COD,Success,49310.95
PAY12707,O12707,2025-07-06,UPI,Success,2305.28
PAY12708,O12708,2025-09-12,Credit Card,Success,985.06
PAY12709,O12709,2023-01-21,UPI,Failed,16003.12
PAY12710,O12710,2025-11-01,UPI,Refunded,2135.2
PAY12711,O12711,2023-02-14,UPI,Success,29485.26
PAY12712,O12712,2024-08-27,COD,Success,14914.96
PAY12713,O12713,2025-10-25,Debit Card,Refunded,19980.16
PAY12714,O12714,2023-02-12,Credit Card,Success,14765.75
PAY12715,O12715,2023-10-26,Net Banking,Success,54155.84
PAY12716,O12716,2024-01-14,COD,Refunded,4433.91
PAY12717,O12717,2025-07-26,UPI,Success,5324.42
PAY12718,O12718,2024-12-17,UPI,Success,25443.47
PAY12719,O12719,2024-09-29,UPI,Success,17787.71
PAY12720,O12720,2024-01-13,UPI,Success,25841.28
PAY12721,O12721,2023-02-16,COD,Success,68649.94
PAY12722,O12722,2023-11-29,COD,Success,1459.13
PAY12723,O12723,2023-08-26,UPI,Success,28001.21
PAY12724,O12724,2025-05-13,Credit Card,Success,5330.39
PAY12725,O12725,2023-10-14,UPI,Success,40946.55
PAY12726,O12726,2025-01-23,UPI,Success,487.17
PAY12727,O12727,2024-12-16,UPI,Success,6154.9
PAY12728,O12728,2024-12-12,COD,Success,3788.25
PAY12729,O12729,2025-12-17,UPI,Success,13326.42
PAY12730,O12730,2024-03-13,COD,Success,11824.54
PAY12731,O12731,2023-04-29,Debit Card,Failed,38577.31
PAY12732,O12732,2024-07-24,Debit Card,Success,973.68
PAY12733,O12733,2025-08-05,COD,Success,12015.62
PAY12734,O12734,2023-02-28,UPI,Success,29834.34
PAY12735,O12735,2024-05-15,COD,Success,1624.1
PAY12736,O12736,2024-12-31,UPI,Success,4234.19
PAY12737,O12737,2025-03-07,Net Banking,Success,36237.41
PAY12738,O12738,2024-04-26,COD,Success,1768.79
PAY12739,O12739,2023-11-24,Net Banking,Success,132006.35
PAY12740,O12740,2025-12-23,Net Banking,Success,86647.78
PAY12741,O12741,2023-08-20,UPI,Refunded,27059.91
PAY12742,O12742,2024-07-09,Net Banking,Success,3290.06
PAY12743,O12743,2024-02-27,UPI,Success,2173.82
PAY12744,O12744,2025-01-01,Debit Card,Success,20997.16
PAY12745,O12745,2023-07-24,COD,Success,32853.68
PAY12746,O12746,2024-11-20,Credit Card,Success,215.52
PAY12747,O12747,2025-02-23,UPI,Success,31086.1
PAY12748,O12748,2024-03-28,COD,Success,37061.4
PAY12749,O12749,2025-10-24,UPI,Success,48223.55
PAY12750,O12750,2025-12-10,UPI,Failed,88599.32
PAY12751,O12751,2024-11-03,Credit Card,Success,39128.94
PAY12752,O12752,2025-10-18,COD,Success,37853.98
PAY12753,O12753,2024-04-24,COD,Success,30161.54
PAY12754,O12754,2025-06-05,Credit Card,Success,2227.29
PAY12755,O12755,2024-02-02,Credit Card,Success,111578.01
PAY12756,O12756,2023-06-10,COD,Success,1402.03
PAY12757,O12757,2024-04-09,Credit Card,Success,17747.14
PAY12758,O12758,2024-07-25,Credit Card,Success,867.26
PAY12759,O12759,2025-10-10,UPI,Success,876.91
PAY12760,O12760,2024-07-12,Net Banking,Success,2448.64
PAY12761,O12761,2025-09-09,Credit Card,Success,1749.09
PAY12762,O12762,2025-10-17,Debit Card,Failed,56504.55
PAY12763,O12763,2024-06-28,UPI,Success,105469.46
PAY12764,O12764,2023-09-05,Debit Card,Success,4242.37
PAY12765,O12765,2024-11-30,Credit Card,Success,45627.56
PAY12766,O12766,2024-08-17,UPI,Success,2155.18
PAY12767,O12767,2025-04-22,COD,Success,6309.34
PAY12768,O12768,2025-10-27,COD,Success,1128.05
PAY12769,O12769,2024-05-31,UPI,Success,5449.78
PAY12770,O12770,2024-05-03,Credit Card,Refunded,88966.04
PAY12771,O12771,2024-10-16,UPI,Refunded,182532.89
PAY12772,O12772,2025-06-17,Credit Card,Success,400.3
PAY12773,O12773,2023-11-08,Credit Card,Success,3362.8
PAY12774,O12774,2024-12-25,Debit Card,Success,6208.5
PAY12775,O12775,2025-02-03,UPI,Success,14397.29
PAY12776,O12776,2025-09-22,UPI,Success,7301.5
PAY12777,O12777,2024-11-24,Debit Card,Failed,3210.68
PAY12778,O12778,2023-07-29,Net Banking,Success,7929.99
PAY12779,O12779,2024-12-19,Net Banking,Failed,830.21
PAY12780,O12780,2025-01-21,COD,Failed,69364.16
PAY12781,O12781,2023-06-09,UPI,Success,5400.63
PAY12782,O12782,2024-04-06,UPI,Success,1575.31
PAY12783,O12783,2025-10-22,Debit Card,Success,1123.77
PAY12784,O12784,2023-02-24,UPI,Success,597.24
PAY12785,O12785,2024-01-29,Credit Card,Success,12304.32
PAY12786,O12786,2023-09-02,Net Banking,Success,1561.95
PAY12787,O12787,2025-01-13,UPI,Success,125348.49
PAY12788,O12788,2025-04-19,COD,Success,74206.77
PAY12789,O12789,2025-06-22,UPI,Refunded,9122.99
PAY12790,O12790,2023-10-19,UPI,Success,2694.78
PAY12791,O12791,2023-05-13,Credit Card,Success,654.92
PAY12792,O12792,2023-10-06,UPI,Success,50677.32
PAY12793,O12793,2023-05-23,Net Banking,Success,6601.9
PAY12794,O12794,2023-03-10,Credit Card,Refunded,621.6
PAY12795,O12795,2025-06-02,Debit Card,Success,6524.18
PAY12796,O12796,2025-12-19,Debit Card,Failed,27370.12
PAY12797,O12797,2024-01-28,COD,Failed,1256.22
PAY12798,O12798,2024-05-23,COD,Success,7929.99
PAY12799,O12799,2023-06-26,Credit Card,Success,3452.65
PAY12800,O12800,2023-02-07,COD,Success,31181.12
PAY12801,O12801,2025-07-05,Debit Card,Success,5379.47
PAY12802,O12802,2024-08-19,Debit Card,Failed,1311.7
PAY12803,O12803,2024-03-11,UPI,Success,1368.76
PAY12804,O12804,2024-05-12,UPI,Success,1418.79
PAY12805,O12805,2025-06-11,Debit Card,Success,1883.82
PAY12806,O12806,2025-10-04,UPI,Success,28997.02
PAY12807,O12807,2023-11-03,Credit Card,Success,1897.0
PAY12808,O12808,2023-09-13,Credit Card,Success,24506.86
PAY12809,O12809,2024-08-10,UPI,Success,9838.54
PAY12810,O12810,2024-09-13,Credit Card,Success,51139.36
PAY12811,O12811,2025-10-26,Credit Card,Success,12858.38
PAY12812,O12812,2025-04-29,UPI,Success,19923.55
PAY12813,O12813,2025-08-07,Credit Card,Success,1941.76
PAY12814,O12814,2024-10-19,UPI,Refunded,2067.27
PAY12815,O12815,2025-10-24,Credit Card,Success,60022.51
PAY12816,O12816,2025-07-17,Debit Card,Success,11277.06
PAY12817,O12817,2025-03-29,UPI,Success,3727.42
PAY12818,O12818,2023-08-16,UPI,Success,10742.38
PAY12819,O12819,2023-03-24,UPI,Success,55963.21
PAY12820,O12820,2025-09-03,COD,Success,20065.61
PAY12821,O12821,2024-03-17,Credit Card,Success,24211.1
PAY12822,O12822,2025-12-05,Credit Card,Success,2063.93
PAY12823,O12823,2024-12-13,Credit Card,Success,9927.36
PAY12824,O12824,2023-06-25,Credit Card,Success,89956.5
PAY12825,O12825,2024-01-20,Net Banking,Success,6097.73
PAY12826,O12826,2024-02-13,COD,Success,11953.02
PAY12827,O12827,2023-07-12,Debit Card,Success,2804.06
PAY12828,O12828,2025-05-06,UPI,Failed,5997.87
PAY12829,O12829,2024-04-08,Credit Card,Success,2902.79
PAY12830,O12830,2024-12-23,Debit Card,Success,1067.79
PAY12831,O12831,2023-01-31,Credit Card,Success,42639.04
PAY12832,O12832,2025-12-08,Credit Card,Success,7642.56
PAY12833,O12833,2023-09-26,UPI,Success,22920.99
PAY12834,O12834,2024-01-22,UPI,Success,80724.99
PAY12835,O12835,2024-11-14,UPI,Failed,753.48
PAY12836,O12836,2025-11-05,Debit Card,Success,28336.08
PAY12837,O12837,2025-10-09,UPI,Refunded,10542.57
PAY12838,O12838,2024-03-26,Net Banking,Success,22709.3
PAY12839,O12839,2023-12-14,UPI,Failed,21580.61
PAY12840,O12840,2023-10-14,UPI,Success,3246.76
PAY12841,O12841,2025-09-27,COD,Failed,15226.88
PAY12842,O12842,2024-01-13,Credit Card,Success,1295.99
PAY12843,O12843,2024-02-28,Credit Card,Success,27361.58
PAY12844,O12844,2025-07-22,UPI,Success,11759.98
PAY12845,O12845,2025-02-03,UPI,Success,6670.99
PAY12846,O12846,2025-01-15,Debit Card,Success,2109.27
PAY12847,O12847,2023-08-08,Credit Card,Success,56217.88
PAY12848,O12848,2023-02-28,Credit Card,Refunded,95536.91
PAY12849,O12849,2024-11-17,Credit Card,Failed,11765.64
PAY12850,O12850,2023-04-26,UPI,Failed,76992.54
PAY12851,O12851,2024-04-21,COD,Success,31798.24
PAY12852,O12852,2025-12-27,Net Banking,Success,13915.17
PAY12853,O12853,2023-02-27,COD,Success,40265.77
PAY12854,O12854,2023-10-31,Credit Card,Success,49876.48
PAY12855,O12855,2025-09-25,Net Banking,Failed,2063.09
PAY12856,O12856,2023-11-01,Debit Card,Failed,34053.36
PAY12857,O12857,2025-06-29,COD,Success,17612.57
PAY12858,O12858,2025-01-03,Debit Card,Failed,823.16
PAY12859,O12859,2024-12-18,Debit Card,Success,51685.85
PAY12860,O12860,2025-05-12,Debit Card,Success,24323.4
PAY12861,O12861,2023-01-03,UPI,Failed,20185.72
PAY12862,O12862,2025-12-01,UPI,Success,42491.11
PAY12863,O12863,2025-12-09,COD,Success,137986.26
PAY12864,O12864,2024-12-12,UPI,Success,1987.27
PAY12865,O12865,2023-02-28,UPI,Success,178840.83
PAY12866,O12866,2023-01-12,UPI,Success,108489.9
PAY12867,O12867,2024-04-04,UPI,Success,2201.16
PAY12868,O12868,2024-11-21,Credit Card,Refunded,1453.25
PAY12869,O12869,2024-06-26,Debit Card,Failed,910.01
PAY12870,O12870,2023-12-07,COD,Success,4607.98
PAY12871,O12871,2025-01-30,UPI,Success,9047.13
PAY12872,O12872,2023-09-13,UPI,Success,6174.42
PAY12873,O12873,2025-12-07,Credit Card,Success,93199.58
PAY12874,O12874,2025-11-11,UPI,Success,8905.78
PAY12875,O12875,2025-12-19,COD,Success,34825.92
PAY12876,O12876,2023-08-29,Debit Card,Success,238367.06
PAY12877,O12877,2024-01-13,Credit Card,Success,8061.08
PAY12878,O12878,2025-11-27,UPI,Failed,3599.31
PAY12879,O12879,2025-05-07,COD,Success,1190.72
PAY12880,O12880,2024-01-24,Credit Card,Success,43911.95
PAY12881,O12881,2025-03-23,Credit Card,Success,2993.44
PAY12882,O12882,2023-07-02,Debit Card,Success,9666.59
PAY12883,O12883,2023-11-12,Net Banking,Success,38514.08
PAY12884,O12884,2023-03-26,UPI,Failed,1088.95
PAY12885,O12885,2025-04-08,UPI,Refunded,25137.0
PAY12886,O12886,2025-12-08,UPI,Success,3476.62
PAY12887,O12887,2025-03-22,Debit Card,Success,51235.15
PAY12888,O12888,2025-08-07,UPI,Success,892.03
PAY12889,O12889,2025-04-19,Credit Card,Failed,77524.65
PAY12890,O12890,2025-05-07,Debit Card,Success,41966.24
PAY12891,O12891,2025-08-02,Debit Card,Success,117758.73
PAY12892,O12892,2023-10-30,Credit Card,Success,16122.9
PAY12893,O12893,2025-08-07,Debit Card,Success,18199.84
PAY12894,O12894,2024-12-25,Net Banking,Success,23296.82
PAY12895,O12895,2024-10-12,UPI,Success,5575.33
PAY12896,O12896,2024-09-08,Debit Card,Success,9114.72
PAY12897,O12897,2025-12-25,Credit Card,Success,7730.29
PAY12898,O12898,2024-01-07,UPI,Success,1232.82
PAY12899,O12899,2024-06-25,UPI,Success,52912.78
PAY12900,O12900,2023-01-11,COD,Failed,130208.91
PAY12901,O12901,2023-06-12,Credit Card,Success,414.09
PAY12902,O12902,2025-01-05,UPI,Failed,21041.01
PAY12903,O12903,2024-10-06,Net Banking,Success,12624.3
PAY12904,O12904,2024-10-03,Debit Card,Success,6567.79
PAY12905,O12905,2025-04-07,Credit Card,Success,47849.67
PAY12906,O12906,2025-05-14,Debit Card,Success,5880.08
PAY12907,O12907,2024-10-10,UPI,Success,5742.85
PAY12908,O12908,2025-07-02,UPI,Success,2005.73
PAY12909,O12909,2023-04-09,UPI,Success,31109.4
PAY12910,O12910,2024-05-06,Credit Card,Success,56805.76
PAY12911,O12911,2024-06-04,COD,Success,15448.51
PAY12912,O12912,2023-10-06,Credit Card,Success,6050.62
PAY12913,O12913,2025-06-25,UPI,Refunded,84926.81
PAY12914,O12914,2024-05-17,Debit Card,Success,30066.83
PAY12915,O12915,2025-09-21,COD,Failed,5369.54
PAY12916,O12916,2024-05-10,UPI,Success,12543.61
PAY12917,O12917,2023-11-19,COD,Success,465.53
PAY12918,O12918,2023-01-09,UPI,Success,1480.54
PAY12919,O12919,2025-10-24,UPI,Failed,5536.61
PAY12920,O12920,2024-11-04,Credit Card,Success,73219.9
PAY12921,O12921,2023-03-06,UPI,Success,3947.22
PAY12922,O12922,2024-02-16,COD,Success,26586.54
PAY12923,O12923,2023-04-04,COD,Refunded,88019.24
PAY12924,O12924,2025-12-07,Debit Card,Success,462.56
PAY12925,O12925,2024-09-16,UPI,Success,5233.4
PAY12926,O12926,2023-09-08,UPI,Success,524.52
PAY12927,O12927,2024-03-31,Debit Card,Success,31898.92
PAY12928,O12928,2025-07-31,UPI,Success,536.4
PAY12929,O12929,2025-02-10,Credit Card,Success,4489.63
PAY12930,O12930,2024-09-03,UPI,Success,1406.51
PAY12931,O12931,2025-09-10,Credit Card,Success,20459.01
PAY12932,O12932,2025-05-27,UPI,Success,81014.78
PAY12933,O12933,2024-12-07,UPI,Success,1786.29
PAY12934,O12934,2023-10-12,Credit Card,Success,116174.25
PAY12935,O12935,2024-10-24,Credit Card,Success,675.26
PAY12936,O12936,2024-04-19,Credit Card,Success,34700.37
PAY12937,O12937,2025-06-16,UPI,Success,488.59
PAY12938,O12938,2025-10-20,UPI,Refunded,30959.09
PAY12939,O12939,2023-11-02,UPI,Success,284.29
PAY12940,O12940,2025-05-06,Debit Card,Success,40110.56
PAY12941,O12941,2025-06-12,UPI,Success,7140.94
PAY12942,O12942,2024-05-30,COD,Success,41860.84
PAY12943,O12943,2024-03-25,COD,Success,7136.41
PAY12944,O12944,2025-03-02,COD,Success,23746.01
PAY12945,O12945,2025-05-25,COD,Success,4902.88
PAY12946,O12946,2025-02-11,Debit Card,Failed,3380.11
PAY12947,O12947,2023-08-12,COD,Success,72760.22
PAY12948,O12948,2025-03-14,Debit Card,Success,6480.05
PAY12949,O12949,2025-01-17,UPI,Success,72028.82
PAY12950,O12950,2024-07-30,Debit Card,Success,3038.47
PAY12951,O12951,2024-12-30,Debit Card,Success,6083.39
PAY12952,O12952,2024-04-27,UPI,Success,57784.92
PAY12953,O12953,2023-10-03,COD,Success,53708.57
PAY12954,O12954,2023-10-08,COD,Failed,81283.75
PAY12955,O12955,2025-10-18,Credit Card,Failed,77801.27
PAY12956,O12956,2025-08-17,Credit Card,Success,16203.76
PAY12957,O12957,2023-08-18,Credit Card,Success,1421.67
PAY12958,O12958,2023-07-15,Debit Card,Failed,13459.64
PAY12959,O12959,2024-05-05,UPI,Success,5030.45
PAY12960,O12960,2025-06-09,COD,Success,1522.51
PAY12961,O12961,2023-07-21,UPI,Success,2481.65
PAY12962,O12962,2025-06-10,UPI,Success,8410.22
PAY12963,O12963,2024-07-29,COD,Failed,2125.62
PAY12964,O12964,2024-11-02,UPI,Success,26384.4
PAY12965,O12965,2025-12-22,COD,Success,19108.74
PAY12966,O12966,2023-05-01,Net Banking,Success,1028.58
PAY12967,O12967,2025-03-22,UPI,Success,12706.57
PAY12968,O12968,2025-11-04,Net Banking,Success,45068.11
PAY12969,O12969,2025-03-28,Credit Card,Success,10157.02
PAY12970,O12970,2024-02-17,UPI,Success,6170.43
PAY12971,O12971,2023-08-19,Credit Card,Success,1727.32
PAY12972,O12972,2025-08-26,COD,Success,53237.26
PAY12973,O12973,2023-08-18,Debit Card,Refunded,97922.94
PAY12974,O12974,2024-03-07,Credit Card,Success,4796.84
PAY12975,O12975,2023-05-26,UPI,Success,2319.56
PAY12976,O12976,2023-06-11,Debit Card,Success,2632.11
PAY12977,O12977,2025-05-16,UPI,Success,3967.62
PAY12978,O12978,2023-10-18,UPI,Success,51813.02
PAY12979,O12979,2023-03-25,Debit Card,Failed,67903.66
PAY12980,O12980,2025-07-15,Credit Card,Success,266.25
PAY12981,O12981,2024-06-19,UPI,Success,44796.8
PAY12982,O12982,2023-05-07,Debit Card,Success,6467.57
PAY12983,O12983,2023-07-01,UPI,Success,600.56
PAY12984,O12984,2025-09-12,COD,Success,8026.66
PAY12985,O12985,2024-03-07,Credit Card,Success,29828.95
PAY12986,O12986,2025-12-04,Credit Card,Success,876.66
PAY12987,O12987,2025-04-23,Debit Card,Success,32803.09
PAY12988,O12988,2024-01-06,UPI,Success,4273.09
PAY12989,O12989,2025-07-18,Debit Card,Success,46630.66
PAY12990,O12990,2024-02-24,COD,Success,36504.09
PAY12991,O12991,2025-08-22,COD,Success,7659.28
PAY12992,O12992,2025-02-17,Debit Card,Success,275.38
PAY12993,O12993,2025-03-03,Net Banking,Success,1062.58
PAY12994,O12994,2023-03-22,Credit Card,Success,3111.85
PAY12995,O12995,2025-07-26,UPI,Refunded,1929.71
PAY12996,O12996,2024-12-07,Debit Card,Success,2694.93
PAY12997,O12997,2023-10-17,COD,Success,70102.02
PAY12998,O12998,2025-09-05,UPI,Success,5460.26
PAY12999,O12999,2025-08-20,UPI,Success,1173.97
PAY13000,O13000,2025-05-21,Net Banking,Failed,24223.09
PAY13001,O13001,2023-03-24,COD,Success,1462.8
PAY13002,O13002,2024-07-25,UPI,Success,9726.22
PAY13003,O13003,2025-03-23,Credit Card,Success,32422.94
PAY13004,O13004,2024-05-16,UPI,Success,72406.7
PAY13005,O13005,2025-12-08,UPI,Success,34082.31
PAY13006,O13006,2025-07-21,UPI,Failed,13591.01
PAY13007,O13007,2024-10-28,UPI,Failed,13273.62
PAY13008,O13008,2024-02-13,Credit Card,Success,14328.02
PAY13009,O13009,2025-04-05,UPI,Success,7833.35
PAY13010,O13010,2025-11-03,COD,Success,4639.12
PAY13011,O13011,2023-08-12,COD,Success,45017.78
PAY13012,O13012,2023-08-16,Credit Card,Failed,8423.52
PAY13013,O13013,2025-09-14,UPI,Success,15149.95
PAY13014,O13014,2023-07-10,Net Banking,Success,787.04
PAY13015,O13015,2025-02-02,Credit Card,Success,635.97
PAY13016,O13016,2024-12-04,Credit Card,Success,8474.13
PAY13017,O13017,2025-10-21,UPI,Success,11307.77
PAY13018,O13018,2024-04-14,UPI,Success,15773.05
PAY13019,O13019,2023-01-30,COD,Success,177232.71
PAY13020,O13020,2025-09-10,Credit Card,Failed,20564.08
PAY13021,O13021,2025-12-03,Net Banking,Success,2319.56
PAY13022,O13022,2023-02-09,Net Banking,Success,13885.36
PAY13023,O13023,2024-05-25,UPI,Success,4095.57
PAY13024,O13024,2023-06-14,Net Banking,Refunded,34986.16
PAY13025,O13025,2023-11-02,Net Banking,Success,4640.22
PAY13026,O13026,2025-01-16,COD,Success,43370.7
PAY13027,O13027,2025-02-22,Credit Card,Success,31028.48
PAY13028,O13028,2023-02-23,UPI,Success,6181.16
PAY13029,O13029,2024-01-09,UPI,Success,7088.27
PAY13030,O13030,2025-05-27,UPI,Success,411.16
PAY13031,O13031,2025-01-20,COD,Failed,2137.18
PAY13032,O13032,2025-12-02,Net Banking,Success,45778.93
PAY13033,O13033,2024-12-29,COD,Success,51199.93
PAY13034,O13034,2024-08-30,Debit Card,Success,593.96
PAY13035,O13035,2025-03-29,Credit Card,Success,6819.75
PAY13036,O13036,2024-09-30,Debit Card,Success,51293.8
PAY13037,O13037,2023-12-10,Debit Card,Success,3077.0
PAY13038,O13038,2024-10-24,UPI,Success,13943.26
PAY13039,O13039,2023-06-13,Debit Card,Failed,60550.0
PAY13040,O13040,2023-02-10,UPI,Success,118067.65
PAY13041,O13041,2025-03-08,UPI,Success,1775.07
PAY13042,O13042,2024-12-11,Credit Card,Success,28814.32
PAY13043,O13043,2024-09-21,Credit Card,Success,933.21
PAY13044,O13044,2023-01-25,Debit Card,Success,887.54
PAY13045,O13045,2025-08-23,Credit Card,Success,4015.89
PAY13046,O13046,2023-03-09,UPI,Success,22147.69
PAY13047,O13047,2024-11-27,Net Banking,Success,311.57
PAY13048,O13048,2023-10-31,COD,Success,1030.95
PAY13049,O13049,2025-10-17,COD,Success,4351.83
PAY13050,O13050,2024-04-24,COD,Success,853.02
PAY13051,O13051,2023-04-17,UPI,Success,62072.51
PAY13052,O13052,2024-10-18,Net Banking,Success,19299.15
PAY13053,O13053,2025-12-10,Net Banking,Success,1330.44
PAY13054,O13054,2024-08-26,UPI,Success,17353.98
PAY13055,O13055,2024-01-24,UPI,Success,20975.3
PAY13056,O13056,2025-08-23,Net Banking,Failed,16834.5
PAY13057,O13057,2024-03-05,UPI,Refunded,3236.93
PAY13058,O13058,2023-01-17,COD,Success,2207.12
PAY13059,O13059,2024-03-19,UPI,Success,23296.82
PAY13060,O13060,2025-10-15,Debit Card,Success,93935.54
PAY13061,O13061,2024-01-13,Debit Card,Refunded,11050.09
PAY13062,O13062,2024-01-29,Net Banking,Failed,984.96
PAY13063,O13063,2023-01-30,Debit Card,Success,36232.38
PAY13064,O13064,2023-05-12,UPI,Success,623.55
PAY13065,O13065,2024-02-05,Credit Card,Success,4066.91
PAY13066,O13066,2023-05-05,UPI,Success,2418.28
PAY13067,O13067,2023-02-22,Credit Card,Success,20941.44
PAY13068,O13068,2025-07-09,Credit Card,Success,28374.84
PAY13069,O13069,2023-03-17,UPI,Success,10241.0
PAY13070,O13070,2023-04-22,Debit Card,Success,23835.62
PAY13071,O13071,2023-06-27,UPI,Success,1804.55
PAY13072,O13072,2025-11-09,COD,Success,5281.51
PAY13073,O13073,2023-07-24,UPI,Success,2393.61
PAY13074,O13074,2024-06-26,Credit Card,Success,2529.26
PAY13075,O13075,2025-10-31,COD,Success,44563.56
PAY13076,O13076,2025-11-24,COD,Success,178847.21
PAY13077,O13077,2023-06-01,Credit Card,Success,2004.31
PAY13078,O13078,2023-03-23,UPI,Success,10701.14
PAY13079,O13079,2025-04-27,Credit Card,Success,840.82
PAY13080,O13080,2023-05-06,COD,Refunded,15969.32
PAY13081,O13081,2024-05-24,UPI,Success,6841.06
PAY13082,O13082,2024-01-11,UPI,Success,7303.24
PAY13083,O13083,2025-09-16,Credit Card,Success,11247.4
PAY13084,O13084,2024-06-19,Credit Card,Success,617.88
PAY13085,O13085,2023-06-02,UPI,Success,442.6
PAY13086,O13086,2023-08-07,Credit Card,Success,66012.21
PAY13087,O13087,2023-10-09,UPI,Success,150319.44
PAY13088,O13088,2023-11-01,UPI,Success,62451.99
PAY13089,O13089,2024-10-23,COD,Success,24295.84
PAY13090,O13090,2024-10-17,Credit Card,Success,6105.54
PAY13091,O13091,2025-12-24,UPI,Success,64824.52
PAY13092,O13092,2023-06-24,Net Banking,Success,118269.59
PAY13093,O13093,2024-12-06,UPI,Success,17052.56
PAY13094,O13094,2024-02-01,UPI,Success,8422.61
PAY13095,O13095,2025-01-13,Net Banking,Success,120968.73
PAY13096,O13096,2023-02-22,UPI,Success,282.03
PAY13097,O13097,2024-09-11,Net Banking,Success,74112.45
PAY13098,O13098,2025-06-04,Debit Card,Success,41593.78
PAY13099,O13099,2023-10-04,Credit Card,Success,2998.7
PAY13100,O13100,2024-11-19,Credit Card,Failed,3599.31
PAY13101,O13101,2025-05-15,Credit Card,Failed,3876.03
PAY13102,O13102,2024-08-06,COD,Success,26164.66
PAY13103,O13103,2023-12-28,UPI,Success,1507.96
PAY13104,O13104,2024-02-05,COD,Success,55784.58
PAY13105,O13105,2025-03-06,Net Banking,Success,37026.8
PAY13106,O13106,2024-07-16,Credit Card,Success,517.06
PAY13107,O13107,2023-08-16,UPI,Success,2280.61
PAY13108,O13108,2023-01-19,UPI,Success,59186.26
PAY13109,O13109,2023-08-08,UPI,Success,2997.38
PAY13110,O13110,2024-08-07,UPI,Success,13926.93
PAY13111,O13111,2024-03-28,UPI,Success,500.18
PAY13112,O13112,2024-09-17,Debit Card,Failed,98149.86
PAY13113,O13113,2024-04-14,Credit Card,Success,434.44
PAY13114,O13114,2023-12-18,COD,Refunded,3640.18
PAY13115,O13115,2025-06-23,Credit Card,Success,1225.28
PAY13116,O13116,2023-03-07,UPI,Success,29087.22
PAY13117,O13117,2025-08-07,UPI,Success,1509.54
PAY13118,O13118,2024-03-16,Debit Card,Success,100255.79
PAY13119,O13119,2025-06-16,Debit Card,Success,846.25
PAY13120,O13120,2024-08-05,Debit Card,Success,6597.87
PAY13121,O13121,2023-02-01,UPI,Success,2366.11
PAY13122,O13122,2023-01-03,COD,Success,1194.41
PAY13123,O13123,2024-12-08,UPI,Success,2737.23
PAY13124,O13124,2025-10-03,UPI,Success,1441.34
PAY13125,O13125,2024-12-16,Debit Card,Success,50891.37
PAY13126,O13126,2024-08-09,Debit Card,Success,91806.16
PAY13127,O13127,2023-06-03,Credit Card,Success,70707.63
PAY13128,O13128,2024-01-07,UPI,Failed,5622.77
PAY13129,O13129,2024-07-17,UPI,Success,28315.27
PAY13130,O13130,2025-04-30,UPI,Success,3841.58
PAY13131,O13131,2023-09-17,Debit Card,Success,8394.58
PAY13132,O13132,2024-06-06,Debit Card,Success,1456.24
PAY13133,O13133,2025-08-24,Debit Card,Success,52487.44
PAY13134,O13134,2024-10-07,COD,Success,666.04
PAY13135,O13135,2023-07-11,UPI,Success,9843.7
PAY13136,O13136,2024-07-31,Debit Card,Success,90955.29
PAY13137,O13137,2025-04-17,UPI,Success,15973.61
PAY13138,O13138,2025-05-14,Credit Card,Success,3236.93
PAY13139,O13139,2024-10-09,Debit Card,Refunded,2187.41
PAY13140,O13140,2024-08-31,Debit Card,Failed,4672.42
PAY13141,O13141,2024-05-20,UPI,Success,34909.31
PAY13142,O13142,2024-01-14,UPI,Success,13713.27
PAY13143,O13143,2023-12-11,COD,Success,20965.41
PAY13144,O13144,2025-09-11,COD,Success,3299.2
PAY13145,O13145,2025-03-23,UPI,Success,1730.94
PAY13146,O13146,2023-03-05,Credit Card,Success,28423.6
PAY13147,O13147,2025-04-29,UPI,Success,3531.44
PAY13148,O13148,2025-02-20,Debit Card,Success,3384.15
PAY13149,O13149,2025-05-17,Debit Card,Success,47784.83
PAY13150,O13150,2025-08-06,UPI,Success,13586.92
PAY13151,O13151,2024-06-23,Credit Card,Success,115969.26
PAY13152,O13152,2025-06-25,COD,Failed,935.51
PAY13153,O13153,2024-07-02,UPI,Success,1421.67
PAY13154,O13154,2024-04-13,COD,Success,66698.89
PAY13155,O13155,2023-08-23,UPI,Success,18986.29
PAY13156,O13156,2023-03-22,COD,Success,97184.3
PAY13157,O13157,2025-09-26,UPI,Failed,19355.18
PAY13158,O13158,2025-03-02,UPI,Success,31803.93
PAY13159,O13159,2025-12-08,UPI,Success,2074.28
PAY13160,O13160,2024-06-14,COD,Success,2931.41
PAY13161,O13161,2025-06-16,Credit Card,Success,3784.15
PAY13162,O13162,2023-12-12,Credit Card,Failed,5127.01
PAY13163,O13163,2023-10-03,UPI,Failed,39446.19
PAY13164,O13164,2024-02-09,UPI,Success,749.92
PAY13165,O13165,2023-09-12,Credit Card,Failed,3536.27
PAY13166,O13166,2025-11-05,UPI,Success,6200.81
PAY13167,O13167,2025-09-29,Net Banking,Success,9462.21
PAY13168,O13168,2024-06-20,Credit Card,Success,9916.84
PAY13169,O13169,2023-06-13,UPI,Success,4876.84
PAY13170,O13170,2023-03-06,UPI,Success,27821.38
PAY13171,O13171,2023-09-02,UPI,Success,10761.74
PAY13172,O13172,2023-11-01,UPI,Success,19701.06
PAY13173,O13173,2025-08-21,UPI,Success,39081.71
PAY13174,O13174,2023-11-17,UPI,Success,3695.55
PAY13175,O13175,2025-11-11,COD,Success,3023.76
PAY13176,O13176,2025-08-22,UPI,Success,68635.47
PAY13177,O13177,2024-05-05,COD,Success,1042.45
PAY13178,O13178,2024-09-11,Credit Card,Success,7661.58
PAY13179,O13179,2025-04-22,COD,Success,6332.72
PAY13180,O13180,2024-01-18,Debit Card,Success,35467.69
PAY13181,O13181,2024-01-06,UPI,Success,14426.64
PAY13182,O13182,2025-01-09,Net Banking,Success,68008.52
PAY13183,O13183,2024-02-14,UPI,Success,4596.6
PAY13184,O13184,2025-04-08,UPI,Success,12874.43
PAY13185,O13185,2023-09-18,Net Banking,Success,4814.62
PAY13186,O13186,2023-01-28,UPI,Success,20040.16
PAY13187,O13187,2025-04-29,Debit Card,Success,16051.95
PAY13188,O13188,2024-03-26,Net Banking,Success,23928.51
PAY13189,O13189,2024-06-12,Debit Card,Success,690.3
PAY13190,O13190,2023-07-04,Debit Card,Success,221.5
PAY13191,O13191,2024-01-12,Debit Card,Failed,19926.29
PAY13192,O13192,2023-07-29,Credit Card,Success,2593.53
PAY13193,O13193,2024-06-10,Net Banking,Success,39794.2
PAY13194,O13194,2023-02-03,Credit Card,Success,58231.16
PAY13195,O13195,2023-02-14,Debit Card,Refunded,4663.73
PAY13196,O13196,2025-06-06,Debit Card,Success,282376.13
PAY13197,O13197,2023-04-26,Credit Card,Success,19779.59
PAY13198,O13198,2024-01-07,COD,Success,13488.86
PAY13199,O13199,2025-09-23,UPI,Success,29950.03
PAY13200,O13200,2024-03-18,Credit Card,Success,83212.87
PAY13201,O13201,2024-09-07,Debit Card,Success,21636.83
PAY13202,O13202,2025-10-25,UPI,Success,3627.92
PAY13203,O13203,2025-10-06,Net Banking,Success,1059.78
PAY13204,O13204,2023-08-26,COD,Success,2665.26
PAY13205,O13205,2023-02-28,UPI,Success,53700.18
PAY13206,O13206,2025-07-14,UPI,Success,5350.82
PAY13207,O13207,2025-07-04,Debit Card,Success,60117.57
PAY13208,O13208,2025-02-12,UPI,Success,2806.48
PAY13209,O13209,2025-08-14,COD,Failed,40397.69
PAY13210,O13210,2023-10-31,UPI,Failed,34092.29
PAY13211,O13211,2025-09-08,COD,Success,673.98
PAY13212,O13212,2024-04-26,Credit Card,Success,4561.57
PAY13213,O13213,2023-08-17,Credit Card,Success,32611.86
PAY13214,O13214,2023-02-23,UPI,Success,7242.91
PAY13215,O13215,2024-03-18,Net Banking,Success,18821.12
PAY13216,O13216,2024-07-30,UPI,Success,530.42
PAY13217,O13217,2024-08-08,UPI,Failed,8016.33
PAY13218,O13218,2024-08-15,UPI,Success,13580.74
PAY13219,O13219,2023-05-11,Credit Card,Failed,4243.82
PAY13220,O13220,2024-05-31,UPI,Failed,1082.72
PAY13221,O13221,2025-08-01,Credit Card,Success,965.44
PAY13222,O13222,2023-07-02,COD,Success,31380.19
PAY13223,O13223,2024-09-09,Credit Card,Success,24089.88
PAY13224,O13224,2025-10-06,UPI,Success,7380.69
PAY13225,O13225,2023-08-27,UPI,Success,18759.16
PAY13226,O13226,2024-05-27,UPI,Success,1722.85
PAY13227,O13227,2024-06-16,COD,Success,113789.9
PAY13228,O13228,2025-08-21,UPI,Refunded,4297.69
PAY13229,O13229,2023-08-13,UPI,Success,1692.91
PAY13230,O13230,2023-07-23,Net Banking,Failed,2743.77
PAY13231,O13231,2025-12-02,Credit Card,Success,3681.28
PAY13232,O13232,2025-05-06,Credit Card,Success,2546.74
PAY13233,O13233,2025-07-22,Net Banking,Success,2303.99
PAY13234,O13234,2023-05-16,Credit Card,Success,1004.99
PAY13235,O13235,2025-11-23,UPI,Success,126692.22
PAY13236,O13236,2025-11-19,COD,Success,3469.48
PAY13237,O13237,2025-12-18,UPI,Success,1976.99
PAY13238,O13238,2025-09-16,Credit Card,Failed,12840.37
PAY13239,O13239,2024-03-21,COD,Refunded,1091.22
PAY13240,O13240,2024-01-06,Net Banking,Success,22538.08
PAY13241,O13241,2025-07-27,Debit Card,Success,1376.77
PAY13242,O13242,2024-10-01,Credit Card,Success,9432.21
PAY13243,O13243,2025-07-10,UPI,Success,3859.68
PAY13244,O13244,2024-04-30,Debit Card,Success,2372.75
PAY13245,O13245,2023-09-17,UPI,Success,820.96
PAY13246,O13246,2024-03-16,Credit Card,Success,260.83
PAY13247,O13247,2024-08-24,Debit Card,Success,119145.07
PAY13248,O13248,2023-01-20,Debit Card,Success,2211.15
PAY13249,O13249,2023-08-07,UPI,Refunded,72173.76
PAY13250,O13250,2024-05-26,Credit Card,Success,3441.71
PAY13251,O13251,2023-07-28,UPI,Refunded,350.81
PAY13252,O13252,2024-06-12,UPI,Success,654.23
PAY13253,O13253,2023-08-25,UPI,Success,8117.97
PAY13254,O13254,2023-07-30,Net Banking,Success,2931.41
PAY13255,O13255,2023-09-30,Debit Card,Failed,44607.09
PAY13256,O13256,2023-05-24,COD,Success,29227.12
PAY13257,O13257,2025-01-04,Credit Card,Failed,80490.78
PAY13258,O13258,2024-05-16,UPI,Success,32636.21
PAY13259,O13259,2024-03-20,UPI,Success,13227.87
PAY13260,O13260,2023-06-29,UPI,Success,33464.59
PAY13261,O13261,2025-10-15,COD,Success,11880.86
PAY13262,O13262,2023-06-30,UPI,Failed,3154.31
PAY13263,O13263,2023-10-27,UPI,Success,27641.39
PAY13264,O13264,2025-01-26,COD,Success,366.55
PAY13265,O13265,2023-01-11,UPI,Success,17517.07
PAY13266,O13266,2023-07-13,Credit Card,Success,2057.17
PAY13267,O13267,2025-10-23,UPI,Success,35484.17
PAY13268,O13268,2025-10-23,COD,Success,4387.57
PAY13269,O13269,2025-08-09,Debit Card,Success,160584.21
PAY13270,O13270,2024-05-06,Credit Card,Success,10307.31
PAY13271,O13271,2025-02-19,COD,Success,16996.49
PAY13272,O13272,2025-08-25,Debit Card,Success,31564.58
PAY13273,O13273,2025-10-14,COD,Success,93722.56
PAY13274,O13274,2024-11-08,Net Banking,Success,3998.66
PAY13275,O13275,2024-12-26,UPI,Success,4830.6
PAY13276,O13276,2023-07-14,UPI,Success,935.33
PAY13277,O13277,2024-05-13,Credit Card,Failed,54967.28
PAY13278,O13278,2024-07-22,Credit Card,Failed,481.74
PAY13279,O13279,2023-06-04,COD,Success,996.55
PAY13280,O13280,2025-12-05,UPI,Success,5329.13
PAY13281,O13281,2023-07-01,Credit Card,Success,894.8
PAY13282,O13282,2023-08-14,Credit Card,Success,2851.36
PAY13283,O13283,2025-11-22,Credit Card,Success,12347.18
PAY13284,O13284,2023-12-14,UPI,Success,81916.42
PAY13285,O13285,2024-03-21,UPI,Success,5486.72
PAY13286,O13286,2023-06-25,UPI,Success,7090.61
PAY13287,O13287,2025-04-08,Credit Card,Success,13837.38
PAY13288,O13288,2023-09-11,Credit Card,Failed,1858.24
PAY13289,O13289,2024-10-14,UPI,Success,12701.54
PAY13290,O13290,2024-04-30,Debit Card,Refunded,9548.76
PAY13291,O13291,2024-09-15,COD,Success,8979.61
PAY13292,O13292,2023-06-09,UPI,Success,26080.35
PAY13293,O13293,2024-07-22,Debit Card,Failed,57755.72
PAY13294,O13294,2025-10-21,UPI,Success,103184.35
PAY13295,O13295,2023-01-09,COD,Refunded,2669.78
PAY13296,O13296,2024-05-23,Net Banking,Success,18408.3
PAY13297,O13297,2024-06-28,UPI,Refunded,39800.52
PAY13298,O13298,2024-08-11,COD,Success,8619.0
PAY13299,O13299,2025-03-24,UPI,Success,45890.53
PAY13300,O13300,2023-04-05,Net Banking,Success,11397.14
PAY13301,O13301,2024-11-29,Credit Card,Success,7639.87
PAY13302,O13302,2025-08-30,Credit Card,Success,745.83
PAY13303,O13303,2025-07-10,COD,Success,731.98
PAY13304,O13304,2025-09-12,UPI,Success,133459.17
PAY13305,O13305,2023-04-28,Credit Card,Success,46302.69
PAY13306,O13306,2023-12-26,UPI,Success,39624.22
PAY13307,O13307,2025-11-21,Debit Card,Failed,14565.25
PAY13308,O13308,2023-11-21,COD,Success,10799.48
PAY13309,O13309,2023-03-15,COD,Success,6310.42
PAY13310,O13310,2025-09-05,Credit Card,Success,36674.56
PAY13311,O13311,2025-03-17,COD,Success,888.42
PAY13312,O13312,2024-07-06,UPI,Success,42112.27
PAY13313,O13313,2024-02-08,Debit Card,Refunded,74394.13
PAY13314,O13314,2023-04-15,UPI,Success,3379.66
PAY13315,O13315,2024-12-08,UPI,Success,34678.89
PAY13316,O13316,2023-05-23,Debit Card,Success,11387.38
PAY13317,O13317,2024-12-15,UPI,Failed,83908.38
PAY13318,O13318,2025-07-06,Credit Card,Refunded,3850.75
PAY13319,O13319,2023-07-26,COD,Failed,31814.02
PAY13320,O13320,2024-06-29,Credit Card,Success,56551.26
PAY13321,O13321,2025-04-03,Credit Card,Success,7794.98
PAY13322,O13322,2023-09-22,Credit Card,Success,933.21
PAY13323,O13323,2023-06-21,COD,Success,3385.33
PAY13324,O13324,2023-12-28,Credit Card,Success,18545.27
PAY13325,O13325,2023-02-11,COD,Failed,100667.39
PAY13326,O13326,2023-10-02,UPI,Success,939.72
PAY13327,O13327,2024-05-14,Credit Card,Success,4457.88
PAY13328,O13328,2023-05-13,UPI,Success,1676.68
PAY13329,O13329,2025-06-28,Credit Card,Success,2017.04
PAY13330,O13330,2024-02-29,Credit Card,Success,2698.84
PAY13331,O13331,2025-08-02,Credit Card,Failed,22095.52
PAY13332,O13332,2024-09-01,Credit Card,Success,35220.44
PAY13333,O13333,2025-12-13,Credit Card,Success,162489.73
PAY13334,O13334,2025-03-01,COD,Success,43609.17
PAY13335,O13335,2023-07-14,UPI,Success,1477.58
PAY13336,O13336,2025-10-05,Credit Card,Success,7203.67
PAY13337,O13337,2024-04-10,UPI,Success,540.5
PAY13338,O13338,2023-07-14,UPI,Success,4079.11
PAY13339,O13339,2024-01-22,UPI,Success,5141.74
PAY13340,O13340,2024-10-20,Debit Card,Failed,866.28
PAY13341,O13341,2025-09-29,Debit Card,Success,1529.74
PAY13342,O13342,2025-03-07,UPI,Success,49068.79
PAY13343,O13343,2025-10-17,Net Banking,Failed,8573.36
PAY13344,O13344,2023-04-19,UPI,Success,5167.56
PAY13345,O13345,2023-09-15,COD,Failed,19437.13
PAY13346,O13346,2024-01-25,UPI,Failed,8092.93
PAY13347,O13347,2024-12-25,Credit Card,Success,38363.7
PAY13348,O13348,2025-11-02,Debit Card,Success,499.34
PAY13349,O13349,2025-11-26,Credit Card,Success,13799.45
PAY13350,O13350,2024-06-23,Credit Card,Refunded,9114.72
PAY13351,O13351,2025-05-07,COD,Success,2093.05
PAY13352,O13352,2023-04-20,Debit Card,Success,1099.81
PAY13353,O13353,2023-01-24,COD,Success,4405.35
PAY13354,O13354,2024-05-13,UPI,Success,90921.9
PAY13355,O13355,2025-09-16,UPI,Success,1496.72
PAY13356,O13356,2024-01-07,Net Banking,Success,18664.16
PAY13357,O13357,2024-02-01,UPI,Success,348.22
PAY13358,O13358,2023-09-29,UPI,Success,7639.87
PAY13359,O13359,2023-02-20,UPI,Failed,2807.84
PAY13360,O13360,2023-03-14,Debit Card,Success,34480.31
PAY13361,O13361,2024-05-07,Credit Card,Success,6577.25
PAY13362,O13362,2024-04-20,UPI,Success,7319.04
PAY13363,O13363,2023-01-24,UPI,Success,3094.08
PAY13364,O13364,2025-09-19,Credit Card,Failed,625.58
PAY13365,O13365,2024-04-14,UPI,Success,934.25
PAY13366,O13366,2023-08-03,UPI,Success,23296.82
PAY13367,O13367,2023-05-28,Debit Card,Success,98957.8
PAY13368,O13368,2025-07-29,UPI,Success,881.36
PAY13369,O13369,2024-01-18,UPI,Success,27363.35
PAY13370,O13370,2025-10-26,Credit Card,Success,6102.95
PAY13371,O13371,2025-04-24,Net Banking,Success,45439.97
PAY13372,O13372,2025-05-23,UPI,Success,150823.13
PAY13373,O13373,2024-01-27,UPI,Success,63992.99
PAY13374,O13374,2025-04-30,Credit Card,Refunded,116911.62
PAY13375,O13375,2025-10-29,UPI,Success,1099.81
PAY13376,O13376,2024-12-23,Debit Card,Success,7956.74
PAY13377,O13377,2025-02-21,COD,Success,25687.34
PAY13378,O13378,2025-04-08,UPI,Success,6254.28
PAY13379,O13379,2023-01-06,Debit Card,Refunded,9263.3
PAY13380,O13380,2023-04-18,COD,Refunded,44139.2
PAY13381,O13381,2023-02-10,COD,Success,752.51
PAY13382,O13382,2024-08-01,Credit Card,Success,50333.7
PAY13383,O13383,2024-07-02,UPI,Success,10232.77
PAY13384,O13384,2024-07-10,Debit Card,Success,57543.61
PAY13385,O13385,2024-10-23,Debit Card,Success,51810.04
PAY13386,O13386,2024-08-01,Debit Card,Success,2545.72
PAY13387,O13387,2023-12-11,Net Banking,Failed,19289.94
PAY13388,O13388,2025-02-26,Debit Card,Success,3544.56
PAY13389,O13389,2023-06-13,Credit Card,Success,26569.57
PAY13390,O13390,2024-02-07,Credit Card,Success,1062.99
PAY13391,O13391,2024-04-29,UPI,Refunded,26298.5
PAY13392,O13392,2023-12-21,UPI,Success,45007.87
PAY13393,O13393,2024-11-05,Debit Card,Success,52508.3
PAY13394,O13394,2025-04-16,UPI,Success,78414.29
PAY13395,O13395,2023-09-24,UPI,Success,19831.58
PAY13396,O13396,2025-12-02,UPI,Success,1915.14
PAY13397,O13397,2025-09-18,Net Banking,Success,5302.08
PAY13398,O13398,2023-07-27,Credit Card,Failed,5902.07
PAY13399,O13399,2023-04-20,UPI,Success,32781.18
PAY13400,O13400,2023-03-14,COD,Success,7979.99
PAY13401,O13401,2024-02-12,Credit Card,Refunded,2146.82
PAY13402,O13402,2025-04-21,UPI,Refunded,2101.15
PAY13403,O13403,2024-12-09,Debit Card,Success,59955.91
PAY13404,O13404,2023-10-08,Credit Card,Success,9486.4
PAY13405,O13405,2023-02-22,Debit Card,Success,1088.22
PAY13406,O13406,2024-03-07,UPI,Success,1663.54
PAY13407,O13407,2024-07-04,UPI,Refunded,641.74
PAY13408,O13408,2023-11-20,Credit Card,Success,12664.24
PAY13409,O13409,2024-01-12,UPI,Success,20960.46
PAY13410,O13410,2025-05-23,Debit Card,Success,474.37
PAY13411,O13411,2024-07-02,COD,Success,3745.74
PAY13412,O13412,2025-07-28,COD,Success,3588.68
PAY13413,O13413,2024-01-12,COD,Success,3175.27
PAY13414,O13414,2023-04-21,UPI,Success,972.28
PAY13415,O13415,2024-05-06,Debit Card,Success,1686.65
PAY13416,O13416,2025-11-09,Credit Card,Success,8370.13
PAY13417,O13417,2024-07-03,COD,Success,2259.58
PAY13418,O13418,2023-08-23,Debit Card,Success,2959.46
PAY13419,O13419,2024-07-09,UPI,Success,60361.4
PAY13420,O13420,2025-08-21,UPI,Success,67430.13
PAY13421,O13421,2025-05-22,Credit Card,Refunded,23944.74
PAY13422,O13422,2023-04-19,UPI,Success,37116.95
PAY13423,O13423,2023-03-02,UPI,Success,4683.55
PAY13424,O13424,2024-01-09,COD,Success,16202.7
PAY13425,O13425,2023-04-29,UPI,Success,1509.54
PAY13426,O13426,2024-11-10,UPI,Success,19031.98
PAY13427,O13427,2023-10-14,UPI,Success,631.94
PAY13428,O13428,2023-01-19,Debit Card,Success,9885.2
PAY13429,O13429,2025-10-02,Debit Card,Success,33157.6
PAY13430,O13430,2024-08-24,UPI,Failed,2784.16
PAY13431,O13431,2025-10-12,UPI,Failed,44971.77
PAY13432,O13432,2023-04-27,UPI,Success,1385.81
PAY13433,O13433,2025-12-01,Net Banking,Success,43982.87
PAY13434,O13434,2023-05-03,UPI,Success,15959.09
PAY13435,O13435,2024-09-15,Net Banking,Success,925.93
PAY13436,O13436,2024-01-01,COD,Success,10437.13
PAY13437,O13437,2023-07-24,UPI,Success,1348.22
PAY13438,O13438,2024-05-01,Debit Card,Success,22236.15
PAY13439,O13439,2024-11-02,Credit Card,Success,8024.3
PAY13440,O13440,2025-04-26,Net Banking,Success,22389.54
PAY13441,O13441,2023-04-06,Debit Card,Success,782.9
PAY13442,O13442,2024-07-01,Credit Card,Success,43166.92
PAY13443,O13443,2025-01-25,Debit Card,Success,35441.06
PAY13444,O13444,2023-11-26,UPI,Success,927.73
PAY13445,O13445,2025-04-04,UPI,Success,5517.34
PAY13446,O13446,2024-10-22,Debit Card,Success,19945.36
PAY13447,O13447,2024-09-06,UPI,Success,70642.02
PAY13448,O13448,2023-11-06,UPI,Success,1982.97
PAY13449,O13449,2024-11-09,Debit Card,Success,14374.25
PAY13450,O13450,2023-06-17,Net Banking,Success,26537.26
PAY13451,O13451,2024-06-17,Net Banking,Success,5611.62
PAY13452,O13452,2023-07-18,COD,Success,803.5
PAY13453,O13453,2024-02-08,Credit Card,Success,125222.37
PAY13454,O13454,2025-01-15,COD,Success,60814.5
PAY13455,O13455,2023-06-22,Credit Card,Failed,17230.77
PAY13456,O13456,2023-07-05,Credit Card,Success,566.13
PAY13457,O13457,2023-01-19,UPI,Success,1112.1
PAY13458,O13458,2024-07-08,Net Banking,Success,2786.05
PAY13459,O13459,2025-08-25,Credit Card,Success,17563.15
PAY13460,O13460,2023-06-07,Debit Card,Success,14168.04
PAY13461,O13461,2025-11-12,UPI,Success,1092.95
PAY13462,O13462,2024-10-02,Credit Card,Success,636.69
PAY13463,O13463,2024-04-03,Net Banking,Success,14648.44
PAY13464,O13464,2025-10-02,Debit Card,Success,34678.89
PAY13465,O13465,2025-12-13,COD,Success,1513.08
PAY13466,O13466,2025-03-17,Credit Card,Success,499.28
PAY13467,O13467,2024-01-20,UPI,Success,403.96
PAY13468,O13468,2024-08-09,UPI,Success,39501.59
PAY13469,O13469,2025-07-19,UPI,Success,1237.22
PAY13470,O13470,2025-05-13,UPI,Success,6694.88
PAY13471,O13471,2025-11-10,Credit Card,Success,11832.97
PAY13472,O13472,2024-08-03,UPI,Success,866.28
PAY13473,O13473,2024-10-29,Net Banking,Success,420.25
PAY13474,O13474,2025-03-29,COD,Success,1224.32
PAY13475,O13475,2023-04-17,UPI,Failed,49013.71
PAY13476,O13476,2023-11-23,Debit Card,Success,11113.22
PAY13477,O13477,2025-02-25,Credit Card,Success,8919.46
PAY13478,O13478,2023-09-23,UPI,Success,1054.33
PAY13479,O13479,2023-11-20,COD,Success,6316.68
PAY13480,O13480,2023-11-13,UPI,Success,51645.18
PAY13481,O13481,2023-04-18,Debit Card,Success,12075.03
PAY13482,O13482,2024-06-24,UPI,Refunded,3940.48
PAY13483,O13483,2025-09-21,COD,Success,1034.5
PAY13484,O13484,2024-07-28,Debit Card,Success,29724.53
PAY13485,O13485,2023-08-28,COD,Success,1712.04
PAY13486,O13486,2025-10-29,UPI,Success,8041.97
PAY13487,O13487,2023-12-03,UPI,Success,45905.52
PAY13488,O13488,2023-01-03,UPI,Success,680.83
PAY13489,O13489,2023-05-01,COD,Success,5409.5
PAY13490,O13490,2025-10-29,UPI,Success,918.1
PAY13491,O13491,2023-11-09,UPI,Success,19892.75
PAY13492,O13492,2023-07-03,Credit Card,Success,1295.44
PAY13493,O13493,2025-06-08,UPI,Refunded,21722.08
PAY13494,O13494,2025-02-07,COD,Success,803.94
PAY13495,O13495,2025-10-16,UPI,Refunded,442.37
PAY13496,O13496,2023-11-28,Debit Card,Success,26844.28
PAY13497,O13497,2024-04-15,Credit Card,Success,3835.46
PAY13498,O13498,2025-04-03,UPI,Success,113904.7
PAY13499,O13499,2025-11-10,UPI,Success,690.18
PAY13500,O13500,2025-11-09,Credit Card,Success,25967.21
PAY13501,O13501,2023-05-09,UPI,Success,144203.01
PAY13502,O13502,2025-10-19,UPI,Refunded,57375.74
PAY13503,O13503,2024-12-02,UPI,Failed,83590.21
PAY13504,O13504,2023-01-18,COD,Success,45300.91
PAY13505,O13505,2024-10-16,UPI,Success,6618.56
PAY13506,O13506,2024-03-12,COD,Success,3723.38
PAY13507,O13507,2023-01-07,UPI,Success,59804.66
PAY13508,O13508,2023-10-10,COD,Success,12782.95
PAY13509,O13509,2023-01-16,Debit Card,Success,35033.73
PAY13510,O13510,2024-04-11,Credit Card,Success,1592.72
PAY13511,O13511,2024-01-21,UPI,Success,32722.94
PAY13512,O13512,2025-02-02,UPI,Success,32693.54
PAY13513,O13513,2025-05-25,Debit Card,Refunded,1506.96
PAY13514,O13514,2023-08-28,Credit Card,Success,1163.1
PAY13515,O13515,2025-07-14,Credit Card,Success,6731.98
PAY13516,O13516,2024-04-17,UPI,Success,2801.59
PAY13517,O13517,2025-10-14,Credit Card,Success,41398.95
PAY13518,O13518,2023-08-05,Credit Card,Success,27101.38
PAY13519,O13519,2025-06-19,UPI,Failed,12866.36
PAY13520,O13520,2023-03-18,Net Banking,Success,915.76
PAY13521,O13521,2024-01-20,COD,Success,50007.62
PAY13522,O13522,2025-08-06,UPI,Success,1941.09
PAY13523,O13523,2023-05-03,Credit Card,Success,3210.68
PAY13524,O13524,2025-01-13,Credit Card,Failed,18166.26
PAY13525,O13525,2023-05-27,UPI,Success,28260.08
PAY13526,O13526,2024-05-01,Credit Card,Success,35932.96
PAY13527,O13527,2025-04-16,UPI,Success,953.8
PAY13528,O13528,2024-05-21,UPI,Success,3380.11
PAY13529,O13529,2024-04-09,Net Banking,Success,25662.52
PAY13530,O13530,2023-06-01,Credit Card,Success,24494.84
PAY13531,O13531,2025-07-27,UPI,Success,6370.35
PAY13532,O13532,2025-11-25,Debit Card,Success,1008.27
PAY13533,O13533,2024-01-04,Net Banking,Success,19718.84
PAY13534,O13534,2023-06-22,UPI,Refunded,2208.93
PAY13535,O13535,2025-12-31,Debit Card,Success,742.32
PAY13536,O13536,2024-12-20,COD,Success,1137.47
PAY13537,O13537,2024-03-16,COD,Success,62005.11
PAY13538,O13538,2024-07-25,Debit Card,Success,9549.42
PAY13539,O13539,2024-11-14,COD,Refunded,69525.4
PAY13540,O13540,2023-04-23,UPI,Success,41870.98
PAY13541,O13541,2023-06-06,UPI,Refunded,2632.72
PAY13542,O13542,2024-07-06,UPI,Failed,1081.96
PAY13543,O13543,2024-12-15,UPI,Success,6557.7
PAY13544,O13544,2025-09-11,UPI,Success,19688.85
PAY13545,O13545,2025-04-28,COD,Failed,5974.22
PAY13546,O13546,2024-05-17,COD,Success,6257.67
PAY13547,O13547,2024-04-01,UPI,Success,5393.96
PAY13548,O13548,2024-02-11,Net Banking,Success,3198.39
PAY13549,O13549,2024-11-24,Credit Card,Success,465.89
PAY13550,O13550,2025-10-17,UPI,Failed,65744.95
PAY13551,O13551,2025-06-04,Debit Card,Success,31741.3
PAY13552,O13552,2025-08-23,Credit Card,Success,17645.85
PAY13553,O13553,2023-09-15,UPI,Success,448.84
PAY13554,O13554,2025-08-09,Net Banking,Success,13557.49
PAY13555,O13555,2024-01-22,Credit Card,Success,78418.54
PAY13556,O13556,2025-06-16,Debit Card,Refunded,4776.01
PAY13557,O13557,2024-09-13,Net Banking,Success,137451.59
PAY13558,O13558,2023-12-10,COD,Success,4982.95
PAY13559,O13559,2024-03-03,UPI,Success,48547.81
PAY13560,O13560,2025-04-29,UPI,Success,24173.54
PAY13561,O13561,2025-01-17,UPI,Success,10031.39
PAY13562,O13562,2023-10-22,UPI,Success,1750.14
PAY13563,O13563,2025-12-01,Net Banking,Failed,298.62
PAY13564,O13564,2025-12-09,COD,Success,22052.95
PAY13565,O13565,2025-02-21,UPI,Success,3391.79
PAY13566,O13566,2023-10-16,Net Banking,Success,888.56
PAY13567,O13567,2024-08-01,UPI,Success,6118.02
PAY13568,O13568,2023-11-19,COD,Refunded,6845.11
PAY13569,O13569,2023-11-22,UPI,Success,128208.26
PAY13570,O13570,2025-01-02,UPI,Success,2093.36
PAY13571,O13571,2025-01-06,Credit Card,Success,4598.08
PAY13572,O13572,2023-06-17,Debit Card,Success,31935.75
PAY13573,O13573,2023-03-26,UPI,Success,2202.21
PAY13574,O13574,2023-04-27,COD,Success,2233.69
PAY13575,O13575,2025-05-16,Net Banking,Success,61146.81
PAY13576,O13576,2025-12-09,UPI,Success,69687.82
PAY13577,O13577,2024-04-04,Debit Card,Success,53891.65
PAY13578,O13578,2024-01-07,UPI,Refunded,50734.64
PAY13579,O13579,2023-09-18,UPI,Success,1993.01
PAY13580,O13580,2025-03-28,COD,Failed,3931.95
PAY13581,O13581,2023-08-14,UPI,Success,2804.38
PAY13582,O13582,2024-04-28,COD,Success,25144.13
PAY13583,O13583,2023-12-14,Credit Card,Success,23213.18
PAY13584,O13584,2023-12-07,UPI,Failed,353.78
PAY13585,O13585,2024-11-29,Net Banking,Success,16486.28
PAY13586,O13586,2024-02-19,Credit Card,Success,1124.45
PAY13587,O13587,2025-10-03,Debit Card,Success,15010.6
PAY13588,O13588,2025-04-13,Credit Card,Success,11522.84
PAY13589,O13589,2025-07-05,UPI,Success,18929.98
PAY13590,O13590,2023-10-10,Credit Card,Success,79461.13
PAY13591,O13591,2024-06-23,UPI,Refunded,2555.24
PAY13592,O13592,2024-10-25,Debit Card,Refunded,1360.69
PAY13593,O13593,2023-07-20,Credit Card,Success,4241.01
PAY13594,O13594,2025-03-01,UPI,Success,3580.52
PAY13595,O13595,2023-08-16,COD,Success,25052.1
PAY13596,O13596,2025-10-03,COD,Failed,5690.14
PAY13597,O13597,2025-01-03,Debit Card,Success,14426.84
PAY13598,O13598,2025-05-19,UPI,Success,12168.11
PAY13599,O13599,2023-08-18,Debit Card,Failed,3525.99
PAY13600,O13600,2023-03-10,Credit Card,Success,22113.11
PAY13601,O13601,2023-12-05,Credit Card,Success,17627.27
PAY13602,O13602,2024-09-01,Debit Card,Success,1486.11
PAY13603,O13603,2025-10-07,Debit Card,Success,1861.69
PAY13604,O13604,2023-04-25,COD,Success,4032.15
PAY13605,O13605,2023-04-15,Net Banking,Success,1670.02
PAY13606,O13606,2024-03-03,Debit Card,Success,3599.31
PAY13607,O13607,2024-05-18,Credit Card,Success,79569.82
PAY13608,O13608,2023-08-02,Credit Card,Success,21219.63
PAY13609,O13609,2025-08-15,UPI,Success,674.78
PAY13610,O13610,2023-05-25,UPI,Success,692.05
PAY13611,O13611,2024-08-31,UPI,Success,1235.76
PAY13612,O13612,2023-03-01,Net Banking,Success,2423.52
PAY13613,O13613,2024-11-08,COD,Refunded,4308.77
PAY13614,O13614,2024-08-04,UPI,Success,5056.13
PAY13615,O13615,2023-05-05,Credit Card,Success,4725.03
PAY13616,O13616,2024-07-02,UPI,Success,4248.79
PAY13617,O13617,2023-08-25,UPI,Success,18935.28
PAY13618,O13618,2024-05-05,Debit Card,Success,4279.13
PAY13619,O13619,2023-03-18,Credit Card,Success,19634.95
PAY13620,O13620,2023-10-24,COD,Success,16595.12
PAY13621,O13621,2024-05-14,UPI,Success,12557.23
PAY13622,O13622,2024-11-18,Credit Card,Success,58904.85
PAY13623,O13623,2024-10-18,Credit Card,Success,2319.17
PAY13624,O13624,2023-12-10,Net Banking,Success,4573.38
PAY13625,O13625,2023-06-10,Credit Card,Success,1769.56
PAY13626,O13626,2025-02-20,UPI,Success,1432.56
PAY13627,O13627,2023-02-16,UPI,Success,12416.49
PAY13628,O13628,2023-12-31,UPI,Success,120086.17
PAY13629,O13629,2024-09-05,Net Banking,Refunded,172331.42
PAY13630,O13630,2025-02-24,Debit Card,Success,7468.0
PAY13631,O13631,2025-09-30,UPI,Success,1985.52
PAY13632,O13632,2025-06-05,Debit Card,Success,383.68
PAY13633,O13633,2023-06-19,UPI,Success,6590.38
PAY13634,O13634,2024-08-16,Credit Card,Success,22768.69
PAY13635,O13635,2025-04-03,UPI,Success,159134.42
PAY13636,O13636,2024-05-26,COD,Success,51805.22
PAY13637,O13637,2023-01-31,Net Banking,Failed,76501.4
PAY13638,O13638,2025-08-20,COD,Success,687.77
PAY13639,O13639,2023-06-12,UPI,Success,717.24
PAY13640,O13640,2025-09-18,COD,Success,24247.79
PAY13641,O13641,2024-07-12,UPI,Success,15448.51
PAY13642,O13642,2023-04-10,Net Banking,Success,803.5
PAY13643,O13643,2023-02-26,UPI,Success,414.09
PAY13644,O13644,2024-04-28,UPI,Success,2124.41
PAY13645,O13645,2025-05-17,COD,Success,27877.16
PAY13646,O13646,2024-10-12,UPI,Success,37367.74
PAY13647,O13647,2023-02-10,Credit Card,Success,8852.86
PAY13648,O13648,2023-04-24,UPI,Success,33046.29
PAY13649,O13649,2024-10-14,Debit Card,Success,4467.5
PAY13650,O13650,2024-02-08,Debit Card,Success,16674.29
PAY13651,O13651,2024-01-16,COD,Success,1371.88
PAY13652,O13652,2023-03-21,UPI,Failed,1929.71
PAY13653,O13653,2024-09-24,COD,Success,664.02
PAY13654,O13654,2023-08-19,Credit Card,Success,1406.06
PAY13655,O13655,2024-04-30,UPI,Success,17372.16
PAY13656,O13656,2024-11-09,UPI,Success,10208.76
PAY13657,O13657,2025-10-03,COD,Success,42427.84
PAY13658,O13658,2025-05-11,UPI,Success,1223.26
PAY13659,O13659,2025-12-06,COD,Success,38363.7
PAY13660,O13660,2024-08-13,Net Banking,Success,1947.96
PAY13661,O13661,2025-10-10,UPI,Success,1417.78
PAY13662,O13662,2023-12-17,COD,Success,23955.13
PAY13663,O13663,2024-11-05,UPI,Success,1590.07
PAY13664,O13664,2023-09-16,UPI,Success,35449.4
PAY13665,O13665,2023-02-27,Debit Card,Success,25568.54
PAY13666,O13666,2025-12-17,Debit Card,Refunded,4227.83
PAY13667,O13667,2023-09-22,UPI,Success,1256.22
PAY13668,O13668,2024-06-22,Credit Card,Success,290.0
PAY13669,O13669,2025-08-11,Credit Card,Success,11236.77
PAY13670,O13670,2024-02-28,UPI,Failed,48556.35
PAY13671,O13671,2025-12-10,Credit Card,Success,38571.09
PAY13672,O13672,2024-03-19,Credit Card,Success,415.3
PAY13673,O13673,2023-01-21,UPI,Failed,2156.77
PAY13674,O13674,2024-02-02,Debit Card,Refunded,671.25
PAY13675,O13675,2023-12-22,UPI,Success,52207.82
PAY13676,O13676,2024-01-22,Credit Card,Success,25095.21
PAY13677,O13677,2025-07-16,UPI,Refunded,40971.93
PAY13678,O13678,2024-04-23,Credit Card,Success,627.61
PAY13679,O13679,2023-01-09,COD,Success,10278.05
PAY13680,O13680,2025-01-10,Debit Card,Success,94365.24
PAY13681,O13681,2023-04-11,UPI,Success,67780.14
PAY13682,O13682,2024-11-30,COD,Success,25796.69
PAY13683,O13683,2023-05-10,UPI,Success,31900.92
PAY13684,O13684,2024-11-16,UPI,Success,10440.65
PAY13685,O13685,2025-12-27,Credit Card,Success,35214.72
PAY13686,O13686,2023-01-20,UPI,Success,486.41
PAY13687,O13687,2024-12-21,COD,Success,1849.46
PAY13688,O13688,2023-09-26,Credit Card,Failed,11946.68
PAY13689,O13689,2023-12-31,Credit Card,Success,4434.61
PAY13690,O13690,2023-11-12,UPI,Success,666.04
PAY13691,O13691,2024-04-29,COD,Success,22072.29
PAY13692,O13692,2025-09-15,Net Banking,Success,980.06
PAY13693,O13693,2023-11-08,COD,Success,4030.87
PAY13694,O13694,2025-11-30,UPI,Success,44281.54
PAY13695,O13695,2024-11-15,Debit Card,Failed,6812.72
PAY13696,O13696,2024-05-17,UPI,Success,15035.28
PAY13697,O13697,2023-01-06,UPI,Success,4769.02
PAY13698,O13698,2024-04-06,Credit Card,Failed,5761.42
PAY13699,O13699,2025-09-13,Debit Card,Success,2158.68
PAY13700,O13700,2024-02-11,UPI,Refunded,692.28
PAY13701,O13701,2023-06-21,Debit Card,Success,1249.83
PAY13702,O13702,2025-05-09,COD,Failed,836.88
PAY13703,O13703,2025-03-21,UPI,Success,2756.03
PAY13704,O13704,2024-09-01,Credit Card,Success,23327.35
PAY13705,O13705,2024-07-02,Credit Card,Success,14690.34
PAY13706,O13706,2023-07-03,COD,Success,14554.68
PAY13707,O13707,2024-04-11,COD,Success,16996.49
PAY13708,O13708,2023-12-14,COD,Success,36143.95
PAY13709,O13709,2025-06-22,Debit Card,Success,467.59
PAY13710,O13710,2024-02-29,Debit Card,Success,1143.39
PAY13711,O13711,2025-05-21,Credit Card,Success,11921.46
PAY13712,O13712,2024-09-22,UPI,Success,4710.06
PAY13713,O13713,2023-12-08,Credit Card,Success,2774.44
PAY13714,O13714,2023-09-10,COD,Failed,1496.72
PAY13715,O13715,2023-04-10,Credit Card,Success,2529.26
PAY13716,O13716,2024-05-09,Net Banking,Success,57474.05
PAY13717,O13717,2025-02-02,UPI,Success,4165.82
PAY13718,O13718,2024-08-22,Credit Card,Success,233.7
PAY13719,O13719,2025-03-06,UPI,Success,87487.79
PAY13720,O13720,2025-12-10,UPI,Success,19912.44
PAY13721,O13721,2024-08-08,COD,Success,1735.5
PAY13722,O13722,2024-12-11,COD,Success,23270.73
PAY13723,O13723,2024-02-21,UPI,Success,2512.11
PAY13724,O13724,2024-10-26,Net Banking,Refunded,1764.19
PAY13725,O13725,2025-11-05,COD,Failed,979.79
PAY13726,O13726,2023-04-20,COD,Success,45151.69
PAY13727,O13727,2023-03-30,UPI,Success,21557.2
PAY13728,O13728,2024-01-02,Credit Card,Refunded,3077.48
PAY13729,O13729,2024-10-18,UPI,Success,21697.76
PAY13730,O13730,2023-01-11,Credit Card,Success,17612.12
PAY13731,O13731,2025-06-22,UPI,Failed,56905.41
PAY13732,O13732,2024-06-14,COD,Success,25594.89
PAY13733,O13733,2025-12-04,Credit Card,Refunded,8477.44
PAY13734,O13734,2024-02-12,UPI,Failed,12108.31
PAY13735,O13735,2025-10-28,COD,Success,10154.11
PAY13736,O13736,2023-10-03,UPI,Refunded,8160.78
PAY13737,O13737,2025-01-20,Net Banking,Success,50179.9
PAY13738,O13738,2025-09-22,UPI,Success,5989.66
PAY13739,O13739,2025-06-08,Debit Card,Success,5447.63
PAY13740,O13740,2024-02-07,Debit Card,Failed,47376.71
PAY13741,O13741,2024-01-03,COD,Success,285.27
PAY13742,O13742,2024-12-03,Credit Card,Refunded,53458.61
PAY13743,O13743,2025-11-05,UPI,Success,52191.7
PAY13744,O13744,2025-07-17,UPI,Success,30765.87
PAY13745,O13745,2025-05-18,Net Banking,Success,8247.41
PAY13746,O13746,2024-11-19,Credit Card,Success,3854.82
PAY13747,O13747,2024-08-26,COD,Success,25103.88
PAY13748,O13748,2025-09-08,Debit Card,Failed,4051.33
PAY13749,O13749,2025-01-05,Debit Card,Success,7691.5
PAY13750,O13750,2023-05-16,Net Banking,Success,1473.57
PAY13751,O13751,2025-06-02,Credit Card,Success,12291.71
PAY13752,O13752,2023-05-18,Debit Card,Success,1100.58
PAY13753,O13753,2024-02-26,COD,Failed,265.7
PAY13754,O13754,2023-01-24,UPI,Success,117456.52
PAY13755,O13755,2024-05-28,Net Banking,Failed,1924.34
PAY13756,O13756,2025-10-11,UPI,Success,78669.24
PAY13757,O13757,2023-11-28,Debit Card,Success,42137.92
PAY13758,O13758,2024-04-03,Net Banking,Refunded,3778.08
PAY13759,O13759,2024-02-22,COD,Failed,26699.43
PAY13760,O13760,2025-01-12,UPI,Success,6035.49
PAY13761,O13761,2023-03-20,UPI,Success,990.33
PAY13762,O13762,2025-12-21,Credit Card,Failed,1661.64
PAY13763,O13763,2024-11-16,Credit Card,Success,59851.68
PAY13764,O13764,2023-06-24,Debit Card,Success,19179.6
PAY13765,O13765,2024-03-23,COD,Success,51473.84
PAY13766,O13766,2023-01-23,COD,Success,12716.16
PAY13767,O13767,2025-07-25,UPI,Success,2479.91
PAY13768,O13768,2024-06-09,UPI,Success,52744.8
PAY13769,O13769,2025-08-27,UPI,Failed,22115.5
PAY13770,O13770,2025-06-18,UPI,Refunded,448.92
PAY13771,O13771,2023-04-11,Credit Card,Success,10249.92
PAY13772,O13772,2025-04-21,UPI,Success,10341.92
PAY13773,O13773,2025-02-15,Credit Card,Success,11523.87
PAY13774,O13774,2023-07-04,UPI,Success,27897.31
PAY13775,O13775,2023-10-06,Credit Card,Refunded,38692.31
PAY13776,O13776,2023-10-26,Credit Card,Success,52934.46
PAY13777,O13777,2023-10-09,COD,Success,6760.78
PAY13778,O13778,2024-01-24,COD,Success,55342.11
PAY13779,O13779,2023-08-14,Credit Card,Success,1067.79
PAY13780,O13780,2024-02-04,Credit Card,Success,66482.93
PAY13781,O13781,2025-05-06,UPI,Success,917.94
PAY13782,O13782,2023-06-06,UPI,Success,8935.0
PAY13783,O13783,2024-10-14,COD,Failed,103336.94
PAY13784,O13784,2025-12-05,COD,Success,32668.97
PAY13785,O13785,2024-12-11,UPI,Success,4814.98
PAY13786,O13786,2023-08-17,COD,Success,1081.62
PAY13787,O13787,2023-10-29,Debit Card,Success,12443.33
PAY13788,O13788,2024-07-23,COD,Success,14402.81
PAY13789,O13789,2023-05-22,Credit Card,Success,31636.89
PAY13790,O13790,2024-03-02,UPI,Failed,10414.49
PAY13791,O13791,2024-04-20,UPI,Success,6639.0
PAY13792,O13792,2024-06-20,Credit Card,Success,48157.33
PAY13793,O13793,2025-12-04,Debit Card,Success,1627.22
PAY13794,O13794,2025-06-23,COD,Refunded,81827.32
PAY13795,O13795,2025-05-11,Debit Card,Success,4887.64
PAY13796,O13796,2023-08-30,Credit Card,Success,3832.26
PAY13797,O13797,2024-01-31,Debit Card,Success,8543.93
PAY13798,O13798,2025-12-27,UPI,Success,21484.76
PAY13799,O13799,2023-10-05,Net Banking,Success,5969.07
PAY13800,O13800,2024-08-23,UPI,Failed,6363.36
PAY13801,O13801,2025-07-13,Debit Card,Refunded,53522.65
PAY13802,O13802,2025-05-09,UPI,Success,6532.05
PAY13803,O13803,2024-07-06,UPI,Success,149127.11
PAY13804,O13804,2025-06-09,Debit Card,Success,67400.99
PAY13805,O13805,2025-01-07,Debit Card,Failed,54487.76
PAY13806,O13806,2023-02-17,UPI,Success,7366.26
PAY13807,O13807,2023-10-11,Debit Card,Refunded,7987.72
PAY13808,O13808,2025-01-12,UPI,Success,5324.42
PAY13809,O13809,2025-08-04,Net Banking,Success,10495.37
PAY13810,O13810,2024-08-06,Debit Card,Success,25883.86
PAY13811,O13811,2025-09-12,UPI,Success,49311.33
PAY13812,O13812,2025-05-29,UPI,Success,36846.89
PAY13813,O13813,2023-08-21,UPI,Success,5779.37
PAY13814,O13814,2025-01-14,UPI,Success,38046.26
PAY13815,O13815,2025-02-24,Credit Card,Refunded,583.74
PAY13816,O13816,2025-02-05,UPI,Success,11656.68
PAY13817,O13817,2024-12-11,Credit Card,Success,38238.17
PAY13818,O13818,2023-01-08,UPI,Failed,1654.61
PAY13819,O13819,2025-11-01,Debit Card,Failed,59752.45
PAY13820,O13820,2024-10-04,Credit Card,Success,1385.81
PAY13821,O13821,2023-04-23,Debit Card,Success,5244.53
PAY13822,O13822,2023-03-23,Net Banking,Success,451.39
PAY13823,O13823,2024-03-30,Credit Card,Success,292.12
PAY13824,O13824,2023-02-18,UPI,Failed,760.93
PAY13825,O13825,2023-04-02,Net Banking,Success,53065.98
PAY13826,O13826,2024-11-26,UPI,Success,33930.61
PAY13827,O13827,2023-03-19,COD,Success,1481.54
PAY13828,O13828,2023-09-20,UPI,Success,102795.19
PAY13829,O13829,2024-02-07,Debit Card,Success,2763.13
PAY13830,O13830,2025-09-28,Credit Card,Success,631.96
PAY13831,O13831,2023-08-05,COD,Success,1131.39
PAY13832,O13832,2023-02-06,Debit Card,Success,1017.51
PAY13833,O13833,2025-06-21,UPI,Success,116342.28
PAY13834,O13834,2025-06-05,Debit Card,Success,2669.78
PAY13835,O13835,2023-11-18,UPI,Success,6802.52
PAY13836,O13836,2024-04-15,UPI,Refunded,1538.5
PAY13837,O13837,2023-02-15,UPI,Success,4077.54
PAY13838,O13838,2025-05-28,UPI,Failed,66048.64
PAY13839,O13839,2025-06-22,Debit Card,Refunded,4184.82
PAY13840,O13840,2023-12-13,Net Banking,Success,39419.83
PAY13841,O13841,2025-05-05,Debit Card,Refunded,63332.36
PAY13842,O13842,2025-08-20,Debit Card,Success,1509.98
PAY13843,O13843,2025-03-22,COD,Refunded,4974.95
PAY13844,O13844,2023-11-25,COD,Failed,5287.13
PAY13845,O13845,2024-05-28,UPI,Failed,15683.5
PAY13846,O13846,2023-03-21,Debit Card,Success,30946.32
PAY13847,O13847,2023-09-20,UPI,Failed,69588.65
PAY13848,O13848,2024-08-24,Credit Card,Refunded,34716.87
PAY13849,O13849,2024-07-10,UPI,Success,9190.87
PAY13850,O13850,2023-09-23,UPI,Success,6369.07
PAY13851,O13851,2025-10-16,UPI,Success,5023.67
PAY13852,O13852,2025-01-27,Net Banking,Success,2763.58
PAY13853,O13853,2024-01-29,UPI,Success,1093.71
PAY13854,O13854,2023-01-03,Debit Card,Success,37067.9
PAY13855,O13855,2024-05-11,COD,Refunded,50538.46
PAY13856,O13856,2025-01-09,Credit Card,Success,128775.53
PAY13857,O13857,2025-01-15,Debit Card,Success,11047.76
PAY13858,O13858,2024-09-26,UPI,Success,38722.1
PAY13859,O13859,2025-09-08,Credit Card,Success,568.58
PAY13860,O13860,2024-06-18,Net Banking,Success,31073.2
PAY13861,O13861,2024-02-26,UPI,Success,39251.95
PAY13862,O13862,2024-06-11,UPI,Success,149709.75
PAY13863,O13863,2024-04-16,UPI,Success,632.74
PAY13864,O13864,2025-01-27,Credit Card,Success,4075.33
PAY13865,O13865,2023-10-19,COD,Success,7953.86
PAY13866,O13866,2024-09-25,Net Banking,Success,2373.18
PAY13867,O13867,2025-09-29,UPI,Success,119527.42
PAY13868,O13868,2024-05-07,UPI,Success,22702.37
PAY13869,O13869,2025-05-19,UPI,Success,27068.39
PAY13870,O13870,2025-05-06,Net Banking,Success,20981.03
PAY13871,O13871,2024-04-08,UPI,Success,987.27
PAY13872,O13872,2024-05-12,UPI,Success,809.14
PAY13873,O13873,2023-01-28,Debit Card,Success,12833.32
PAY13874,O13874,2025-02-04,UPI,Success,10633.64
PAY13875,O13875,2025-09-05,UPI,Success,44698.32
PAY13876,O13876,2023-01-31,UPI,Success,7836.63
PAY13877,O13877,2024-02-01,Net Banking,Success,4202.14
PAY13878,O13878,2025-05-01,UPI,Success,1939.66
PAY13879,O13879,2023-12-01,UPI,Failed,509.0
PAY13880,O13880,2023-05-28,Debit Card,Success,41428.72
PAY13881,O13881,2024-07-27,UPI,Success,10291.56
PAY13882,O13882,2025-03-14,Debit Card,Refunded,4248.79
PAY13883,O13883,2023-07-14,Credit Card,Success,4461.81
PAY13884,O13884,2024-04-27,UPI,Success,12032.79
PAY13885,O13885,2023-05-09,Credit Card,Success,6760.22
PAY13886,O13886,2023-08-14,Net Banking,Failed,892.78
PAY13887,O13887,2025-02-25,COD,Refunded,25759.23
PAY13888,O13888,2024-07-18,Net Banking,Success,1071.23
PAY13889,O13889,2024-07-11,Net Banking,Success,486.41
PAY13890,O13890,2023-06-05,COD,Refunded,8184.73
PAY13891,O13891,2023-02-09,UPI,Failed,2111.29
PAY13892,O13892,2024-08-26,Debit Card,Failed,2340.7
PAY13893,O13893,2025-09-08,Credit Card,Success,3281.08
PAY13894,O13894,2023-01-14,Credit Card,Success,47263.46
PAY13895,O13895,2023-12-17,COD,Success,6192.05
PAY13896,O13896,2024-02-11,UPI,Success,10337.88
PAY13897,O13897,2025-03-20,UPI,Success,749.92
PAY13898,O13898,2023-08-14,Net Banking,Success,108293.45
PAY13899,O13899,2025-05-15,Debit Card,Success,1804.15
PAY13900,O13900,2023-11-01,UPI,Failed,9083.73
PAY13901,O13901,2025-12-05,UPI,Success,126317.28
PAY13902,O13902,2023-08-08,Credit Card,Success,9259.42
PAY13903,O13903,2023-03-21,COD,Success,15752.28
PAY13904,O13904,2025-04-06,COD,Success,15208.07
PAY13905,O13905,2023-10-07,Credit Card,Success,7747.26
PAY13906,O13906,2024-06-13,UPI,Success,1664.28
PAY13907,O13907,2024-04-27,COD,Failed,2971.57
PAY13908,O13908,2025-03-06,Net Banking,Success,62754.23
PAY13909,O13909,2024-11-10,Credit Card,Success,2105.69
PAY13910,O13910,2025-12-31,UPI,Success,46885.57
PAY13911,O13911,2024-12-31,Debit Card,Success,10339.03
PAY13912,O13912,2025-01-21,UPI,Refunded,694.2
PAY13913,O13913,2024-07-07,Debit Card,Success,11823.4
PAY13914,O13914,2023-02-20,UPI,Success,14724.66
PAY13915,O13915,2025-07-23,Credit Card,Success,4330.32
PAY13916,O13916,2024-02-06,Debit Card,Success,14393.48
PAY13917,O13917,2025-01-25,Credit Card,Success,28242.38
PAY13918,O13918,2025-06-14,COD,Success,938.0
PAY13919,O13919,2023-03-09,UPI,Success,21878.98
PAY13920,O13920,2024-09-19,UPI,Success,103062.08
PAY13921,O13921,2025-07-27,Credit Card,Failed,15195.62
PAY13922,O13922,2023-09-27,Net Banking,Success,22185.45
PAY13923,O13923,2024-02-22,COD,Failed,37209.66
PAY13924,O13924,2024-06-06,UPI,Success,36113.97
PAY13925,O13925,2024-05-14,UPI,Success,4548.65
PAY13926,O13926,2024-02-05,Credit Card,Refunded,28287.33
PAY13927,O13927,2024-07-21,Debit Card,Success,4162.64
PAY13928,O13928,2025-04-19,Net Banking,Success,31533.75
PAY13929,O13929,2023-11-02,Debit Card,Success,14910.55
PAY13930,O13930,2025-12-20,COD,Success,321.76
PAY13931,O13931,2025-07-22,Debit Card,Success,1502.15
PAY13932,O13932,2023-09-20,UPI,Success,53279.98
PAY13933,O13933,2024-03-25,COD,Success,2939.38
PAY13934,O13934,2025-05-26,UPI,Success,1126.89
PAY13935,O13935,2023-02-03,UPI,Success,3168.19
PAY13936,O13936,2025-03-31,COD,Success,2737.23
PAY13937,O13937,2023-03-12,Net Banking,Success,14296.4
PAY13938,O13938,2023-03-26,UPI,Success,13423.97
PAY13939,O13939,2025-02-09,Credit Card,Success,6536.4
PAY13940,O13940,2025-03-23,Credit Card,Success,15072.59
PAY13941,O13941,2024-04-16,Credit Card,Failed,1172.74
PAY13942,O13942,2025-10-26,Debit Card,Success,3738.62
PAY13943,O13943,2024-08-11,COD,Success,2485.86
PAY13944,O13944,2023-05-28,Net Banking,Success,5871.76
PAY13945,O13945,2023-05-02,COD,Refunded,1496.72
PAY13946,O13946,2025-11-05,UPI,Success,54399.87
PAY13947,O13947,2024-05-21,UPI,Success,307.23
PAY13948,O13948,2024-11-21,Debit Card,Refunded,10578.24
PAY13949,O13949,2024-06-17,Debit Card,Success,34877.34
PAY13950,O13950,2023-11-13,UPI,Success,12935.14
PAY13951,O13951,2023-05-29,UPI,Success,43859.86
PAY13952,O13952,2024-05-20,UPI,Success,1063.85
PAY13953,O13953,2025-02-17,Credit Card,Success,61812.96
PAY13954,O13954,2024-05-11,UPI,Success,943.35
PAY13955,O13955,2025-07-04,Credit Card,Success,2188.79
PAY13956,O13956,2024-03-10,Credit Card,Failed,933.21
PAY13957,O13957,2024-08-16,Credit Card,Success,1613.98
PAY13958,O13958,2023-09-23,Debit Card,Failed,33278.3
PAY13959,O13959,2024-11-28,Credit Card,Success,1957.78
PAY13960,O13960,2024-08-23,Credit Card,Success,49205.3
PAY13961,O13961,2024-02-09,Debit Card,Success,34470.44
PAY13962,O13962,2023-09-22,UPI,Success,17570.88
PAY13963,O13963,2024-10-20,Credit Card,Success,115091.09
PAY13964,O13964,2025-03-09,UPI,Success,27202.89
PAY13965,O13965,2023-08-17,UPI,Success,525.82
PAY13966,O13966,2025-09-22,UPI,Success,100260.58
PAY13967,O13967,2025-07-06,UPI,Failed,22351.4
PAY13968,O13968,2024-01-09,Credit Card,Success,18696.07
PAY13969,O13969,2023-12-29,Credit Card,Success,102614.04
PAY13970,O13970,2025-02-03,COD,Failed,2292.92
PAY13971,O13971,2023-12-02,Debit Card,Success,37542.62
PAY13972,O13972,2023-08-04,Credit Card,Failed,856.22
PAY13973,O13973,2023-06-28,UPI,Success,41510.1
PAY13974,O13974,2025-11-21,UPI,Success,11073.85
PAY13975,O13975,2025-05-07,Debit Card,Failed,1115.11
PAY13976,O13976,2024-10-03,UPI,Success,770.18
PAY13977,O13977,2024-01-04,Credit Card,Success,9163.92
PAY13978,O13978,2023-08-17,Debit Card,Failed,56992.24
PAY13979,O13979,2023-04-28,UPI,Success,200116.87
PAY13980,O13980,2024-04-03,Credit Card,Success,25845.39
PAY13981,O13981,2023-11-20,UPI,Success,89122.3
PAY13982,O13982,2025-05-21,Debit Card,Success,1218.35
PAY13983,O13983,2024-03-01,UPI,Success,29349.6
PAY13984,O13984,2023-07-04,UPI,Success,752.53
PAY13985,O13985,2024-05-31,COD,Success,1901.39
PAY13986,O13986,2025-10-11,Credit Card,Failed,2790.65
PAY13987,O13987,2024-01-06,UPI,Success,420.25
PAY13988,O13988,2023-10-25,Debit Card,Refunded,42569.66
PAY13989,O13989,2025-09-21,UPI,Success,4337.53
PAY13990,O13990,2025-12-14,UPI,Failed,13471.45
PAY13991,O13991,2023-10-30,COD,Success,104301.75
PAY13992,O13992,2024-10-31,Credit Card,Success,12307.86
PAY13993,O13993,2023-09-14,UPI,Success,29204.26
PAY13994,O13994,2024-11-12,Net Banking,Success,1441.27
PAY13995,O13995,2024-01-17,UPI,Refunded,2349.59
PAY13996,O13996,2024-06-07,UPI,Success,36180.68
PAY13997,O13997,2025-10-01,UPI,Success,44561.15
PAY13998,O13998,2024-11-20,UPI,Success,54217.91
PAY13999,O13999,2023-05-03,UPI,Success,5182.23
PAY14000,O14000,2024-04-25,Debit Card,Success,12411.5
PAY14001,O14001,2024-07-14,Debit Card,Success,24642.67
PAY14002,O14002,2024-04-13,COD,Success,1077.24
PAY14003,O14003,2023-07-02,Credit Card,Success,43855.21
PAY14004,O14004,2024-01-27,Credit Card,Success,17275.63
PAY14005,O14005,2025-01-23,Credit Card,Success,4496.23
PAY14006,O14006,2023-09-15,COD,Success,42463.4
PAY14007,O14007,2023-08-02,UPI,Refunded,11601.98
PAY14008,O14008,2025-06-18,COD,Success,5289.36
PAY14009,O14009,2023-08-10,UPI,Success,15299.54
PAY14010,O14010,2024-06-24,UPI,Success,4685.17
PAY14011,O14011,2024-02-29,UPI,Success,4093.94
PAY14012,O14012,2024-12-29,Credit Card,Success,3236.93
PAY14013,O14013,2023-07-18,Net Banking,Success,25271.41
PAY14014,O14014,2023-05-09,UPI,Success,1246.3
PAY14015,O14015,2023-06-11,Credit Card,Success,28863.36
PAY14016,O14016,2025-11-23,UPI,Failed,17334.76
PAY14017,O14017,2023-01-12,Debit Card,Success,5435.09
PAY14018,O14018,2024-05-22,Credit Card,Success,3476.7
PAY14019,O14019,2023-07-09,Debit Card,Refunded,43288.91
PAY14020,O14020,2025-04-21,COD,Success,44935.87
PAY14021,O14021,2023-09-04,UPI,Success,4212.7
PAY14022,O14022,2024-01-30,Net Banking,Failed,12738.14
PAY14023,O14023,2025-02-14,Credit Card,Success,44116.72
PAY14024,O14024,2025-08-12,Net Banking,Success,6835.67
PAY14025,O14025,2025-12-30,UPI,Success,2733.22
PAY14026,O14026,2025-03-25,COD,Success,8123.21
PAY14027,O14027,2023-04-18,UPI,Success,1061.1
PAY14028,O14028,2025-10-01,Debit Card,Failed,3236.93
PAY14029,O14029,2025-04-16,Net Banking,Success,73378.32
PAY14030,O14030,2023-12-26,COD,Success,15590.17
PAY14031,O14031,2025-07-13,Credit Card,Success,2593.23
PAY14032,O14032,2023-05-31,UPI,Success,25574.89
PAY14033,O14033,2025-07-20,Debit Card,Success,8410.22
PAY14034,O14034,2023-04-11,Debit Card,Success,13991.18
PAY14035,O14035,2024-10-17,Credit Card,Success,58249.73
PAY14036,O14036,2025-03-23,COD,Success,59924.58
PAY14037,O14037,2024-04-07,UPI,Failed,4557.36
PAY14038,O14038,2025-06-09,Credit Card,Success,8546.11
PAY14039,O14039,2024-08-21,Credit Card,Failed,3623.12
PAY14040,O14040,2023-10-29,UPI,Success,1277.7
PAY14041,O14041,2025-01-22,UPI,Success,96292.62
PAY14042,O14042,2023-07-01,Debit Card,Success,43868.18
PAY14043,O14043,2025-10-20,UPI,Success,932.99
PAY14044,O14044,2024-11-17,COD,Refunded,6902.55
PAY14045,O14045,2023-07-13,Net Banking,Success,6520.36
PAY14046,O14046,2023-04-05,UPI,Success,1439.63
PAY14047,O14047,2025-06-19,COD,Success,86335.23
PAY14048,O14048,2025-08-31,Credit Card,Success,9828.42
PAY14049,O14049,2024-11-03,Credit Card,Success,56276.65
PAY14050,O14050,2024-03-10,Debit Card,Success,6068.65
PAY14051,O14051,2023-11-28,COD,Success,298.62
PAY14052,O14052,2024-06-11,Net Banking,Refunded,64077.47
PAY14053,O14053,2023-01-22,Debit Card,Success,1149.02
PAY14054,O14054,2023-01-21,Debit Card,Refunded,65956.82
PAY14055,O14055,2023-11-12,Debit Card,Success,50444.39
PAY14056,O14056,2024-09-10,Credit Card,Success,1257.77
PAY14057,O14057,2025-01-15,UPI,Success,85647.48
PAY14058,O14058,2025-12-26,UPI,Success,2600.83
PAY14059,O14059,2023-05-30,UPI,Success,41005.68
PAY14060,O14060,2023-10-10,Debit Card,Success,1542.85
PAY14061,O14061,2025-12-15,UPI,Success,979.52
PAY14062,O14062,2023-04-24,Credit Card,Success,3591.46
PAY14063,O14063,2025-12-05,UPI,Success,69665.31
PAY14064,O14064,2024-03-23,COD,Failed,2807.84
PAY14065,O14065,2025-12-29,Debit Card,Success,1218.75
PAY14066,O14066,2023-07-02,Credit Card,Success,4467.38
PAY14067,O14067,2025-09-09,Credit Card,Success,3823.62
PAY14068,O14068,2023-11-07,Net Banking,Success,428.82
PAY14069,O14069,2025-08-07,COD,Success,1744.39
PAY14070,O14070,2023-12-09,COD,Failed,884.51
PAY14071,O14071,2024-08-30,UPI,Success,1036.66
PAY14072,O14072,2025-09-30,UPI,Success,3494.04
PAY14073,O14073,2024-07-03,UPI,Success,6814.79
PAY14074,O14074,2023-02-04,Debit Card,Success,48330.44
PAY14075,O14075,2024-01-25,Debit Card,Success,574.51
PAY14076,O14076,2025-07-23,Debit Card,Success,40404.35
PAY14077,O14077,2023-10-18,UPI,Success,79069.92
PAY14078,O14078,2025-08-30,UPI,Success,1709.74
PAY14079,O14079,2024-07-21,Debit Card,Success,1794.34
PAY14080,O14080,2024-06-18,UPI,Success,665.22
PAY14081,O14081,2025-02-04,UPI,Success,658.87
PAY14082,O14082,2024-07-09,Credit Card,Success,3089.1
PAY14083,O14083,2025-11-19,COD,Success,121657.12
PAY14084,O14084,2024-07-31,Debit Card,Failed,2468.56
PAY14085,O14085,2025-03-26,UPI,Success,10480.23
PAY14086,O14086,2023-11-11,UPI,Success,16525.58
PAY14087,O14087,2025-09-07,Debit Card,Success,53458.61
PAY14088,O14088,2025-03-21,Net Banking,Success,2699.0
PAY14089,O14089,2024-11-15,COD,Failed,3521.76
PAY14090,O14090,2024-10-14,UPI,Success,24014.31
PAY14091,O14091,2024-07-08,UPI,Success,34908.3
PAY14092,O14092,2025-02-19,Credit Card,Success,6317.06
PAY14093,O14093,2024-05-20,Credit Card,Success,49817.05
PAY14094,O14094,2025-01-02,UPI,Refunded,12444.47
PAY14095,O14095,2024-02-09,Debit Card,Success,20594.02
PAY14096,O14096,2024-12-14,UPI,Success,941.41
PAY14097,O14097,2023-06-03,UPI,Success,35334.04
PAY14098,O14098,2023-08-04,COD,Success,1749.09
PAY14099,O14099,2025-12-09,Debit Card,Success,1539.79
PAY14100,O14100,2024-05-14,Debit Card,Failed,31932.35
PAY14101,O14101,2023-12-09,Net Banking,Failed,6579.05
PAY14102,O14102,2025-02-20,UPI,Success,11790.92
PAY14103,O14103,2024-02-29,Debit Card,Success,10204.15
PAY14104,O14104,2023-09-03,UPI,Refunded,5850.73
PAY14105,O14105,2024-07-07,UPI,Success,1654.52
PAY14106,O14106,2025-06-27,Credit Card,Success,36946.16
PAY14107,O14107,2024-06-10,UPI,Success,1722.85
PAY14108,O14108,2024-12-17,Credit Card,Success,1410.97
PAY14109,O14109,2023-07-20,UPI,Refunded,42478.89
PAY14110,O14110,2025-10-07,Debit Card,Success,4103.94
PAY14111,O14111,2023-10-08,UPI,Success,262.91
PAY14112,O14112,2025-12-24,UPI,Success,14676.08
PAY14113,O14113,2025-02-24,COD,Success,66707.12
PAY14114,O14114,2025-09-19,Credit Card,Success,44388.58
PAY14115,O14115,2023-02-24,Credit Card,Success,46182.32
PAY14116,O14116,2025-11-18,UPI,Success,3770.44
PAY14117,O14117,2024-01-09,UPI,Success,5941.71
PAY14118,O14118,2023-02-07,Credit Card,Success,11716.97
PAY14119,O14119,2025-08-22,Debit Card,Refunded,311.78
PAY14120,O14120,2024-09-03,COD,Success,2282.91
PAY14121,O14121,2025-08-05,COD,Success,4210.64
PAY14122,O14122,2024-11-18,UPI,Success,361.11
PAY14123,O14123,2024-12-20,UPI,Success,29367.01
PAY14124,O14124,2024-09-11,UPI,Success,86527.61
PAY14125,O14125,2024-09-05,UPI,Success,3859.42
PAY14126,O14126,2024-09-15,Credit Card,Success,654.23
PAY14127,O14127,2024-03-29,UPI,Success,19302.4
PAY14128,O14128,2023-06-28,Debit Card,Success,1132.51
PAY14129,O14129,2025-11-03,UPI,Success,695.85
PAY14130,O14130,2024-11-13,COD,Refunded,146333.53
PAY14131,O14131,2023-02-05,Debit Card,Success,10387.27
PAY14132,O14132,2024-12-11,Net Banking,Success,1508.51
PAY14133,O14133,2024-05-24,Net Banking,Success,3955.3
PAY14134,O14134,2023-07-09,Debit Card,Failed,1567.12
PAY14135,O14135,2025-01-20,UPI,Success,25619.18
PAY14136,O14136,2023-11-25,UPI,Success,221.5
PAY14137,O14137,2024-12-19,UPI,Success,18663.32
PAY14138,O14138,2023-10-20,Credit Card,Success,9251.35
PAY14139,O14139,2023-04-09,Credit Card,Success,27617.07
PAY14140,O14140,2024-05-08,Debit Card,Success,2697.64
PAY14141,O14141,2025-03-12,UPI,Success,45034.46
PAY14142,O14142,2023-04-27,Debit Card,Success,440.52
PAY14143,O14143,2023-11-07,UPI,Success,5200.53
PAY14144,O14144,2024-07-05,COD,Success,1812.74
PAY14145,O14145,2025-03-18,UPI,Success,25907.43
PAY14146,O14146,2024-08-08,Credit Card,Success,79789.16
PAY14147,O14147,2023-04-23,Credit Card,Success,10481.7
PAY14148,O14148,2024-07-30,Credit Card,Success,54155.84
PAY14149,O14149,2023-12-24,UPI,Success,915.61
PAY14150,O14150,2023-11-11,Net Banking,Success,1636.39
PAY14151,O14151,2023-07-13,Credit Card,Success,25358.82
PAY14152,O14152,2024-06-09,Credit Card,Success,10773.78
PAY14153,O14153,2025-09-06,UPI,Success,99178.03
PAY14154,O14154,2024-09-04,COD,Success,87396.13
PAY14155,O14155,2025-04-01,UPI,Refunded,3841.75
PAY14156,O14156,2025-07-15,UPI,Success,13607.2
PAY14157,O14157,2024-10-13,Credit Card,Success,11746.99
PAY14158,O14158,2023-07-24,Net Banking,Success,2187.41
PAY14159,O14159,2024-02-09,UPI,Failed,30912.64
PAY14160,O14160,2023-08-10,UPI,Failed,21288.31
PAY14161,O14161,2023-10-29,Debit Card,Refunded,15267.83
PAY14162,O14162,2025-10-07,Debit Card,Failed,777.72
PAY14163,O14163,2025-07-10,COD,Success,55758.45
PAY14164,O14164,2024-03-03,Credit Card,Success,47343.01
PAY14165,O14165,2024-09-27,Credit Card,Success,1568.17
PAY14166,O14166,2025-08-03,Credit Card,Success,8515.99
PAY14167,O14167,2025-09-06,Credit Card,Success,4154.64
PAY14168,O14168,2023-08-22,Net Banking,Success,27740.63
PAY14169,O14169,2023-03-31,Credit Card,Refunded,3108.0
PAY14170,O14170,2025-09-30,UPI,Refunded,23768.55
PAY14171,O14171,2025-01-29,UPI,Success,780.98
PAY14172,O14172,2024-10-22,Net Banking,Success,31414.68
PAY14173,O14173,2025-01-24,Credit Card,Failed,6111.64
PAY14174,O14174,2024-03-27,UPI,Success,105700.63
PAY14175,O14175,2025-07-20,UPI,Success,1131.39
PAY14176,O14176,2023-02-17,UPI,Success,2221.48
PAY14177,O14177,2023-08-11,Debit Card,Success,72459.05
PAY14178,O14178,2024-12-14,Debit Card,Success,754.99
PAY14179,O14179,2024-04-10,UPI,Failed,4141.58
PAY14180,O14180,2025-12-20,COD,Success,11704.22
PAY14181,O14181,2023-01-19,Debit Card,Success,5684.87
PAY14182,O14182,2024-11-10,Debit Card,Success,313.24
PAY14183,O14183,2024-04-16,Debit Card,Success,25052.1
PAY14184,O14184,2025-09-16,COD,Success,15607.88
PAY14185,O14185,2025-04-08,Credit Card,Success,12356.29
PAY14186,O14186,2024-06-25,Credit Card,Success,1155.3
PAY14187,O14187,2023-07-25,UPI,Failed,17468.31
PAY14188,O14188,2024-04-26,Credit Card,Success,1484.64
PAY14189,O14189,2023-03-15,Credit Card,Failed,41817.21
PAY14190,O14190,2024-08-05,Net Banking,Success,3755.07
PAY14191,O14191,2024-12-19,UPI,Success,2326.21
PAY14192,O14192,2024-06-27,Debit Card,Success,49610.04
PAY14193,O14193,2024-10-18,UPI,Refunded,3732.15
PAY14194,O14194,2025-01-28,Net Banking,Success,4101.62
PAY14195,O14195,2025-02-18,Credit Card,Success,2389.55
PAY14196,O14196,2025-02-11,Credit Card,Success,5030.45
PAY14197,O14197,2023-03-10,UPI,Failed,7135.7
PAY14198,O14198,2025-05-03,UPI,Success,1833.25
PAY14199,O14199,2024-01-07,Debit Card,Refunded,816.31
PAY14200,O14200,2023-12-30,Debit Card,Failed,1115.16
PAY14201,O14201,2024-02-05,COD,Success,9402.22
PAY14202,O14202,2025-04-30,Credit Card,Success,292.12
PAY14203,O14203,2023-09-17,UPI,Success,25180.8
PAY14204,O14204,2025-12-06,Debit Card,Success,44649.04
PAY14205,O14205,2025-06-18,COD,Success,4982.95
PAY14206,O14206,2023-11-12,Net Banking,Success,2694.93
PAY14207,O14207,2025-06-26,Debit Card,Failed,740.2
PAY14208,O14208,2025-07-28,UPI,Success,20674.89
PAY14209,O14209,2023-08-19,Credit Card,Success,11114.55
PAY14210,O14210,2025-01-21,Credit Card,Success,57196.23
PAY14211,O14211,2023-04-28,Credit Card,Failed,7371.98
PAY14212,O14212,2023-05-06,UPI,Success,3536.27
PAY14213,O14213,2025-09-14,UPI,Success,14216.94
PAY14214,O14214,2023-05-12,Credit Card,Success,52790.69
PAY14215,O14215,2023-12-12,COD,Success,3421.45
PAY14216,O14216,2023-03-25,UPI,Success,23550.76
PAY14217,O14217,2023-02-13,UPI,Success,20846.83
PAY14218,O14218,2024-03-12,Debit Card,Failed,1982.89
PAY14219,O14219,2023-02-19,Debit Card,Failed,1852.91
PAY14220,O14220,2025-12-03,Credit Card,Failed,442.94
PAY14221,O14221,2023-07-04,UPI,Success,14144.34
PAY14222,O14222,2024-02-07,Credit Card,Success,270.24
PAY14223,O14223,2025-08-29,COD,Success,58934.11
PAY14224,O14224,2024-05-17,UPI,Success,1030.81
PAY14225,O14225,2024-01-03,UPI,Failed,5111.31
PAY14226,O14226,2023-09-19,COD,Success,7994.98
PAY14227,O14227,2025-12-25,Credit Card,Refunded,27174.59
PAY14228,O14228,2024-11-22,Debit Card,Success,28088.99
PAY14229,O14229,2024-05-16,Debit Card,Success,15151.7
PAY14230,O14230,2025-12-21,UPI,Success,21580.56
PAY14231,O14231,2023-12-23,UPI,Failed,37580.58
PAY14232,O14232,2024-10-08,UPI,Success,2472.33
PAY14233,O14233,2025-05-05,UPI,Success,53681.66
PAY14234,O14234,2024-02-09,UPI,Success,6324.64
PAY14235,O14235,2023-01-18,Net Banking,Success,11790.92
PAY14236,O14236,2024-01-05,UPI,Success,5995.83
PAY14237,O14237,2023-08-09,UPI,Success,4211.66
PAY14238,O14238,2023-09-30,UPI,Success,7526.05
PAY14239,O14239,2025-08-24,UPI,Success,5510.92
PAY14240,O14240,2023-06-22,UPI,Success,3836.05
PAY14241,O14241,2023-05-04,UPI,Success,25125.02
PAY14242,O14242,2024-04-11,Credit Card,Success,1837.71
PAY14243,O14243,2024-09-29,Credit Card,Success,16711.28
PAY14244,O14244,2025-03-26,UPI,Success,2355.03
PAY14245,O14245,2024-11-20,Credit Card,Success,1490.43
PAY14246,O14246,2024-10-12,UPI,Success,8337.88
PAY14247,O14247,2024-05-15,Debit Card,Success,4661.55
PAY14248,O14248,2023-11-17,UPI,Success,94753.42
PAY14249,O14249,2023-03-02,Debit Card,Success,4331.92
PAY14250,O14250,2023-05-08,Credit Card,Success,6187.22
PAY14251,O14251,2023-07-12,UPI,Refunded,24323.4
PAY14252,O14252,2023-07-14,UPI,Refunded,679.49
PAY14253,O14253,2024-08-11,UPI,Failed,2334.66
PAY14254,O14254,2025-11-13,Credit Card,Success,7154.97
PAY14255,O14255,2025-01-12,COD,Refunded,4017.62
PAY14256,O14256,2024-01-18,COD,Success,2087.6
PAY14257,O14257,2025-04-07,Credit Card,Success,4607.82
PAY14258,O14258,2024-12-05,COD,Success,12229.49
PAY14259,O14259,2024-08-31,COD,Success,18099.93
PAY14260,O14260,2023-08-15,Debit Card,Success,128823.8
PAY14261,O14261,2023-01-13,UPI,Success,50972.73
PAY14262,O14262,2023-12-14,COD,Success,38418.66
PAY14263,O14263,2025-03-14,Credit Card,Success,25179.37
PAY14264,O14264,2023-03-15,Credit Card,Failed,17517.07
PAY14265,O14265,2025-06-07,Debit Card,Refunded,15168.63
PAY14266,O14266,2023-07-18,Net Banking,Success,107560.02
PAY14267,O14267,2023-07-12,Credit Card,Refunded,22491.34
PAY14268,O14268,2025-07-27,UPI,Success,6194.34
PAY14269,O14269,2025-12-25,UPI,Success,58384.75
PAY14270,O14270,2024-10-13,UPI,Success,47224.03
PAY14271,O14271,2024-05-09,Credit Card,Success,17635.62
PAY14272,O14272,2025-12-24,UPI,Success,10686.98
PAY14273,O14273,2024-10-24,Debit Card,Success,7967.83
PAY14274,O14274,2023-09-19,Credit Card,Success,14219.87
PAY14275,O14275,2023-06-20,Credit Card,Success,103016.18
PAY14276,O14276,2023-06-26,UPI,Refunded,56473.17
PAY14277,O14277,2024-08-09,Debit Card,Success,2282.91
PAY14278,O14278,2023-02-25,Debit Card,Success,43855.21
PAY14279,O14279,2024-09-27,COD,Success,35468.55
PAY14280,O14280,2024-06-24,Net Banking,Success,78122.83
PAY14281,O14281,2024-11-17,UPI,Success,12229.54
PAY14282,O14282,2023-05-18,UPI,Failed,1166.74
PAY14283,O14283,2025-11-13,Credit Card,Success,23701.03
PAY14284,O14284,2024-06-22,Net Banking,Success,1922.19
PAY14285,O14285,2023-06-11,UPI,Success,24992.58
PAY14286,O14286,2023-06-09,Debit Card,Success,151271.12
PAY14287,O14287,2024-06-01,UPI,Success,129531.45
PAY14288,O14288,2023-11-13,Credit Card,Success,10068.06
PAY14289,O14289,2024-11-22,Net Banking,Refunded,28127.67
PAY14290,O14290,2024-12-09,Credit Card,Success,3421.8
PAY14291,O14291,2023-09-23,Debit Card,Failed,1763.68
PAY14292,O14292,2025-07-30,Credit Card,Success,64041.91
PAY14293,O14293,2023-12-08,COD,Success,91737.25
PAY14294,O14294,2024-04-07,UPI,Success,719.31
PAY14295,O14295,2023-11-12,COD,Success,75500.74
PAY14296,O14296,2025-06-02,Credit Card,Refunded,19648.38
PAY14297,O14297,2023-05-11,UPI,Failed,7534.82
PAY14298,O14298,2023-03-22,UPI,Success,41570.71
PAY14299,O14299,2024-10-30,UPI,Success,4164.7
PAY14300,O14300,2023-03-08,UPI,Refunded,1656.58
PAY14301,O14301,2024-07-22,UPI,Success,159944.17
PAY14302,O14302,2025-08-05,UPI,Success,4527.4
PAY14303,O14303,2025-08-04,Credit Card,Failed,19227.97
PAY14304,O14304,2025-02-23,Net Banking,Failed,10907.94
PAY14305,O14305,2023-02-21,Credit Card,Success,4025.79
PAY14306,O14306,2025-08-01,Credit Card,Success,1881.11
PAY14307,O14307,2025-04-07,UPI,Success,2632.11
PAY14308,O14308,2025-11-17,UPI,Refunded,15618.58
PAY14309,O14309,2025-11-17,UPI,Success,25915.65
PAY14310,O14310,2023-12-04,COD,Success,3901.65
PAY14311,O14311,2023-05-20,Net Banking,Failed,74310.5
PAY14312,O14312,2024-01-29,Debit Card,Success,1861.69
PAY14313,O14313,2023-08-24,UPI,Success,2264.81
PAY14314,O14314,2024-03-08,Credit Card,Success,62354.06
PAY14315,O14315,2023-10-17,Credit Card,Success,2368.9
PAY14316,O14316,2023-01-31,Net Banking,Success,1462.22
PAY14317,O14317,2024-08-30,Debit Card,Success,275.5
PAY14318,O14318,2024-05-18,Debit Card,Failed,84383.35
PAY14319,O14319,2024-09-24,Credit Card,Success,4618.28
PAY14320,O14320,2024-09-08,Debit Card,Success,20081.16
PAY14321,O14321,2024-10-15,Debit Card,Success,2682.5
PAY14322,O14322,2023-10-27,Credit Card,Success,5030.45
PAY14323,O14323,2025-03-04,COD,Success,9786.27
PAY14324,O14324,2024-12-25,UPI,Success,761.62
PAY14325,O14325,2025-07-09,Net Banking,Success,42422.49
PAY14326,O14326,2025-07-28,COD,Success,3019.2
PAY14327,O14327,2025-01-30,Credit Card,Success,935.33
PAY14328,O14328,2025-04-07,COD,Refunded,1777.13
PAY14329,O14329,2025-04-25,COD,Success,837.04
PAY14330,O14330,2023-04-11,Credit Card,Success,64394.75
PAY14331,O14331,2023-10-03,COD,Success,7190.17
PAY14332,O14332,2023-10-26,UPI,Success,21478.83
PAY14333,O14333,2023-07-31,Credit Card,Success,644.86
PAY14334,O14334,2025-10-22,UPI,Success,1753.62
PAY14335,O14335,2025-08-14,UPI,Success,1861.03
PAY14336,O14336,2023-10-18,COD,Success,22756.92
PAY14337,O14337,2023-07-30,UPI,Refunded,1239.19
PAY14338,O14338,2024-09-04,Debit Card,Success,27398.48
PAY14339,O14339,2024-11-27,UPI,Success,45137.46
PAY14340,O14340,2024-03-22,Credit Card,Success,2863.67
PAY14341,O14341,2023-07-11,UPI,Success,125321.93
PAY14342,O14342,2025-04-22,Debit Card,Success,1940.46
PAY14343,O14343,2024-11-03,COD,Success,6852.1
PAY14344,O14344,2024-08-19,Credit Card,Success,28781.04
PAY14345,O14345,2025-11-11,COD,Failed,43539.13
PAY14346,O14346,2023-09-30,UPI,Refunded,50444.39
PAY14347,O14347,2023-10-17,COD,Success,36416.29
PAY14348,O14348,2023-07-13,Debit Card,Success,48458.62
PAY14349,O14349,2023-09-23,Credit Card,Success,9891.23
PAY14350,O14350,2025-04-15,COD,Success,33372.82
PAY14351,O14351,2023-09-02,Credit Card,Success,56196.49
PAY14352,O14352,2024-11-08,COD,Success,10036.31
PAY14353,O14353,2025-09-18,Debit Card,Success,2629.97
PAY14354,O14354,2024-11-12,Credit Card,Success,53065.98
PAY14355,O14355,2023-07-31,UPI,Success,41370.05
PAY14356,O14356,2024-12-02,Net Banking,Failed,29393.58
PAY14357,O14357,2025-07-01,UPI,Success,3976.93
PAY14358,O14358,2025-04-01,COD,Refunded,10363.94
PAY14359,O14359,2023-01-09,Credit Card,Success,36878.83
PAY14360,O14360,2024-08-08,Debit Card,Success,1213.71
PAY14361,O14361,2023-03-19,UPI,Success,2694.93
PAY14362,O14362,2025-06-12,Credit Card,Success,32635.25
PAY14363,O14363,2024-11-30,UPI,Success,404.57
PAY14364,O14364,2024-07-24,Net Banking,Failed,1681.65
PAY14365,O14365,2025-11-20,UPI,Success,1231.83
PAY14366,O14366,2024-08-27,Credit Card,Success,8770.73
PAY14367,O14367,2023-03-03,UPI,Success,1037.14
PAY14368,O14368,2024-03-03,COD,Success,5555.2
PAY14369,O14369,2024-04-29,Credit Card,Success,50273.04
PAY14370,O14370,2025-04-09,UPI,Success,55858.93
PAY14371,O14371,2025-12-28,Credit Card,Success,76289.28
PAY14372,O14372,2025-02-05,UPI,Failed,4696.06
PAY14373,O14373,2024-03-30,UPI,Failed,2137.17
PAY14374,O14374,2023-01-19,Credit Card,Failed,25052.1
PAY14375,O14375,2025-08-02,UPI,Failed,2120.83
PAY14376,O14376,2023-06-03,UPI,Success,47641.99
PAY14377,O14377,2024-04-05,UPI,Failed,1340.06
PAY14378,O14378,2023-09-06,Credit Card,Success,29001.63
PAY14379,O14379,2023-06-07,COD,Success,116209.09
PAY14380,O14380,2024-08-24,Debit Card,Success,2119.56
PAY14381,O14381,2023-04-09,UPI,Refunded,13955.22
PAY14382,O14382,2024-06-22,Debit Card,Success,28531.15
PAY14383,O14383,2023-10-23,UPI,Success,4648.05
PAY14384,O14384,2024-02-06,Credit Card,Refunded,6739.88
PAY14385,O14385,2023-01-14,COD,Success,15648.04
PAY14386,O14386,2024-03-13,Credit Card,Success,40557.3
PAY14387,O14387,2024-10-28,UPI,Success,2925.6
PAY14388,O14388,2024-02-06,Net Banking,Success,16237.61
PAY14389,O14389,2025-12-05,UPI,Success,37944.17
PAY14390,O14390,2024-01-10,UPI,Success,69795.21
PAY14391,O14391,2025-09-30,COD,Refunded,76319.16
PAY14392,O14392,2024-07-12,COD,Success,30307.3
PAY14393,O14393,2024-04-30,UPI,Success,30141.59
PAY14394,O14394,2024-02-22,Credit Card,Success,6342.39
PAY14395,O14395,2024-10-28,UPI,Failed,380.28
PAY14396,O14396,2024-04-28,COD,Success,40053.77
PAY14397,O14397,2025-04-18,Credit Card,Success,28793.81
PAY14398,O14398,2023-04-16,Credit Card,Success,2760.49
PAY14399,O14399,2025-03-03,UPI,Success,2299.32
PAY14400,O14400,2025-03-23,Debit Card,Success,56642.72
PAY14401,O14401,2025-04-30,Debit Card,Success,3976.69
PAY14402,O14402,2023-06-21,UPI,Success,2679.44
PAY14403,O14403,2025-02-18,COD,Success,3788.75
PAY14404,O14404,2024-05-24,UPI,Failed,127220.38
PAY14405,O14405,2023-12-16,COD,Success,625.22
PAY14406,O14406,2024-04-11,Debit Card,Success,19318.05
PAY14407,O14407,2024-03-26,COD,Success,2600.64
PAY14408,O14408,2024-09-25,Debit Card,Success,27650.74
PAY14409,O14409,2025-02-04,Credit Card,Success,442.37
PAY14410,O14410,2023-07-23,UPI,Success,2863.89
PAY14411,O14411,2025-11-14,Debit Card,Success,898.81
PAY14412,O14412,2024-01-04,UPI,Success,29407.92
PAY14413,O14413,2024-01-21,UPI,Success,5953.38
PAY14414,O14414,2023-10-03,UPI,Failed,32491.32
PAY14415,O14415,2025-12-08,Debit Card,Success,2241.96
PAY14416,O14416,2023-12-01,COD,Success,35198.82
PAY14417,O14417,2024-06-19,UPI,Success,2145.61
PAY14418,O14418,2023-12-12,UPI,Success,2016.09
PAY14419,O14419,2023-04-17,Credit Card,Success,8658.28
PAY14420,O14420,2025-07-12,UPI,Success,2761.83
PAY14421,O14421,2023-12-13,Debit Card,Success,1573.35
PAY14422,O14422,2024-12-12,UPI,Failed,2270.46
PAY14423,O14423,2025-09-21,UPI,Success,26121.66
PAY14424,O14424,2024-03-24,UPI,Success,44087.62
PAY14425,O14425,2024-04-08,UPI,Success,28980.07
PAY14426,O14426,2025-03-16,UPI,Success,2217.93
PAY14427,O14427,2025-12-10,Net Banking,Success,1060.26
PAY14428,O14428,2024-10-18,Debit Card,Success,5361.38
PAY14429,O14429,2025-12-16,UPI,Success,100665.49
PAY14430,O14430,2023-12-06,Credit Card,Success,1027.9
PAY14431,O14431,2025-10-30,UPI,Success,23002.77
PAY14432,O14432,2024-11-28,Debit Card,Success,12333.14
PAY14433,O14433,2023-01-25,COD,Success,82073.4
PAY14434,O14434,2025-12-05,Credit Card,Refunded,107618.9
PAY14435,O14435,2024-03-12,Credit Card,Success,117475.07
PAY14436,O14436,2025-06-27,Credit Card,Success,1273.49
PAY14437,O14437,2025-12-28,Credit Card,Success,2804.06
PAY14438,O14438,2024-08-16,UPI,Success,10374.75
PAY14439,O14439,2024-05-28,Credit Card,Success,728.12
PAY14440,O14440,2025-09-24,Net Banking,Success,4248.02
PAY14441,O14441,2023-10-04,COD,Success,43493.92
PAY14442,O14442,2024-05-07,COD,Success,19611.05
PAY14443,O14443,2023-03-25,UPI,Success,1978.23
PAY14444,O14444,2023-04-14,Debit Card,Success,75699.88
PAY14445,O14445,2024-04-12,COD,Success,40278.66
PAY14446,O14446,2025-03-11,UPI,Success,70042.25
PAY14447,O14447,2025-09-25,COD,Success,17720.53
PAY14448,O14448,2023-11-30,UPI,Success,10721.84
PAY14449,O14449,2025-08-10,Net Banking,Failed,241978.29
PAY14450,O14450,2025-09-28,UPI,Success,149266.53
PAY14451,O14451,2025-06-01,UPI,Success,11116.39
PAY14452,O14452,2023-04-04,UPI,Success,7734.02
PAY14453,O14453,2025-07-12,UPI,Success,3518.01
PAY14454,O14454,2025-12-30,COD,Success,69376.32
PAY14455,O14455,2024-05-21,UPI,Success,1234.28
PAY14456,O14456,2024-08-05,COD,Success,14528.27
PAY14457,O14457,2025-06-30,COD,Success,15202.96
PAY14458,O14458,2023-11-08,Net Banking,Success,24323.4
PAY14459,O14459,2023-12-26,COD,Success,14675.94
PAY14460,O14460,2023-05-24,Net Banking,Refunded,42938.26
PAY14461,O14461,2025-04-10,UPI,Failed,10644.7
PAY14462,O14462,2023-06-22,Net Banking,Success,43626.28
PAY14463,O14463,2023-01-14,UPI,Success,115477.98
PAY14464,O14464,2025-12-15,UPI,Success,12334.04
PAY14465,O14465,2024-05-17,UPI,Success,1381.04
PAY14466,O14466,2025-09-07,Debit Card,Success,86115.11
PAY14467,O14467,2025-06-04,UPI,Success,9554.88
PAY14468,O14468,2025-07-05,UPI,Success,109682.74
PAY14469,O14469,2025-06-10,Debit Card,Success,73414.43
PAY14470,O14470,2024-08-27,Credit Card,Success,965.44
PAY14471,O14471,2023-11-22,UPI,Refunded,7366.26
PAY14472,O14472,2024-05-11,Credit Card,Success,9744.7
PAY14473,O14473,2023-11-14,UPI,Refunded,2050.75
PAY14474,O14474,2023-06-22,Credit Card,Success,5145.75
PAY14475,O14475,2024-08-05,Credit Card,Success,6187.22
PAY14476,O14476,2023-03-27,Net Banking,Success,5062.21
PAY14477,O14477,2023-03-29,COD,Success,4809.84
PAY14478,O14478,2025-02-06,UPI,Success,965.84
PAY14479,O14479,2025-08-03,UPI,Success,4872.63
PAY14480,O14480,2025-01-02,COD,Refunded,2842.61
PAY14481,O14481,2025-01-15,Credit Card,Success,6928.48
PAY14482,O14482,2024-06-20,Debit Card,Success,134094.96
PAY14483,O14483,2023-11-26,Credit Card,Success,3992.61
PAY14484,O14484,2023-04-10,COD,Success,5902.86
PAY14485,O14485,2023-08-02,UPI,Success,7208.72
PAY14486,O14486,2025-03-18,Debit Card,Refunded,10575.17
PAY14487,O14487,2023-11-09,COD,Success,22113.51
PAY14488,O14488,2023-07-03,UPI,Success,12456.21
PAY14489,O14489,2023-07-17,UPI,Success,30943.77
PAY14490,O14490,2024-02-15,Credit Card,Success,4462.38
PAY14491,O14491,2024-12-23,COD,Success,3788.86
PAY14492,O14492,2023-12-23,COD,Failed,88954.71
PAY14493,O14493,2025-05-06,Credit Card,Failed,128735.07
PAY14494,O14494,2024-10-16,Debit Card,Success,51005.16
PAY14495,O14495,2024-10-06,COD,Success,886.28
PAY14496,O14496,2025-08-23,UPI,Success,7613.44
PAY14497,O14497,2024-10-02,COD,Success,6035.16
PAY14498,O14498,2025-01-31,UPI,Success,1661.64
PAY14499,O14499,2023-09-21,Credit Card,Refunded,26411.46
PAY14500,O14500,2024-12-31,Net Banking,Failed,15172.99
PAY14501,O14501,2024-06-12,Credit Card,Success,10903.8
PAY14502,O14502,2025-01-12,UPI,Success,23327.59
PAY14503,O14503,2024-01-02,COD,Success,28241.49
PAY14504,O14504,2023-01-10,Credit Card,Success,77057.67
PAY14505,O14505,2023-04-24,UPI,Success,4788.05
PAY14506,O14506,2024-04-21,UPI,Success,3052.77
PAY14507,O14507,2024-04-24,UPI,Success,5006.09
PAY14508,O14508,2025-04-27,UPI,Success,5602.82
PAY14509,O14509,2024-04-27,Debit Card,Success,108407.08
PAY14510,O14510,2024-03-03,Credit Card,Success,1060.83
PAY14511,O14511,2023-07-04,COD,Success,1153.46
PAY14512,O14512,2024-12-18,Credit Card,Failed,2217.93
PAY14513,O14513,2024-08-05,UPI,Success,42623.15
PAY14514,O14514,2024-01-12,UPI,Success,5542.31
PAY14515,O14515,2024-11-11,UPI,Success,2095.43
PAY14516,O14516,2025-07-18,Net Banking,Success,2085.89
PAY14517,O14517,2024-03-22,UPI,Success,13537.82
PAY14518,O14518,2025-11-01,Credit Card,Success,26917.52
PAY14519,O14519,2024-07-20,COD,Success,33278.68
PAY14520,O14520,2025-05-21,Net Banking,Success,40495.01
PAY14521,O14521,2024-05-01,UPI,Success,23321.98
PAY14522,O14522,2023-12-02,UPI,Success,7883.58
PAY14523,O14523,2025-01-07,UPI,Success,776.89
PAY14524,O14524,2024-11-07,UPI,Success,19302.4
PAY14525,O14525,2023-10-02,Credit Card,Success,91380.1
PAY14526,O14526,2023-08-19,Debit Card,Success,12721.52
PAY14527,O14527,2023-08-20,Debit Card,Success,46080.58
PAY14528,O14528,2024-12-10,UPI,Success,36834.02
PAY14529,O14529,2024-05-30,Debit Card,Success,5363.32
PAY14530,O14530,2023-04-24,UPI,Success,109636.8
PAY14531,O14531,2025-07-23,COD,Failed,1188.16
PAY14532,O14532,2025-11-25,COD,Refunded,2097.91
PAY14533,O14533,2023-01-04,Credit Card,Success,16937.35
PAY14534,O14534,2023-04-21,UPI,Success,2387.58
PAY14535,O14535,2025-01-08,Net Banking,Success,2085.89
PAY14536,O14536,2023-02-19,COD,Failed,21436.09
PAY14537,O14537,2024-04-26,UPI,Failed,4130.4
PAY14538,O14538,2024-06-06,Credit Card,Success,3354.32
PAY14539,O14539,2025-07-15,UPI,Success,372.71
PAY14540,O14540,2024-01-13,UPI,Success,1521.86
PAY14541,O14541,2024-08-10,UPI,Success,3579.24
PAY14542,O14542,2024-09-28,Debit Card,Success,666.29
PAY14543,O14543,2024-10-12,UPI,Success,1773.01
PAY14544,O14544,2025-10-22,UPI,Success,11549.4
PAY14545,O14545,2024-12-25,UPI,Failed,372.71
PAY14546,O14546,2024-01-04,UPI,Refunded,55569.15
PAY14547,O14547,2023-05-28,COD,Success,1972.56
PAY14548,O14548,2024-09-06,Debit Card,Failed,23758.55
PAY14549,O14549,2025-04-17,Credit Card,Refunded,23987.53
PAY14550,O14550,2023-08-21,UPI,Success,51015.1
PAY14551,O14551,2024-09-11,COD,Success,22848.41
PAY14552,O14552,2024-04-13,Net Banking,Failed,53365.27
PAY14553,O14553,2023-08-01,Credit Card,Success,14654.36
PAY14554,O14554,2023-09-23,UPI,Failed,8238.96
PAY14555,O14555,2024-09-16,Debit Card,Success,80461.73
PAY14556,O14556,2025-10-13,UPI,Success,15424.85
PAY14557,O14557,2025-02-02,UPI,Success,23772.77
PAY14558,O14558,2023-12-17,Credit Card,Success,29622.28
PAY14559,O14559,2023-10-22,UPI,Success,66834.86
PAY14560,O14560,2023-07-08,Net Banking,Success,710.79
PAY14561,O14561,2025-04-06,COD,Success,114571.33
PAY14562,O14562,2025-06-15,UPI,Failed,40672.47
PAY14563,O14563,2025-06-20,Net Banking,Failed,42169.15
PAY14564,O14564,2023-11-29,UPI,Failed,6136.73
PAY14565,O14565,2023-02-10,Credit Card,Success,1042.45
PAY14566,O14566,2025-01-27,Credit Card,Success,1272.5
PAY14567,O14567,2025-07-12,Debit Card,Success,1333.54
PAY14568,O14568,2025-10-14,UPI,Success,43295.34
PAY14569,O14569,2023-08-28,Net Banking,Success,44698.32
PAY14570,O14570,2024-08-22,UPI,Success,8301.07
PAY14571,O14571,2024-10-25,Debit Card,Success,7580.82
PAY14572,O14572,2023-01-05,COD,Success,1088.95
PAY14573,O14573,2023-11-16,COD,Success,6239.49
PAY14574,O14574,2024-11-01,Credit Card,Success,462.81
PAY14575,O14575,2023-02-18,Debit Card,Success,2203.58
PAY14576,O14576,2025-11-15,UPI,Success,32427.23
PAY14577,O14577,2023-10-26,COD,Failed,1940.1
PAY14578,O14578,2023-03-04,Debit Card,Success,12586.21
PAY14579,O14579,2025-09-25,Credit Card,Success,17416.09
PAY14580,O14580,2024-01-20,UPI,Success,64264.52
PAY14581,O14581,2025-01-25,Credit Card,Success,16790.99
PAY14582,O14582,2024-07-31,UPI,Success,749.75
PAY14583,O14583,2025-08-25,Debit Card,Success,35994.65
PAY14584,O14584,2023-06-26,COD,Refunded,2889.23
PAY14585,O14585,2023-04-05,Debit Card,Failed,1698.1
PAY14586,O14586,2023-10-03,Credit Card,Refunded,1467.32
PAY14587,O14587,2024-06-19,Net Banking,Success,2652.85
PAY14588,O14588,2023-07-04,Credit Card,Failed,3725.4
PAY14589,O14589,2025-05-14,UPI,Success,1235.64
PAY14590,O14590,2024-02-16,Debit Card,Success,818.65
PAY14591,O14591,2025-11-20,Credit Card,Refunded,6006.93
PAY14592,O14592,2023-08-04,Net Banking,Success,49489.72
PAY14593,O14593,2025-09-05,COD,Success,4433.73
PAY14594,O14594,2023-12-19,Net Banking,Success,37993.57
PAY14595,O14595,2025-07-17,UPI,Success,19514.99
PAY14596,O14596,2023-08-22,UPI,Success,35587.33
PAY14597,O14597,2023-09-12,Debit Card,Success,1308.46
PAY14598,O14598,2025-06-25,UPI,Success,8391.6
PAY14599,O14599,2024-03-10,Debit Card,Failed,3278.84
PAY14600,O14600,2025-01-11,Debit Card,Refunded,55315.08
PAY14601,O14601,2024-12-24,Debit Card,Success,3283.48
PAY14602,O14602,2023-03-26,Credit Card,Success,35095.35
PAY14603,O14603,2024-12-12,Debit Card,Refunded,80081.66
PAY14604,O14604,2025-09-26,COD,Success,19072.17
PAY14605,O14605,2023-08-05,Debit Card,Success,90438.2
PAY14606,O14606,2024-05-25,COD,Refunded,22580.28
PAY14607,O14607,2023-09-15,Net Banking,Success,9454.35
PAY14608,O14608,2023-08-17,UPI,Success,74865.94
PAY14609,O14609,2023-10-25,COD,Success,14198.8
PAY14610,O14610,2024-09-09,UPI,Failed,86052.65
PAY14611,O14611,2024-05-20,Credit Card,Success,107945.65
PAY14612,O14612,2024-10-13,Net Banking,Success,27096.22
PAY14613,O14613,2024-03-17,Debit Card,Refunded,108311.69
PAY14614,O14614,2023-06-23,UPI,Success,7385.56
PAY14615,O14615,2025-07-31,Credit Card,Success,60814.5
PAY14616,O14616,2024-10-31,COD,Success,48958.27
PAY14617,O14617,2023-06-13,Credit Card,Success,2439.35
PAY14618,O14618,2024-08-31,COD,Success,13081.58
PAY14619,O14619,2025-05-08,COD,Success,906.26
PAY14620,O14620,2023-01-21,COD,Success,614.77
PAY14621,O14621,2024-08-05,UPI,Success,924.78
PAY14622,O14622,2024-02-06,Credit Card,Success,43881.72
PAY14623,O14623,2024-12-13,UPI,Success,1317.25
PAY14624,O14624,2023-11-05,Credit Card,Success,43166.92
PAY14625,O14625,2024-07-03,UPI,Success,5784.68
PAY14626,O14626,2025-11-06,UPI,Failed,2567.99
PAY14627,O14627,2023-07-03,Net Banking,Success,31346.33
PAY14628,O14628,2025-05-18,Debit Card,Success,62652.47
PAY14629,O14629,2025-11-05,UPI,Success,6403.02
PAY14630,O14630,2023-01-24,Credit Card,Success,98437.84
PAY14631,O14631,2025-03-17,Debit Card,Success,49610.04
PAY14632,O14632,2023-08-26,Debit Card,Success,41564.51
PAY14633,O14633,2025-04-29,Credit Card,Success,10094.33
PAY14634,O14634,2024-05-19,Debit Card,Refunded,41764.93
PAY14635,O14635,2023-09-12,UPI,Success,7287.51
PAY14636,O14636,2024-01-13,Credit Card,Success,1206.6
PAY14637,O14637,2025-02-06,Debit Card,Success,16451.26
PAY14638,O14638,2024-02-28,Credit Card,Success,53773.69
PAY14639,O14639,2023-05-13,COD,Refunded,1032.95
PAY14640,O14640,2025-08-03,Credit Card,Success,3745.87
PAY14641,O14641,2023-08-07,UPI,Success,59978.13
PAY14642,O14642,2023-07-16,UPI,Refunded,8875.25
PAY14643,O14643,2024-08-18,Credit Card,Success,158516.67
PAY14644,O14644,2025-02-21,Credit Card,Success,53314.72
PAY14645,O14645,2024-09-11,UPI,Success,56384.75
PAY14646,O14646,2024-11-27,Credit Card,Success,21288.31
PAY14647,O14647,2025-04-25,UPI,Refunded,6102.95
PAY14648,O14648,2024-01-24,UPI,Success,3768.97
PAY14649,O14649,2024-05-30,Debit Card,Success,560.61
PAY14650,O14650,2023-02-17,Net Banking,Success,1019.07
PAY14651,O14651,2025-01-21,UPI,Failed,6703.3
PAY14652,O14652,2023-09-29,UPI,Success,1603.64
PAY14653,O14653,2024-02-26,Credit Card,Success,26259.32
PAY14654,O14654,2025-11-18,UPI,Success,1255.1
PAY14655,O14655,2023-03-28,UPI,Success,4241.01
PAY14656,O14656,2024-11-19,Net Banking,Success,1121.22
PAY14657,O14657,2024-12-21,COD,Success,5111.31
PAY14658,O14658,2025-05-13,Debit Card,Success,8609.69
PAY14659,O14659,2025-01-29,UPI,Success,935.49
PAY14660,O14660,2023-02-23,UPI,Success,2186.21
PAY14661,O14661,2023-03-26,Credit Card,Success,1187.32
PAY14662,O14662,2024-06-27,Debit Card,Success,990.11
PAY14663,O14663,2024-01-22,Debit Card,Success,113285.44
PAY14664,O14664,2024-06-06,UPI,Failed,5004.72
PAY14665,O14665,2023-08-13,Credit Card,Success,5973.12
PAY14666,O14666,2023-10-15,UPI,Success,13271.24
PAY14667,O14667,2025-04-03,Net Banking,Failed,48217.5
PAY14668,O14668,2024-03-21,Credit Card,Refunded,795.03
PAY14669,O14669,2023-04-01,Credit Card,Success,3286.02
PAY14670,O14670,2025-02-05,COD,Success,30082.87
PAY14671,O14671,2023-09-27,COD,Success,14198.8
PAY14672,O14672,2025-06-27,Credit Card,Success,26990.0
PAY14673,O14673,2025-11-23,Debit Card,Failed,18439.02
PAY14674,O14674,2023-03-30,UPI,Success,49619.53
PAY14675,O14675,2023-04-04,UPI,Success,22321.99
PAY14676,O14676,2025-03-13,Credit Card,Success,12095.32
PAY14677,O14677,2024-08-18,COD,Failed,1224.32
PAY14678,O14678,2023-06-05,Credit Card,Success,18167.95
PAY14679,O14679,2025-06-15,Credit Card,Success,18792.43
PAY14680,O14680,2025-06-08,Debit Card,Success,462.56
PAY14681,O14681,2024-02-24,COD,Success,15505.88
PAY14682,O14682,2023-09-12,COD,Success,1506.96
PAY14683,O14683,2025-02-07,UPI,Refunded,3362.56
PAY14684,O14684,2023-06-10,Net Banking,Refunded,305.98
PAY14685,O14685,2023-11-09,UPI,Success,2342.14
PAY14686,O14686,2025-03-11,Credit Card,Success,50755.26
PAY14687,O14687,2024-08-03,COD,Success,310.8
PAY14688,O14688,2024-03-12,Debit Card,Success,61825.28
PAY14689,O14689,2025-10-02,Debit Card,Success,3605.48
PAY14690,O14690,2023-09-22,UPI,Success,35598.8
PAY14691,O14691,2025-10-30,Credit Card,Success,1964.8
PAY14692,O14692,2025-10-15,Net Banking,Success,985.06
PAY14693,O14693,2023-04-18,UPI,Failed,1124.75
PAY14694,O14694,2025-07-22,UPI,Success,3472.79
PAY14695,O14695,2025-01-10,Credit Card,Success,37200.12
PAY14696,O14696,2025-12-30,UPI,Refunded,63531.1
PAY14697,O14697,2024-03-17,Debit Card,Success,4963.89
PAY14698,O14698,2025-04-23,UPI,Success,30645.42
PAY14699,O14699,2025-06-14,Credit Card,Success,37859.95
PAY14700,O14700,2024-10-14,Credit Card,Success,5523.71
PAY14701,O14701,2024-06-03,Debit Card,Success,1154.47
PAY14702,O14702,2025-12-28,UPI,Success,5900.58
PAY14703,O14703,2023-05-28,Credit Card,Success,2111.29
PAY14704,O14704,2024-01-19,Debit Card,Success,18102.54
PAY14705,O14705,2024-04-13,Debit Card,Failed,244.06
PAY14706,O14706,2025-02-01,COD,Refunded,14866.01
PAY14707,O14707,2025-06-08,Net Banking,Success,2547.77
PAY14708,O14708,2024-05-29,COD,Success,31943.3
PAY14709,O14709,2023-04-30,Net Banking,Success,1982.97
PAY14710,O14710,2025-01-21,UPI,Success,10952.24
PAY14711,O14711,2023-02-26,Debit Card,Success,18226.3
PAY14712,O14712,2025-12-29,UPI,Success,2438.48
PAY14713,O14713,2023-12-22,COD,Success,1184.56
PAY14714,O14714,2025-02-13,COD,Refunded,3497.22
PAY14715,O14715,2025-07-01,UPI,Success,81479.64
PAY14716,O14716,2025-10-05,Credit Card,Success,795.86
PAY14717,O14717,2025-08-19,COD,Success,1187.32
PAY14718,O14718,2023-08-08,Credit Card,Success,63795.37
PAY14719,O14719,2024-12-26,Credit Card,Success,23767.53
PAY14720,O14720,2023-09-23,UPI,Success,5681.66
PAY14721,O14721,2023-12-12,Debit Card,Success,35628.0
PAY14722,O14722,2025-04-06,UPI,Success,298.62
PAY14723,O14723,2024-06-05,Credit Card,Success,11901.32
PAY14724,O14724,2025-12-03,COD,Success,18393.82
PAY14725,O14725,2025-11-08,Credit Card,Success,25446.08
PAY14726,O14726,2024-03-09,COD,Success,5087.47
PAY14727,O14727,2023-11-26,COD,Success,5024.22
PAY14728,O14728,2023-10-05,UPI,Success,2158.68
PAY14729,O14729,2025-07-25,COD,Success,802.83
PAY14730,O14730,2024-12-27,UPI,Success,19616.81
PAY14731,O14731,2025-01-17,UPI,Success,861.16
PAY14732,O14732,2025-12-11,COD,Failed,29527.91
PAY14733,O14733,2023-05-13,Debit Card,Failed,16824.29
PAY14734,O14734,2024-12-01,UPI,Success,9760.29
PAY14735,O14735,2025-09-14,UPI,Success,872.2
PAY14736,O14736,2024-08-08,Credit Card,Success,1282.66
PAY14737,O14737,2025-03-21,Net Banking,Success,1878.17
PAY14738,O14738,2023-04-15,UPI,Refunded,1082.85
PAY14739,O14739,2023-10-21,COD,Success,17707.79
PAY14740,O14740,2023-08-22,UPI,Success,14198.8
PAY14741,O14741,2023-09-17,Debit Card,Success,2058.98
PAY14742,O14742,2025-08-16,Debit Card,Success,11367.7
PAY14743,O14743,2023-04-22,UPI,Success,1745.99
PAY14744,O14744,2025-12-05,UPI,Success,63755.13
PAY14745,O14745,2023-08-15,UPI,Success,5536.61
PAY14746,O14746,2025-06-23,Credit Card,Success,8655.71
PAY14747,O14747,2025-07-06,Net Banking,Success,31288.92
PAY14748,O14748,2024-08-03,Net Banking,Refunded,22194.29
PAY14749,O14749,2025-01-05,UPI,Success,64007.93
PAY14750,O14750,2024-07-14,COD,Success,2669.78
PAY14751,O14751,2025-09-30,UPI,Refunded,5323.18
PAY14752,O14752,2025-06-06,COD,Success,13516.03
PAY14753,O14753,2024-01-16,Debit Card,Success,47148.17
PAY14754,O14754,2024-04-02,Net Banking,Failed,5514.57
PAY14755,O14755,2023-03-26,Credit Card,Success,31028.48
PAY14756,O14756,2023-12-27,Debit Card,Success,34041.54
PAY14757,O14757,2023-02-28,Debit Card,Success,5355.23
PAY14758,O14758,2024-11-14,Credit Card,Failed,48217.5
PAY14759,O14759,2024-03-13,Net Banking,Success,758.66
PAY14760,O14760,2025-10-12,UPI,Success,116550.68
PAY14761,O14761,2025-05-24,Net Banking,Success,3309.52
PAY14762,O14762,2025-02-02,COD,Success,2719.44
PAY14763,O14763,2025-04-19,Debit Card,Refunded,30885.8
PAY14764,O14764,2024-10-10,UPI,Success,12723.04
PAY14765,O14765,2024-06-03,UPI,Success,24323.4
PAY14766,O14766,2025-02-25,COD,Refunded,27907.03
PAY14767,O14767,2023-03-28,Debit Card,Refunded,56276.65
PAY14768,O14768,2025-05-29,Net Banking,Success,17353.98
PAY14769,O14769,2025-09-07,Credit Card,Refunded,29081.44
PAY14770,O14770,2024-10-30,COD,Success,6060.54
PAY14771,O14771,2023-09-21,COD,Success,24403.48
PAY14772,O14772,2023-11-20,Net Banking,Success,58364.68
PAY14773,O14773,2023-01-12,UPI,Success,3558.6
PAY14774,O14774,2023-09-22,Credit Card,Failed,1692.91
PAY14775,O14775,2025-11-13,UPI,Success,2677.21
PAY14776,O14776,2025-06-27,Credit Card,Success,420.25
PAY14777,O14777,2025-04-21,Debit Card,Success,998.57
PAY14778,O14778,2024-03-30,UPI,Success,1148.65
PAY14779,O14779,2023-10-08,UPI,Success,70687.53
PAY14780,O14780,2024-07-04,Debit Card,Success,3799.5
PAY14781,O14781,2023-07-19,Credit Card,Success,67179.12
PAY14782,O14782,2024-10-31,Credit Card,Success,1287.64
PAY14783,O14783,2023-10-14,Credit Card,Success,3666.45
PAY14784,O14784,2025-06-04,Credit Card,Success,68853.48
PAY14785,O14785,2023-09-17,UPI,Success,3472.79
PAY14786,O14786,2025-02-16,Credit Card,Success,554.76
PAY14787,O14787,2024-10-18,UPI,Success,72792.17
PAY14788,O14788,2024-05-25,UPI,Success,36237.41
PAY14789,O14789,2024-07-14,Debit Card,Success,28103.58
PAY14790,O14790,2023-03-07,Debit Card,Success,6471.15
PAY14791,O14791,2024-12-02,UPI,Failed,292.12
PAY14792,O14792,2023-05-22,UPI,Success,11757.42
PAY14793,O14793,2025-09-05,UPI,Refunded,32568.52
PAY14794,O14794,2025-01-11,Credit Card,Refunded,19514.61
PAY14795,O14795,2023-04-17,Credit Card,Success,38079.12
PAY14796,O14796,2023-08-02,COD,Success,10443.55
PAY14797,O14797,2025-11-06,UPI,Success,2321.65
PAY14798,O14798,2024-01-23,Credit Card,Failed,10677.85
PAY14799,O14799,2023-09-17,Credit Card,Success,1479.19
PAY14800,O14800,2025-04-13,COD,Success,835.71
PAY14801,O14801,2025-03-10,UPI,Failed,2225.78
PAY14802,O14802,2025-06-04,UPI,Success,30618.14
PAY14803,O14803,2023-02-08,Credit Card,Success,56654.01
PAY14804,O14804,2025-07-06,Debit Card,Refunded,1583.3
PAY14805,O14805,2025-11-16,COD,Success,6747.65
PAY14806,O14806,2025-06-13,UPI,Success,12632.05
PAY14807,O14807,2025-12-12,UPI,Success,15426.22
PAY14808,O14808,2025-05-01,UPI,Success,3382.39
PAY14809,O14809,2023-03-03,UPI,Success,3115.69
PAY14810,O14810,2023-04-22,Net Banking,Success,25796.69
PAY14811,O14811,2023-09-15,Credit Card,Success,221.5
PAY14812,O14812,2023-05-15,UPI,Success,690.18
PAY14813,O14813,2023-03-02,UPI,Success,65120.42
PAY14814,O14814,2023-07-10,COD,Failed,5250.14
PAY14815,O14815,2023-12-04,Debit Card,Success,8866.66
PAY14816,O14816,2024-09-18,Credit Card,Success,111852.66
PAY14817,O14817,2025-11-17,Debit Card,Success,843.34
PAY14818,O14818,2025-10-22,Debit Card,Success,69840.53
PAY14819,O14819,2024-12-28,UPI,Success,10569.34
PAY14820,O14820,2023-03-29,UPI,Success,2386.5
PAY14821,O14821,2024-10-29,Net Banking,Success,16035.04
PAY14822,O14822,2023-03-21,UPI,Success,23319.15
PAY14823,O14823,2024-07-27,Credit Card,Success,7531.04
PAY14824,O14824,2025-03-13,Net Banking,Success,54907.75
PAY14825,O14825,2025-03-13,Credit Card,Failed,2386.72
PAY14826,O14826,2025-05-25,Credit Card,Success,2997.38
PAY14827,O14827,2023-06-26,COD,Refunded,24220.6
PAY14828,O14828,2025-05-17,UPI,Failed,14294.54
PAY14829,O14829,2025-05-13,Credit Card,Success,100800.31
PAY14830,O14830,2025-12-20,UPI,Success,9582.49
PAY14831,O14831,2024-02-12,UPI,Failed,6679.62
PAY14832,O14832,2024-05-02,Credit Card,Success,78187.46
PAY14833,O14833,2025-01-25,Debit Card,Success,114984.8
PAY14834,O14834,2023-10-11,COD,Success,27551.05
PAY14835,O14835,2025-01-06,Credit Card,Success,21149.9
PAY14836,O14836,2024-03-31,UPI,Success,41170.75
PAY14837,O14837,2023-08-12,COD,Success,88967.16
PAY14838,O14838,2025-05-31,UPI,Success,1008.04
PAY14839,O14839,2024-12-17,COD,Success,6137.91
PAY14840,O14840,2025-11-30,Debit Card,Success,4663.73
PAY14841,O14841,2024-11-15,UPI,Success,329.9
PAY14842,O14842,2025-02-19,UPI,Success,37849.94
PAY14843,O14843,2024-12-08,Credit Card,Success,3150.62
PAY14844,O14844,2023-09-09,COD,Success,50273.04
PAY14845,O14845,2024-12-08,Credit Card,Success,7140.94
PAY14846,O14846,2023-01-04,Debit Card,Failed,20968.66
PAY14847,O14847,2024-03-25,Debit Card,Success,6347.74
PAY14848,O14848,2025-06-07,Credit Card,Success,22264.28
PAY14849,O14849,2024-05-25,Credit Card,Success,46195.46
PAY14850,O14850,2025-06-17,UPI,Success,4464.09
PAY14851,O14851,2023-02-17,Net Banking,Success,2414.22
PAY14852,O14852,2023-11-29,Debit Card,Success,5433.18
PAY14853,O14853,2023-05-08,UPI,Success,1461.57
PAY14854,O14854,2024-08-07,UPI,Refunded,472.07
PAY14855,O14855,2023-12-17,UPI,Failed,14439.16
PAY14856,O14856,2023-10-05,UPI,Success,12586.26
PAY14857,O14857,2023-11-26,UPI,Success,9530.6
PAY14858,O14858,2024-04-22,Debit Card,Success,54527.7
PAY14859,O14859,2024-05-24,Credit Card,Success,1088.95
PAY14860,O14860,2025-01-28,COD,Success,987.01
PAY14861,O14861,2025-07-13,UPI,Success,9194.65
PAY14862,O14862,2023-02-01,Debit Card,Failed,10405.17
PAY14863,O14863,2025-11-28,COD,Success,1991.82
PAY14864,O14864,2024-07-06,Credit Card,Success,12230.28
PAY14865,O14865,2024-11-08,UPI,Failed,8879.24
PAY14866,O14866,2023-12-23,Credit Card,Success,998.84
PAY14867,O14867,2025-08-20,COD,Success,1131.39
PAY14868,O14868,2023-09-24,COD,Success,69538.9
PAY14869,O14869,2023-10-18,UPI,Success,6837.71
PAY14870,O14870,2025-11-10,Credit Card,Success,2348.45
PAY14871,O14871,2023-03-05,Debit Card,Success,1925.54
PAY14872,O14872,2023-06-19,UPI,Success,15356.02
PAY14873,O14873,2023-01-15,UPI,Failed,5181.97
PAY14874,O14874,2024-10-10,UPI,Success,997.8
PAY14875,O14875,2024-01-25,UPI,Success,2881.37
PAY14876,O14876,2025-01-07,UPI,Success,2437.25
PAY14877,O14877,2023-12-23,Credit Card,Success,11070.5
PAY14878,O14878,2024-09-26,Debit Card,Success,4663.77
PAY14879,O14879,2023-07-17,COD,Success,60165.74
PAY14880,O14880,2023-06-08,UPI,Success,39458.27
PAY14881,O14881,2023-09-27,UPI,Success,32636.03
PAY14882,O14882,2023-03-03,UPI,Failed,10555.31
PAY14883,O14883,2024-05-12,COD,Success,2803.83
PAY14884,O14884,2025-01-09,COD,Success,9927.78
PAY14885,O14885,2023-04-29,UPI,Success,6000.85
PAY14886,O14886,2025-07-04,UPI,Success,1017.67
PAY14887,O14887,2025-09-09,COD,Success,1272.21
PAY14888,O14888,2024-12-18,Debit Card,Failed,6232.15
PAY14889,O14889,2025-05-19,Credit Card,Success,1127.95
PAY14890,O14890,2023-10-29,Credit Card,Success,883.35
PAY14891,O14891,2023-11-24,COD,Success,2248.23
PAY14892,O14892,2025-08-09,UPI,Success,79399.2
PAY14893,O14893,2025-01-02,Credit Card,Refunded,53029.79
PAY14894,O14894,2024-06-06,UPI,Success,79853.69
PAY14895,O14895,2025-10-25,Credit Card,Success,2384.01
PAY14896,O14896,2023-06-30,Net Banking,Success,51882.22
PAY14897,O14897,2024-05-01,UPI,Refunded,35001.76
PAY14898,O14898,2024-06-16,Net Banking,Success,27183.7
PAY14899,O14899,2024-12-11,Debit Card,Success,15413.88
PAY14900,O14900,2023-04-06,UPI,Success,380.28
PAY14901,O14901,2025-02-28,Debit Card,Success,19575.47
PAY14902,O14902,2023-03-30,UPI,Success,2213.2
PAY14903,O14903,2025-08-06,UPI,Success,3911.83
PAY14904,O14904,2025-07-13,UPI,Success,20203.92
PAY14905,O14905,2024-06-09,UPI,Success,57087.13
PAY14906,O14906,2023-01-30,COD,Success,10473.29
PAY14907,O14907,2023-10-02,COD,Success,1893.42
PAY14908,O14908,2024-07-10,Credit Card,Failed,6212.18
PAY14909,O14909,2024-04-10,Credit Card,Success,108022.64
PAY14910,O14910,2023-04-09,Debit Card,Success,2951.9
PAY14911,O14911,2024-10-16,Debit Card,Success,4723.22
PAY14912,O14912,2024-03-28,UPI,Success,15062.45
PAY14913,O14913,2023-10-21,UPI,Refunded,5761.42
PAY14914,O14914,2025-10-15,Credit Card,Success,28242.38
PAY14915,O14915,2023-10-29,Debit Card,Success,63278.81
PAY14916,O14916,2023-06-23,COD,Success,14491.85
PAY14917,O14917,2023-01-31,UPI,Success,30604.61
PAY14918,O14918,2023-09-08,Credit Card,Success,3421.28
PAY14919,O14919,2024-09-14,UPI,Success,247.41
PAY14920,O14920,2023-12-12,COD,Success,84636.71
PAY14921,O14921,2025-11-28,Debit Card,Success,299.34
PAY14922,O14922,2025-09-30,Debit Card,Success,1059.78
PAY14923,O14923,2023-12-12,COD,Success,1998.61
PAY14924,O14924,2024-06-20,Credit Card,Refunded,20066.5
PAY14925,O14925,2023-12-11,UPI,Success,17227.96
PAY14926,O14926,2025-05-18,COD,Success,17787.56
PAY14927,O14927,2023-03-29,COD,Success,1749.09
PAY14928,O14928,2025-11-08,UPI,Success,33704.78
PAY14929,O14929,2023-09-03,COD,Success,19575.47
PAY14930,O14930,2025-02-20,UPI,Success,3016.3
PAY14931,O14931,2023-01-07,UPI,Success,109108.31
PAY14932,O14932,2025-08-22,UPI,Success,6177.09
PAY14933,O14933,2024-01-17,Net Banking,Success,16525.58
PAY14934,O14934,2025-02-18,UPI,Success,692.28
PAY14935,O14935,2023-05-05,Net Banking,Success,1996.44
PAY14936,O14936,2025-12-21,Debit Card,Success,39817.41
PAY14937,O14937,2024-05-16,UPI,Success,7876.9
PAY14938,O14938,2023-01-12,Credit Card,Success,79802.47
PAY14939,O14939,2025-08-30,COD,Success,15793.61
PAY14940,O14940,2024-08-18,Credit Card,Success,32036.69
PAY14941,O14941,2024-04-02,UPI,Success,2952.6
PAY14942,O14942,2024-09-04,UPI,Success,2233.69
PAY14943,O14943,2024-12-27,UPI,Success,13494.95
PAY14944,O14944,2024-08-20,UPI,Success,10375.42
PAY14945,O14945,2025-10-25,UPI,Refunded,4094.7
PAY14946,O14946,2023-10-15,Debit Card,Success,15448.51
PAY14947,O14947,2023-07-26,Credit Card,Success,29953.73
PAY14948,O14948,2024-07-04,Credit Card,Success,2164.9
PAY14949,O14949,2024-11-22,UPI,Failed,4153.55
PAY14950,O14950,2025-07-01,Net Banking,Success,37951.18
PAY14951,O14951,2025-11-09,Credit Card,Success,9850.53
PAY14952,O14952,2024-12-16,COD,Success,20106.56
PAY14953,O14953,2025-06-02,Credit Card,Success,65967.72
PAY14954,O14954,2024-08-23,UPI,Success,1376.77
PAY14955,O14955,2025-08-11,COD,Failed,591.76
PAY14956,O14956,2023-08-31,COD,Success,32519.61
PAY14957,O14957,2024-10-22,UPI,Success,1326.64
PAY14958,O14958,2025-09-23,Debit Card,Refunded,24645.31
PAY14959,O14959,2025-08-28,UPI,Success,7150.89
PAY14960,O14960,2024-10-12,UPI,Success,4402.64
PAY14961,O14961,2025-06-05,COD,Success,30033.65
PAY14962,O14962,2023-04-15,Net Banking,Failed,11134.52
PAY14963,O14963,2025-02-09,UPI,Success,12575.44
PAY14964,O14964,2023-05-28,Credit Card,Success,5331.97
PAY14965,O14965,2025-03-31,Debit Card,Success,2342.14
PAY14966,O14966,2025-10-06,Debit Card,Success,24910.19
PAY14967,O14967,2024-11-02,Credit Card,Refunded,11232.82
PAY14968,O14968,2025-02-07,Debit Card,Refunded,10989.48
PAY14969,O14969,2024-02-23,Debit Card,Refunded,25935.79
PAY14970,O14970,2025-02-16,UPI,Success,20530.02
PAY14971,O14971,2024-06-17,Debit Card,Success,8456.55
PAY14972,O14972,2025-06-27,Credit Card,Success,6142.26
PAY14973,O14973,2023-08-16,UPI,Success,83243.84
PAY14974,O14974,2025-11-27,UPI,Success,274.56
PAY14975,O14975,2025-09-18,Debit Card,Failed,1509.54
PAY14976,O14976,2023-06-27,UPI,Success,3555.22
PAY14977,O14977,2024-04-12,COD,Refunded,5038.92
PAY14978,O14978,2024-09-15,UPI,Failed,22917.46
PAY14979,O14979,2023-06-05,COD,Success,9956.22
PAY14980,O14980,2023-09-18,COD,Failed,3430.17
PAY14981,O14981,2024-02-02,Net Banking,Success,60579.37
PAY14982,O14982,2025-07-21,Credit Card,Success,8813.63
PAY14983,O14983,2023-09-17,UPI,Success,94244.98
PAY14984,O14984,2023-09-30,Debit Card,Success,12096.02
PAY14985,O14985,2024-02-16,UPI,Success,10202.29
PAY14986,O14986,2025-11-27,UPI,Failed,489.31
PAY14987,O14987,2024-01-29,COD,Failed,72308.48
PAY14988,O14988,2023-07-15,UPI,Refunded,41629.22
PAY14989,O14989,2024-01-03,Credit Card,Success,3154.23
PAY14990,O14990,2025-06-14,COD,Success,2154.48
PAY14991,O14991,2024-08-16,UPI,Success,19992.5
PAY14992,O14992,2024-07-17,COD,Failed,45064.77
PAY14993,O14993,2024-06-22,UPI,Success,3051.75
PAY14994,O14994,2024-07-25,Credit Card,Success,3521.76
PAY14995,O14995,2023-11-05,UPI,Success,4091.74
PAY14996,O14996,2024-08-04,Debit Card,Success,453.13
PAY14997,O14997,2024-10-28,Credit Card,Success,2438.3
PAY14998,O14998,2024-07-14,Net Banking,Success,40976.48
PAY14999,O14999,2024-07-20,Debit Card,Success,6183.45
PAY15000,O15000,2023-10-05,Debit Card,Success,5634.82
